Код;Наименование;Подкатегория;;Подкатегория;Допродажа. Код;Допродажа. Наименование
ЦБ-00123415;      Навтекс салфетки марл.стер. 16х14 №20;Салфетки стерильные;;Витамин Д3;ЦБ-00037072;Эсслиал Форте капс 300мг №30
ЦБ-00191219;1Вин 3МА/В6 капс. №90;Поливитамины;;Витамин Д3;РТ-00002042;Витамир Магний + В6 форте таб. №30
ЦБ-00184878;1Вин 5-НТР+Магний+Вит. гр. В капс. №120;Препараты магния;;Витамин Д3;РТ-00012537;Омега-3 35% Полиен капс. 1400мг №30
ЦБ-00191966;1Вин 5-НТР+Магний+Вит. гр. В капс. №60;Препараты магния;;Витамин Д3;ЦБ-00166349;Аскорбинка 900мг таб. шип. №17
ЦБ-00188838;1Вин Вит. группы В капс. №120;Препараты группы В, нейропротекторы;;Витамин Д3;ЦБ-00166471;Витамир цинк актив с вит. С №50
ЦБ-00188419;1Вин Вит. группы В капс. №60;Препараты группы В, нейропротекторы;;Витамин Д3;ЦБ-00014932;Элеутерококк П драже 200мг №100
ЦБ-00192989;1Вин Вит. Д3 капс. №180;Витамин Д3;;Алаптогены;ЦБ-00154262;Коэнзим Q10 капс. №30
ЦБ-00188922;1Вин Вит. Д3/К2 капс. №120;Витамин Д3;;Алаптогены;РТ-00013921;Феррумтабс таб. п/о №30
ЦБ-00184844;1Вин Вит. С+ капс. №100;Витамин С;;Алаптогены;ЦБ-00174055;Витамир Ацетил-L-Карнитин капс. №30
ЦБ-00186542;1Вин К2+Д3 дабл эффект капс. №60;Витамин Д3;;Алаптогены;РТ-00002042;Витамир Магний + В6 форте таб. №30
ЦБ-00185761;1Вин Калий/Магний/Экстр. боярышника капс. №60;Витамины д/сердечно-сосудистой системы;;Алаптогены;РТ-00003948;Витамир Мульти В-комплекс табл. №30
ЦБ-00186588;1Вин Магний+В6 капс. №120;Препараты магния;;Алаптогены;ЦБ-00177058;Глицин форте таб. 300мг №60
ЦБ-00184790;1Вин Магний+В6 капс. №180;Препараты магния;;Алаптогены;ЦБ-00166349;Аскорбинка 900мг таб. шип. №17
ЦБ-00189260;1Вин Магний+В6 капс. №240;Препараты магния;;Алаптогены;ЦБ-00166471;Витамир цинк актив с вит. С №50
ЦБ-00186543;1Вин Таурин капс №90;Витамины д/сердечно-сосудистой системы;;Алаптогены;ЦБ-00166352;Витамин Д3 2000МЕ таб. шип. №20
ЦБ-00191543;2SN Магний глицинат с вит. В6 капс. №60;Препараты магния;;Алаптогены;РТ-00012537;Омега-3 35% Полиен капс. 1400мг №30
ЦБ-00190219;2SN Магния цитрат с вит. В6 капс. №90;Препараты магния;;Адаптогены настойки;ЦБ-00154262;Коэнзим Q10 капс. №30
ЦБ-00190786;2SN Цинка цитрат с вит. С капс. №120;Поливитамины;;Адаптогены настойки;РТ-00013921;Феррумтабс таб. п/о №30
ЦБ-00023684;36,6 ОЧКИ КОРРИГИР. +1.5 ЗОЛ. № 1;Очки готовые;;Адаптогены настойки;ЦБ-00174055;Витамир Ацетил-L-Карнитин капс. №30
ЦБ-00024989;36,6 ОЧКИ КОРРИГИРУЮЩИЕ +1,5 БОРДОВЫЙ;Очки готовые;;Адаптогены настойки;РТ-00002042;Витамир Магний + В6 форте таб. №30
ЦБ-00024987;36,6 ПРЕЗЕРВАТИВЫ АРОМАТ №12;Презервативы;;Адаптогены настойки;РТ-00003948;Витамир Мульти В-комплекс табл. №30
ЦБ-00019489;36.6 АЕВИТ 0.3 капс. №10;Поливитамины;;Адаптогены настойки;ЦБ-00177058;Глицин форте таб. 300мг №60
ЦБ-00021054;36.6 АКТИВ КОМЛЕКС 36Г ТАБ. №60;Поливитамины;;Адаптогены настойки;ЦБ-00166349;Аскорбинка 900мг таб. шип. №17
ЦБ-00018820;36.6 ВИТ. Д/ ИНТЕЛЛЕКТА №20;Поливитамины;;Адаптогены настойки;ЦБ-00166471;Витамир цинк актив с вит. С №50
ЦБ-00018821;36.6 ВИТ. Д/СЕРДЦА №20;Витамины д/сердечно-сосудистой системы;;Адаптогены настойки;ЦБ-00166352;Витамин Д3 2000МЕ таб. шип. №20
ЦБ-00018822;36.6 ВИТ. Д/ФИТНЕСА С Л-КАРНИТИНОМ №20;Поливитамины;;Адаптогены настойки;РТ-00012537;Омега-3 35% Полиен капс. 1400мг №30
ЦБ-00018825;36.6 ВИТ.Д/ФИТН.С Л-КАРНИТ. 4Г №5 ТАБ;Поливитамины;;Очки готовые;ЦБ-00003103;Офтолик капли гл. 10мл
ЦБ-00018829;36.6 ВИТАМИН С 200 МГ №20 ТАБ. ШИП. УП;Витамин С;;Очки готовые;ЦБ-00107500;Оптинол Глубокое увлажнение капли гл. 10мл
ЦБ-00018830;36.6 ВИТАМИН С 900 МГ №20;Витамин С;;Очки готовые;ЦБ-00169324;Оптинол Тетризолин капли гл. 10мл
ЦБ-00018832;36.6 ВИТАМИН С+ЦИНК ДЛЯ ДЕТЕЙ 4Г №5 ТАБ;Витамин С;;Очки готовые;ЦБ-00027556;Лютеин комплекс таб. 570мг №30
ЦБ-00018838;36.6 ВИТАМИНЫ ДЛЯ ЗУБОВ № 17 УП;Поливитамины;;Очки готовые;ЦБ-00013583;Тауфон капли гл. 4% 10мл  (фл-кап)
ЦБ-00018839;36.6 ВИТАМИНЫ ДЛЯ ИНТЕЛЛЕКТА 4Г №5 ТАБ;Поливитамины;;Пероральные контрацептивы;ЦБ-00037072;Эсслиал Форте капс 300мг №30
ЦБ-00018840;36.6 ВИТАМИНЫ ДЛЯ СЕРДЦА 4Г №5 ТАБ;Витамины д/сердечно-сосудистой системы;;Пероральные контрацептивы;ЦБ-00008160;Кардиомагнил таб. п/п/о 75мг+15.2мг №100
ЦБ-00018841;36.6 ВОДА АРОМАТ АПЕЛЬСИНА БЕЗ ГАЗА 0.5Л;Минеральная вода;;Пероральные контрацептивы;ЦБ-00122525;Витаминный комплекс А-Zn д/женщин таб.№30
ЦБ-00018842;36.6 ВОДА АРОМАТ АПЕЛЬСИНА С ГАЗОМ 0.5Л;Минеральная вода;;Пероральные контрацептивы;ЦБ-00175417;Витаспектрум Мультивитаминный комплекс д/женщин таб. №30
ЦБ-00018843;36.6 ВОДА АРОМАТ ЛИМОНА БЕЗ ГАЗА 0.5Л;Минеральная вода;;Пероральные контрацептивы;ЦБ-00009147;Лактацид средство д/интимной гигиены 200мл
ЦБ-00018844;36.6 ВОДА АРОМАТ ЛИМОНА С ГАЗОМ 0.5Л;Минеральная вода;;Пероральные контрацептивы;ЦБ-00003069;Почечный чай (ортосифон) ф/п 1.5г №20
ЦБ-00018845;36.6 ВОДА ПИТЬЕВАЯ СПОРТ НЕГАЗ 0.5Л;Минеральная вода;;Пероральные контрацептивы;РТ-00002042;Витамир Магний + В6 форте таб. №30
ЦБ-00023713;36.6 ВОДА ПИТЬЕВАЯ ТАЛАЯ 0.25Л;Минеральная вода;;Пероральные контрацептивы;ЦБ-00153234;Вагилак Проледи капс. №15
ЦБ-00023877;36.6 ВОДА ПИТЬЕВАЯ ТАЛАЯ 0.5Л;Минеральная вода;;Пероральные контрацептивы;РТ-00007187;Витамир Альфа-липоевая кислота Форте 100мг таб. №30
ЦБ-00018846;36.6 ВОДА ПРИР МИНЕР/ЛЕЧ СТОЛ 0.5Л 78332;Минеральная вода;;Витамин С;ЦБ-00032984;Оксолиновая мазь 0.25% 10г
ЦБ-00018847;36.6 ВОДА ПРИРОДНАЯ ПИТЬЕВАЯ 0.5Л;Минеральная вода;;Витамин С;ЦБ-00001266;Гриппферон капли наз. 10000 МЕ/мл 10мл
ЦБ-00018848;36.6 ВОДА ПРИРОДНАЯ ПИТЬЕВАЯ 1Л;Минеральная вода;;Витамин С;ЦБ-00166471;Витамир цинк актив с вит. С №50
ЦБ-00018882;36.6 ЖЕЛЕЗО № 30 ТАБ;Препараты железа;;Витамин С;ЦБ-00122565;Инозин Пранобекс таб. 500мг №30
ЦБ-00019459;36.6 МАГНИЙ В6 № 30 ТАБ;Препараты группы В, нейропротекторы;;Витамин С;ЦБ-00000763;Бронхо-мунал капс. 7мг №10
ЦБ-00018986;36.6 НОСОЧКИ КОСМЕТИЧЕСКИЕ УП.;Очки готовые;;Витамин С;ЦБ-00166352;Витамин Д3 2000МЕ таб. шип. №20
ЦБ-00023615;36.6 ОЧКИ КОРИГИР. +2.5 ЗОЛ. № 1;Очки готовые;;Витамин С;ЦБ-00177489;Тетралаб Витамин Д3 2000 диспергируемый таб. №120 
ЦБ-00019408;36.6 ОЧКИ КОРРИГИР. +1 ЗОЛ. № 1;Очки готовые;;Витамин С;ЦБ-00166348;Мультивитамины таб. шип. №17
ЦБ-00021110;36.6 ОЧКИ КОРРИГИР. +1.5 ЗОЛ. № 1;Очки готовые;;Витамин С;ЦБ-00026310;Эхинацея П таб. п/о №100
ЦБ-00023616;36.6 ОЧКИ КОРРИГИР. +2 ЗОЛ. № 1;Очки готовые;;Витамин С;ЦБ-00161917;Ливс Имунн комплекс бузина/прополис/эхинацея паст. мармелад. со вкусом фруктов и ягод №90
ЦБ-00018990;36.6 ОЧКИ КОРРИГИР. +3 ЗОЛ. № 1;Очки готовые;;Ср-ва при эректильной дисфункции, влияющие на либидо;ЦБ-00187947;Сенс оф Лайф Омега 3 кардио актив софтгель-капс. №30
ЦБ-00018991;36.6 ОЧКИ КОРРИГИР. +4 ЗОЛ. № 1;Очки готовые;;Ср-ва при эректильной дисфункции, влияющие на либидо;РТ-00012537;Омега-3 35% Полиен капс. 1400мг №30
ЦБ-00018992;36.6 ОЧКИ КОРРИГИРУЮЩИЕ +1 БОРДОВЫЙ;Очки готовые;;Ср-ва при эректильной дисфункции, влияющие на либидо;ЦБ-00006897;Контекс Вейв гель-смазка увлажн. 30мл
ЦБ-00018993;36.6 ОЧКИ КОРРИГИРУЮЩИЕ +1 ЧЕРНЫЙ;Очки готовые;;Ср-ва при эректильной дисфункции, влияющие на либидо;ЦБ-00006915;Контекс Вейв гель-смазка увлажн. 100мл
ЦБ-00023741;36.6 ОЧКИ КОРРИГИРУЮЩИЕ +1.5 БОРДОВЫЙ;Очки готовые;;Ср-ва при эректильной дисфункции, влияющие на либидо;ЦБ-00011987;Контекс Классик презервативы №3
ЦБ-00023685;36.6 ОЧКИ КОРРИГИРУЮЩИЕ +1.5 ЧЕРНЫЙ;Очки готовые;;Ср-ва при эректильной дисфункции, влияющие на либидо;ЦБ-00011986;Контекс Классик презервативы №12
ЦБ-00023617;36.6 ОЧКИ КОРРИГИРУЮЩИЕ +2 БОРДОВЫЙ;Очки готовые;;Ср-ва при эректильной дисфункции, влияющие на либидо;ЦБ-00121986;Витаминный комплекс А-Zn д/мужчин таб.№30
ЦБ-00023618;36.6 ОЧКИ КОРРИГИРУЮЩИЕ +2 ЧЕРНЫЙ;Очки готовые;;Ср-ва при эректильной дисфункции, влияющие на либидо;ЦБ-00175415;Витаспектрум Мультивитаминный комплекс д/мужчин таб. №30
ЦБ-00019409;36.6 ОЧКИ КОРРИГИРУЮЩИЕ +2.5 БОРДОВЫЙ;Очки готовые;;Шприцы;ЦБ-00017485;Асептика Салфетка спиртовая д/инъекций 60х100мм №10
ЦБ-00018994;36.6 ОЧКИ КОРРИГИРУЮЩИЕ +2.5 ЧЕРНЫЙ;Очки готовые;;Шприцы;ЦБ-00018385;Асептика Салфетка спиртовая д/инъекций 60х100мм №20
ЦБ-00019410;36.6 ОЧКИ КОРРИГИРУЮЩИЕ +3 БОРДОВЫЙ;Очки готовые;;Шприцы;РТ-00005599;Троксерутин гель 2% 40г
ЦБ-00019411;36.6 ОЧКИ КОРРИГИРУЮЩИЕ +3 ЧЕРНЫЙ;Очки готовые;;Презервативы;ЦБ-00006897;Контекс Вейв гель-смазка увлажн. 30мл
ЦБ-00018995;36.6 ОЧКИ КОРРИГИРУЮЩИЕ +4 БОРДОВЫЙ;Очки готовые;;Презервативы;ЦБ-00006915;Контекс Вейв гель-смазка увлажн. 100мл
ЦБ-00018996;36.6 ОЧКИ КОРРИГИРУЮЩИЕ +4 ЧЕРНЫЙ;Очки готовые;;Презервативы;00-00018814;Дива салфетки влажные д/интимной гигиены с экстрактом ромашки №20
ЦБ-00026405;36.6 ОЧКИ КОРРИГИРУЮЩИЕ 3.0 БОРД.;Очки готовые;;Презервативы;ЦБ-00031274;Эво Мыло жидкое д/интим гигиены Чувств.кожа с ромашкой 200мл
ЦБ-00019506;36.6 ПРЕЗЕРВАТИВ УЗИ №1;Презервативы;;Презервативы;ЦБ-00009147;Лактацид средство д/интимной гигиены 200мл
ЦБ-00019620;36.6 ПРЕЗЕРВАТИВЫ XL №12;Презервативы;;Препараты магния;РТ-00010941;Антистресс Стандарт здоровья таб. п/о №20
ЦБ-00019414;36.6 ПРЕЗЕРВАТИВЫ XL №3;Презервативы;;Препараты магния;ЦБ-00000805;Валериана Форте таб. п.о 40мг №50
ЦБ-00023723;36.6 ПРЕЗЕРВАТИВЫ АРОМАТ №12;Презервативы;;Препараты магния;ЦБ-00008727;Корвалол 25мл
ЦБ-00019507;36.6 ПРЕЗЕРВАТИВЫ АРОМАТИЗИРОВ.№3 НОВ.УП;Презервативы;;Препараты магния;РТ-00003948;Витамир Мульти В-комплекс табл. №30
ЦБ-00019508;36.6 ПРЕЗЕРВАТИВЫ КЛАССИЧЕСКИЕ №12;Презервативы;;Препараты магния;РТ-00008134;Мильгамма композитум таб. №30
ЦБ-00019022;36.6 ПРЕЗЕРВАТИВЫ КЛАССИЧЕСКИЕ №3 НОВ.УП;Презервативы;;Препараты магния;ЦБ-00177058;Глицин форте таб. 300мг №60
ЦБ-00019415;36.6 ПРЕЗЕРВАТИВЫ РЕБРИСТЫЕ N12;Презервативы;;Препараты магния;ЦБ-00169409;Глицин Форте Эвалар таб. №60+20
ЦБ-00019461;36.6 ПРЕЗЕРВАТИВЫ РЕБРИСТЫЕ №3;Презервативы;;Препараты магния;ЦБ-00157742;Глицин + Мелатонин табл. подъязычные 100мг + 3мг №20
ЦБ-00019023;36.6 ПРЕЗЕРВАТИВЫ СВЕРХТОНКИЕ №12;Презервативы;;Препараты магния;ЦБ-00141181;Мелатонин таб. п/п/о 3мг №30
ЦБ-00019024;36.6 ПРЕЗЕРВАТИВЫ СВЕРХТОНКИЕ №3 НОВ.УП;Презервативы;;Бактерицидный;ЦБ-00100223;Хлоргексидина биглюконат 0,05% 100мл
ЦБ-00019416;36.6 ПРЕЗЕРВАТИВЫ ТОЧЕЧНЫЕ №3;Презервативы;;Бактерицидный;РТ-00005598;Декспантенол мазь 5% 30г
ЦБ-00019065;36.6 САЛФЕТКИ МАРЛ. СТЕР.10Х10 СМ №5;Салфетки стерильные;;Бактерицидный;РТ-00004288;Левомикон мазь 40г
ЦБ-00012641;36.6 Салфетки марлевые стер Медикомп 7.5х7.5  25штх2;Салфетки стерильные;;Бактерицидный;ЦБ-00161690;Бацидерм пор. д/наруж. прим. 250 МЕ/г+5000 МЕ/г 10г
ЦБ-00030841;36.6 Салфетки марлевые стер. 45 х 29см №1;Салфетки стерильные;;Бактерицидный;ЦБ-00169182;Салфетки влажные антибактериальные №20
ЦБ-00000002;5-НОК таб. п/о 50мг №50;Уроантисептики;;Повязка раневая;РТ-00004288;Левомикон мазь 40г
ЦБ-00147890;ABC хэлси фуд Аскорбинка апельсин таб. №10;Витамин С;;Повязка раневая;ЦБ-00161690;Бацидерм пор. д/наруж. прим. 250 МЕ/г+5000 МЕ/г 10г
ЦБ-00151802;ABC хэлси фуд Аскорбинка вишня таб. №10;Витамин С;;Повязка раневая;РТ-00005598;Декспантенол мазь 5% 30г
ЦБ-00151800;ABC хэлси фуд Аскорбинка клубника таб. №10;Витамин С;;Повязка раневая;ЦБ-00005734;Бепантен мазь 5% 100г
ЦБ-00179601;ABC хэлси фуд аскорбинка с глюкозой/сахаром малина таб. №10;Витамин С;;Повязка раневая;ЦБ-00010042;Мирамистин р-р д/местн. прим. (с распыл.) 0,01% 150мл
ЦБ-00172656;ABC Хэлси фуд Аскорбинка форте с глюкозой б/ароматизатора таб. №70;Витамин С;;Повязка раневая;ЦБ-00100223;Хлоргексидина биглюконат 0,05% 100мл
ЦБ-00170032;ABC Хэлси фуд Аскорбинка форте с глюкозой клубника таб. №70;Витамин С;;Гинекологические п/воспалительные ср-ва наружные;ЦБ-00153234;Вагилак Проледи капс. №15
ЦБ-00179995;ABC хэлси фуд Вит. С+Цинк фрукты/ягоды марм. паст. №60;Поливитамины;;Гинекологические п/воспалительные ср-ва наружные;ЦБ-00002265;Лактонорм супп. ваг. 100млн КОЕ №14
ЦБ-00184621;ABC хэлси фуд Витамин С с глюкозой б/аромат. таб. жев. №14;Витамин С;;Гинекологические п/воспалительные ср-ва наружные;ЦБ-00031274;Эво Мыло жидкое д/интим гигиены Чувств.кожа с ромашкой 200мл
ЦБ-00193446;ABC хэлси фуд компл. иммун. бузина/прополис/эхинацей фрукты/ягоды жев. паст. №60;Поливитамины;;Гинекологические п/воспалительные ср-ва наружные;ЦБ-00009147;Лактацид средство д/интимной гигиены 200мл
ЦБ-00182056;ABC хэлси фуд компл. мультивит. д/жен. фрукты/ягоды паст. жев. №50;Поливитамины;;Гинекологические п/воспалительные ср-ва наружные;ЦБ-00145078;Эстрогиал гель интимн. 40мл
ЦБ-00177457;ABC хэлси фуд леденцовая карамель б/сахара с цинком и вит.С со вкус. эвкалипта/мяты 60г;Драже, леденцы;;Гинекологические п/воспалительные ср-ва наружные;ЦБ-00005664;Белла Панти прокладки ежедн. софт №20
ЦБ-00157135;ABC хэлси фуд леденцовая карамель с цинком и вит.С со вкус. ежевики и малины 3+ 17г;Драже, леденцы;;Поливитамины;ЦБ-00187947;Сенс оф Лайф Омега 3 кардио актив софтгель-капс. №30
ЦБ-00157136;ABC хэлси фуд леденцовая карамель с цинком и вит.С со вкус. клубники 3+ 17г;Драже, леденцы;;Поливитамины;РТ-00012537;Омега-3 35% Полиен капс. 1400мг №30
ЦБ-00154484;ABC хэлси фуд леденцовая карамель с цинком и вит.С со вкус. лимона и мяты 3+ 17г;Драже, леденцы;;Поливитамины;ЦБ-00184903;Витамир Коллаген морск. легкодост. с гиалурон. кисл. стик-пакет №15
ЦБ-00178603;ABC хэлси фуд леденцовая карамель с цинком и вит.С со вкусом апельсина 60г;Драже, леденцы;;Поливитамины;ЦБ-00014160;Феррогематоген пастилки 50г
ЦБ-00178604;ABC хэлси фуд леденцовая карамель с цинком и вит.С со вкусом шалфея/мяты 60г;Драже, леденцы;;Препараты железа;ЦБ-00166349;Аскорбинка 900мг таб. шип. №17
ЦБ-00185345;ABC хэлси фуд леденцы на основе трав с вит. С Альпийский мед 60г;Драже, леденцы;;Препараты железа;ЦБ-00177059;Янтарная кислота форте таб. 400мг №30
ЦБ-00182814;ABC хэлси фуд леденцы на основе трав с вит. С шалфей/мед 60г;Драже, леденцы;;Препараты железа;ЦБ-00089123;Бифицин капс. 5млрд. бактерий №10
ЦБ-00186859;ABC хэлси фуд леденцы на основе трав с вит. С эвкалипт/ментол 60г;Драже, леденцы;;Препараты железа;ЦБ-00166352;Витамин Д3 2000МЕ таб. шип. №20
ЦБ-00178825;ABC хэлси фуд мед твердый апельсин/облепиха 30г;Драже, леденцы;;Препараты железа;ЦБ-00117192;ДэТриФерол капли д/приема внутрь 15000 МЕ/мл 15мл банан
ЦБ-00179683;ABC хэлси фуд мед твердый имбирь/лимон 30г;Драже, леденцы;;Препараты железа;ЦБ-00176822;Фолиевая кислота таб. №100
ЦБ-00181686;ABC хэлси фуд мед твердый ментол/эвкалипт №10;Драже, леденцы;;Препараты железа;ЦБ-00018508;Благомин витамин В12 (цианокобаламин 9мкг) капс.200мг №90
ЦБ-00178795;ABC Хэлси фуд сироп облепихи с вит. С 250мл;Витамин С;;Препараты железа;ЦБ-00003545;Ретинола пальмитат (вит А) 100 тыс.МЕ р-р масляный 10мл
ЦБ-00178642;ABC Хэлси фуд сироп шиповника с вит. С 250мл;Витамин С;;Инфекции мочевого пузыря и почек;ЦБ-00040501;Доверин таб. 40мг №24
ЦБ-00161828;Angel салфетки мед. стер. 8 слож. 10*10;Салфетки стерильные;;Инфекции мочевого пузыря и почек;РТ-00013075;Нефростен таб. п/о №60
ЦБ-00172810;EAE 159 очки готовые (+0,75);Очки готовые;;Инфекции мочевого пузыря и почек;ЦБ-00089123;Бифицин капс. 5млрд. бактерий №10
ЦБ-00172811;EAE 159 очки готовые (+1,25);Очки готовые;;Инфекции мочевого пузыря и почек;ЦБ-00000771;Сбор Бруснивер ф/п 2г №20
ЦБ-00172812;EAE 159 очки готовые (+1,75);Очки готовые;;Инфекции мочевого пузыря и почек;ЦБ-00031274;Эво Мыло жидкое д/интим гигиены Чувств.кожа с ромашкой 200мл
ЦБ-00172813;EAE 159 очки готовые (+2,25);Очки готовые;;Инфекции мочевого пузыря и почек;ЦБ-00009147;Лактацид средство д/интимной гигиены 200мл
ЦБ-00172814;EAE 159 очки готовые (+2,75);Очки готовые;;Уроантисептики;ЦБ-00000771;Сбор Бруснивер ф/п 2г №20
ЦБ-00172816;EAE 159 очки готовые (+3,25);Очки готовые;;Уроантисептики;ЦБ-00040501;Доверин таб. 40мг №24
ЦБ-00172817;EAE 159 очки готовые (+3,50);Очки готовые;;Уроантисептики;ЦБ-00089123;Бифицин капс. 5млрд. бактерий №10
ЦБ-00172818;EAE 159 очки готовые (+3,75);Очки готовые;;Уроантисептики;ЦБ-00031274;Эво Мыло жидкое д/интим гигиены Чувств.кожа с ромашкой 200мл
ЦБ-00174956;GA 0180 очки готовые (+2,50);Очки готовые;;Уроантисептики;ЦБ-00009147;Лактацид средство д/интимной гигиены 200мл
ЦБ-00174949;GA 0184 очки готовые (+2,00);Очки готовые;;Гематоген;ЦБ-00167405;Черноголовская вода питьевая дет. н/газ 0,5л
ЦБ-00174952;GA 0184 очки готовые (+2,50);Очки готовые;;Гематоген;РТ-00009859;Аскорбинка таб. крутка с вит.С 25мг №10
ЦБ-00174947;GA 0451 очки готовые (+2,00);Очки готовые;;Гематоген;ЦБ-00045532;Батончик мюсли Клубника в йогурте 30г
ЦБ-00174953;GA 0451 очки готовые (+2,50);Очки готовые;;Минеральная вода;ЦБ-00169182;Салфетки влажные антибактериальные №20
ЦБ-00174948;GA 0483 очки готовые (+2,00);Очки готовые;;Минеральная вода;ЦБ-00014160;Феррогематоген пастилки 50г
ЦБ-00174954;GA 0483 очки готовые (+2,50);Очки готовые;;Минеральная вода;РТ-00009859;Аскорбинка таб. крутка с вит.С 25мг №10
ЦБ-00159808;GOLDICA Zn жидкий концентрат (Цинка пиколинат) фл. 50мл;Препараты группы В, нейропротекторы;;Минеральная вода;ЦБ-00045532;Батончик мюсли Клубника в йогурте 30г
ЦБ-00159809;GOLDICA Витамин D3+K2 фл. 20мл;Препараты группы В, нейропротекторы;;Инъекционные и инфузионные р-ры;ЦБ-00017330;Система инфузионная пластиковый шип (21G 0,8х40мм) д/пластиковых пакетов №1 зеленая (534001)
ЦБ-00159804;GOLDICA витаминный комплекс с L-таурином капс. №100;Препараты группы В, нейропротекторы;;Инъекционные и инфузионные р-ры;ЦБ-00017485;Асептика Салфетка спиртовая д/инъекций 60х100мм №10
ЦБ-00159805;GOLDICA Глюкозамин-Хондроитиновый комплекс с МСМ фл. 250мл;Препараты группы В, нейропротекторы;;Инъекционные и инфузионные р-ры;ЦБ-00018385;Асептика Салфетка спиртовая д/инъекций 60х100мм №20
ЦБ-00159806;GOLDICA Глюкозамин-Хондроитиновый комплекс таб. №100;Препараты группы В, нейропротекторы;;Инъекционные и инфузионные р-ры;ЦБ-00037299;Мастер Юни л/пласт 3х500см ткан
ЦБ-00159807;GOLDICA Глюкозамин-Хондроитиновый комплекс таб. №200;Препараты группы В, нейропротекторы;;Инъекционные и инфузионные р-ры;ЦБ-00008194;Катетер в/в 23G игла-бабочка  (d=0.6мм)
ЦБ-00159802;GOLDICA энергетический комплекс: витамины группы В+минералы таб.шип. №20;Препараты группы В, нейропротекторы;;Драже, леденцы;ЦБ-00167405;Черноголовская вода питьевая дет. н/газ 0,5л
ЦБ-00159803;GOLDICA энергетический комплекс: витамины группы В+минералы таб.шип. №40;Препараты группы В, нейропротекторы;;Драже, леденцы;РТ-00009859;Аскорбинка таб. крутка с вит.С 25мг №10
ЦБ-00183010;L-Аргинин капс. №120;Витамины д/сердечно-сосудистой системы;;Драже, леденцы;ЦБ-00045532;Батончик мюсли Клубника в йогурте 30г
ЦБ-00157952;L-Аргинин капс. №30;Витамины д/сердечно-сосудистой системы;;Драже, леденцы;ЦБ-00169182;Салфетки влажные антибактериальные №20
ЦБ-00182203;L-Аргинин капс. №90;Витамины д/сердечно-сосудистой системы;;Драже, леденцы;ЦБ-00014160;Феррогематоген пастилки 50г
ЦБ-00160521;L-Лизин таб. №30;Витамины д/сердечно-сосудистой системы;;Драже, леденцы;ЦБ-00166348;Мультивитамины таб. шип. №17
ЦБ-00156226;L-Метилфолат табл. №90;Витамины д/сердечно-сосудистой системы;;Драже, леденцы;ЦБ-00166349;Аскорбинка 900мг таб. шип. №17
ЦБ-00159810;OVIE Омега-3 35% с витамином Е капс. №80;Препараты группы В, нейропротекторы;;Антибактериальные средства инъекционные р-ры;ЦБ-00089123;Бифицин капс. 5млрд. бактерий №10
РТ-00005811;PL АЕ витамин с природными витаминами капс. №20;Поливитамины;;Антибактериальные средства инъекционные р-ры;ЦБ-00029497;Вода д/ин амп 5мл №10
ЦБ-00143590;SMART-VMN 2020 комплексный набор капс. №90 3 банки+бумаж. пакет;Поливитамины;;Антибактериальные средства инъекционные р-ры;ЦБ-00068043;Шприц 10мл 3-х комп. Паскаль с иглой 21G (0,8x40мм) №1
РТ-00011555;А+Е вит капс. №20 Реневал;Поливитамины;;Антибактериальные средства инъекционные р-ры;ЦБ-00018385;Асептика Салфетка спиртовая д/инъекций 60х100мм №20
ЦБ-00120818;А+Е вит капс. №30;Поливитамины;;Антибактериальные средства инъекционные р-ры;ЦБ-00017485;Асептика Салфетка спиртовая д/инъекций 60х100мм №10
ЦБ-00140812;А+Е вит капс. №30;Поливитамины;;Фиксирующие катушки;ЦБ-00012630;Салфетки марлевые стер. 2х слойн. (16х14см) №10
ЦБ-00186416;Аальфа-липоевоевая кислота капс. №30;Витамины д/сердечно-сосудистой системы;;Фиксирующие катушки;ЦБ-00012540;Салфетки Стерилюкс ЕС марлевые стерил. (7,5х7,5см) №10
ЦБ-00000016;Абактал конц. в/в 80мг/мл 5мл №10;Антибактериальные средства инъекционные р-ры;;Фиксирующие катушки;ЦБ-00029258;Бинт марлевый стер. 7мх14см
ЦБ-00090591;Авелокс р-р д/инф. 1,6мг/мл фл. 250мл №4;Антибактериальные средства инъекционные р-ры;;Фиксирующие катушки;ЦБ-00010042;Мирамистин р-р д/местн. прим. (с распыл.) 0,01% 150мл
ЦБ-00000020;Авелокс р-р д/инф. 1.6 мг/мл 250мл;Антибактериальные средства инъекционные р-ры;;Фиксирующие катушки;ЦБ-00100223;Хлоргексидина биглюконат 0,05% 100мл
ЦБ-00193800;Авиценна Железа Хелат таб. №90;Препараты железа;;Фиксирующие катушки;РТ-00005598;Декспантенол мазь 5% 30г
ЦБ-00192167;Авиценна Магнемакс с вит. В6/Д3 капс. №60;Препараты магния;;Фиксирующие катушки;ЦБ-00005734;Бепантен мазь 5% 100г
ЦБ-00182368;Авочактив L-лизин капс. №60;Витамины д/сердечно-сосудистой системы;;Фиксирующие катушки;РТ-00004288;Левомикон мазь 40г
ЦБ-00175503;Авочактив Аргинин альфа-кетоглутарат капс. №120;Витамины д/сердечно-сосудистой системы;;Фиксирующие катушки;ЦБ-00161690;Бацидерм пор. д/наруж. прим. 250 МЕ/г+5000 МЕ/г 10г
ЦБ-00185817;Авочактив Витамин В12 таб. №60;Препараты группы В, нейропротекторы;;Бинты;ЦБ-00037299;Мастер Юни л/пласт 3х500см ткан
ЦБ-00171802;Авочактив Витамин Д3+К2 таб. №60;Витамин Д3;;Бинты;ЦБ-00010042;Мирамистин р-р д/местн. прим. (с распыл.) 0,01% 150мл
ЦБ-00187059;Авочактив Витамин Д3+К2 таб. №90;Витамин Д3;;Бинты;ЦБ-00100223;Хлоргексидина биглюконат 0,05% 100мл
ЦБ-00175624;Авочактив ЗМА цинк+магний+аспаргиновая к-та капс. №60;Поливитамины;;Бинты;РТ-00005598;Декспантенол мазь 5% 30г
ЦБ-00177631;Авочактив Лецитин капс. №90;Поливитамины;;Бинты;ЦБ-00005734;Бепантен мазь 5% 100г
ЦБ-00176747;Авочактив Магне+В6 капс. №90;Препараты магния;;Бинты;РТ-00004288;Левомикон мазь 40г
ЦБ-00175932;Авочактив Магний капс. №60;Препараты магния;;Бинты;ЦБ-00161690;Бацидерм пор. д/наруж. прим. 250 МЕ/г+5000 МЕ/г 10г
ЦБ-00182911;Авочактив Магний/Калий Аспарагинат таб. №60;Поливитамины;;Витамины д/сердечно-сосудистой системы;ЦБ-00008160;Кардиомагнил таб. п/п/о 75мг+15.2мг №100
ЦБ-00172993;Авочактив Мультивитамины таб. №60;Поливитамины;;Витамины д/сердечно-сосудистой системы;ЦБ-00187947;Сенс оф Лайф Омега 3 кардио актив софтгель-капс. №30
ЦБ-00188923;Авочактив Селен/Цинк/Вит. С/Е/А таб. №60;Поливитамины;;Витамины д/сердечно-сосудистой системы;РТ-00012537;Омега-3 35% Полиен капс. 1400мг №30
ЦБ-00183656;Авочактив Таурин-актив капс. №60;Витамины д/сердечно-сосудистой системы;;Витамины д/сердечно-сосудистой системы;ЦБ-00154262;Коэнзим Q10 капс. №30
ЦБ-00179956;АВС Хэлси сироп калины кардионорм 250мл;Поливитамины;;Витамины д/сердечно-сосудистой системы;ЦБ-00008727;Корвалол 25мл
ЦБ-00152980;АВС Хэлси фуд аскорбиновая к-та таб. 2.7г №10 банан;Витамин С;;Витамины д/сердечно-сосудистой системы;РТ-00002042;Витамир Магний + В6 форте таб. №30
ЦБ-00152981;АВС Хэлси фуд аскорбиновая к-та таб. 2.7г №10 вишня;Витамин С;;Витамины д/сердечно-сосудистой системы;ЦБ-00160268;Магнепасит таб. п/п/о 48мг+5мг №60
ЦБ-00152982;АВС Хэлси фуд аскорбиновая к-та таб. 2.7г №10 дыня;Витамин С;;Витамины д/сердечно-сосудистой системы;ЦБ-00000729;Боярышник плоды 75г
ЦБ-00176837;АВС Хэлси фуд аскорбиновая к-та таб. клубника №10;Витамин С;;Заместительная гормональная терапия;ЦБ-00037072;Эсслиал Форте капс 300мг №30
ЦБ-00182589;АВС Хэлси Фуд гематоген иммунитет 50г;Гематоген;;Заместительная гормональная терапия;ЦБ-00008160;Кардиомагнил таб. п/п/о 75мг+15.2мг №100
ЦБ-00192014;АВС Хэлси Фуд гематоген марм. необыкн. 38г;Гематоген;;Заместительная гормональная терапия;ЦБ-00122525;Витаминный комплекс А-Zn д/женщин таб.№30
ЦБ-00178092;АВС Хэлси Фуд гематоген народн. детский 30г;Гематоген;;Заместительная гормональная терапия;ЦБ-00175417;Витаспектрум Мультивитаминный комплекс д/женщин таб. №30
ЦБ-00179141;АВС Хэлси Фуд гематоген народн. детский 50г;Гематоген;;Заместительная гормональная терапия;ЦБ-00009147;Лактацид средство д/интимной гигиены 200мл
ЦБ-00179996;АВС Хэлси Фуд гематоген народн. детский феррум плюс 50г;Гематоген;;Заместительная гормональная терапия;ЦБ-00003069;Почечный чай (ортосифон) ф/п 1.5г №20
ЦБ-00177246;АВС Хэлси Фуд гематоген с коллагеном 50г;Гематоген;;Заместительная гормональная терапия;РТ-00002042;Витамир Магний + В6 форте таб. №30
ЦБ-00184455;АВС Хэлси Фуд гематоген энерджи 50г;Гематоген;;Заместительная гормональная терапия;ЦБ-00153234;Вагилак Проледи капс. №15
ЦБ-00167512;АВС Хэлси фуд железо + вит.В12 таб. жеват. малина №10;Препараты железа;;Заместительная гормональная терапия;РТ-00007187;Витамир Альфа-липоевая кислота Форте 100мг таб. №30
ЦБ-00180682;АВС Хэлси фуд Железоплюс компл. мультивит. фрукты/ягоды жев. паст. №60;Препараты железа;;Бинты самофиксирующие;ЦБ-00012630;Салфетки марлевые стер. 2х слойн. (16х14см) №10
ЦБ-00174522;Агама Лаб Магний + В6 капс. №90;Препараты магния;;Бинты самофиксирующие;ЦБ-00012540;Салфетки Стерилюкс ЕС марлевые стерил. (7,5х7,5см) №10
ЦБ-00193593;Агоракс Ко-Энзим/В-комплекс таб. №60;Препараты группы В, нейропротекторы;;Бинты самофиксирующие;ЦБ-00010042;Мирамистин р-р д/местн. прим. (с распыл.) 0,01% 150мл
ЦБ-00189038;Агоракс Магний компл. таб. №60;Препараты магния;;Бинты самофиксирующие;ЦБ-00100223;Хлоргексидина биглюконат 0,05% 100мл
ЦБ-00024371;Агуша Вода детская 0.33л;Минеральная вода;;Бинты самофиксирующие;РТ-00005598;Декспантенол мазь 5% 30г
ЦБ-00028253;Агуша Вода детская 1,5л бутылка пластик;Минеральная вода;;Бинты самофиксирующие;ЦБ-00005734;Бепантен мазь 5% 100г
ЦБ-00028141;Агуша Вода детская 5л бутылка пластик;Минеральная вода;;Бинты самофиксирующие;РТ-00004288;Левомикон мазь 40г
ЦБ-00000044;Адреналин р-р д/ин. 1мг/мл 1мл №5;Инъекционные и инфузионные р-ры;;Бинты самофиксирующие;ЦБ-00161690;Бацидерм пор. д/наруж. прим. 250 МЕ/г+5000 МЕ/г 10г
ЦБ-00027666;Адреналин р-р д/ин. 1мг/мл 1мл №5;Инъекционные и инфузионные р-ры;;Препараты группы В, нейропротекторы;ЦБ-00187947;Сенс оф Лайф Омега 3 кардио актив софтгель-капс. №30
РТ-00013617;Адреналина гидрохлорид-Виал р-р д/ин. 1мг/мл 1мл №5;Инъекционные и инфузионные р-ры;;Препараты группы В, нейропротекторы;РТ-00012537;Омега-3 35% Полиен капс. 1400мг №30
РТ-00008114;Адреналин-СОЛОфарм р-р д/ин. 1мг/мл 1мл №5;Инъекционные и инфузионные р-ры;;Препараты группы В, нейропротекторы;ЦБ-00001015;Вольтарен пластырь трансдермальный 15мг/сут №2
РТ-00013926;АЕ витамин Мирролла с природными витаминами 50мл;Поливитамины;;Препараты группы В, нейропротекторы;ЦБ-00185462;Диклартис пласт. трансдерм. 15мг/сут. №7
ЦБ-00166447;АЕ витамин с природными витаминами капс. №30;Поливитамины;;Препараты группы В, нейропротекторы;ЦБ-00032753;Пластырь Нанопласт Форте обезболивающий (11х16см) №3
ЦБ-00037754;Ае витамины форте капс 0,35 №20;Поливитамины;;Препараты группы В, нейропротекторы;ЦБ-00011551;Пластырь Нанопласт Форте обезболивающий (7х9см) №3
ЦБ-00037371;АЕВИТ N400 КАПС;Поливитамины;;Препараты группы В, нейропротекторы;ЦБ-00171169;Мастер Юни л/пласт перцовый 10х18см в конверте №5
ЦБ-00036388;Аевит Автор капс N20;Поливитамины;;Препараты группы В, нейропротекторы;РТ-00002042;Витамир Магний + В6 форте таб. №30
ЦБ-00029955;Аевит капс. 200мг №10;Поливитамины;;Препараты группы В, нейропротекторы;ЦБ-00160268;Магнепасит таб. п/п/о 48мг+5мг №60
РТ-00000829;Аевит капс. 200мг №10;Поливитамины;;Препараты группы В, нейропротекторы;ЦБ-00177058;Глицин форте таб. 300мг №60
ЦБ-00039372;Аевит капс. 200мг №10;Поливитамины;;Препараты группы В, нейропротекторы;ЦБ-00169409;Глицин Форте Эвалар таб. №60+20
ЦБ-00000047;Аевит капс. 200мг №10;Поливитамины;;Препараты группы В, нейропротекторы;ЦБ-00157742;Глицин + Мелатонин табл. подъязычные 100мг + 3мг №20
ЦБ-00039836;Аевит капс. 200мг №20;Поливитамины;;Салфетки стерильные;ЦБ-00037299;Мастер Юни л/пласт 3х500см ткан
ЦБ-00038566;Аевит капс. 200мг №20;Поливитамины;;;;
ЦБ-00000048;Аевит капс. 200мг №20;Поливитамины;;;;
ЦБ-00000049;Аевит капс. 200мг №30;Поливитамины;;;;
ЦБ-00120017;Аевит капс. 200мг №30;Поливитамины;;;;
ЦБ-00036266;Аевит капс. N10;Поливитамины;;;;
ЦБ-00037388;;;;;;
ЦБ-00035852;;;;;;
ЦБ-00151870;;;;;;
РТ-00002947;;;;;;
ЦБ-00163508;;;;;;
РТ-00006609;;;;;;
ЦБ-00039139;;;;;;
ЦБ-00141152;;;;;;
ЦБ-00036665;;;;;;
РТ-00005185;;;;;;
ЦБ-00122455;;;;;;
ЦБ-00170578;;;;;;
ЦБ-00068936;;;;;;
ЦБ-00034233;;;;;;
ЦБ-00035523;;;;;;
ЦБ-00036572;;;;;;
ЦБ-00039333;;;;;;
ЦБ-00124651;;;;;;
РТ-00007431;;;;;;
ЦБ-00039340;;;;;;
ЦБ-00157938;;;;;;
ЦБ-00190525;;;;;;
ЦБ-00184273;;;;;;
РТ-00002487;;;;;;
ЦБ-00025234;;;;;;
ЦБ-00025235;;;;;;
ЦБ-00025236;;;;;;
ЦБ-00025237;;;;;;
ЦБ-00172303;;;;;;
ЦБ-00133727;;;;;;
ЦБ-00176409;;;;;;
ЦБ-00173288;;;;;;
ЦБ-00172155;;;;;;
ЦБ-00172156;;;;;;
ЦБ-00168648;;;;;;
ЦБ-00171716;;;;;;
ЦБ-00180775;;;;;;
ЦБ-00140536;;;;;;
ЦБ-00160598;;;;;;
ЦБ-00150476;;;;;;
ЦБ-00153016;;;;;;
ЦБ-00000082;;;;;;
ЦБ-00147934;;;;;;
ЦБ-00153051;;;;;;
РТ-00012095;;;;;;
РТ-00012096;;;;;;
ЦБ-00154719;;;;;;
ЦБ-00151257;;;;;;
ЦБ-00171550;;;;;;
ЦБ-00163720;;;;;;
ЦБ-00184553;;;;;;
ЦБ-00159594;;;;;;
ЦБ-00193401;;;;;;
ЦБ-00159825;;;;;;
ЦБ-00170059;;;;;;
ЦБ-00161298;;;;;;
ЦБ-00160704;;;;;;
ЦБ-00129470;;;;;;
ЦБ-00162559;;;;;;
ЦБ-00181215;;;;;;
ЦБ-00185104;;;;;;
ЦБ-00166240;;;;;;
ЦБ-00078170;;;;;;
ЦБ-00069408;;;;;;
РТ-00010748;;;;;;
РТ-00008453;;;;;;
РТ-00011732;;;;;;
РТ-00011733;;;;;;
ЦБ-00119098;;;;;;
ЦБ-00005147;;;;;;
ЦБ-00038564;;;;;;
ЦБ-00177154;;;;;;
РТ-00014853;;;;;;
РТ-00000624;;;;;;
РТ-00012037;;;;;;
ЦБ-00022305;;;;;;
ЦБ-00158820;;;;;;
РТ-00000623;;;;;;
ЦБ-00036672;;;;;;
РТ-00011632;;;;;;
РТ-00000421;;;;;;
РТ-00011314;;;;;;
ЦБ-00000114;;;;;;
ЦБ-00000115;;;;;;
ЦБ-00000116;;;;;;
ЦБ-00000113;;;;;;
ЦБ-00000117;;;;;;
РТ-00008786;;;;;;
РТ-00008787;;;;;;
РТ-00008788;;;;;;
РТ-00008789;;;;;;
ЦБ-00126837;;;;;;
ЦБ-00107519;;;;;;
ЦБ-00107517;;;;;;
ЦБ-00132524;;;;;;
ЦБ-00144056;;;;;;
ЦБ-00083710;;;;;;
ЦБ-00134367;;;;;;
ЦБ-00148031;;;;;;
ЦБ-00130042;;;;;;
РТ-00012827;;;;;;
ЦБ-00034782;;;;;;
ЦБ-00161876;;;;;;
ЦБ-00122410;;;;;;
ЦБ-00005203;;;;;;
ЦБ-00005204;;;;;;
ЦБ-00005205;;;;;;
ЦБ-00035754;;;;;;
ЦБ-00035755;;;;;;
ЦБ-00035756;;;;;;
ЦБ-00027761;;;;;;
ЦБ-00027762;;;;;;
ЦБ-00027763;;;;;;
ЦБ-00192423;;;;;;
ЦБ-00000148;;;;;;
ЦБ-00172415;;;;;;
ЦБ-00178986;;;;;;
ЦБ-00131963;;;;;;
ЦБ-00136036;;;;;;
ЦБ-00131693;;;;;;
ЦБ-00035895;;;;;;
ЦБ-00034454;;;;;;
ЦБ-00182021;;;;;;
ЦБ-00000156;;;;;;
ЦБ-00000157;;;;;;
ЦБ-00000159;;;;;;
РТ-00008907;;;;;;
ЦБ-00157215;;;;;;
ЦБ-00005219;;;;;;
ЦБ-00005222;;;;;;
ЦБ-00034784;;;;;;
ЦБ-00005226;;;;;;
ЦБ-00005230;;;;;;
ЦБ-00005227;;;;;;
ЦБ-00005231;;;;;;
ЦБ-00020943;;;;;;
ЦБ-00005234;;;;;;
ЦБ-00023291;;;;;;
ЦБ-00159595;;;;;;
ЦБ-00179809;;;;;;
ЦБ-00193534;;;;;;
ЦБ-00116134;;;;;;
ЦБ-00157811;;;;;;
ЦБ-00163300;;;;;;
ЦБ-00165636;;;;;;
ЦБ-00123056;;;;;;
РТ-00000022;;;;;;
ЦБ-00194908;;;;;;
ЦБ-00154535;;;;;;
ЦБ-00192200;;;;;;
ЦБ-00023632;;;;;;
ЦБ-00023633;;;;;;
РТ-00011071;;;;;;
РТ-00013610;;;;;;
РТ-00009903;;;;;;
ЦБ-00129592;;;;;;
ЦБ-00167208;;;;;;
ЦБ-00166172;;;;;;
ЦБ-00159933;;;;;;
ЦБ-00173487;;;;;;
ЦБ-00160859;;;;;;
ЦБ-00159988;;;;;;
ЦБ-00110383;;;;;;
ЦБ-00187900;;;;;;
ЦБ-00188855;;;;;;
ЦБ-00180979;;;;;;
ЦБ-00182057;;;;;;
ЦБ-00180868;;;;;;
ЦБ-00185470;;;;;;
ЦБ-00005799;;;;;;
ЦБ-00005803;;;;;;
ЦБ-00005802;;;;;;
ЦБ-00005766;;;;;;
ЦБ-00005812;;;;;;
ЦБ-00005817;;;;;;
ЦБ-00005828;;;;;;
ЦБ-00009560;;;;;;
ЦБ-00009582;;;;;;
ЦБ-00009572;;;;;;
ЦБ-00009583;;;;;;
ЦБ-00009579;;;;;;
ЦБ-00159232;;;;;;
ЦБ-00162272;;;;;;
РТ-00009726;;;;;;
ЦБ-00000218;;;;;;
РТ-00007850;;;;;;
ЦБ-00025567;;;;;;
ЦБ-00025872;;;;;;
РТ-00001118;;;;;;
ЦБ-00031666;;;;;;
РТ-00001353;;;;;;
ЦБ-00017215;;;;;;
ЦБ-00016635;;;;;;
ЦБ-00021634;;;;;;
ЦБ-00107969;;;;;;
РТ-00008673;;;;;;
ЦБ-00000226;;;;;;
ЦБ-00000227;;;;;;
ЦБ-00000228;;;;;;
ЦБ-00000229;;;;;;
ЦБ-00000230;;;;;;
РТ-00001103;;;;;;
РТ-00014115;;;;;;
ЦБ-00024783;;;;;;
ЦБ-00024204;;;;;;
ЦБ-00154486;;;;;;
ЦБ-00165256;;;;;;
ЦБ-00085225;;;;;;
ЦБ-00194253;;;;;;
ЦБ-00156674;;;;;;
ЦБ-00180576;;;;;;
РТ-00009213;;;;;;
ЦБ-00016624;;;;;;
ЦБ-00000264;;;;;;
ЦБ-00016526;;;;;;
ЦБ-00186605;;;;;;
ЦБ-00025876;;;;;;
РТ-00012675;;;;;;
ЦБ-00163473;;;;;;
ЦБ-00005250;;;;;;
ЦБ-00026777;;;;;;
ЦБ-00000283;;;;;;
ЦБ-00000284;;;;;;
ЦБ-00000281;;;;;;
ЦБ-00000285;;;;;;
ЦБ-00031667;;;;;;
РТ-00002965;;;;;;
ЦБ-00027082;;;;;;
ЦБ-00016643;;;;;;
ЦБ-00033940;;;;;;
ЦБ-00033941;;;;;;
ЦБ-00015218;;;;;;
ЦБ-00020112;;;;;;
ЦБ-00000289;;;;;;
ЦБ-00033939;;;;;;
ЦБ-00139162;;;;;;
РТ-00014454;;;;;;
ЦБ-00030228;;;;;;
РТ-00006655;;;;;;
ЦБ-00110277;;;;;;
ЦБ-00110278;;;;;;
ЦБ-00118592;;;;;;
ЦБ-00000328;;;;;;
РТ-00001214;;;;;;
ЦБ-00163623;;;;;;
ЦБ-00175661;;;;;;
ЦБ-00166364;;;;;;
ЦБ-00179182;;;;;;
ЦБ-00175680;;;;;;
ЦБ-00147575;;;;;;
ЦБ-00117907;;;;;;
ЦБ-00089132;;;;;;
ЦБ-00023480;;;;;;
ЦБ-00149712;;;;;;
ЦБ-00154159;;;;;;
ЦБ-00015796;;;;;;
ЦБ-00161299;;;;;;
РТ-00008058;;;;;;
ЦБ-00149972;;;;;;
РТ-00006522;;;;;;
ЦБ-00000361;;;;;;
ЦБ-00000363;;;;;;
ЦБ-00024936;;;;;;
РТ-00000146;;;;;;
ЦБ-00000367;;;;;;
ЦБ-00150569;;;;;;
ЦБ-00194455;;;;;;
ЦБ-00032424;;;;;;
ЦБ-00176596;;;;;;
ЦБ-00180634;;;;;;
ЦБ-00020709;;;;;;
ЦБ-00140814;;;;;;
ЦБ-00187987;;;;;;
ЦБ-00136100;;;;;;
ЦБ-00146504;;;;;;
ЦБ-00146505;;;;;;
ЦБ-00144408;;;;;;
ЦБ-00157522;;;;;;
ЦБ-00143192;;;;;;
ЦБ-00136098;;;;;;
ЦБ-00145180;;;;;;
ЦБ-00127991;;;;;;
ЦБ-00130061;;;;;;
ЦБ-00146999;;;;;;
ЦБ-00144126;;;;;;
ЦБ-00170835;;;;;;
ЦБ-00136099;;;;;;
ЦБ-00124656;;;;;;
ЦБ-00147369;;;;;;
ЦБ-00038804;;;;;;
ЦБ-00154095;;;;;;
ЦБ-00039531;;;;;;
ЦБ-00038265;;;;;;
ЦБ-00038266;;;;;;
ЦБ-00164133;;;;;;
РТ-00009764;;;;;;
ЦБ-00036500;;;;;;
ЦБ-00121583;;;;;;
ЦБ-00036501;;;;;;
РТ-00007587;;;;;;
ЦБ-00038905;;;;;;
ЦБ-00164132;;;;;;
ЦБ-00039275;;;;;;
ЦБ-00157312;;;;;;
ЦБ-00153282;;;;;;
РТ-00002233;;;;;;
ЦБ-00038019;;;;;;
ЦБ-00039377;;;;;;
ЦБ-00038020;;;;;;
ЦБ-00129537;;;;;;
ЦБ-00129538;;;;;;
ЦБ-00136101;;;;;;
ЦБ-00036026;;;;;;
ЦБ-00118795;;;;;;
ЦБ-00136102;;;;;;
ЦБ-00125399;;;;;;
ЦБ-00038379;;;;;;
ЦБ-00152261;;;;;;
ЦБ-00038186;;;;;;
ЦБ-00142800;;;;;;
ЦБ-00144129;;;;;;
ЦБ-00146536;;;;;;
ЦБ-00193104;;;;;;
ЦБ-00006740;;;;;;
ЦБ-00006737;;;;;;
ЦБ-00005395;;;;;;
ЦБ-00000405;;;;;;
ЦБ-00187885;;;;;;
РТ-00005123;;;;;;
ЦБ-00033264;;;;;;
ЦБ-00005408;;;;;;
ЦБ-00005406;;;;;;
ЦБ-00161666;;;;;;
ЦБ-00036134;;;;;;
РТ-00000707;;;;;;
ЦБ-00040242;;;;;;
ЦБ-00022576;;;;;;
ЦБ-00017651;;;;;;
ЦБ-00022578;;;;;;
ЦБ-00023117;;;;;;
ЦБ-00037203;;;;;;
ЦБ-00022577;;;;;;
РТ-00000706;;;;;;
ЦБ-00166353;;;;;;
ЦБ-00166351;;;;;;
ЦБ-00166350;;;;;;
ЦБ-00166349;;;;;;
РТ-00000330;;;;;;
ЦБ-00174159;;;;;;
ЦБ-00125400;;;;;;
РТ-00003461;;;;;;
РТ-00003249;;;;;;
РТ-00003305;;;;;;
РТ-00002492;;;;;;
РТ-00002493;;;;;;
ЦБ-00134526;;;;;;
ЦБ-00134525;;;;;;
ЦБ-00133878;;;;;;
ЦБ-00134527;;;;;;
ЦБ-00086007;;;;;;
ЦБ-00169314;;;;;;
ЦБ-00017905;;;;;;
ЦБ-00118385;;;;;;
ЦБ-00118165;;;;;;
РТ-00010918;;;;;;
РТ-00003842;;;;;;
РТ-00004639;;;;;;
РТ-00003841;;;;;;
ЦБ-00148182;;;;;;
РТ-00005404;;;;;;
РТ-00007551;;;;;;
РТ-00009834;;;;;;
РТ-00009832;;;;;;
РТ-00009833;;;;;;
ЦБ-00024687;;;;;;
ЦБ-00024676;;;;;;
ЦБ-00024677;;;;;;
ЦБ-00024678;;;;;;
ЦБ-00024686;;;;;;
ЦБ-00034122;;;;;;
ЦБ-00034123;;;;;;
ЦБ-00034124;;;;;;
ЦБ-00034125;;;;;;
ЦБ-00016543;;;;;;
РТ-00005267;;;;;;
РТ-00009827;;;;;;
ЦБ-00172759;;;;;;
РТ-00009829;;;;;;
РТ-00009828;;;;;;
ЦБ-00172835;;;;;;
ЦБ-00163782;;;;;;
ЦБ-00017047;;;;;;
ЦБ-00146822;;;;;;
ЦБ-00035543;;;;;;
РТ-00008340;;;;;;
ЦБ-00147617;;;;;;
ЦБ-00021198;;;;;;
ЦБ-00125635;;;;;;
ЦБ-00038537;;;;;;
ЦБ-00172858;;;;;;
РТ-00009830;;;;;;
РТ-00009831;;;;;;
ЦБ-00022304;;;;;;
РТ-00009859;;;;;;
РТ-00009861;;;;;;
РТ-00009860;;;;;;
ЦБ-00034126;;;;;;
ЦБ-00033098;;;;;;
ЦБ-00005410;;;;;;
ЦБ-00017967;;;;;;
ЦБ-00017968;;;;;;
ЦБ-00017849;;;;;;
ЦБ-00005411;;;;;;
ЦБ-00005412;;;;;;
ЦБ-00140806;;;;;;
РТ-00005145;;;;;;
ЦБ-00164098;;;;;;
ЦБ-00118163;;;;;;
ЦБ-00159756;;;;;;
ЦБ-00162005;;;;;;
ЦБ-00159578;;;;;;
ЦБ-00161383;;;;;;
ЦБ-00161186;;;;;;
РТ-00009981;;;;;;
РТ-00010953;;;;;;
ЦБ-00039787;;;;;;
РТ-00003121;;;;;;
РТ-00003117;;;;;;
РТ-00003119;;;;;;
РТ-00003118;;;;;;
РТ-00003116;;;;;;
РТ-00003120;;;;;;
ЦБ-00136154;;;;;;
РТ-00002566;;;;;;
РТ-00002565;;;;;;
ЦБ-00035720;;;;;;
ЦБ-00035560;;;;;;
ЦБ-00030587;;;;;;
ЦБ-00005415;;;;;;
ЦБ-00026019;;;;;;
РТ-00003601;;;;;;
РТ-00003473;;;;;;
ЦБ-00000420;;;;;;
ЦБ-00030235;;;;;;
ЦБ-00035188;;;;;;
ЦБ-00000411;;;;;;
ЦБ-00000419;;;;;;
ЦБ-00037501;;;;;;
ЦБ-00035987;;;;;;
ЦБ-00039092;;;;;;
РТ-00010088;;;;;;
ЦБ-00170995;;;;;;
ЦБ-00147325;;;;;;
ЦБ-00037521;;;;;;
РТ-00013518;;;;;;
ЦБ-00154590;;;;;;
ЦБ-00147465;;;;;;
ЦБ-00147960;;;;;;
ЦБ-00185694;;;;;;
ЦБ-00033803;;;;;;
ЦБ-00033371;;;;;;
ЦБ-00016267;;;;;;
ЦБ-00183235;;;;;;
ЦБ-00183236;;;;;;
ЦБ-00183237;;;;;;
ЦБ-00030236;;;;;;
ЦБ-00028354;;;;;;
РТ-00008975;;;;;;
ЦБ-00029974;;;;;;
ЦБ-00005417;;;;;;
ЦБ-00028323;;;;;;
ЦБ-00000412;;;;;;
ЦБ-00036497;;;;;;
ЦБ-00016544;;;;;;
ЦБ-00162484;;;;;;
ЦБ-00189084;;;;;;
ЦБ-00188953;;;;;;
ЦБ-00181204;;;;;;
ЦБ-00185182;;;;;;
ЦБ-00005418;;;;;;
ЦБ-00005422;;;;;;
ЦБ-00164040;;;;;;
ЦБ-00164135;;;;;;
ЦБ-00132567;;;;;;
ЦБ-00037342;;;;;;
ЦБ-00036445;;;;;;
ЦБ-00005413;;;;;;
ЦБ-00005419;;;;;;
ЦБ-00035466;;;;;;
ЦБ-00000408;;;;;;
ЦБ-00005420;;;;;;
ЦБ-00036616;;;;;;
ЦБ-00005421;;;;;;
РТ-00014867;;;;;;
РТ-00012729;;;;;;
ЦБ-00000409;;;;;;
ЦБ-00037325;;;;;;
ЦБ-00036755;;;;;;
ЦБ-00034185;;;;;;
ЦБ-00187982;;;;;;
ЦБ-00187983;;;;;;
ЦБ-00173942;;;;;;
ЦБ-00188559;;;;;;
ЦБ-00040302;;;;;;
ЦБ-00123215;;;;;;
ЦБ-00005416;;;;;;
ЦБ-00038296;;;;;;
РТ-00009410;;;;;;
ЦБ-00038297;;;;;;
ЦБ-00038298;;;;;;
ЦБ-00025174;;;;;;
ЦБ-00028377;;;;;;
ЦБ-00122855;;;;;;
ЦБ-00038299;;;;;;
ЦБ-00037160;;;;;;
ЦБ-00038300;;;;;;
ЦБ-00124583;;;;;;
ЦБ-00024140;;;;;;
ЦБ-00033275;;;;;;
ЦБ-00033276;;;;;;
ЦБ-00033277;;;;;;
ЦБ-00033278;;;;;;
ЦБ-00033279;;;;;;
ЦБ-00033280;;;;;;
ЦБ-00016303;;;;;;
ЦБ-00017715;;;;;;
ЦБ-00017716;;;;;;
ЦБ-00017714;;;;;;
РТ-00005317;;;;;;
РТ-00003299;;;;;;
ЦБ-00017717;;;;;;
ЦБ-00017718;;;;;;
ЦБ-00017719;;;;;;
ЦБ-00018530;;;;;;
ЦБ-00017899;;;;;;
ЦБ-00016268;;;;;;
ЦБ-00017720;;;;;;
ЦБ-00016230;;;;;;
ЦБ-00026632;;;;;;
ЦБ-00026606;;;;;;
ЦБ-00026607;;;;;;
ЦБ-00026608;;;;;;
ЦБ-00026609;;;;;;
ЦБ-00026610;;;;;;
ЦБ-00026611;;;;;;
ЦБ-00026612;;;;;;
ЦБ-00026613;;;;;;
ЦБ-00026614;;;;;;
ЦБ-00025367;;;;;;
ЦБ-00019710;;;;;;
ЦБ-00129474;;;;;;
ЦБ-00134653;;;;;;
ЦБ-00134654;;;;;;
ЦБ-00035124;;;;;;
ЦБ-00035153;;;;;;
ЦБ-00036027;;;;;;
ЦБ-00141966;;;;;;
ЦБ-00134712;;;;;;
ЦБ-00172219;;;;;;
ЦБ-00162157;;;;;;
ЦБ-00195034;;;;;;
ЦБ-00175502;;;;;;
ЦБ-00000427;;;;;;
ЦБ-00005425;;;;;;
ЦБ-00005426;;;;;;
ЦБ-00029978;;;;;;
РТ-00001160;;;;;;
ЦБ-00015540;;;;;;
ЦБ-00120180;;;;;;
ЦБ-00168392;;;;;;
РТ-00003114;;;;;;
ЦБ-00000428;;;;;;
ЦБ-00000429;;;;;;
ЦБ-00005427;;;;;;
ЦБ-00153183;;;;;;
ЦБ-00106765;;;;;;
ЦБ-00165499;;;;;;
ЦБ-00030237;;;;;;
ЦБ-00016647;;;;;;
ЦБ-00030238;;;;;;
ЦБ-00028424;;;;;;
ЦБ-00173968;;;;;;
ЦБ-00036538;;;;;;
ЦБ-00131886;;;;;;
РТ-00012744;;;;;;
ЦБ-00173081;;;;;;
ЦБ-00033774;;;;;;
ЦБ-00033904;;;;;;
ЦБ-00036028;;;;;;
ЦБ-00178912;;;;;;
ЦБ-00184675;;;;;;
ЦБ-00035125;;;;;;
ЦБ-00000432;;;;;;
ЦБ-00000433;;;;;;
ЦБ-00084891;;;;;;
ЦБ-00032942;;;;;;
ЦБ-00173489;;;;;;
ЦБ-00035740;;;;;;
ЦБ-00168722;;;;;;
ЦБ-00016617;;;;;;
ЦБ-00154253;;;;;;
ЦБ-00157970;;;;;;
ЦБ-00175275;;;;;;
ЦБ-00182466;;;;;;
ЦБ-00171365;;;;;;
ЦБ-00185850;;;;;;
ЦБ-00185615;;;;;;
ЦБ-00144419;;;;;;
ЦБ-00122691;;;;;;
ЦБ-00122692;;;;;;
ЦБ-00144420;;;;;;
ЦБ-00181517;;;;;;
ЦБ-00195232;;;;;;
ЦБ-00185912;;;;;;
ЦБ-00192633;;;;;;
ЦБ-00190431;;;;;;
ЦБ-00185763;;;;;;
ЦБ-00184083;;;;;;
ЦБ-00194927;;;;;;
ЦБ-00185473;;;;;;
ЦБ-00185313;;;;;;
ЦБ-00188905;;;;;;
ЦБ-00186993;;;;;;
ЦБ-00193887;;;;;;
ЦБ-00192992;;;;;;
ЦБ-00192269;;;;;;
ЦБ-00185064;;;;;;
ЦБ-00180864;;;;;;
ЦБ-00192993;;;;;;
ЦБ-00190755;;;;;;
ЦБ-00186768;;;;;;
ЦБ-00185455;;;;;;
ЦБ-00188255;;;;;;
ЦБ-00174022;;;;;;
ЦБ-00174973;;;;;;
ЦБ-00186816;;;;;;
ЦБ-00185065;;;;;;
ЦБ-00034947;;;;;;
ЦБ-00016652;;;;;;
ЦБ-00002746;;;;;;
ЦБ-00005445;;;;;;
РТ-00010367;;;;;;
РТ-00002815;;;;;;
ЦБ-00021652;;;;;;
ЦБ-00157529;;;;;;
ЦБ-00152253;;;;;;
РТ-00000801;;;;;;
ЦБ-00035896;;;;;;
ЦБ-00122348;;;;;;
ЦБ-00020120;;;;;;
ЦБ-00000483;;;;;;
ЦБ-00121267;;;;;;
ЦБ-00149554;;;;;;
ЦБ-00146229;;;;;;
РТ-00004185;;;;;;
ЦБ-00031673;;;;;;
ЦБ-00021654;;;;;;
ЦБ-00166509;;;;;;
ЦБ-00031672;;;;;;
ЦБ-00166008;;;;;;
ЦБ-00113031;;;;;;
ЦБ-00169728;;;;;;
ЦБ-00146903;;;;;;
ЦБ-00146902;;;;;;
ЦБ-00146517;;;;;;
ЦБ-00000519;;;;;;
ЦБ-00037991;;;;;;
РТ-00005022;;;;;;
РТ-00005023;;;;;;
РТ-00001162;;;;;;
РТ-00000156;;;;;;
ЦБ-00000524;;;;;;
ЦБ-00171987;;;;;;
ЦБ-00185554;;;;;;
ЦБ-00185552;;;;;;
ЦБ-00168381;;;;;;
ЦБ-00171583;;;;;;
ЦБ-00026810;;;;;;
ЦБ-00029989;;;;;;
РТ-00011719;;;;;;
ЦБ-00084219;;;;;;
ЦБ-00084222;;;;;;
ЦБ-00084223;;;;;;
ЦБ-00177946;;;;;;
ЦБ-00003055;;;;;;
ЦБ-00037351;;;;;;
ЦБ-00037337;;;;;;
РТ-00014194;;;;;;
ЦБ-00037348;;;;;;
ЦБ-00037349;;;;;;
ЦБ-00178817;;;;;;
ЦБ-00185315;;;;;;
ЦБ-00168299;;;;;;
ЦБ-00184399;;;;;;
ЦБ-00178563;;;;;;
ЦБ-00140658;;;;;;
ЦБ-00146098;;;;;;
ЦБ-00036619;;;;;;
ЦБ-00150670;;;;;;
ЦБ-00140479;;;;;;
ЦБ-00030364;;;;;;
ЦБ-00025344;;;;;;
ЦБ-00006821;;;;;;
ЦБ-00006822;;;;;;
ЦБ-00006823;;;;;;
ЦБ-00006824;;;;;;
ЦБ-00006825;;;;;;
ЦБ-00171654;;;;;;
ЦБ-00176439;;;;;;
ЦБ-00151045;;;;;;
ЦБ-00000555;;;;;;
ЦБ-00029934;;;;;;
ЦБ-00029991;;;;;;
ЦБ-00038692;;;;;;
ЦБ-00000578;;;;;;
ЦБ-00021665;;;;;;
ЦБ-00000579;;;;;;
ЦБ-00000577;;;;;;
ЦБ-00016361;;;;;;
ЦБ-00021664;;;;;;
ЦБ-00155759;;;;;;
ЦБ-00155486;;;;;;
ЦБ-00025885;;;;;;
РТ-00014091;;;;;;
ЦБ-00001865;;;;;;
ЦБ-00001866;;;;;;
ЦБ-00000599;;;;;;
ЦБ-00000601;;;;;;
ЦБ-00039192;;;;;;
ЦБ-00000600;;;;;;
ЦБ-00022631;;;;;;
ЦБ-00020657;;;;;;
ЦБ-00039193;;;;;;
ЦБ-00152766;;;;;;
ЦБ-00139287;;;;;;
РТ-00007064;;;;;;
ЦБ-00000622;;;;;;
ЦБ-00000623;;;;;;
РТ-00003813;;;;;;
ЦБ-00182658;;;;;;
ЦБ-00193893;;;;;;
ЦБ-00171470;;;;;;
ЦБ-00168395;;;;;;
ЦБ-00185971;;;;;;
ЦБ-00032482;;;;;;
ЦБ-00032372;;;;;;
ЦБ-00153286;;;;;;
ЦБ-00182135;;;;;;
ЦБ-00039548;;;;;;
ЦБ-00006743;;;;;;
ЦБ-00194760;;;;;;
ЦБ-00175736;;;;;;
ЦБ-00157013;;;;;;
ЦБ-00147029;;;;;;
ЦБ-00189687;;;;;;
ЦБ-00165300;;;;;;
ЦБ-00165301;;;;;;
ЦБ-00161768;;;;;;
ЦБ-00161773;;;;;;
ЦБ-00161751;;;;;;
ЦБ-00161752;;;;;;
ЦБ-00032425;;;;;;
ЦБ-00016618;;;;;;
ЦБ-00030268;;;;;;
ЦБ-00005781;;;;;;
ЦБ-00026540;;;;;;
РТ-00001593;;;;;;
ЦБ-00037493;;;;;;
ЦБ-00037494;;;;;;
ЦБ-00036852;;;;;;
ЦБ-00036855;;;;;;
РТ-00007707;;;;;;
РТ-00001592;;;;;;
ЦБ-00036853;;;;;;
РТ-00007705;;;;;;
ЦБ-00036856;;;;;;
ЦБ-00036854;;;;;;
РТ-00007706;;;;;;
РТ-00007708;;;;;;
ЦБ-00144438;;;;;;
РТ-00007709;;;;;;
РТ-00007710;;;;;;
РТ-00007711;;;;;;
РТ-00007712;;;;;;
ЦБ-00030285;;;;;;
ЦБ-00005898;;;;;;
ЦБ-00005782;;;;;;
ЦБ-00122863;;;;;;
ЦБ-00124447;;;;;;
ЦБ-00005834;;;;;;
ЦБ-00030282;;;;;;
ЦБ-00030283;;;;;;
ЦБ-00131541;;;;;;
ЦБ-00129568;;;;;;
ЦБ-00030284;;;;;;
ЦБ-00005836;;;;;;
ЦБ-00005835;;;;;;
ЦБ-00005837;;;;;;
ЦБ-00005894;;;;;;
ЦБ-00005895;;;;;;
ЦБ-00005896;;;;;;
ЦБ-00026014;;;;;;
ЦБ-00005899;;;;;;
ЦБ-00005900;;;;;;
ЦБ-00005901;;;;;;
ЦБ-00005903;;;;;;
ЦБ-00005904;;;;;;
ЦБ-00005905;;;;;;
ЦБ-00187417;;;;;;
ЦБ-00186667;;;;;;
ЦБ-00037593;;;;;;
ЦБ-00005784;;;;;;
ЦБ-00040146;;;;;;
ЦБ-00125761;;;;;;
ЦБ-00038633;;;;;;
ЦБ-00119533;;;;;;
ЦБ-00033102;;;;;;
ЦБ-00167902;;;;;;
РТ-00000961;;;;;;
РТ-00000596;;;;;;
РТ-00002611;;;;;;
РТ-00006748;;;;;;
ЦБ-00036244;;;;;;
ЦБ-00036245;;;;;;
ЦБ-00173882;;;;;;
ЦБ-00168982;;;;;;
ЦБ-00176064;;;;;;
ЦБ-00164710;;;;;;
ЦБ-00168252;;;;;;
ЦБ-00177031;;;;;;
ЦБ-00174386;;;;;;
ЦБ-00167422;;;;;;
ЦБ-00168203;;;;;;
ЦБ-00168080;;;;;;
РТ-00013261;;;;;;
РТ-00014261;;;;;;
РТ-00014773;;;;;;
ЦБ-00005785;;;;;;
ЦБ-00005831;;;;;;
ЦБ-00040353;;;;;;
ЦБ-00022241;;;;;;
ЦБ-00005787;;;;;;
ЦБ-00016482;;;;;;
ЦБ-00017067;;;;;;
ЦБ-00005789;;;;;;
ЦБ-00005790;;;;;;
ЦБ-00005791;;;;;;
ЦБ-00005830;;;;;;
ЦБ-00005832;;;;;;
ЦБ-00030270;;;;;;
РТ-00000877;;;;;;
РТ-00003400;;;;;;
ЦБ-00163302;;;;;;
ЦБ-00037618;;;;;;
ЦБ-00005794;;;;;;
ЦБ-00005797;;;;;;
ЦБ-00030271;;;;;;
ЦБ-00025122;;;;;;
ЦБ-00025093;;;;;;
ЦБ-00019629;;;;;;
ЦБ-00017361;;;;;;
РТ-00000762;;;;;;
ЦБ-00024763;;;;;;
ЦБ-00026007;;;;;;
ЦБ-00016232;;;;;;
ЦБ-00036102;;;;;;
ЦБ-00024777;;;;;;
ЦБ-00005800;;;;;;
ЦБ-00005801;;;;;;
ЦБ-00005788;;;;;;
ЦБ-00030269;;;;;;
ЦБ-00015459;;;;;;
ЦБ-00168465;;;;;;
ЦБ-00005786;;;;;;
ЦБ-00005795;;;;;;
ЦБ-00027036;;;;;;
ЦБ-00016231;;;;;;
РТ-00007724;;;;;;
ЦБ-00027367;;;;;;
ЦБ-00027368;;;;;;
ЦБ-00005792;;;;;;
ЦБ-00005793;;;;;;
ЦБ-00005796;;;;;;
ЦБ-00030272;;;;;;
ЦБ-00005804;;;;;;
ЦБ-00022669;;;;;;
РТ-00007726;;;;;;
ЦБ-00005798;;;;;;
ЦБ-00032808;;;;;;
ЦБ-00037759;;;;;;
ЦБ-00153489;;;;;;
ЦБ-00005833;;;;;;
ЦБ-00127205;;;;;;
ЦБ-00017068;;;;;;
ЦБ-00005808;;;;;;
ЦБ-00005842;;;;;;
ЦБ-00125762;;;;;;
ЦБ-00005807;;;;;;
РТ-00002475;;;;;;
ЦБ-00005809;;;;;;
ЦБ-00005810;;;;;;
ЦБ-00005811;;;;;;
ЦБ-00026018;;;;;;
ЦБ-00015990;;;;;;
ЦБ-00016280;;;;;;
ЦБ-00125747;;;;;;
РТ-00002366;;;;;;
ЦБ-00005813;;;;;;
ЦБ-00005816;;;;;;
РТ-00005315;;;;;;
ЦБ-00017069;;;;;;
ЦБ-00005819;;;;;;
ЦБ-00035175;;;;;;
ЦБ-00032901;;;;;;
ЦБ-00024010;;;;;;
ЦБ-00017671;;;;;;
ЦБ-00005821;;;;;;
ЦБ-00005825;;;;;;
ЦБ-00034990;;;;;;
ЦБ-00036857;;;;;;
ЦБ-00025471;;;;;;
ЦБ-00025556;;;;;;
РТ-00002365;;;;;;
ЦБ-00005823;;;;;;
ЦБ-00005827;;;;;;
ЦБ-00005822;;;;;;
ЦБ-00005805;;;;;;
ЦБ-00005806;;;;;;
ЦБ-00026965;;;;;;
РТ-00003009;;;;;;
ЦБ-00005815;;;;;;
ЦБ-00005818;;;;;;
ЦБ-00030273;;;;;;
РТ-00007723;;;;;;
ЦБ-00024108;;;;;;
ЦБ-00005820;;;;;;
ЦБ-00025470;;;;;;
ЦБ-00022711;;;;;;
ЦБ-00005826;;;;;;
ЦБ-00005829;;;;;;
ЦБ-00030274;;;;;;
ЦБ-00015651;;;;;;
РТ-00007725;;;;;;
ЦБ-00005824;;;;;;
ЦБ-00171011;;;;;;
ЦБ-00005814;;;;;;
ЦБ-00124135;;;;;;
ЦБ-00150589;;;;;;
ЦБ-00136338;;;;;;
ЦБ-00029258;;;;;;
РТ-00008790;;;;;;
РТ-00008791;;;;;;
ЦБ-00124426;;;;;;
ЦБ-00122700;;;;;;
ЦБ-00093543;;;;;;
ЦБ-00107245;;;;;;
ЦБ-00153085;;;;;;
ЦБ-00098471;;;;;;
ЦБ-00069841;;;;;;
ЦБ-00025269;;;;;;
ЦБ-00025116;;;;;;
ЦБ-00025119;;;;;;
ЦБ-00155525;;;;;;
ЦБ-00174385;;;;;;
ЦБ-00174303;;;;;;
ЦБ-00069846;;;;;;
ЦБ-00069848;;;;;;
ЦБ-00152804;;;;;;
ЦБ-00152805;;;;;;
ЦБ-00142482;;;;;;
ЦБ-00146055;;;;;;
ЦБ-00121491;;;;;;
ЦБ-00121247;;;;;;
ЦБ-00120820;;;;;;
ЦБ-00123988;;;;;;
ЦБ-00118431;;;;;;
РТ-00013242;;;;;;
ЦБ-00122522;;;;;;
ЦБ-00119538;;;;;;
ЦБ-00119539;;;;;;
ЦБ-00122624;;;;;;
ЦБ-00152840;;;;;;
РТ-00014492;;;;;;
РТ-00014864;;;;;;
ЦБ-00027037;;;;;;
ЦБ-00179910;;;;;;
ЦБ-00181205;;;;;;
ЦБ-00023870;;;;;;
ЦБ-00165760;;;;;;
ЦБ-00035119;;;;;;
ЦБ-00005838;;;;;;
ЦБ-00005839;;;;;;
ЦБ-00005840;;;;;;
ЦБ-00005841;;;;;;
ЦБ-00016451;;;;;;
ЦБ-00005897;;;;;;
ЦБ-00035583;;;;;;
РТ-00001361;;;;;;
ЦБ-00035582;;;;;;
РТ-00001360;;;;;;
ЦБ-00025557;;;;;;
ЦБ-00027038;;;;;;
ЦБ-00146281;;;;;;
ЦБ-00005848;;;;;;
РТ-00001681;;;;;;
РТ-00008986;;;;;;
РТ-00008987;;;;;;
ЦБ-00005844;;;;;;
ЦБ-00005845;;;;;;
ЦБ-00015450;;;;;;
ЦБ-00026132;;;;;;
ЦБ-00038177;;;;;;
ЦБ-00037680;;;;;;
РТ-00004630;;;;;;
РТ-00012563;;;;;;
РТ-00012564;;;;;;
ЦБ-00026008;;;;;;
ЦБ-00026015;;;;;;
ЦБ-00026133;;;;;;
ЦБ-00025555;;;;;;
ЦБ-00025560;;;;;;
ЦБ-00131540;;;;;;
ЦБ-00005850;;;;;;
ЦБ-00030275;;;;;;
ЦБ-00030276;;;;;;
ЦБ-00005859;;;;;;
ЦБ-00005861;;;;;;
ЦБ-00005863;;;;;;
ЦБ-00005865;;;;;;
ЦБ-00005868;;;;;;
ЦБ-00005860;;;;;;
ЦБ-00005862;;;;;;
ЦБ-00005864;;;;;;
РТ-00012224;;;;;;
ЦБ-00149844;;;;;;
ЦБ-00005866;;;;;;
ЦБ-00005867;;;;;;
РТ-00000345;;;;;;
ЦБ-00005869;;;;;;
РТ-00000344;;;;;;
ЦБ-00136330;;;;;;
РТ-00014323;;;;;;
ЦБ-00123152;;;;;;
ЦБ-00005852;;;;;;
ЦБ-00034988;;;;;;
ЦБ-00005854;;;;;;
ЦБ-00005856;;;;;;
ЦБ-00005858;;;;;;
ЦБ-00029771;;;;;;
ЦБ-00029772;;;;;;
ЦБ-00005843;;;;;;
ЦБ-00030286;;;;;;
ЦБ-00025558;;;;;;
ЦБ-00022089;;;;;;
ЦБ-00030287;;;;;;
ЦБ-00005918;;;;;;
ЦБ-00026217;;;;;;
ЦБ-00005919;;;;;;
ЦБ-00022088;;;;;;
РТ-00014370;;;;;;
РТ-00006205;;;;;;
РТ-00011726;;;;;;
РТ-00013012;;;;;;
РТ-00007774;;;;;;
ЦБ-00119489;;;;;;
РТ-00005530;;;;;;
ЦБ-00077965;;;;;;
ЦБ-00124448;;;;;;
ЦБ-00156311;;;;;;
ЦБ-00136347;;;;;;
РТ-00001153;;;;;;
ЦБ-00117833;;;;;;
ЦБ-00118695;;;;;;
ЦБ-00136350;;;;;;
ЦБ-00157717;;;;;;
ЦБ-00119632;;;;;;
ЦБ-00118550;;;;;;
ЦБ-00022183;;;;;;
ЦБ-00017190;;;;;;
ЦБ-00022438;;;;;;
ЦБ-00026266;;;;;;
ЦБ-00017191;;;;;;
ЦБ-00026265;;;;;;
ЦБ-00022177;;;;;;
ЦБ-00022439;;;;;;
ЦБ-00017192;;;;;;
ЦБ-00027797;;;;;;
ЦБ-00027799;;;;;;
ЦБ-00136319;;;;;;
ЦБ-00160236;;;;;;
РТ-00002287;;;;;;
ЦБ-00136318;;;;;;
ЦБ-00122701;;;;;;
ЦБ-00032327;;;;;;
ЦБ-00005849;;;;;;
ЦБ-00005851;;;;;;
ЦБ-00020363;;;;;;
ЦБ-00005853;;;;;;
ЦБ-00036178;;;;;;
ЦБ-00005855;;;;;;
ЦБ-00005857;;;;;;
ЦБ-00017727;;;;;;
РТ-00008793;;;;;;
РТ-00001576;;;;;;
ЦБ-00015603;;;;;;
ЦБ-00030949;;;;;;
ЦБ-00030951;;;;;;
ЦБ-00030950;;;;;;
ЦБ-00016032;;;;;;
ЦБ-00022090;;;;;;
ЦБ-00024038;;;;;;
ЦБ-00026010;;;;;;
ЦБ-00005917;;;;;;
ЦБ-00017070;;;;;;
ЦБ-00016235;;;;;;
ЦБ-00016233;;;;;;
ЦБ-00015064;;;;;;
ЦБ-00117067;;;;;;
ЦБ-00005893;;;;;;
ЦБ-00005902;;;;;;
ЦБ-00005906;;;;;;
ЦБ-00005921;;;;;;
ЦБ-00170006;;;;;;
ЦБ-00170033;;;;;;
ЦБ-00172089;;;;;;
ЦБ-00170389;;;;;;
ЦБ-00170136;;;;;;
ЦБ-00169713;;;;;;
ЦБ-00180549;;;;;;
ЦБ-00170653;;;;;;
ЦБ-00170633;;;;;;
ЦБ-00175883;;;;;;
ЦБ-00175985;;;;;;
ЦБ-00177525;;;;;;
ЦБ-00169371;;;;;;
РТ-00005117;;;;;;
РТ-00003467;;;;;;
ЦБ-00161983;;;;;;
ЦБ-00161938;;;;;;
ЦБ-00161982;;;;;;
ЦБ-00156262;;;;;;
ЦБ-00035485;;;;;;
ЦБ-00035486;;;;;;
ЦБ-00195124;;;;;;
ЦБ-00145750;;;;;;
ЦБ-00165891;;;;;;
ЦБ-00165889;;;;;;
ЦБ-00178415;;;;;;
ЦБ-00165892;;;;;;
ЦБ-00165888;;;;;;
ЦБ-00165887;;;;;;
ЦБ-00165886;;;;;;
ЦБ-00147723;;;;;;
ЦБ-00000659;;;;;;
ЦБ-00000660;;;;;;
ЦБ-00021493;;;;;;
ЦБ-00024535;;;;;;
ЦБ-00006008;;;;;;
ЦБ-00000665;;;;;;
ЦБ-00000666;;;;;;
ЦБ-00006023;;;;;;
ЦБ-00025785;;;;;;
ЦБ-00006025;;;;;;
ЦБ-00162704;;;;;;
ЦБ-00178785;;;;;;
ЦБ-00162321;;;;;;
ЦБ-00157727;;;;;;
ЦБ-00162696;;;;;;
ЦБ-00166959;;;;;;
ЦБ-00185914;;;;;;
ЦБ-00184711;;;;;;
ЦБ-00159828;;;;;;
ЦБ-00175999;;;;;;
ЦБ-00186928;;;;;;
ЦБ-00161313;;;;;;
ЦБ-00155240;;;;;;
ЦБ-00158514;;;;;;
ЦБ-00031677;;;;;;
ЦБ-00161759;;;;;;
ЦБ-00186228;;;;;;
ЦБ-00170108;;;;;;
ЦБ-00186779;;;;;;
ЦБ-00183165;;;;;;
ЦБ-00182891;;;;;;
ЦБ-00171119;;;;;;
ЦБ-00166453;;;;;;
ЦБ-00167210;;;;;;
ЦБ-00185897;;;;;;
ЦБ-00188707;;;;;;
ЦБ-00187096;;;;;;
ЦБ-00169615;;;;;;
ЦБ-00171389;;;;;;
ЦБ-00189040;;;;;;
ЦБ-00189507;;;;;;
ЦБ-00174468;;;;;;
ЦБ-00140219;;;;;;
ЦБ-00032105;;;;;;
ЦБ-00037463;;;;;;
ЦБ-00015866;;;;;;
ЦБ-00023370;;;;;;
ЦБ-00006035;;;;;;
РТ-00007892;;;;;;
ЦБ-00006036;;;;;;
ЦБ-00000712;;;;;;
ЦБ-00018302;;;;;;
ЦБ-00165996;;;;;;
ЦБ-00167175;;;;;;
ЦБ-00027283;;;;;;
ЦБ-00180622;;;;;;
РТ-00000312;;;;;;
ЦБ-00180908;;;;;;
ЦБ-00134919;;;;;;
ЦБ-00182258;;;;;;
ЦБ-00173970;;;;;;
ЦБ-00031571;;;;;;
ЦБ-00188756;;;;;;
ЦБ-00180282;;;;;;
ЦБ-00179735;;;;;;
ЦБ-00026646;;;;;;
ЦБ-00146515;;;;;;
ЦБ-00027094;;;;;;
ЦБ-00026647;;;;;;
ЦБ-00026648;;;;;;
ЦБ-00167813;;;;;;
ЦБ-00157695;;;;;;
ЦБ-00018507;;;;;;
ЦБ-00178096;;;;;;
ЦБ-00018508;;;;;;
ЦБ-00006042;;;;;;
ЦБ-00033281;;;;;;
ЦБ-00157738;;;;;;
ЦБ-00033017;;;;;;
ЦБ-00155684;;;;;;
ЦБ-00157190;;;;;;
ЦБ-00025587;;;;;;
ЦБ-00026923;;;;;;
ЦБ-00017673;;;;;;
ЦБ-00017441;;;;;;
ЦБ-00017811;;;;;;
ЦБ-00017765;;;;;;
ЦБ-00036772;;;;;;
ЦБ-00020646;;;;;;
ЦБ-00017674;;;;;;
ЦБ-00017786;;;;;;
ЦБ-00017766;;;;;;
ЦБ-00017444;;;;;;
ЦБ-00017442;;;;;;
ЦБ-00017443;;;;;;
ЦБ-00017759;;;;;;
ЦБ-00017806;;;;;;
ЦБ-00020677;;;;;;
ЦБ-00194713;;;;;;
ЦБ-00194714;;;;;;
ЦБ-00194715;;;;;;
ЦБ-00194716;;;;;;
ЦБ-00194717;;;;;;
ЦБ-00194718;;;;;;
ЦБ-00194719;;;;;;
ЦБ-00194720;;;;;;
ЦБ-00194710;;;;;;
ЦБ-00194711;;;;;;
ЦБ-00194712;;;;;;
ЦБ-00194721;;;;;;
ЦБ-00194741;;;;;;
ЦБ-00194722;;;;;;
ЦБ-00194723;;;;;;
ЦБ-00194724;;;;;;
ЦБ-00194725;;;;;;
ЦБ-00194726;;;;;;
ЦБ-00194744;;;;;;
ЦБ-00145574;;;;;;
ЦБ-00146008;;;;;;
ЦБ-00146062;;;;;;
ЦБ-00146009;;;;;;
ЦБ-00146010;;;;;;
РТ-00013067;;;;;;
ЦБ-00122223;;;;;;
ЦБ-00127181;;;;;;
РТ-00006815;;;;;;
РТ-00008031;;;;;;
РТ-00008032;;;;;;
РТ-00008033;;;;;;
РТ-00008034;;;;;;
РТ-00008035;;;;;;
ЦБ-00193174;;;;;;
ЦБ-00028130;;;;;;
ЦБ-00028131;;;;;;
ЦБ-00166073;;;;;;
ЦБ-00006735;;;;;;
ЦБ-00018459;;;;;;
ЦБ-00006746;;;;;;
ЦБ-00147010;;;;;;
ЦБ-00162900;;;;;;
ЦБ-00157548;;;;;;
ЦБ-00155746;;;;;;
ЦБ-00155747;;;;;;
ЦБ-00156611;;;;;;
ЦБ-00156155;;;;;;
ЦБ-00156156;;;;;;
ЦБ-00156157;;;;;;
ЦБ-00156158;;;;;;
ЦБ-00156159;;;;;;
ЦБ-00120687;;;;;;
ЦБ-00025325;;;;;;
ЦБ-00025331;;;;;;
ЦБ-00025334;;;;;;
ЦБ-00177522;;;;;;
ЦБ-00191940;;;;;;
ЦБ-00188115;;;;;;
ЦБ-00194948;;;;;;
ЦБ-00179059;;;;;;
ЦБ-00171680;;;;;;
ЦБ-00171175;;;;;;
ЦБ-00169624;;;;;;
ЦБ-00192310;;;;;;
ЦБ-00025282;;;;;;
ЦБ-00172839;;;;;;
ЦБ-00179563;;;;;;
ЦБ-00180984;;;;;;
ЦБ-00194107;;;;;;
ЦБ-00025485;;;;;;
ЦБ-00025746;;;;;;
ЦБ-00168046;;;;;;
ЦБ-00181101;;;;;;
ЦБ-00170935;;;;;;
ЦБ-00192285;;;;;;
ЦБ-00025486;;;;;;
ЦБ-00180162;;;;;;
ЦБ-00184461;;;;;;
ЦБ-00184053;;;;;;
ЦБ-00180812;;;;;;
ЦБ-00179576;;;;;;
ЦБ-00189642;;;;;;
ЦБ-00184088;;;;;;
ЦБ-00079587;;;;;;
ЦБ-00185783;;;;;;
ЦБ-00168253;;;;;;
ЦБ-00182592;;;;;;
ЦБ-00179285;;;;;;
ЦБ-00179817;;;;;;
ЦБ-00025446;;;;;;
ЦБ-00169443;;;;;;
ЦБ-00152413;;;;;;
ЦБ-00061764;;;;;;
ЦБ-00061763;;;;;;
ЦБ-00061762;;;;;;
ЦБ-00061761;;;;;;
ЦБ-00024189;;;;;;
ЦБ-00147486;;;;;;
ЦБ-00000787;;;;;;
РТ-00007623;;;;;;
ЦБ-00033323;;;;;;
ЦБ-00000788;;;;;;
ЦБ-00172921;;;;;;
ЦБ-00006177;;;;;;
ЦБ-00006191;;;;;;
ЦБ-00006190;;;;;;
ЦБ-00006192;;;;;;
ЦБ-00174011;;;;;;
ЦБ-00162747;;;;;;
ЦБ-00167476;;;;;;
ЦБ-00157565;;;;;;
ЦБ-00187888;;;;;;
ЦБ-00187887;;;;;;
ЦБ-00078481;;;;;;
ЦБ-00149784;;;;;;
ЦБ-00150547;;;;;;
РТ-00002927;;;;;;
ЦБ-00037318;;;;;;
ЦБ-00166386;;;;;;
РТ-00003949;;;;;;
РТ-00006715;;;;;;
РТ-00000766;;;;;;
ЦБ-00146644;;;;;;
ЦБ-00186992;;;;;;
ЦБ-00035935;;;;;;
ЦБ-00162421;;;;;;
ЦБ-00193975;;;;;;
ЦБ-00195152;;;;;;
ЦБ-00123268;;;;;;
ЦБ-00136336;;;;;;
ЦБ-00127805;;;;;;
ЦБ-00136324;;;;;;
ЦБ-00126879;;;;;;
ЦБ-00170634;;;;;;
ЦБ-00159636;;;;;;
ЦБ-00159599;;;;;;
ЦБ-00150131;;;;;;
ЦБ-00151815;;;;;;
ЦБ-00016675;;;;;;
ЦБ-00111155;;;;;;
ЦБ-00085836;;;;;;
ЦБ-00192664;;;;;;
ЦБ-00031684;;;;;;
ЦБ-00108086;;;;;;
17817;;;;;;
ЦБ-00155424;;;;;;
ЦБ-00146711;;;;;;
ЦБ-00146826;;;;;;
ЦБ-00169230;;;;;;
ЦБ-00168216;;;;;;
ЦБ-00168059;;;;;;
ЦБ-00162699;;;;;;
РТ-00012291;;;;;;
РТ-00012288;;;;;;
ЦБ-00161231;;;;;;
РТ-00006871;;;;;;
ЦБ-00000888;;;;;;
РТ-00002288;;;;;;
ЦБ-00000889;;;;;;
ЦБ-00000890;;;;;;
ЦБ-00000891;;;;;;
ЦБ-00000892;;;;;;
ЦБ-00006436;;;;;;
ЦБ-00000893;;;;;;
ЦБ-00000894;;;;;;
ЦБ-00021460;;;;;;
ЦБ-00024322;;;;;;
РТ-00005643;;;;;;
РТ-00005015;;;;;;
РТ-00002387;;;;;;
РТ-00004652;;;;;;
РТ-00005455;;;;;;
РТ-00002388;;;;;;
ЦБ-00022846;;;;;;
ЦБ-00022847;;;;;;
ЦБ-00193507;;;;;;
ЦБ-00173117;;;;;;
РТ-00000120;;;;;;
ЦБ-00040145;;;;;;
ЦБ-00000903;;;;;;
ЦБ-00155892;;;;;;
ЦБ-00035767;;;;;;
РТ-00008373;;;;;;
ЦБ-00035766;;;;;;
ЦБ-00027351;;;;;;
ЦБ-00000906;;;;;;
ЦБ-00025893;;;;;;
ЦБ-00036356;;;;;;
РТ-00009224;;;;;;
ЦБ-00035763;;;;;;
ЦБ-00036944;;;;;;
ЦБ-00037873;;;;;;
ЦБ-00024648;;;;;;
РТ-00005164;;;;;;
ЦБ-00024698;;;;;;
ЦБ-00024699;;;;;;
ЦБ-00024700;;;;;;
ЦБ-00024701;;;;;;
ЦБ-00190698;;;;;;
ЦБ-00023688;;;;;;
ЦБ-00189960;;;;;;
ЦБ-00153117;;;;;;
ЦБ-00021211;;;;;;
ЦБ-00160943;;;;;;
ЦБ-00170542;;;;;;
ЦБ-00181868;;;;;;
ЦБ-00017603;;;;;;
ЦБ-00189078;;;;;;
ЦБ-00012006;;;;;;
ЦБ-00128259;;;;;;
ЦБ-00170543;;;;;;
ЦБ-00128327;;;;;;
ЦБ-00128071;;;;;;
00-00024706;;;;;;
00-00012659;;;;;;
00-00021719;;;;;;
00-00024865;;;;;;
ЦБ-00051739;;;;;;
ЦБ-00050500;;;;;;
ЦБ-00118542;;;;;;
ЦБ-00078852;;;;;;
ЦБ-00036448;;;;;;
ЦБ-00185851;;;;;;
РТ-00002570;;;;;;
ЦБ-00144028;;;;;;
ЦБ-00074454;;;;;;
ЦБ-00038751;;;;;;
ЦБ-00006747;;;;;;
ЦБ-00168296;;;;;;
ЦБ-00025895;;;;;;
РТ-00003082;;;;;;
ЦБ-00194822;;;;;;
ЦБ-00195142;;;;;;
ЦБ-00180214;;;;;;
ЦБ-00190759;;;;;;
ЦБ-00189839;;;;;;
ЦБ-00180813;;;;;;
ЦБ-00187688;;;;;;
ЦБ-00177231;;;;;;
ЦБ-00181620;;;;;;
ЦБ-00127403;;;;;;
ЦБ-00119484;;;;;;
ЦБ-00123054;;;;;;
ЦБ-00119585;;;;;;
ЦБ-00126898;;;;;;
ЦБ-00120473;;;;;;
ЦБ-00123510;;;;;;
ЦБ-00122524;;;;;;
ЦБ-00121960;;;;;;
ЦБ-00164820;;;;;;
ЦБ-00160922;;;;;;
ЦБ-00142984;;;;;;
ЦБ-00146145;;;;;;
ЦБ-00165327;;;;;;
ЦБ-00129643;;;;;;
ЦБ-00124086;;;;;;
ЦБ-00142940;;;;;;
РТ-00014041;;;;;;
ЦБ-00170365;;;;;;
ЦБ-00037704;;;;;;
ЦБ-00037703;;;;;;
ЦБ-00170490;;;;;;
ЦБ-00070101;;;;;;
ЦБ-00070102;;;;;;
РТ-00005652;;;;;;
ЦБ-00146560;;;;;;
ЦБ-00142137;;;;;;
ЦБ-00142983;;;;;;
ЦБ-00148845;;;;;;
ЦБ-00127209;;;;;;
ЦБ-00158955;;;;;;
ЦБ-00023062;;;;;;
ЦБ-00158954;;;;;;
ЦБ-00123067;;;;;;
ЦБ-00157813;;;;;;
РТ-00012804;;;;;;
ЦБ-00145139;;;;;;
ЦБ-00165289;;;;;;
ЦБ-00162706;;;;;;
ЦБ-00173293;;;;;;
ЦБ-00178020;;;;;;
ЦБ-00173411;;;;;;
ЦБ-00180030;;;;;;
ЦБ-00177956;;;;;;
ЦБ-00171326;;;;;;
ЦБ-00155410;;;;;;
ЦБ-00155818;;;;;;
ЦБ-00117929;;;;;;
РТ-00014403;;;;;;
ЦБ-00140687;;;;;;
ЦБ-00131722;;;;;;
ЦБ-00129751;;;;;;
ЦБ-00120629;;;;;;
ЦБ-00120927;;;;;;
ЦБ-00181605;;;;;;
ЦБ-00163117;;;;;;
ЦБ-00155730;;;;;;
ЦБ-00165043;;;;;;
ЦБ-00180109;;;;;;
ЦБ-00156471;;;;;;
ЦБ-00160463;;;;;;
ЦБ-00165572;;;;;;
ЦБ-00165522;;;;;;
ЦБ-00182419;;;;;;
ЦБ-00150469;;;;;;
ЦБ-00160533;;;;;;
ЦБ-00163580;;;;;;
ЦБ-00191463;;;;;;
ЦБ-00181062;;;;;;
ЦБ-00158241;;;;;;
ЦБ-00166352;;;;;;
ЦБ-00153779;;;;;;
ЦБ-00151289;;;;;;
РТ-00014029;;;;;;
ЦБ-00180454;;;;;;
ЦБ-00168444;;;;;;
ЦБ-00179265;;;;;;
ЦБ-00152668;;;;;;
ЦБ-00117912;;;;;;
ЦБ-00122320;;;;;;
ЦБ-00146772;;;;;;
ЦБ-00140730;;;;;;
ЦБ-00154537;;;;;;
ЦБ-00151568;;;;;;
ЦБ-00158738;;;;;;
РТ-00013066;;;;;;
РТ-00013065;;;;;;
ЦБ-00149158;;;;;;
ЦБ-00161536;;;;;;
ЦБ-00117589;;;;;;
РТ-00013319;;;;;;
ЦБ-00161667;;;;;;
РТ-00013516;;;;;;
ЦБ-00134716;;;;;;
ЦБ-00133859;;;;;;
ЦБ-00134812;;;;;;
ЦБ-00174186;;;;;;
ЦБ-00134938;;;;;;
ЦБ-00155010;;;;;;
РТ-00014943;;;;;;
ЦБ-00141243;;;;;;
РТ-00013016;;;;;;
ЦБ-00165732;;;;;;
ЦБ-00165829;;;;;;
ЦБ-00122872;;;;;;
ЦБ-00189279;;;;;;
ЦБ-00188314;;;;;;
ЦБ-00165954;;;;;;
ЦБ-00155011;;;;;;
ЦБ-00194419;;;;;;
ЦБ-00194335;;;;;;
ЦБ-00120964;;;;;;
ЦБ-00139260;;;;;;
ЦБ-00139192;;;;;;
ЦБ-00130861;;;;;;
ЦБ-00131090;;;;;;
ЦБ-00139332;;;;;;
ЦБ-00135490;;;;;;
ЦБ-00164756;;;;;;
ЦБ-00156113;;;;;;
ЦБ-00173103;;;;;;
ЦБ-00000945;;;;;;
ЦБ-00038922;;;;;;
ЦБ-00124225;;;;;;
ЦБ-00184612;;;;;;
ЦБ-00150562;;;;;;
ЦБ-00151372;;;;;;
ЦБ-00142534;;;;;;
ЦБ-00151324;;;;;;
ЦБ-00121646;;;;;;
ЦБ-00187007;;;;;;
ЦБ-00161334;;;;;;
ЦБ-00162657;;;;;;
ЦБ-00184998;;;;;;
ЦБ-00162007;;;;;;
ЦБ-00193241;;;;;;
ЦБ-00188325;;;;;;
ЦБ-00160419;;;;;;
ЦБ-00173029;;;;;;
ЦБ-00173195;;;;;;
ЦБ-00038614;;;;;;
ЦБ-00154538;;;;;;
ЦБ-00026754;;;;;;
ЦБ-00122242;;;;;;
ЦБ-00128049;;;;;;
ЦБ-00147030;;;;;;
ЦБ-00171746;;;;;;
ЦБ-00142867;;;;;;
ЦБ-00148959;;;;;;
ЦБ-00167480;;;;;;
ЦБ-00165252;;;;;;
ЦБ-00165094;;;;;;
ЦБ-00164768;;;;;;
ЦБ-00163121;;;;;;
ЦБ-00184150;;;;;;
ЦБ-00162816;;;;;;
ЦБ-00163120;;;;;;
ЦБ-00162379;;;;;;
ЦБ-00179312;;;;;;
ЦБ-00157973;;;;;;
ЦБ-00153393;;;;;;
ЦБ-00181471;;;;;;
ЦБ-00169552;;;;;;
ЦБ-00156482;;;;;;
ЦБ-00117356;;;;;;
ЦБ-00194073;;;;;;
ЦБ-00147377;;;;;;
ЦБ-00181817;;;;;;
ЦБ-00175378;;;;;;
ЦБ-00171369;;;;;;
ЦБ-00170445;;;;;;
РТ-00007391;;;;;;
ЦБ-00160443;;;;;;
ЦБ-00155006;;;;;;
ЦБ-00165523;;;;;;
ЦБ-00182858;;;;;;
ЦБ-00193537;;;;;;
ЦБ-00143370;;;;;;
ЦБ-00132544;;;;;;
ЦБ-00030601;;;;;;
ЦБ-00143927;;;;;;
ЦБ-00144030;;;;;;
ЦБ-00159718;;;;;;
ЦБ-00153625;;;;;;
ЦБ-00149127;;;;;;
ЦБ-00150223;;;;;;
ЦБ-00148036;;;;;;
ЦБ-00172455;;;;;;
ЦБ-00006485;;;;;;
ЦБ-00162008;;;;;;
ЦБ-00151957;;;;;;
ЦБ-00151665;;;;;;
ЦБ-00127450;;;;;;
РТ-00009862;;;;;;
РТ-00009836;;;;;;
ЦБ-00025445;;;;;;
РТ-00009835;;;;;;
ЦБ-00025231;;;;;;
ЦБ-00025232;;;;;;
ЦБ-00025233;;;;;;
РТ-00009864;;;;;;
РТ-00009863;;;;;;
ЦБ-00127994;;;;;;
РТ-00003956;;;;;;
РТ-00003501;;;;;;
ЦБ-00147797;;;;;;
ЦБ-00142208;;;;;;
ЦБ-00183030;;;;;;
ЦБ-00141986;;;;;;
ЦБ-00154256;;;;;;
ЦБ-00149037;;;;;;
ЦБ-00149832;;;;;;
ЦБ-00191893;;;;;;
ЦБ-00148989;;;;;;
ЦБ-00191810;;;;;;
ЦБ-00000943;;;;;;
ЦБ-00000944;;;;;;
ЦБ-00148035;;;;;;
ЦБ-00180509;;;;;;
ЦБ-00016257;;;;;;
РТ-00012759;;;;;;
РТ-00003428;;;;;;
ЦБ-00040050;;;;;;
ЦБ-00177974;;;;;;
РТ-00004850;;;;;;
ЦБ-00147818;;;;;;
ЦБ-00149739;;;;;;
РТ-00011343;;;;;;
РТ-00009279;;;;;;
ЦБ-00135553;;;;;;
ЦБ-00187903;;;;;;
ЦБ-00174764;;;;;;
ЦБ-00171997;;;;;;
ЦБ-00148791;;;;;;
ЦБ-00145753;;;;;;
ЦБ-00143371;;;;;;
ЦБ-00145422;;;;;;
ЦБ-00149166;;;;;;
ЦБ-00157780;;;;;;
ЦБ-00161819;;;;;;
ЦБ-00193098;;;;;;
ЦБ-00193780;;;;;;
ЦБ-00194653;;;;;;
ЦБ-00142272;;;;;;
ЦБ-00017032;;;;;;
ЦБ-00177982;;;;;;
РТ-00004884;;;;;;
ЦБ-00176821;;;;;;
ЦБ-00163126;;;;;;
ЦБ-00174992;;;;;;
ЦБ-00123598;;;;;;
ЦБ-00162064;;;;;;
ЦБ-00192738;;;;;;
ЦБ-00120570;;;;;;
ЦБ-00167121;;;;;;
РТ-00009044;;;;;;
ЦБ-00171195;;;;;;
ЦБ-00146525;;;;;;
ЦБ-00161091;;;;;;
ЦБ-00172681;;;;;;
ЦБ-00172178;;;;;;
ЦБ-00039348;;;;;;
ЦБ-00167363;;;;;;
ЦБ-00160436;;;;;;
ЦБ-00163190;;;;;;
ЦБ-00160984;;;;;;
ЦБ-00191524;;;;;;
РТ-00000870;;;;;;
ЦБ-00165290;;;;;;
ЦБ-00185452;;;;;;
ЦБ-00118742;;;;;;
РТ-00002042;;;;;;
ЦБ-00175819;;;;;;
РТ-00000619;;;;;;
ЦБ-00122904;;;;;;
ЦБ-00186264;;;;;;
ЦБ-00121561;;;;;;
РТ-00003948;;;;;;
ЦБ-00171252;;;;;;
ЦБ-00168721;;;;;;
ЦБ-00168486;;;;;;
ЦБ-00163343;;;;;;
ЦБ-00171717;;;;;;
ЦБ-00123068;;;;;;
ЦБ-00162473;;;;;;
ЦБ-00172508;;;;;;
ЦБ-00123856;;;;;;
ЦБ-00169691;;;;;;
ЦБ-00152841;;;;;;
ЦБ-00160923;;;;;;
ЦБ-00176753;;;;;;
ЦБ-00175413;;;;;;
ЦБ-00175414;;;;;;
ЦБ-00157569;;;;;;
ЦБ-00123380;;;;;;
ЦБ-00194074;;;;;;
ЦБ-00189307;;;;;;
ЦБ-00146623;;;;;;
ЦБ-00131737;;;;;;
ЦБ-00126870;;;;;;
ЦБ-00123926;;;;;;
ЦБ-00124582;;;;;;
ЦБ-00124223;;;;;;
ЦБ-00164917;;;;;;
ЦБ-00164648;;;;;;
ЦБ-00150964;;;;;;
ЦБ-00150704;;;;;;
ЦБ-00149787;;;;;;
ЦБ-00164015;;;;;;
ЦБ-00153339;;;;;;
ЦБ-00153460;;;;;;
ЦБ-00149672;;;;;;
ЦБ-00160220;;;;;;
ЦБ-00119433;;;;;;
ЦБ-00151389;;;;;;
ЦБ-00148146;;;;;;
ЦБ-00148087;;;;;;
ЦБ-00174828;;;;;;
ЦБ-00165454;;;;;;
ЦБ-00127024;;;;;;
РТ-00013386;;;;;;
ЦБ-00123529;;;;;;
ЦБ-00183577;;;;;;
ЦБ-00168877;;;;;;
ЦБ-00166250;;;;;;
ЦБ-00171612;;;;;;
РТ-00012817;;;;;;
ЦБ-00000954;;;;;;
ЦБ-00170477;;;;;;
ЦБ-00145713;;;;;;
ЦБ-00173734;;;;;;
ЦБ-00147355;;;;;;
ЦБ-00147356;;;;;;
ЦБ-00157911;;;;;;
ЦБ-00170414;;;;;;
ЦБ-00169625;;;;;;
ЦБ-00167855;;;;;;
ЦБ-00168543;;;;;;
ЦБ-00156478;;;;;;
ЦБ-00161232;;;;;;
ЦБ-00168200;;;;;;
ЦБ-00165944;;;;;;
ЦБ-00155680;;;;;;
ЦБ-00000956;;;;;;
ЦБ-00158797;;;;;;
ЦБ-00158800;;;;;;
ЦБ-00158792;;;;;;
ЦБ-00158794;;;;;;
ЦБ-00160022;;;;;;
ЦБ-00155850;;;;;;
ЦБ-00006511;;;;;;
ЦБ-00006512;;;;;;
ЦБ-00173606;;;;;;
ЦБ-00158801;;;;;;
ЦБ-00158802;;;;;;
РТ-00007243;;;;;;
ЦБ-00000969;;;;;;
ЦБ-00000973;;;;;;
ЦБ-00000972;;;;;;
РТ-00005541;;;;;;
РТ-00005542;;;;;;
РТ-00007936;;;;;;
ЦБ-00000979;;;;;;
ЦБ-00000978;;;;;;
ЦБ-00006514;;;;;;
ЦБ-00000986;;;;;;
ЦБ-00000987;;;;;;
ЦБ-00000988;;;;;;
ЦБ-00154214;;;;;;
ЦБ-00155851;;;;;;
ЦБ-00139718;;;;;;
ЦБ-00171210;;;;;;
ЦБ-00169796;;;;;;
ЦБ-00156950;;;;;;
ЦБ-00020072;;;;;;
ЦБ-00176940;;;;;;
ЦБ-00178291;;;;;;
ЦБ-00166942;;;;;;
РТ-00013160;;;;;;
ЦБ-00150138;;;;;;
ЦБ-00149262;;;;;;
ЦБ-00015500;;;;;;
ЦБ-00165133;;;;;;
ЦБ-00192737;;;;;;
ЦБ-00148936;;;;;;
ЦБ-00134395;;;;;;
ЦБ-00179389;;;;;;
ЦБ-00175500;;;;;;
ЦБ-00170203;;;;;;
ЦБ-00031049;;;;;;
ЦБ-00031048;;;;;;
ЦБ-00027563;;;;;;
ЦБ-00027486;;;;;;
ЦБ-00027562;;;;;;
ЦБ-00035408;;;;;;
ЦБ-00036926;;;;;;
ЦБ-00031330;;;;;;
РТ-00005583;;;;;;
ЦБ-00129041;;;;;;
ЦБ-00136788;;;;;;
ЦБ-00037811;;;;;;
ЦБ-00001000;;;;;;
ЦБ-00001001;;;;;;
ЦБ-00001002;;;;;;
ЦБ-00001003;;;;;;
ЦБ-00032785;;;;;;
РТ-00001110;;;;;;
РТ-00001218;;;;;;
РТ-00000359;;;;;;
РТ-00011660;;;;;;
ЦБ-00040314;;;;;;
ЦБ-00001004;;;;;;
ЦБ-00001005;;;;;;
ЦБ-00001006;;;;;;
ЦБ-00001008;;;;;;
ЦБ-00001009;;;;;;
ЦБ-00030000;;;;;;
ЦБ-00030361;;;;;;
ЦБ-00131945;;;;;;
ЦБ-00039610;;;;;;
ЦБ-00021682;;;;;;
ЦБ-00029497;;;;;;
ЦБ-00001010;;;;;;
ЦБ-00000999;;;;;;
ЦБ-00040194;;;;;;
ЦБ-00015242;;;;;;
РТ-00003398;;;;;;
ЦБ-00015243;;;;;;
ЦБ-00030360;;;;;;
ЦБ-00016680;;;;;;
ЦБ-00148088;;;;;;
ЦБ-00126919;;;;;;
ЦБ-00124707;;;;;;
ЦБ-00001007;;;;;;
ЦБ-00173354;;;;;;
ЦБ-00179894;;;;;;
ЦБ-00175791;;;;;;
ЦБ-00168548;;;;;;
ЦБ-00132965;;;;;;
ЦБ-00029643;;;;;;
ЦБ-00152886;;;;;;
ЦБ-00122506;;;;;;
ЦБ-00045577;;;;;;
ЦБ-00035413;;;;;;
ЦБ-00035414;;;;;;
ЦБ-00035409;;;;;;
ЦБ-00035762;;;;;;
РТ-00007050;;;;;;
РТ-00006546;;;;;;
ЦБ-00031050;;;;;;
ЦБ-00152669;;;;;;
РТ-00006547;;;;;;
ЦБ-00038404;;;;;;
ЦБ-00038405;;;;;;
ЦБ-00031051;;;;;;
РТ-00006544;;;;;;
РТ-00006540;;;;;;
РТ-00006542;;;;;;
РТ-00008737;;;;;;
РТ-00008736;;;;;;
РТ-00006545;;;;;;
РТ-00006541;;;;;;
РТ-00006543;;;;;;
ЦБ-00025343;;;;;;
ЦБ-00192777;;;;;;
РТ-00007272;;;;;;
РТ-00007049;;;;;;
ЦБ-00025342;;;;;;
ЦБ-00032385;;;;;;
ЦБ-00032782;;;;;;
ЦБ-00032386;;;;;;
ЦБ-00037699;;;;;;
ЦБ-00037700;;;;;;
ЦБ-00037690;;;;;;
ЦБ-00037691;;;;;;
ЦБ-00037692;;;;;;
ЦБ-00037701;;;;;;
ЦБ-00006739;;;;;;
ЦБ-00116858;;;;;;
ЦБ-00037702;;;;;;
ЦБ-00037693;;;;;;
ЦБ-00037694;;;;;;
ЦБ-00037695;;;;;;
ЦБ-00037696;;;;;;
ЦБ-00037709;;;;;;
ЦБ-00006741;;;;;;
ЦБ-00006742;;;;;;
ЦБ-00006738;;;;;;
ЦБ-00037705;;;;;;
ЦБ-00037706;;;;;;
ЦБ-00037707;;;;;;
ЦБ-00037708;;;;;;
ЦБ-00035960;;;;;;
ЦБ-00037697;;;;;;
ЦБ-00037698;;;;;;
ЦБ-00119552;;;;;;
ЦБ-00116609;;;;;;
РТ-00011384;;;;;;
РТ-00013681;;;;;;
ЦБ-00116893;;;;;;
ЦБ-00006744;;;;;;
ЦБ-00006745;;;;;;
РТ-00014615;;;;;;
ЦБ-00019894;;;;;;
ЦБ-00037682;;;;;;
ЦБ-00037683;;;;;;
ЦБ-00037685;;;;;;
ЦБ-00037684;;;;;;
ЦБ-00037686;;;;;;
ЦБ-00192779;;;;;;
ЦБ-00006749;;;;;;
ЦБ-00030362;;;;;;
ЦБ-00006751;;;;;;
ЦБ-00023426;;;;;;
ЦБ-00006754;;;;;;
ЦБ-00006755;;;;;;
ЦБ-00006756;;;;;;
ЦБ-00030363;;;;;;
ЦБ-00006760;;;;;;
ЦБ-00006761;;;;;;
ЦБ-00006763;;;;;;
ЦБ-00006764;;;;;;
ЦБ-00006767;;;;;;
ЦБ-00006768;;;;;;
ЦБ-00006770;;;;;;
ЦБ-00006771;;;;;;
ЦБ-00034538;;;;;;
ЦБ-00006774;;;;;;
ЦБ-00006775;;;;;;
ЦБ-00006777;;;;;;
ЦБ-00031167;;;;;;
ЦБ-00034537;;;;;;
ЦБ-00036649;;;;;;
ЦБ-00117323;;;;;;
РТ-00000434;;;;;;
ЦБ-00006758;;;;;;
ЦБ-00006757;;;;;;
ЦБ-00031588;;;;;;
РТ-00007273;;;;;;
РТ-00014204;;;;;;
ЦБ-00031166;;;;;;
РТ-00001990;;;;;;
РТ-00004012;;;;;;
ЦБ-00122088;;;;;;
ЦБ-00034426;;;;;;
ЦБ-00006762;;;;;;
ЦБ-00006765;;;;;;
ЦБ-00036648;;;;;;
ЦБ-00117325;;;;;;
ЦБ-00146729;;;;;;
РТ-00000435;;;;;;
ЦБ-00006769;;;;;;
ЦБ-00031589;;;;;;
РТ-00007271;;;;;;
РТ-00014428;;;;;;
РТ-00010801;;;;;;
ЦБ-00006776;;;;;;
ЦБ-00031165;;;;;;
ЦБ-00116281;;;;;;
ЦБ-00034427;;;;;;
ЦБ-00035958;;;;;;
ЦБ-00006748;;;;;;
ЦБ-00036492;;;;;;
ЦБ-00036867;;;;;;
ЦБ-00006759;;;;;;
ЦБ-00037933;;;;;;
ЦБ-00038396;;;;;;
ЦБ-00038423;;;;;;
ЦБ-00006772;;;;;;
ЦБ-00006773;;;;;;
ЦБ-00036169;;;;;;
РТ-00011454;;;;;;
РТ-00011455;;;;;;
ЦБ-00035937;;;;;;
РТ-00002337;;;;;;
ЦБ-00119575;;;;;;
РТ-00013077;;;;;;
РТ-00010832;;;;;;
РТ-00010808;;;;;;
ЦБ-00149540;;;;;;
ЦБ-00006778;;;;;;
ЦБ-00034899;;;;;;
ЦБ-00034134;;;;;;
ЦБ-00032112;;;;;;
ЦБ-00029655;;;;;;
ЦБ-00016197;;;;;;
ЦБ-00016196;;;;;;
ЦБ-00017187;;;;;;
ЦБ-00171964;;;;;;
РТ-00014611;;;;;;
РТ-00014612;;;;;;
ЦБ-00022538;;;;;;
ЦБ-00032388;;;;;;
РТ-00014613;;;;;;
РТ-00014614;;;;;;
ЦБ-00006779;;;;;;
ЦБ-00015070;;;;;;
ЦБ-00006780;;;;;;
РТ-00002336;;;;;;
РТ-00005841;;;;;;
ЦБ-00033331;;;;;;
ЦБ-00006782;;;;;;
ЦБ-00006784;;;;;;
ЦБ-00006785;;;;;;
ЦБ-00015071;;;;;;
РТ-00014342;;;;;;
ЦБ-00006787;;;;;;
ЦБ-00006786;;;;;;
РТ-00007387;;;;;;
ЦБ-00028386;;;;;;
ЦБ-00033556;;;;;;
ЦБ-00038551;;;;;;
ЦБ-00036063;;;;;;
ЦБ-00036062;;;;;;
ЦБ-00032862;;;;;;
ЦБ-00032380;;;;;;
ЦБ-00032383;;;;;;
ЦБ-00032867;;;;;;
ЦБ-00032381;;;;;;
ЦБ-00032861;;;;;;
ЦБ-00032382;;;;;;
ЦБ-00032868;;;;;;
ЦБ-00032384;;;;;;
ЦБ-00016217;;;;;;
ЦБ-00006788;;;;;;
ЦБ-00010009;;;;;;
ЦБ-00016243;;;;;;
ЦБ-00037259;;;;;;
ЦБ-00031424;;;;;;
ЦБ-00006789;;;;;;
ЦБ-00006790;;;;;;
ЦБ-00038958;;;;;;
ЦБ-00006792;;;;;;
РТ-00002351;;;;;;
ЦБ-00006793;;;;;;
ЦБ-00006794;;;;;;
ЦБ-00006795;;;;;;
РТ-00000655;;;;;;
РТ-00000820;;;;;;
ЦБ-00038221;;;;;;
РТ-00014616;;;;;;
ЦБ-00006791;;;;;;
ЦБ-00122217;;;;;;
РТ-00014617;;;;;;
РТ-00014618;;;;;;
ЦБ-00120836;;;;;;
ЦБ-00035164;;;;;;
ЦБ-00032389;;;;;;
ЦБ-00032387;;;;;;
ЦБ-00192778;;;;;;
ЦБ-00006797;;;;;;
ЦБ-00006798;;;;;;
ЦБ-00006799;;;;;;
ЦБ-00006801;;;;;;
ЦБ-00006800;;;;;;
ЦБ-00006803;;;;;;
ЦБ-00006802;;;;;;
ЦБ-00006804;;;;;;
РТ-00014000;;;;;;
РТ-00014001;;;;;;
РТ-00011024;;;;;;
ЦБ-00192780;;;;;;
ЦБ-00006809;;;;;;
ЦБ-00006810;;;;;;
ЦБ-00006812;;;;;;
ЦБ-00006813;;;;;;
ЦБ-00037687;;;;;;
ЦБ-00037688;;;;;;
ЦБ-00037689;;;;;;
ЦБ-00006783;;;;;;
ЦБ-00040522;;;;;;
ЦБ-00006814;;;;;;
ЦБ-00117012;;;;;;
ЦБ-00006815;;;;;;
ЦБ-00006816;;;;;;
ЦБ-00006817;;;;;;
ЦБ-00033467;;;;;;
ЦБ-00015072;;;;;;
ЦБ-00031302;;;;;;
ЦБ-00015073;;;;;;
ЦБ-00006818;;;;;;
РТ-00012866;;;;;;
РТ-00012867;;;;;;
РТ-00014341;;;;;;
ЦБ-00035411;;;;;;
ЦБ-00035412;;;;;;
ЦБ-00027564;;;;;;
ЦБ-00027565;;;;;;
ЦБ-00027566;;;;;;
ЦБ-00027569;;;;;;
ЦБ-00027572;;;;;;
ЦБ-00027570;;;;;;
ЦБ-00027571;;;;;;
ЦБ-00027567;;;;;;
ЦБ-00027568;;;;;;
ЦБ-00034894;;;;;;
ЦБ-00006819;;;;;;
ЦБ-00006820;;;;;;
ЦБ-00119788;;;;;;
ЦБ-00028387;;;;;;
РТ-00002125;;;;;;
РТ-00002352;;;;;;
ЦБ-00147063;;;;;;
ЦБ-00031476;;;;;;
ЦБ-00031477;;;;;;
РТ-00006424;;;;;;
РТ-00012084;;;;;;
РТ-00011441;;;;;;
РТ-00011439;;;;;;
РТ-00011440;;;;;;
РТ-00006032;;;;;;
РТ-00006033;;;;;;
ЦБ-00151663;;;;;;
ЦБ-00119789;;;;;;
ЦБ-00040154;;;;;;
ЦБ-00040153;;;;;;
ЦБ-00177142;;;;;;
ЦБ-00038962;;;;;;
РТ-00011023;;;;;;
РТ-00001212;;;;;;
ЦБ-00040156;;;;;;
ЦБ-00040437;;;;;;
РТ-00001794;;;;;;
РТ-00013571;;;;;;
ЦБ-00034470;;;;;;
РТ-00012865;;;;;;
ЦБ-00006796;;;;;;
РТ-00009397;;;;;;
РТ-00001874;;;;;;
РТ-00011181;;;;;;
ЦБ-00006806;;;;;;
РТ-00001229;;;;;;
РТ-00013734;;;;;;
РТ-00006031;;;;;;
РТ-00005864;;;;;;
РТ-00005128;;;;;;
ЦБ-00128297;;;;;;
ЦБ-00021091;;;;;;
РТ-00004546;;;;;;
РТ-00004689;;;;;;
ЦБ-00153002;;;;;;
ЦБ-00153220;;;;;;
ЦБ-00153188;;;;;;
ЦБ-00135094;;;;;;
ЦБ-00135093;;;;;;
ЦБ-00135092;;;;;;
ЦБ-00193106;;;;;;
ЦБ-00040192;;;;;;
ЦБ-00108087;;;;;;
РТ-00005649;;;;;;
ЦБ-00095907;;;;;;
ЦБ-00167178;;;;;;
ЦБ-00153533;;;;;;
ЦБ-00154167;;;;;;
ЦБ-00106707;;;;;;
ЦБ-00106706;;;;;;
ЦБ-00106711;;;;;;
ЦБ-00192421;;;;;;
ЦБ-00194607;;;;;;
ЦБ-00193592;;;;;;
ЦБ-00190281;;;;;;
ЦБ-00186591;;;;;;
ЦБ-00186682;;;;;;
ЦБ-00191555;;;;;;
ЦБ-00191227;;;;;;
ЦБ-00191827;;;;;;
ЦБ-00191228;;;;;;
ЦБ-00187416;;;;;;
ЦБ-00124350;;;;;;
ЦБ-00129483;;;;;;
ЦБ-00134718;;;;;;
ЦБ-00165042;;;;;;
ЦБ-00168919;;;;;;
ЦБ-00125462;;;;;;
ЦБ-00168494;;;;;;
ЦБ-00124252;;;;;;
РТ-00007736;;;;;;
ЦБ-00122706;;;;;;
ЦБ-00121178;;;;;;
ЦБ-00170090;;;;;;
ЦБ-00037533;;;;;;
ЦБ-00123858;;;;;;
ЦБ-00001023;;;;;;
ЦБ-00006848;;;;;;
ЦБ-00023205;;;;;;
ЦБ-00020899;;;;;;
ЦБ-00020898;;;;;;
ЦБ-00165449;;;;;;
ЦБ-00040564;;;;;;
ЦБ-00165989;;;;;;
ЦБ-00165590;;;;;;
ЦБ-00036246;;;;;;
ЦБ-00175988;;;;;;
ЦБ-00187966;;;;;;
ЦБ-00187965;;;;;;
ЦБ-00188543;;;;;;
ЦБ-00122781;;;;;;
РТ-00007763;;;;;;
ЦБ-00037267;;;;;;
РТ-00007765;;;;;;
ЦБ-00037268;;;;;;
ЦБ-00175585;;;;;;
ЦБ-00037271;;;;;;
ЦБ-00037272;;;;;;
РТ-00007764;;;;;;
ЦБ-00037266;;;;;;
РТ-00007766;;;;;;
ЦБ-00037269;;;;;;
ЦБ-00175584;;;;;;
ЦБ-00037270;;;;;;
ЦБ-00037273;;;;;;
ЦБ-00159591;;;;;;
ЦБ-00001079;;;;;;
ЦБ-00001080;;;;;;
ЦБ-00030002;;;;;;
ЦБ-00028428;;;;;;
ЦБ-00172683;;;;;;
ЦБ-00001083;;;;;;
ЦБ-00001084;;;;;;
ЦБ-00001085;;;;;;
ЦБ-00001086;;;;;;
ЦБ-00001087;;;;;;
ЦБ-00158112;;;;;;
ЦБ-00141254;;;;;;
ЦБ-00001096;;;;;;
ЦБ-00154727;;;;;;
ЦБ-00149129;;;;;;
ЦБ-00027402;;;;;;
ЦБ-00033977;;;;;;
ЦБ-00121961;;;;;;
ЦБ-00017465;;;;;;
ЦБ-00154726;;;;;;
ЦБ-00017668;;;;;;
ЦБ-00028444;;;;;;
ЦБ-00026615;;;;;;
РТ-00002793;;;;;;
РТ-00002289;;;;;;
РТ-00010480;;;;;;
РТ-00013482;;;;;;
РТ-00006156;;;;;;
ЦБ-00179962;;;;;;
РТ-00011498;;;;;;
ЦБ-00017447;;;;;;
РТ-00003137;;;;;;
ЦБ-00028431;;;;;;
ЦБ-00028429;;;;;;
ЦБ-00120062;;;;;;
ЦБ-00149298;;;;;;
ЦБ-00161954;;;;;;
РТ-00009098;;;;;;
РТ-00006454;;;;;;
РТ-00010410;;;;;;
ЦБ-00161286;;;;;;
ЦБ-00148120;;;;;;
РТ-00010383;;;;;;
РТ-00010382;;;;;;
ЦБ-00017474;;;;;;
ЦБ-00033291;;;;;;
ЦБ-00033292;;;;;;
ЦБ-00033293;;;;;;
ЦБ-00015770;;;;;;
ЦБ-00160924;;;;;;
РТ-00008845;;;;;;
РТ-00003229;;;;;;
ЦБ-00015535;;;;;;
РТ-00014871;;;;;;
ЦБ-00167521;;;;;;
ЦБ-00162425;;;;;;
ЦБ-00015771;;;;;;
ЦБ-00015536;;;;;;
ЦБ-00015402;;;;;;
РТ-00011407;;;;;;
РТ-00012244;;;;;;
ЦБ-00120965;;;;;;
ЦБ-00167522;;;;;;
ЦБ-00121051;;;;;;
ЦБ-00150792;;;;;;
РТ-00000074;;;;;;
ЦБ-00034473;;;;;;
ЦБ-00017770;;;;;;
РТ-00005257;;;;;;
РТ-00007451;;;;;;
РТ-00004313;;;;;;
ЦБ-00017907;;;;;;
ЦБ-00027207;;;;;;
РТ-00000516;;;;;;
ЦБ-00169801;;;;;;
ЦБ-00162798;;;;;;
РТ-00000515;;;;;;
РТ-00001473;;;;;;
ЦБ-00159486;;;;;;
ЦБ-00159243;;;;;;
ЦБ-00037200;;;;;;
ЦБ-00006947;;;;;;
ЦБ-00006938;;;;;;
ЦБ-00186740;;;;;;
ЦБ-00017507;;;;;;
ЦБ-00006939;;;;;;
ЦБ-00038848;;;;;;
ЦБ-00006941;;;;;;
ЦБ-00022559;;;;;;
ЦБ-00006942;;;;;;
ЦБ-00006946;;;;;;
ЦБ-00006943;;;;;;
ЦБ-00027404;;;;;;
ЦБ-00006940;;;;;;
ЦБ-00160737;;;;;;
РТ-00004314;;;;;;
ЦБ-00191974;;;;;;
ЦБ-00026579;;;;;;
ЦБ-00145539;;;;;;
ЦБ-00022740;;;;;;
ЦБ-00130988;;;;;;
ЦБ-00163964;;;;;;
ЦБ-00026580;;;;;;
ЦБ-00024350;;;;;;
РТ-00012056;;;;;;
ЦБ-00006948;;;;;;
ЦБ-00141304;;;;;;
ЦБ-00121399;;;;;;
ЦБ-00026581;;;;;;
ЦБ-00155123;;;;;;
ЦБ-00164076;;;;;;
ЦБ-00164077;;;;;;
РТ-00013203;;;;;;
ЦБ-00030607;;;;;;
ЦБ-00127808;;;;;;
РТ-00008889;;;;;;
ЦБ-00166886;;;;;;
ЦБ-00167270;;;;;;
ЦБ-00172063;;;;;;
ЦБ-00172935;;;;;;
ЦБ-00171955;;;;;;
РТ-00006532;;;;;;
РТ-00006533;;;;;;
РТ-00004869;;;;;;
РТ-00005031;;;;;;
РТ-00005027;;;;;;
ЦБ-00135563;;;;;;
РТ-00012830;;;;;;
РТ-00005032;;;;;;
РТ-00005028;;;;;;
РТ-00007670;;;;;;
РТ-00005029;;;;;;
РТ-00005030;;;;;;
ЦБ-00038200;;;;;;
ЦБ-00006950;;;;;;
ЦБ-00006951;;;;;;
ЦБ-00030608;;;;;;
ЦБ-00006953;;;;;;
ЦБ-00006954;;;;;;
ЦБ-00006956;;;;;;
ЦБ-00006955;;;;;;
ЦБ-00006958;;;;;;
ЦБ-00006957;;;;;;
ЦБ-00064311;;;;;;
ЦБ-00182817;;;;;;
ЦБ-00188912;;;;;;
ЦБ-00156955;;;;;;
ЦБ-00169881;;;;;;
ЦБ-00166082;;;;;;
ЦБ-00161446;;;;;;
ЦБ-00164649;;;;;;
ЦБ-00136726;;;;;;
ЦБ-00130866;;;;;;
ЦБ-00022341;;;;;;
ЦБ-00006959;;;;;;
ЦБ-00006960;;;;;;
ЦБ-00035859;;;;;;
ЦБ-00006961;;;;;;
ЦБ-00022192;;;;;;
ЦБ-00023434;;;;;;
ЦБ-00006962;;;;;;
ЦБ-00017219;;;;;;
ЦБ-00151595;;;;;;
ЦБ-00166207;;;;;;
ЦБ-00165733;;;;;;
ЦБ-00021691;;;;;;
ЦБ-00001099;;;;;;
ЦБ-00015025;;;;;;
ЦБ-00152795;;;;;;
РТ-00010529;;;;;;
ЦБ-00034132;;;;;;
ЦБ-00001105;;;;;;
ЦБ-00001106;;;;;;
ЦБ-00001107;;;;;;
ЦБ-00032005;;;;;;
ЦБ-00036696;;;;;;
РТ-00014131;;;;;;
ЦБ-00001103;;;;;;
ЦБ-00001104;;;;;;
ЦБ-00001108;;;;;;
ЦБ-00001109;;;;;;
ЦБ-00001110;;;;;;
РТ-00000726;;;;;;
ЦБ-00006975;;;;;;
ЦБ-00021694;;;;;;
ЦБ-00006978;;;;;;
ЦБ-00006979;;;;;;
ЦБ-00006980;;;;;;
ЦБ-00017034;;;;;;
ЦБ-00017033;;;;;;
ЦБ-00020661;;;;;;
ЦБ-00006981;;;;;;
ЦБ-00017048;;;;;;
ЦБ-00001148;;;;;;
ЦБ-00015722;;;;;;
ЦБ-00001506;;;;;;
ЦБ-00028321;;;;;;
ЦБ-00028322;;;;;;
РТ-00010698;;;;;;
ЦБ-00190914;;;;;;
ЦБ-00135450;;;;;;
ЦБ-00192670;;;;;;
ЦБ-00193067;;;;;;
ЦБ-00191477;;;;;;
ЦБ-00192386;;;;;;
ЦБ-00190915;;;;;;
ЦБ-00138015;;;;;;
ЦБ-00001160;;;;;;
ЦБ-00165392;;;;;;
ЦБ-00001153;;;;;;
ЦБ-00124395;;;;;;
ЦБ-00122591;;;;;;
ЦБ-00168561;;;;;;
ЦБ-00001165;;;;;;
ЦБ-00131160;;;;;;
ЦБ-00001166;;;;;;
РТ-00014434;;;;;;
ЦБ-00006997;;;;;;
ЦБ-00001175;;;;;;
ЦБ-00153828;;;;;;
ЦБ-00001177;;;;;;
ЦБ-00001188;;;;;;
ЦБ-00131787;;;;;;
РТ-00007486;;;;;;
ЦБ-00032863;;;;;;
ЦБ-00032871;;;;;;
ЦБ-00032872;;;;;;
РТ-00010040;;;;;;
ЦБ-00032866;;;;;;
РТ-00006922;;;;;;
РТ-00005139;;;;;;
ЦБ-00040016;;;;;;
ЦБ-00032864;;;;;;
РТ-00002864;;;;;;
РТ-00007169;;;;;;
ЦБ-00032746;;;;;;
ЦБ-00032744;;;;;;
РТ-00007305;;;;;;
ЦБ-00032865;;;;;;
РТ-00013496;;;;;;
РТ-00008116;;;;;;
РТ-00009192;;;;;;
РТ-00012730;;;;;;
РТ-00007823;;;;;;
РТ-00012055;;;;;;
ЦБ-00152705;;;;;;
ЦБ-00157703;;;;;;
ЦБ-00169595;;;;;;
ЦБ-00158155;;;;;;
ЦБ-00169988;;;;;;
ЦБ-00169989;;;;;;
ЦБ-00168862;;;;;;
ЦБ-00191093;;;;;;
ЦБ-00191094;;;;;;
ЦБ-00161984;;;;;;
ЦБ-00194743;;;;;;
ЦБ-00176691;;;;;;
ЦБ-00177394;;;;;;
ЦБ-00182963;;;;;;
ЦБ-00160827;;;;;;
ЦБ-00185239;;;;;;
ЦБ-00184449;;;;;;
ЦБ-00185478;;;;;;
ЦБ-00161180;;;;;;
ЦБ-00192930;;;;;;
ЦБ-00190838;;;;;;
ЦБ-00172369;;;;;;
ЦБ-00177476;;;;;;
ЦБ-00162580;;;;;;
ЦБ-00161570;;;;;;
ЦБ-00161571;;;;;;
ЦБ-00161572;;;;;;
ЦБ-00189811;;;;;;
ЦБ-00162581;;;;;;
ЦБ-00184713;;;;;;
ЦБ-00167806;;;;;;
ЦБ-00180608;;;;;;
ЦБ-00178819;;;;;;
ЦБ-00182964;;;;;;
ЦБ-00168861;;;;;;
ЦБ-00157748;;;;;;
ЦБ-00147497;;;;;;
ЦБ-00168710;;;;;;
ЦБ-00164238;;;;;;
ЦБ-00174325;;;;;;
ЦБ-00192049;;;;;;
ЦБ-00172245;;;;;;
ЦБ-00182201;;;;;;
ЦБ-00182456;;;;;;
ЦБ-00194564;;;;;;
ЦБ-00160896;;;;;;
ЦБ-00193814;;;;;;
ЦБ-00174504;;;;;;
ЦБ-00172082;;;;;;
ЦБ-00184765;;;;;;
ЦБ-00143632;;;;;;
ЦБ-00174923;;;;;;
ЦБ-00162325;;;;;;
ЦБ-00033287;;;;;;
ЦБ-00033056;;;;;;
ЦБ-00031385;;;;;;
ЦБ-00035458;;;;;;
ЦБ-00127460;;;;;;
ЦБ-00001219;;;;;;
ЦБ-00037863;;;;;;
ЦБ-00032006;;;;;;
РТ-00006404;;;;;;
ЦБ-00001230;;;;;;
ЦБ-00001231;;;;;;
ЦБ-00030010;;;;;;
ЦБ-00030612;;;;;;
ЦБ-00030928;;;;;;
РТ-00001612;;;;;;
ЦБ-00027043;;;;;;
ЦБ-00033777;;;;;;
ЦБ-00038919;;;;;;
ЦБ-00029178;;;;;;
ЦБ-00172664;;;;;;
ЦБ-00030008;;;;;;
ЦБ-00160684;;;;;;
РТ-00010813;;;;;;
ЦБ-00031695;;;;;;
ЦБ-00001224;;;;;;
ЦБ-00001234;;;;;;
ЦБ-00027243;;;;;;
ЦБ-00015028;;;;;;
ЦБ-00082207;;;;;;
ЦБ-00169951;;;;;;
ЦБ-00160825;;;;;;
ЦБ-00125490;;;;;;
ЦБ-00001235;;;;;;
ЦБ-00015027;;;;;;
ЦБ-00030006;;;;;;
РТ-00014576;;;;;;
ЦБ-00030007;;;;;;
ЦБ-00150237;;;;;;
ЦБ-00104905;;;;;;
ЦБ-00001225;;;;;;
РТ-00008667;;;;;;
ЦБ-00001229;;;;;;
ЦБ-00021703;;;;;;
ЦБ-00001226;;;;;;
ЦБ-00001236;;;;;;
ЦБ-00030009;;;;;;
ЦБ-00021701;;;;;;
РТ-00006677;;;;;;
ЦБ-00001227;;;;;;
ЦБ-00038567;;;;;;
ЦБ-00165598;;;;;;
ЦБ-00016687;;;;;;
ЦБ-00027147;;;;;;
РТ-00010089;;;;;;
РТ-00002595;;;;;;
ЦБ-00016688;;;;;;
ЦБ-00001228;;;;;;
ЦБ-00021704;;;;;;
ЦБ-00165599;;;;;;
ЦБ-00021702;;;;;;
РТ-00012533;;;;;;
РТ-00008665;;;;;;
РТ-00001659;;;;;;
ЦБ-00021700;;;;;;
ЦБ-00021697;;;;;;
РТ-00012545;;;;;;
РТ-00003715;;;;;;
ЦБ-00035562;;;;;;
РТ-00003919;;;;;;
ЦБ-00104078;;;;;;
ЦБ-00097859;;;;;;
ЦБ-00001220;;;;;;
ЦБ-00001223;;;;;;
ЦБ-00025152;;;;;;
ЦБ-00001221;;;;;;
ЦБ-00001222;;;;;;
ЦБ-00021698;;;;;;
ЦБ-00021699;;;;;;
ЦБ-00108044;;;;;;
ЦБ-00153139;;;;;;
ЦБ-00177393;;;;;;
ЦБ-00189522;;;;;;
ЦБ-00178451;;;;;;
ЦБ-00180379;;;;;;
ЦБ-00179467;;;;;;
ЦБ-00177302;;;;;;
ЦБ-00180570;;;;;;
ЦБ-00180216;;;;;;
ЦБ-00181610;;;;;;
ЦБ-00178157;;;;;;
ЦБ-00176933;;;;;;
ЦБ-00172060;;;;;;
ЦБ-00185930;;;;;;
ЦБ-00178048;;;;;;
ЦБ-00182544;;;;;;
ЦБ-00181849;;;;;;
ЦБ-00159787;;;;;;
ЦБ-00159788;;;;;;
ЦБ-00136746;;;;;;
ЦБ-00173184;;;;;;
ЦБ-00192977;;;;;;
ЦБ-00194341;;;;;;
ЦБ-00168762;;;;;;
ЦБ-00192017;;;;;;
ЦБ-00174242;;;;;;
ЦБ-00154313;;;;;;
ЦБ-00193452;;;;;;
ЦБ-00152019;;;;;;
ЦБ-00161315;;;;;;
ЦБ-00190629;;;;;;
ЦБ-00162960;;;;;;
ЦБ-00153461;;;;;;
ЦБ-00158131;;;;;;
ЦБ-00155639;;;;;;
ЦБ-00167481;;;;;;
ЦБ-00152032;;;;;;
ЦБ-00163736;;;;;;
ЦБ-00166721;;;;;;
ЦБ-00176956;;;;;;
ЦБ-00167841;;;;;;
ЦБ-00169916;;;;;;
ЦБ-00122550;;;;;;
ЦБ-00176273;;;;;;
ЦБ-00175773;;;;;;
ЦБ-00194644;;;;;;
ЦБ-00175937;;;;;;
ЦБ-00164972;;;;;;
ЦБ-00178490;;;;;;
ЦБ-00162294;;;;;;
ЦБ-00155672;;;;;;
ЦБ-00154407;;;;;;
ЦБ-00169933;;;;;;
ЦБ-00171243;;;;;;
ЦБ-00162937;;;;;;
ЦБ-00164619;;;;;;
ЦБ-00166918;;;;;;
ЦБ-00166879;;;;;;
ЦБ-00179666;;;;;;
ЦБ-00163385;;;;;;
ЦБ-00180543;;;;;;
ЦБ-00182005;;;;;;
ЦБ-00154628;;;;;;
ЦБ-00160846;;;;;;
ЦБ-00155865;;;;;;
ЦБ-00179986;;;;;;
ЦБ-00187682;;;;;;
ЦБ-00162838;;;;;;
ЦБ-00158295;;;;;;
ЦБ-00160315;;;;;;
ЦБ-00185575;;;;;;
ЦБ-00136754;;;;;;
ЦБ-00136756;;;;;;
ЦБ-00151905;;;;;;
ЦБ-00153369;;;;;;
ЦБ-00023650;;;;;;
ЦБ-00195190;;;;;;
ЦБ-00194950;;;;;;
ЦБ-00036866;;;;;;
ЦБ-00171553;;;;;;
ЦБ-00070423;;;;;;
ЦБ-00017112;;;;;;
ЦБ-00001287;;;;;;
ЦБ-00007140;;;;;;
ЦБ-00001288;;;;;;
ЦБ-00168686;;;;;;
ЦБ-00160810;;;;;;
ЦБ-00159664;;;;;;
ЦБ-00182221;;;;;;
ЦБ-00173305;;;;;;
ЦБ-00173613;;;;;;
ЦБ-00150301;;;;;;
ЦБ-00190267;;;;;;
РТ-00010616;;;;;;
ЦБ-00026508;;;;;;
ЦБ-00179357;;;;;;
ЦБ-00191229;;;;;;
ЦБ-00150314;;;;;;
РТ-00006407;;;;;;
ЦБ-00120118;;;;;;
ЦБ-00187773;;;;;;
ЦБ-00174906;;;;;;
ЦБ-00001321;;;;;;
ЦБ-00001332;;;;;;
ЦБ-00159131;;;;;;
ЦБ-00176483;;;;;;
ЦБ-00127038;;;;;;
РТ-00010934;;;;;;
ЦБ-00023270;;;;;;
ЦБ-00024993;;;;;;
ЦБ-00122719;;;;;;
ЦБ-00119613;;;;;;
РТ-00014774;;;;;;
РТ-00014582;;;;;;
ЦБ-00066307;;;;;;
РТ-00006776;;;;;;
РТ-00006204;;;;;;
ЦБ-00193018;;;;;;
ЦБ-00166726;;;;;;
ЦБ-00187418;;;;;;
ЦБ-00156878;;;;;;
ЦБ-00148858;;;;;;
ЦБ-00128302;;;;;;
ЦБ-00132960;;;;;;
ЦБ-00154396;;;;;;
РТ-00000971;;;;;;
РТ-00000972;;;;;;
РТ-00000973;;;;;;
РТ-00000974;;;;;;
РТ-00000975;;;;;;
РТ-00000976;;;;;;
РТ-00000977;;;;;;
РТ-00000978;;;;;;
РТ-00000979;;;;;;
ЦБ-00165744;;;;;;
ЦБ-00118909;;;;;;
ЦБ-00131564;;;;;;
ЦБ-00142693;;;;;;
ЦБ-00131463;;;;;;
ЦБ-00131484;;;;;;
ЦБ-00131461;;;;;;
ЦБ-00131462;;;;;;
ЦБ-00131410;;;;;;
ЦБ-00129659;;;;;;
ЦБ-00137564;;;;;;
ЦБ-00163815;;;;;;
ЦБ-00016553;;;;;;
ЦБ-00131893;;;;;;
ЦБ-00185568;;;;;;
ЦБ-00001351;;;;;;
РТ-00002621;;;;;;
ЦБ-00001352;;;;;;
ЦБ-00039909;;;;;;
ЦБ-00179226;;;;;;
ЦБ-00177433;;;;;;
ЦБ-00183008;;;;;;
ЦБ-00186215;;;;;;
ЦБ-00169070;;;;;;
ЦБ-00030941;;;;;;
ЦБ-00030944;;;;;;
ЦБ-00030942;;;;;;
ЦБ-00001366;;;;;;
ЦБ-00186748;;;;;;
ЦБ-00176128;;;;;;
ЦБ-00168827;;;;;;
ЦБ-00171727;;;;;;
ЦБ-00186270;;;;;;
ЦБ-00148940;;;;;;
ЦБ-00164789;;;;;;
ЦБ-00142947;;;;;;
ЦБ-00188913;;;;;;
ЦБ-00188691;;;;;;
ЦБ-00191514;;;;;;
ЦБ-00172433;;;;;;
ЦБ-00193888;;;;;;
ЦБ-00192411;;;;;;
ЦБ-00193233;;;;;;
ЦБ-00189807;;;;;;
ЦБ-00035764;;;;;;
ЦБ-00035765;;;;;;
РТ-00007029;;;;;;
ЦБ-00001442;;;;;;
ЦБ-00021716;;;;;;
ЦБ-00165920;;;;;;
ЦБ-00007254;;;;;;
РТ-00006745;;;;;;
РТ-00005775;;;;;;
ЦБ-00161336;;;;;;
РТ-00006992;;;;;;
РТ-00009500;;;;;;
ЦБ-00161347;;;;;;
ЦБ-00001444;;;;;;
ЦБ-00001443;;;;;;
ЦБ-00007255;;;;;;
ЦБ-00001445;;;;;;
ЦБ-00001446;;;;;;
ЦБ-00142114;;;;;;
ЦБ-00142790;;;;;;
РТ-00002208;;;;;;
РТ-00002209;;;;;;
РТ-00002211;;;;;;
РТ-00002210;;;;;;
РТ-00013546;;;;;;
ЦБ-00185559;;;;;;
ЦБ-00185560;;;;;;
ЦБ-00185558;;;;;;
ЦБ-00151242;;;;;;
ЦБ-00150384;;;;;;
ЦБ-00151809;;;;;;
ЦБ-00148038;;;;;;
ЦБ-00019933;;;;;;
ЦБ-00007256;;;;;;
ЦБ-00007257;;;;;;
ЦБ-00017459;;;;;;
ЦБ-00001450;;;;;;
ЦБ-00024320;;;;;;
ЦБ-00007258;;;;;;
ЦБ-00001452;;;;;;
ЦБ-00001453;;;;;;
ЦБ-00001455;;;;;;
ЦБ-00001451;;;;;;
ЦБ-00039327;;;;;;
ЦБ-00016699;;;;;;
ЦБ-00015708;;;;;;
РТ-00008038;;;;;;
ЦБ-00001454;;;;;;
РТ-00000800;;;;;;
ЦБ-00147674;;;;;;
ЦБ-00106737;;;;;;
ЦБ-00093144;;;;;;
ЦБ-00016700;;;;;;
ЦБ-00149414;;;;;;
ЦБ-00169075;;;;;;
ЦБ-00150365;;;;;;
РТ-00001607;;;;;;
ЦБ-00016046;;;;;;
ЦБ-00039770;;;;;;
ЦБ-00145815;;;;;;
ЦБ-00133741;;;;;;
ЦБ-00143226;;;;;;
ЦБ-00183512;;;;;;
ЦБ-00157744;;;;;;
ЦБ-00158244;;;;;;
ЦБ-00158273;;;;;;
РТ-00013828;;;;;;
ЦБ-00021302;;;;;;
ЦБ-00024096;;;;;;
ЦБ-00168338;;;;;;
ЦБ-00176186;;;;;;
ЦБ-00144085;;;;;;
ЦБ-00142362;;;;;;
ЦБ-00138479;;;;;;
ЦБ-00127703;;;;;;
ЦБ-00182660;;;;;;
ЦБ-00190403;;;;;;
ЦБ-00159527;;;;;;
ЦБ-00157442;;;;;;
ЦБ-00153782;;;;;;
ЦБ-00176726;;;;;;
ЦБ-00179687;;;;;;
ЦБ-00172125;;;;;;
ЦБ-00173012;;;;;;
ЦБ-00178818;;;;;;
ЦБ-00173457;;;;;;
ЦБ-00176221;;;;;;
ЦБ-00179135;;;;;;
ЦБ-00179542;;;;;;
ЦБ-00172706;;;;;;
ЦБ-00192637;;;;;;
ЦБ-00007412;;;;;;
ЦБ-00007411;;;;;;
ЦБ-00176886;;;;;;
ЦБ-00164066;;;;;;
ЦБ-00168819;;;;;;
ЦБ-00171815;;;;;;
ЦБ-00181065;;;;;;
ЦБ-00189845;;;;;;
ЦБ-00178772;;;;;;
ЦБ-00194290;;;;;;
ЦБ-00120182;;;;;;
ЦБ-00171258;;;;;;
ЦБ-00180915;;;;;;
ЦБ-00187558;;;;;;
ЦБ-00177255;;;;;;
ЦБ-00189573;;;;;;
ЦБ-00038190;;;;;;
ЦБ-00038736;;;;;;
ЦБ-00194580;;;;;;
ЦБ-00195238;;;;;;
ЦБ-00195008;;;;;;
ЦБ-00168025;;;;;;
ЦБ-00153613;;;;;;
ЦБ-00153095;;;;;;
ЦБ-00157028;;;;;;
ЦБ-00191421;;;;;;
ЦБ-00001520;;;;;;
ЦБ-00015783;;;;;;
ЦБ-00006750;;;;;;
ЦБ-00006752;;;;;;
ЦБ-00154826;;;;;;
РТ-00012450;;;;;;
ЦБ-00001531;;;;;;
ЦБ-00016256;;;;;;
ЦБ-00001553;;;;;;
ЦБ-00007339;;;;;;
ЦБ-00176644;;;;;;
ЦБ-00165112;;;;;;
ЦБ-00007341;;;;;;
ЦБ-00131099;;;;;;
ЦБ-00134632;;;;;;
ЦБ-00038548;;;;;;
ЦБ-00159045;;;;;;
ЦБ-00155411;;;;;;
ЦБ-00039288;;;;;;
ЦБ-00016255;;;;;;
ЦБ-00150224;;;;;;
ЦБ-00001539;;;;;;
ЦБ-00141264;;;;;;
ЦБ-00001542;;;;;;
РТ-00003526;;;;;;
ЦБ-00001543;;;;;;
ЦБ-00015880;;;;;;
ЦБ-00015197;;;;;;
ЦБ-00001547;;;;;;
ЦБ-00025372;;;;;;
ЦБ-00037606;;;;;;
ЦБ-00007344;;;;;;
ЦБ-00007349;;;;;;
ЦБ-00038505;;;;;;
ЦБ-00016704;;;;;;
ЦБ-00001552;;;;;;
ЦБ-00145932;;;;;;
ЦБ-00015031;;;;;;
ЦБ-00181727;;;;;;
ЦБ-00141265;;;;;;
ЦБ-00129814;;;;;;
ЦБ-00001558;;;;;;
ЦБ-00160643;;;;;;
ЦБ-00117336;;;;;;
ЦБ-00181067;;;;;;
49069;;;;;;
ЦБ-00186102;;;;;;
ЦБ-00188844;;;;;;
ЦБ-00189565;;;;;;
ЦБ-00188422;;;;;;
ЦБ-00027473;;;;;;
ЦБ-00157782;;;;;;
ЦБ-00154130;;;;;;
ЦБ-00146625;;;;;;
ЦБ-00186055;;;;;;
ЦБ-00186649;;;;;;
ЦБ-00186513;;;;;;
ЦБ-00187064;;;;;;
ЦБ-00184848;;;;;;
ЦБ-00187954;;;;;;
ЦБ-00184296;;;;;;
ЦБ-00181411;;;;;;
ЦБ-00185518;;;;;;
ЦБ-00195321;;;;;;
ЦБ-00189153;;;;;;
ЦБ-00146415;;;;;;
ЦБ-00143373;;;;;;
ЦБ-00039342;;;;;;
ЦБ-00039344;;;;;;
ЦБ-00039343;;;;;;
ЦБ-00039347;;;;;;
ЦБ-00039346;;;;;;
РТ-00012758;;;;;;
ЦБ-00175010;;;;;;
РТ-00004242;;;;;;
РТ-00004243;;;;;;
РТ-00012058;;;;;;
ЦБ-00145581;;;;;;
ЦБ-00001582;;;;;;
ЦБ-00142584;;;;;;
ЦБ-00016708;;;;;;
ЦБ-00161364;;;;;;
ЦБ-00161826;;;;;;
ЦБ-00163818;;;;;;
ЦБ-00164160;;;;;;
ЦБ-00162365;;;;;;
ЦБ-00161671;;;;;;
ЦБ-00162364;;;;;;
ЦБ-00160903;;;;;;
ЦБ-00161789;;;;;;
ЦБ-00161129;;;;;;
ЦБ-00165055;;;;;;
ЦБ-00163214;;;;;;
РТ-00014297;;;;;;
ЦБ-00119841;;;;;;
РТ-00010703;;;;;;
ЦБ-00117192;;;;;;
ЦБ-00158034;;;;;;
ЦБ-00173333;;;;;;
ЦБ-00157895;;;;;;
ЦБ-00169039;;;;;;
ЦБ-00012014;;;;;;
ЦБ-00012015;;;;;;
ЦБ-00030806;;;;;;
ЦБ-00026663;;;;;;
РТ-00006939;;;;;;
РТ-00013532;;;;;;
ЦБ-00150335;;;;;;
ЦБ-00150333;;;;;;
ЦБ-00149369;;;;;;
ЦБ-00149134;;;;;;
ЦБ-00035195;;;;;;
РТ-00003996;;;;;;
ЦБ-00035194;;;;;;
РТ-00008879;;;;;;
ЦБ-00157668;;;;;;
ЦБ-00160185;;;;;;
ЦБ-00150334;;;;;;
ЦБ-00150332;;;;;;
РТ-00003909;;;;;;
РТ-00003995;;;;;;
ЦБ-00123899;;;;;;
ЦБ-00133703;;;;;;
ЦБ-00012016;;;;;;
ЦБ-00012017;;;;;;
РТ-00008895;;;;;;
РТ-00006964;;;;;;
РТ-00007930;;;;;;
ЦБ-00012018;;;;;;
ЦБ-00012019;;;;;;
ЦБ-00024760;;;;;;
ЦБ-00024756;;;;;;
ЦБ-00018610;;;;;;
ЦБ-00026684;;;;;;
ЦБ-00023497;;;;;;
ЦБ-00171066;;;;;;
ЦБ-00171472;;;;;;
ЦБ-00012020;;;;;;
ЦБ-00012021;;;;;;
ЦБ-00012022;;;;;;
ЦБ-00012023;;;;;;
ЦБ-00162713;;;;;;
ЦБ-00163014;;;;;;
ЦБ-00166083;;;;;;
ЦБ-00020543;;;;;;
ЦБ-00012012;;;;;;
ЦБ-00012013;;;;;;
ЦБ-00012024;;;;;;
ЦБ-00012025;;;;;;
ЦБ-00012026;;;;;;
ЦБ-00012027;;;;;;
ЦБ-00024759;;;;;;
ЦБ-00012028;;;;;;
ЦБ-00012029;;;;;;
ЦБ-00011999;;;;;;
РТ-00003997;;;;;;
ЦБ-00012031;;;;;;
РТ-00001977;;;;;;
РТ-00001829;;;;;;
РТ-00001870;;;;;;
РТ-00001869;;;;;;
РТ-00001828;;;;;;
РТ-00001868;;;;;;
ЦБ-00001589;;;;;;
РТ-00003659;;;;;;
ЦБ-00087029;;;;;;
ЦБ-00190734;;;;;;
РТ-00011729;;;;;;
ЦБ-00174955;;;;;;
ЦБ-00174959;;;;;;
ЦБ-00155470;;;;;;
ЦБ-00155748;;;;;;
ЦБ-00155561;;;;;;
ЦБ-00155749;;;;;;
ЦБ-00155562;;;;;;
ЦБ-00155750;;;;;;
ЦБ-00155563;;;;;;
ЦБ-00156160;;;;;;
ЦБ-00156161;;;;;;
ЦБ-00155362;;;;;;
ЦБ-00156162;;;;;;
ЦБ-00155363;;;;;;
ЦБ-00152489;;;;;;
ЦБ-00152490;;;;;;
ЦБ-00155471;;;;;;
ЦБ-00155472;;;;;;
ЦБ-00155280;;;;;;
ЦБ-00155473;;;;;;
ЦБ-00152491;;;;;;
ЦБ-00152492;;;;;;
ЦБ-00152493;;;;;;
ЦБ-00155435;;;;;;
ЦБ-00156265;;;;;;
ЦБ-00155564;;;;;;
ЦБ-00152494;;;;;;
ЦБ-00152495;;;;;;
ЦБ-00155281;;;;;;
ЦБ-00152496;;;;;;
ЦБ-00155282;;;;;;
ЦБ-00155474;;;;;;
ЦБ-00152497;;;;;;
ЦБ-00155475;;;;;;
ЦБ-00155565;;;;;;
ЦБ-00152498;;;;;;
ЦБ-00155476;;;;;;
ЦБ-00152499;;;;;;
ЦБ-00155568;;;;;;
ЦБ-00155364;;;;;;
ЦБ-00152500;;;;;;
ЦБ-00152501;;;;;;
ЦБ-00152502;;;;;;
ЦБ-00152503;;;;;;
ЦБ-00152504;;;;;;
ЦБ-00152505;;;;;;
ЦБ-00152506;;;;;;
ЦБ-00152507;;;;;;
ЦБ-00152508;;;;;;
ЦБ-00152509;;;;;;
ЦБ-00152510;;;;;;
ЦБ-00155567;;;;;;
ЦБ-00172064;;;;;;
ЦБ-00155609;;;;;;
ЦБ-00152770;;;;;;
ЦБ-00151728;;;;;;
ЦБ-00141146;;;;;;
ЦБ-00131806;;;;;;
ЦБ-00142843;;;;;;
ЦБ-00167043;;;;;;
ЦБ-00167421;;;;;;
ЦБ-00168044;;;;;;
ЦБ-00167137;;;;;;
ЦБ-00167084;;;;;;
ЦБ-00136323;;;;;;
ЦБ-00156108;;;;;;
ЦБ-00151951;;;;;;
ЦБ-00174681;;;;;;
ЦБ-00158846;;;;;;
ЦБ-00160978;;;;;;
ЦБ-00159813;;;;;;
ЦБ-00140682;;;;;;
ЦБ-00143866;;;;;;
ЦБ-00136321;;;;;;
ЦБ-00144260;;;;;;
ЦБ-00150090;;;;;;
ЦБ-00130982;;;;;;
ЦБ-00138470;;;;;;
ЦБ-00136320;;;;;;
ЦБ-00146239;;;;;;
ЦБ-00134390;;;;;;
ЦБ-00131831;;;;;;
ЦБ-00134610;;;;;;
ЦБ-00136322;;;;;;
ЦБ-00129475;;;;;;
ЦБ-00145806;;;;;;
ЦБ-00142331;;;;;;
РТ-00013830;;;;;;
РТ-00013464;;;;;;
ЦБ-00006753;;;;;;
ЦБ-00117324;;;;;;
ЦБ-00006766;;;;;;
РТ-00014205;;;;;;
ЦБ-00117326;;;;;;
РТ-00002900;;;;;;
ЦБ-00160260;;;;;;
ЦБ-00160261;;;;;;
ЦБ-00007501;;;;;;
ЦБ-00007502;;;;;;
ЦБ-00160481;;;;;;
ЦБ-00149594;;;;;;
ЦБ-00158861;;;;;;
ЦБ-00146723;;;;;;
ЦБ-00193182;;;;;;
ЦБ-00193183;;;;;;
ЦБ-00191465;;;;;;
ЦБ-00191318;;;;;;
ЦБ-00193242;;;;;;
ЦБ-00154541;;;;;;
ЦБ-00157377;;;;;;
ЦБ-00157098;;;;;;
ЦБ-00168487;;;;;;
ЦБ-00185000;;;;;;
ЦБ-00174577;;;;;;
ЦБ-00180916;;;;;;
ЦБ-00192852;;;;;;
ЦБ-00171214;;;;;;
ЦБ-00181068;;;;;;
ЦБ-00181789;;;;;;
ЦБ-00188934;;;;;;
ЦБ-00161762;;;;;;
ЦБ-00161511;;;;;;
ЦБ-00123159;;;;;;
ЦБ-00185553;;;;;;
ЦБ-00145503;;;;;;
РТ-00009200;;;;;;
ЦБ-00007513;;;;;;
ЦБ-00007510;;;;;;
ЦБ-00007512;;;;;;
РТ-00007844;;;;;;
ЦБ-00030925;;;;;;
ЦБ-00190476;;;;;;
ЦБ-00007511;;;;;;
ЦБ-00030019;;;;;;
ЦБ-00001597;;;;;;
ЦБ-00036105;;;;;;
ЦБ-00035372;;;;;;
ЦБ-00015739;;;;;;
ЦБ-00195011;;;;;;
ЦБ-00190061;;;;;;
ЦБ-00189514;;;;;;
ЦБ-00190631;;;;;;
ЦБ-00189601;;;;;;
ЦБ-00189647;;;;;;
ЦБ-00192789;;;;;;
ЦБ-00020903;;;;;;
ЦБ-00023213;;;;;;
ЦБ-00020965;;;;;;
ЦБ-00023368;;;;;;
ЦБ-00001600;;;;;;
ЦБ-00001601;;;;;;
ЦБ-00190285;;;;;;
ЦБ-00189648;;;;;;
ЦБ-00180684;;;;;;
ЦБ-00039549;;;;;;
ЦБ-00001604;;;;;;
ЦБ-00045576;;;;;;
00-00014752;;;;;;
ЦБ-00121326;;;;;;
ЦБ-00166020;;;;;;
ЦБ-00168082;;;;;;
РТ-00004032;;;;;;
РТ-00004116;;;;;;
ЦБ-00172711;;;;;;
ЦБ-00169859;;;;;;
РТ-00010829;;;;;;
РТ-00010547;;;;;;
ЦБ-00170328;;;;;;
ЦБ-00171794;;;;;;
ЦБ-00171793;;;;;;
ЦБ-00171721;;;;;;
ЦБ-00171722;;;;;;
ЦБ-00171723;;;;;;
ЦБ-00171724;;;;;;
ЦБ-00173885;;;;;;
РТ-00006821;;;;;;
РТ-00014209;;;;;;
ЦБ-00119063;;;;;;
РТ-00013086;;;;;;
ЦБ-00006936;;;;;;
ЦБ-00165652;;;;;;
ЦБ-00166084;;;;;;
ЦБ-00166877;;;;;;
РТ-00006348;;;;;;
РТ-00013377;;;;;;
РТ-00008883;;;;;;
РТ-00012755;;;;;;
РТ-00007291;;;;;;
РТ-00004707;;;;;;
ЦБ-00178159;;;;;;
ЦБ-00167713;;;;;;
ЦБ-00168281;;;;;;
ЦБ-00173508;;;;;;
ЦБ-00175017;;;;;;
ЦБ-00167989;;;;;;
ЦБ-00171959;;;;;;
ЦБ-00167078;;;;;;
ЦБ-00167104;;;;;;
ЦБ-00169168;;;;;;
ЦБ-00169283;;;;;;
ЦБ-00170507;;;;;;
ЦБ-00170145;;;;;;
ЦБ-00169860;;;;;;
ЦБ-00172504;;;;;;
ЦБ-00172505;;;;;;
ЦБ-00186171;;;;;;
ЦБ-00192047;;;;;;
ЦБ-00038851;;;;;;
РТ-00014186;;;;;;
РТ-00008676;;;;;;
ЦБ-00149286;;;;;;
ЦБ-00162966;;;;;;
ЦБ-00166086;;;;;;
ЦБ-00165044;;;;;;
ЦБ-00173705;;;;;;
ЦБ-00180976;;;;;;
ЦБ-00147437;;;;;;
ЦБ-00147654;;;;;;
ЦБ-00109860;;;;;;
ЦБ-00001614;;;;;;
ЦБ-00020852;;;;;;
ЦБ-00015947;;;;;;
ЦБ-00001615;;;;;;
ЦБ-00160262;;;;;;
ЦБ-00027554;;;;;;
ЦБ-00021728;;;;;;
ЦБ-00106307;;;;;;
ЦБ-00025034;;;;;;
ЦБ-00022112;;;;;;
ЦБ-00007964;;;;;;
ЦБ-00035916;;;;;;
ЦБ-00030023;;;;;;
ЦБ-00112503;;;;;;
ЦБ-00161399;;;;;;
РТ-00000428;;;;;;
ЦБ-00178978;;;;;;
ЦБ-00179224;;;;;;
ЦБ-00001681;;;;;;
ЦБ-00109848;;;;;;
ЦБ-00152923;;;;;;
ЦБ-00191829;;;;;;
ЦБ-00174985;;;;;;
ЦБ-00170643;;;;;;
ЦБ-00170672;;;;;;
ЦБ-00170741;;;;;;
ЦБ-00171074;;;;;;
ЦБ-00171075;;;;;;
ЦБ-00169781;;;;;;
ЦБ-00170285;;;;;;
ЦБ-00167500;;;;;;
ЦБ-00194387;;;;;;
ЦБ-00169360;;;;;;
ЦБ-00167947;;;;;;
ЦБ-00170671;;;;;;
ЦБ-00169361;;;;;;
ЦБ-00170074;;;;;;
ЦБ-00171354;;;;;;
ЦБ-00170828;;;;;;
ЦБ-00169015;;;;;;
ЦБ-00136331;;;;;;
ЦБ-00136332;;;;;;
ЦБ-00149816;;;;;;
ЦБ-00136333;;;;;;
ЦБ-00136334;;;;;;
ЦБ-00136335;;;;;;
ЦБ-00145111;;;;;;
ЦБ-00022269;;;;;;
ЦБ-00022270;;;;;;
ЦБ-00022268;;;;;;
ЦБ-00158937;;;;;;
ЦБ-00159879;;;;;;
ЦБ-00158517;;;;;;
ЦБ-00157436;;;;;;
ЦБ-00141860;;;;;;
ЦБ-00143818;;;;;;
ЦБ-00158576;;;;;;
ЦБ-00151785;;;;;;
ЦБ-00160368;;;;;;
ЦБ-00158575;;;;;;
ЦБ-00166991;;;;;;
ЦБ-00147656;;;;;;
ЦБ-00147655;;;;;;
ЦБ-00104192;;;;;;
ЦБ-00176124;;;;;;
ЦБ-00150078;;;;;;
ЦБ-00036398;;;;;;
ЦБ-00125849;;;;;;
ЦБ-00037869;;;;;;
ЦБ-00001740;;;;;;
ЦБ-00001741;;;;;;
ЦБ-00177372;;;;;;
ЦБ-00178256;;;;;;
ЦБ-00178404;;;;;;
ЦБ-00175269;;;;;;
ЦБ-00178403;;;;;;
ЦБ-00175313;;;;;;
ЦБ-00191314;;;;;;
ЦБ-00180200;;;;;;
ЦБ-00176375;;;;;;
ЦБ-00174327;;;;;;
ЦБ-00184365;;;;;;
ЦБ-00182393;;;;;;
ЦБ-00185561;;;;;;
ЦБ-00185562;;;;;;
ЦБ-00068128;;;;;;
РТ-00014048;;;;;;
ЦБ-00166916;;;;;;
ЦБ-00166917;;;;;;
ЦБ-00166936;;;;;;
ЦБ-00161085;;;;;;
ЦБ-00166327;;;;;;
ЦБ-00167465;;;;;;
ЦБ-00162867;;;;;;
РТ-00013820;;;;;;
ЦБ-00172392;;;;;;
ЦБ-00148850;;;;;;
ЦБ-00039807;;;;;;
ЦБ-00133736;;;;;;
ЦБ-00015256;;;;;;
ЦБ-00177818;;;;;;
ЦБ-00146686;;;;;;
ЦБ-00115895;;;;;;
ЦБ-00161738;;;;;;
ЦБ-00169016;;;;;;
ЦБ-00186334;;;;;;
ЦБ-00182893;;;;;;
ЦБ-00182337;;;;;;
ЦБ-00182546;;;;;;
ЦБ-00032460;;;;;;
ЦБ-00032461;;;;;;
ЦБ-00035724;;;;;;
ЦБ-00157322;;;;;;
ЦБ-00137168;;;;;;
РТ-00012294;;;;;;
РТ-00003115;;;;;;
РТ-00005900;;;;;;
ЦБ-00161701;;;;;;
ЦБ-00168568;;;;;;
ЦБ-00157917;;;;;;
ЦБ-00150239;;;;;;
ЦБ-00145500;;;;;;
ЦБ-00155819;;;;;;
ЦБ-00001794;;;;;;
ЦБ-00124610;;;;;;
ЦБ-00126962;;;;;;
РТ-00007507;;;;;;
ЦБ-00001795;;;;;;
ЦБ-00030029;;;;;;
ЦБ-00123001;;;;;;
ЦБ-00161513;;;;;;
ЦБ-00155019;;;;;;
37892;;;;;;
ЦБ-00192429;;;;;;
ЦБ-00109480;;;;;;
ЦБ-00127642;;;;;;
ЦБ-00035594;;;;;;
ЦБ-00032898;;;;;;
ЦБ-00037957;;;;;;
РТ-00006337;;;;;;
ЦБ-00016726;;;;;;
ЦБ-00001799;;;;;;
ЦБ-00030030;;;;;;
ЦБ-00036068;;;;;;
ЦБ-00038981;;;;;;
РТ-00003646;;;;;;
ЦБ-00001798;;;;;;
ЦБ-00038568;;;;;;
ЦБ-00162647;;;;;;
ЦБ-00008101;;;;;;
ЦБ-00036711;;;;;;
ЦБ-00190586;;;;;;
ЦБ-00145080;;;;;;
ЦБ-00034807;;;;;;
ЦБ-00001838;;;;;;
ЦБ-00001839;;;;;;
ЦБ-00031545;;;;;;
ЦБ-00015261;;;;;;
ЦБ-00036503;;;;;;
ЦБ-00162148;;;;;;
ЦБ-00001836;;;;;;
ЦБ-00001837;;;;;;
ЦБ-00008118;;;;;;
РТ-00000815;;;;;;
ЦБ-00040111;;;;;;
ЦБ-00180472;;;;;;
ЦБ-00123607;;;;;;
ЦБ-00119104;;;;;;
ЦБ-00039927;;;;;;
ЦБ-00015263;;;;;;
ЦБ-00001851;;;;;;
ЦБ-00001854;;;;;;
ЦБ-00001858;;;;;;
ЦБ-00001853;;;;;;
ЦБ-00001861;;;;;;
ЦБ-00001860;;;;;;
ЦБ-00147494;;;;;;
РТ-00006967;;;;;;
ЦБ-00173835;;;;;;
ЦБ-00177871;;;;;;
ЦБ-00164652;;;;;;
ЦБ-00069272;;;;;;
ЦБ-00019350;;;;;;
РТ-00010418;;;;;;
ЦБ-00155911;;;;;;
РТ-00012960;;;;;;
ЦБ-00184345;;;;;;
ЦБ-00026680;;;;;;
ЦБ-00008159;;;;;;
ЦБ-00160134;;;;;;
ЦБ-00036626;;;;;;
ЦБ-00157317;;;;;;
ЦБ-00170239;;;;;;
ЦБ-00020169;;;;;;
ЦБ-00192769;;;;;;
ЦБ-00022579;;;;;;
ЦБ-00002678;;;;;;
ЦБ-00127219;;;;;;
РТ-00013766;;;;;;
ЦБ-00037456;;;;;;
ЦБ-00025639;;;;;;
ЦБ-00039508;;;;;;
ЦБ-00031099;;;;;;
ЦБ-00001930;;;;;;
ЦБ-00032546;;;;;;
ЦБ-00032840;;;;;;
ЦБ-00032436;;;;;;
ЦБ-00001931;;;;;;
ЦБ-00016370;;;;;;
ЦБ-00008174;;;;;;
ЦБ-00008175;;;;;;
ЦБ-00008176;;;;;;
ЦБ-00035862;;;;;;
ЦБ-00134070;;;;;;
ЦБ-00001941;;;;;;
РТ-00001795;;;;;;
РТ-00009408;;;;;;
ЦБ-00158590;;;;;;
ЦБ-00152672;;;;;;
ЦБ-00165826;;;;;;
ЦБ-00148803;;;;;;
ЦБ-00148804;;;;;;
ЦБ-00148805;;;;;;
ЦБ-00157887;;;;;;
ЦБ-00175954;;;;;;
ЦБ-00151925;;;;;;
ЦБ-00163045;;;;;;
ЦБ-00157144;;;;;;
ЦБ-00040421;;;;;;
ЦБ-00171471;;;;;;
ЦБ-00129656;;;;;;
ЦБ-00133057;;;;;;
ЦБ-00133058;;;;;;
ЦБ-00133059;;;;;;
ЦБ-00166802;;;;;;
ЦБ-00008208;;;;;;
ЦБ-00155751;;;;;;
ЦБ-00155752;;;;;;
ЦБ-00155753;;;;;;
ЦБ-00156163;;;;;;
ЦБ-00152511;;;;;;
ЦБ-00152512;;;;;;
ЦБ-00034898;;;;;;
РТ-00000100;;;;;;
РТ-00009227;;;;;;
РТ-00008365;;;;;;
РТ-00007961;;;;;;
ЦБ-00148183;;;;;;
ЦБ-00156332;;;;;;
ЦБ-00137272;;;;;;
ЦБ-00181760;;;;;;
ЦБ-00176609;;;;;;
ЦБ-00185080;;;;;;
ЦБ-00135546;;;;;;
ЦБ-00135474;;;;;;
ЦБ-00135473;;;;;;
ЦБ-00038554;;;;;;
ЦБ-00189950;;;;;;
ЦБ-00001991;;;;;;
РТ-00003266;;;;;;
ЦБ-00001997;;;;;;
ЦБ-00018462;;;;;;
ЦБ-00178151;;;;;;
ЦБ-00180153;;;;;;
РТ-00008632;;;;;;
ЦБ-00016563;;;;;;
ЦБ-00030041;;;;;;
ЦБ-00002023;;;;;;
ЦБ-00002027;;;;;;
ЦБ-00020172;;;;;;
ЦБ-00020173;;;;;;
ЦБ-00002054;;;;;;
ЦБ-00121736;;;;;;
ЦБ-00180342;;;;;;
РТ-00000886;;;;;;
ЦБ-00035660;;;;;;
ЦБ-00181812;;;;;;
ЦБ-00016737;;;;;;
ЦБ-00002055;;;;;;
ЦБ-00152080;;;;;;
ЦБ-00147183;;;;;;
ЦБ-00148740;;;;;;
ЦБ-00147336;;;;;;
ЦБ-00182820;;;;;;
ЦБ-00182734;;;;;;
ЦБ-00182735;;;;;;
ЦБ-00183463;;;;;;
ЦБ-00184316;;;;;;
ЦБ-00186422;;;;;;
РТ-00009122;;;;;;
РТ-00009957;;;;;;
РТ-00014657;;;;;;
ЦБ-00141154;;;;;;
ЦБ-00178082;;;;;;
ЦБ-00178073;;;;;;
ЦБ-00180579;;;;;;
ЦБ-00195040;;;;;;
ЦБ-00172840;;;;;;
ЦБ-00189650;;;;;;
ЦБ-00175059;;;;;;
ЦБ-00002060;;;;;;
ЦБ-00002059;;;;;;
ЦБ-00002058;;;;;;
ЦБ-00026902;;;;;;
ЦБ-00157746;;;;;;
РТ-00005591;;;;;;
ЦБ-00008340;;;;;;
ЦБ-00015277;;;;;;
ЦБ-00002078;;;;;;
ЦБ-00002079;;;;;;
ЦБ-00002072;;;;;;
ЦБ-00033990;;;;;;
ЦБ-00015498;;;;;;
ЦБ-00163353;;;;;;
ЦБ-00169942;;;;;;
ЦБ-00151507;;;;;;
ЦБ-00154546;;;;;;
ЦБ-00165696;;;;;;
ЦБ-00118118;;;;;;
ЦБ-00023488;;;;;;
ЦБ-00002099;;;;;;
ЦБ-00002100;;;;;;
ЦБ-00153504;;;;;;
ЦБ-00175235;;;;;;
ЦБ-00174900;;;;;;
ЦБ-00173001;;;;;;
ЦБ-00178180;;;;;;
ЦБ-00173142;;;;;;
ЦБ-00170300;;;;;;
ЦБ-00174544;;;;;;
ЦБ-00186148;;;;;;
ЦБ-00191232;;;;;;
ЦБ-00135568;;;;;;
ЦБ-00129498;;;;;;
ЦБ-00165353;;;;;;
ЦБ-00164655;;;;;;
ЦБ-00156148;;;;;;
ЦБ-00039339;;;;;;
ЦБ-00036721;;;;;;
ЦБ-00034118;;;;;;
ЦБ-00124614;;;;;;
ЦБ-00129499;;;;;;
ЦБ-00177983;;;;;;
ЦБ-00190811;;;;;;
ЦБ-00169562;;;;;;
ЦБ-00137341;;;;;;
ЦБ-00163166;;;;;;
ЦБ-00164760;;;;;;
ЦБ-00027514;;;;;;
РТ-00004776;;;;;;
ЦБ-00134730;;;;;;
ЦБ-00038501;;;;;;
ЦБ-00008600;;;;;;
ЦБ-00118747;;;;;;
ЦБ-00008602;;;;;;
ЦБ-00008605;;;;;;
ЦБ-00028316;;;;;;
ЦБ-00035111;;;;;;
ЦБ-00008608;;;;;;
ЦБ-00161909;;;;;;
ЦБ-00161905;;;;;;
ЦБ-00039752;;;;;;
ЦБ-00035480;;;;;;
ЦБ-00031219;;;;;;
РТ-00012128;;;;;;
ЦБ-00035363;;;;;;
ЦБ-00011983;;;;;;
ЦБ-00011985;;;;;;
ЦБ-00011984;;;;;;
ЦБ-00012034;;;;;;
ЦБ-00011990;;;;;;
ЦБ-00012035;;;;;;
ЦБ-00011982;;;;;;
ЦБ-00011991;;;;;;
ЦБ-00011992;;;;;;
ЦБ-00176733;;;;;;
ЦБ-00176863;;;;;;
ЦБ-00011986;;;;;;
ЦБ-00026893;;;;;;
ЦБ-00011987;;;;;;
ЦБ-00011988;;;;;;
ЦБ-00012042;;;;;;
ЦБ-00008655;;;;;;
ЦБ-00036340;;;;;;
ЦБ-00012044;;;;;;
РТ-00001596;;;;;;
ЦБ-00012045;;;;;;
ЦБ-00012046;;;;;;
РТ-00001597;;;;;;
ЦБ-00022465;;;;;;
ЦБ-00012047;;;;;;
ЦБ-00012048;;;;;;
ЦБ-00165531;;;;;;
ЦБ-00181119;;;;;;
ЦБ-00012049;;;;;;
ЦБ-00012050;;;;;;
ЦБ-00012051;;;;;;
ЦБ-00012052;;;;;;
ЦБ-00058517;;;;;;
ЦБ-00011997;;;;;;
ЦБ-00012053;;;;;;
ЦБ-00011998;;;;;;
ЦБ-00011989;;;;;;
ЦБ-00011994;;;;;;
ЦБ-00012058;;;;;;
ЦБ-00025841;;;;;;
РТ-00001598;;;;;;
ЦБ-00026892;;;;;;
ЦБ-00177647;;;;;;
ЦБ-00175655;;;;;;
ЦБ-00021757;;;;;;
ЦБ-00022779;;;;;;
ЦБ-00023959;;;;;;
ЦБ-00160590;;;;;;
ЦБ-00148221;;;;;;
РТ-00011489;;;;;;
ЦБ-00169449;;;;;;
ЦБ-00032422;;;;;;
ЦБ-00154491;;;;;;
ЦБ-00103498;;;;;;
ЦБ-00145106;;;;;;
ЦБ-00090439;;;;;;
ЦБ-00134476;;;;;;
ЦБ-00185862;;;;;;
ЦБ-00192237;;;;;;
ЦБ-00008805;;;;;;
ЦБ-00008810;;;;;;
ЦБ-00137469;;;;;;
ЦБ-00161221;;;;;;
ЦБ-00118552;;;;;;
ЦБ-00122575;;;;;;
ЦБ-00168777;;;;;;
ЦБ-00008906;;;;;;
ЦБ-00008903;;;;;;
ЦБ-00008904;;;;;;
ЦБ-00008905;;;;;;
ЦБ-00008902;;;;;;
ЦБ-00016015;;;;;;
ЦБ-00026481;;;;;;
ЦБ-00016016;;;;;;
ЦБ-00016493;;;;;;
ЦБ-00008907;;;;;;
ЦБ-00017038;;;;;;
ЦБ-00030050;;;;;;
РТ-00012301;;;;;;
РТ-00012303;;;;;;
ЦБ-00123340;;;;;;
ЦБ-00122587;;;;;;
ЦБ-00008965;;;;;;
ЦБ-00158009;;;;;;
ЦБ-00158938;;;;;;
ЦБ-00166506;;;;;;
ЦБ-00171088;;;;;;
ЦБ-00195382;;;;;;
ЦБ-00188078;;;;;;
ЦБ-00185786;;;;;;
ЦБ-00185640;;;;;;
ЦБ-00184768;;;;;;
ЦБ-00186977;;;;;;
ЦБ-00186976;;;;;;
ЦБ-00189452;;;;;;
ЦБ-00190328;;;;;;
ЦБ-00189453;;;;;;
ЦБ-00186475;;;;;;
ЦБ-00190326;;;;;;
ЦБ-00185797;;;;;;
ЦБ-00017424;;;;;;
ЦБ-00009069;;;;;;
ЦБ-00009070;;;;;;
ЦБ-00009071;;;;;;
ЦБ-00017423;;;;;;
ЦБ-00009072;;;;;;
ЦБ-00017207;;;;;;
ЦБ-00009073;;;;;;
ЦБ-00016751;;;;;;
ЦБ-00009074;;;;;;
ЦБ-00131848;;;;;;
ЦБ-00175305;;;;;;
РТ-00003934;;;;;;
ЦБ-00186179;;;;;;
ЦБ-00180489;;;;;;
ЦБ-00012059;;;;;;
ЦБ-00150060;;;;;;
ЦБ-00116978;;;;;;
ЦБ-00017167;;;;;;
ЦБ-00020391;;;;;;
ЦБ-00184244;;;;;;
ЦБ-00194954;;;;;;
ЦБ-00195300;;;;;;
ЦБ-00161300;;;;;;
ЦБ-00161301;;;;;;
ЦБ-00161289;;;;;;
ЦБ-00161290;;;;;;
ЦБ-00009150;;;;;;
ЦБ-00188511;;;;;;
ЦБ-00156407;;;;;;
ЦБ-00156406;;;;;;
ЦБ-00159660;;;;;;
ЦБ-00191224;;;;;;
ЦБ-00180820;;;;;;
ЦБ-00180821;;;;;;
ЦБ-00009177;;;;;;
ЦБ-00002290;;;;;;
ЦБ-00002291;;;;;;
ЦБ-00020188;;;;;;
ЦБ-00002292;;;;;;
ЦБ-00009179;;;;;;
ЦБ-00002293;;;;;;
ЦБ-00016753;;;;;;
ЦБ-00104081;;;;;;
ЦБ-00157456;;;;;;
ЦБ-00166023;;;;;;
ЦБ-00173143;;;;;;
ЦБ-00082316;;;;;;
ЦБ-00039959;;;;;;
ЦБ-00148956;;;;;;
РТ-00005778;;;;;;
ЦБ-00150523;;;;;;
ЦБ-00173244;;;;;;
ЦБ-00129822;;;;;;
ЦБ-00160832;;;;;;
ЦБ-00151859;;;;;;
ЦБ-00134731;;;;;;
ЦБ-00157168;;;;;;
ЦБ-00025248;;;;;;
ЦБ-00025246;;;;;;
ЦБ-00025247;;;;;;
ЦБ-00025249;;;;;;
ЦБ-00033135;;;;;;
РТ-00007846;;;;;;
РТ-00011627;;;;;;
ЦБ-00009196;;;;;;
ЦБ-00009197;;;;;;
ЦБ-00009198;;;;;;
ЦБ-00009199;;;;;;
ЦБ-00036467;;;;;;
ЦБ-00039942;;;;;;
ЦБ-00039712;;;;;;
ЦБ-00024530;;;;;;
ЦБ-00156140;;;;;;
ЦБ-00007987;;;;;;
ЦБ-00007989;;;;;;
ЦБ-00022713;;;;;;
ЦБ-00007994;;;;;;
ЦБ-00148788;;;;;;
ЦБ-00149022;;;;;;
РТ-00002256;;;;;;
РТ-00003225;;;;;;
РТ-00005667;;;;;;
ЦБ-00034504;;;;;;
ЦБ-00034505;;;;;;
ЦБ-00119595;;;;;;
ЦБ-00034506;;;;;;
РТ-00012727;;;;;;
ЦБ-00035317;;;;;;
ЦБ-00155223;;;;;;
ЦБ-00017170;;;;;;
ЦБ-00117358;;;;;;
ЦБ-00039034;;;;;;
ЦБ-00009204;;;;;;
ЦБ-00163868;;;;;;
ЦБ-00190329;;;;;;
ЦБ-00189953;;;;;;
ЦБ-00185114;;;;;;
ЦБ-00135496;;;;;;
ЦБ-00189458;;;;;;
ЦБ-00194182;;;;;;
ЦБ-00179710;;;;;;
ЦБ-00159463;;;;;;
ЦБ-00016193;;;;;;
ЦБ-00018407;;;;;;
ЦБ-00016212;;;;;;
ЦБ-00016276;;;;;;
ЦБ-00032720;;;;;;
ЦБ-00032721;;;;;;
ЦБ-00032722;;;;;;
ЦБ-00020857;;;;;;
ЦБ-00026560;;;;;;
ЦБ-00011406;;;;;;
ЦБ-00011407;;;;;;
ЦБ-00033754;;;;;;
ЦБ-00011413;;;;;;
ЦБ-00011414;;;;;;
ЦБ-00011416;;;;;;
ЦБ-00035461;;;;;;
ЦБ-00040369;;;;;;
РТ-00000445;;;;;;
РТ-00000442;;;;;;
РТ-00014960;;;;;;
РТ-00013603;;;;;;
ЦБ-00035804;;;;;;
ЦБ-00038386;;;;;;
ЦБ-00038387;;;;;;
ЦБ-00038549;;;;;;
ЦБ-00025988;;;;;;
ЦБ-00024712;;;;;;
ЦБ-00009222;;;;;;
ЦБ-00025121;;;;;;
ЦБ-00009227;;;;;;
РТ-00011034;;;;;;
РТ-00011895;;;;;;
РТ-00010548;;;;;;
РТ-00011806;;;;;;
РТ-00010732;;;;;;
РТ-00010998;;;;;;
РТ-00009459;;;;;;
РТ-00010999;;;;;;
РТ-00011046;;;;;;
ЦБ-00145758;;;;;;
РТ-00012716;;;;;;
РТ-00011611;;;;;;
ЦБ-00149257;;;;;;
РТ-00012737;;;;;;
ЦБ-00149283;;;;;;
ЦБ-00034989;;;;;;
РТ-00001195;;;;;;
РТ-00008814;;;;;;
РТ-00008815;;;;;;
ЦБ-00031423;;;;;;
ЦБ-00155925;;;;;;
ЦБ-00035447;;;;;;
ЦБ-00163167;;;;;;
ЦБ-00020010;;;;;;
ЦБ-00027332;;;;;;
ЦБ-00025814;;;;;;
РТ-00010626;;;;;;
ЦБ-00031192;;;;;;
ЦБ-00011404;;;;;;
ЦБ-00011405;;;;;;
ЦБ-00017186;;;;;;
00-00022672;;;;;;
ЦБ-00017074;;;;;;
ЦБ-00020365;;;;;;
ЦБ-00020364;;;;;;
ЦБ-00011408;;;;;;
ЦБ-00017075;;;;;;
ЦБ-00020144;;;;;;
ЦБ-00011409;;;;;;
ЦБ-00011411;;;;;;
00-00012804;;;;;;
ЦБ-00011412;;;;;;
ЦБ-00011415;;;;;;
ЦБ-00019704;;;;;;
ЦБ-00017682;;;;;;
ЦБ-00038766;;;;;;
ЦБ-00122628;;;;;;
ЦБ-00122827;;;;;;
РТ-00002682;;;;;;
ЦБ-00145714;;;;;;
ЦБ-00122551;;;;;;
ЦБ-00133740;;;;;;
РТ-00013272;;;;;;
ЦБ-00127312;;;;;;
РТ-00002816;;;;;;
РТ-00003217;;;;;;
ЦБ-00134593;;;;;;
РТ-00009960;;;;;;
РТ-00011730;;;;;;
РТ-00002817;;;;;;
РТ-00008577;;;;;;
РТ-00003409;;;;;;
ЦБ-00125575;;;;;;
ЦБ-00122899;;;;;;
ЦБ-00129503;;;;;;
ЦБ-00163360;;;;;;
ЦБ-00163361;;;;;;
ЦБ-00124536;;;;;;
ЦБ-00033363;;;;;;
ЦБ-00123964;;;;;;
ЦБ-00125484;;;;;;
ЦБ-00023127;;;;;;
РТ-00005858;;;;;;
РТ-00006796;;;;;;
РТ-00002195;;;;;;
РТ-00005175;;;;;;
РТ-00002454;;;;;;
РТ-00002277;;;;;;
РТ-00002292;;;;;;
РТ-00002347;;;;;;
РТ-00009179;;;;;;
ЦБ-00022786;;;;;;
ЦБ-00033115;;;;;;
ЦБ-00009220;;;;;;
ЦБ-00023924;;;;;;
ЦБ-00036811;;;;;;
ЦБ-00019660;;;;;;
ЦБ-00019947;;;;;;
ЦБ-00019948;;;;;;
ЦБ-00019949;;;;;;
ЦБ-00018219;;;;;;
ЦБ-00018439;;;;;;
ЦБ-00018438;;;;;;
ЦБ-00018440;;;;;;
ЦБ-00017845;;;;;;
ЦБ-00157457;;;;;;
ЦБ-00017846;;;;;;
ЦБ-00019291;;;;;;
ЦБ-00018436;;;;;;
ЦБ-00009223;;;;;;
ЦБ-00025304;;;;;;
ЦБ-00036043;;;;;;
ЦБ-00025308;;;;;;
ЦБ-00090584;;;;;;
ЦБ-00124011;;;;;;
ЦБ-00123520;;;;;;
ЦБ-00124537;;;;;;
ЦБ-00127507;;;;;;
ЦБ-00022091;;;;;;
ЦБ-00017514;;;;;;
РТ-00002355;;;;;;
РТ-00002353;;;;;;
РТ-00002359;;;;;;
ЦБ-00032055;;;;;;
ЦБ-00030780;;;;;;
ЦБ-00011599;;;;;;
ЦБ-00015668;;;;;;
ЦБ-00011600;;;;;;
ЦБ-00011601;;;;;;
ЦБ-00011602;;;;;;
ЦБ-00011603;;;;;;
ЦБ-00027013;;;;;;
ЦБ-00009226;;;;;;
ЦБ-00011604;;;;;;
ЦБ-00011605;;;;;;
ЦБ-00018505;;;;;;
ЦБ-00011606;;;;;;
ЦБ-00011607;;;;;;
ЦБ-00011608;;;;;;
ЦБ-00011609;;;;;;
ЦБ-00011610;;;;;;
ЦБ-00009224;;;;;;
ЦБ-00011611;;;;;;
ЦБ-00009228;;;;;;
ЦБ-00011612;;;;;;
ЦБ-00011613;;;;;;
ЦБ-00011614;;;;;;
ЦБ-00009225;;;;;;
ЦБ-00011615;;;;;;
ЦБ-00015669;;;;;;
ЦБ-00011616;;;;;;
ЦБ-00026542;;;;;;
ЦБ-00029739;;;;;;
ЦБ-00011617;;;;;;
ЦБ-00011618;;;;;;
ЦБ-00011619;;;;;;
ЦБ-00027359;;;;;;
РТ-00002662;;;;;;
ЦБ-00011620;;;;;;
ЦБ-00011621;;;;;;
ЦБ-00177423;;;;;;
ЦБ-00037290;;;;;;
ЦБ-00037287;;;;;;
ЦБ-00037288;;;;;;
РТ-00008904;;;;;;
РТ-00008903;;;;;;
ЦБ-00037283;;;;;;
ЦБ-00037284;;;;;;
ЦБ-00037282;;;;;;
ЦБ-00127858;;;;;;
ЦБ-00037286;;;;;;
ЦБ-00037281;;;;;;
РТ-00007760;;;;;;
ЦБ-00035572;;;;;;
ЦБ-00123213;;;;;;
ЦБ-00123626;;;;;;
ЦБ-00035573;;;;;;
ЦБ-00123212;;;;;;
ЦБ-00037285;;;;;;
РТ-00000130;;;;;;
ЦБ-00016275;;;;;;
РТ-00008200;;;;;;
РТ-00000131;;;;;;
ЦБ-00037151;;;;;;
ЦБ-00036864;;;;;;
РТ-00008816;;;;;;
РТ-00008819;;;;;;
РТ-00008820;;;;;;
РТ-00008817;;;;;;
РТ-00008818;;;;;;
ЦБ-00036106;;;;;;
ЦБ-00019946;;;;;;
РТ-00010731;;;;;;
РТ-00011329;;;;;;
РТ-00008018;;;;;;
ЦБ-00025811;;;;;;
ЦБ-00188998;;;;;;
ЦБ-00194454;;;;;;
ЦБ-00183353;;;;;;
ЦБ-00172742;;;;;;
ЦБ-00170437;;;;;;
ЦБ-00178820;;;;;;
ЦБ-00192734;;;;;;
ЦБ-00169479;;;;;;
ЦБ-00183998;;;;;;
ЦБ-00176225;;;;;;
ЦБ-00170962;;;;;;
ЦБ-00179988;;;;;;
ЦБ-00178061;;;;;;
ЦБ-00163196;;;;;;
ЦБ-00181721;;;;;;
ЦБ-00188845;;;;;;
ЦБ-00170025;;;;;;
ЦБ-00182852;;;;;;
РТ-00010795;;;;;;
ЦБ-00151947;;;;;;
ЦБ-00152431;;;;;;
ЦБ-00152263;;;;;;
ЦБ-00154288;;;;;;
РТ-00004322;;;;;;
РТ-00013436;;;;;;
ЦБ-00018513;;;;;;
ЦБ-00009252;;;;;;
ЦБ-00176727;;;;;;
ЦБ-00158236;;;;;;
ЦБ-00027440;;;;;;
ЦБ-00181895;;;;;;
ЦБ-00037946;;;;;;
ЦБ-00037947;;;;;;
ЦБ-00133942;;;;;;
РТ-00004806;;;;;;
ЦБ-00002333;;;;;;
ЦБ-00002334;;;;;;
ЦБ-00156547;;;;;;
ЦБ-00159419;;;;;;
ЦБ-00165517;;;;;;
ЦБ-00155450;;;;;;
ЦБ-00180353;;;;;;
ЦБ-00175423;;;;;;
ЦБ-00175424;;;;;;
ЦБ-00166198;;;;;;
ЦБ-00002339;;;;;;
ЦБ-00022641;;;;;;
ЦБ-00002379;;;;;;
ЦБ-00027412;;;;;;
ЦБ-00009406;;;;;;
ЦБ-00142368;;;;;;
ЦБ-00146040;;;;;;
ЦБ-00153232;;;;;;
ЦБ-00002381;;;;;;
ЦБ-00009407;;;;;;
ЦБ-00032689;;;;;;
ЦБ-00009408;;;;;;
ЦБ-00032832;;;;;;
ЦБ-00107830;;;;;;
ЦБ-00032120;;;;;;
ЦБ-00002386;;;;;;
ЦБ-00040491;;;;;;
ЦБ-00002387;;;;;;
ЦБ-00002388;;;;;;
ЦБ-00002389;;;;;;
ЦБ-00155467;;;;;;
ЦБ-00120224;;;;;;
ЦБ-00037720;;;;;;
ЦБ-00173737;;;;;;
ЦБ-00009413;;;;;;
ЦБ-00009414;;;;;;
ЦБ-00030943;;;;;;
РТ-00001589;;;;;;
ЦБ-00155664;;;;;;
ЦБ-00158583;;;;;;
ЦБ-00159354;;;;;;
ЦБ-00157580;;;;;;
ЦБ-00185116;;;;;;
ЦБ-00184477;;;;;;
ЦБ-00180374;;;;;;
ЦБ-00033908;;;;;;
ЦБ-00162607;;;;;;
ЦБ-00178626;;;;;;
ЦБ-00182059;;;;;;
ЦБ-00185003;;;;;;
ЦБ-00193850;;;;;;
ЦБ-00194134;;;;;;
ЦБ-00009422;;;;;;
ЦБ-00161378;;;;;;
ЦБ-00168192;;;;;;
ЦБ-00016225;;;;;;
ЦБ-00009423;;;;;;
ЦБ-00036841;;;;;;
ЦБ-00036843;;;;;;
ЦБ-00002418;;;;;;
ЦБ-00002419;;;;;;
ЦБ-00009439;;;;;;
ЦБ-00002433;;;;;;
ЦБ-00009440;;;;;;
ЦБ-00034243;;;;;;
РТ-00007777;;;;;;
ЦБ-00160254;;;;;;
ЦБ-00181401;;;;;;
ЦБ-00181402;;;;;;
ЦБ-00181403;;;;;;
ЦБ-00189252;;;;;;
ЦБ-00179997;;;;;;
ЦБ-00171841;;;;;;
ЦБ-00186633;;;;;;
ЦБ-00178260;;;;;;
ЦБ-00173832;;;;;;
ЦБ-00174429;;;;;;
ЦБ-00175277;;;;;;
ЦБ-00182367;;;;;;
ЦБ-00179311;;;;;;
ЦБ-00180982;;;;;;
ЦБ-00176885;;;;;;
ЦБ-00177119;;;;;;
ЦБ-00185635;;;;;;
ЦБ-00176237;;;;;;
ЦБ-00180213;;;;;;
ЦБ-00177657;;;;;;
ЦБ-00177120;;;;;;
ЦБ-00189383;;;;;;
ЦБ-00185386;;;;;;
ЦБ-00020457;;;;;;
ЦБ-00020458;;;;;;
ЦБ-00022616;;;;;;
ЦБ-00022617;;;;;;
ЦБ-00022910;;;;;;
ЦБ-00022913;;;;;;
ЦБ-00022880;;;;;;
ЦБ-00020774;;;;;;
ЦБ-00184635;;;;;;
ЦБ-00188822;;;;;;
ЦБ-00192030;;;;;;
ЦБ-00189012;;;;;;
ЦБ-00185983;;;;;;
ЦБ-00185934;;;;;;
ЦБ-00182343;;;;;;
ЦБ-00122753;;;;;;
РТ-00012350;;;;;;
ЦБ-00002496;;;;;;
ЦБ-00192115;;;;;;
ЦБ-00192125;;;;;;
РТ-00006389;;;;;;
ЦБ-00148849;;;;;;
ЦБ-00002497;;;;;;
РТ-00006388;;;;;;
ЦБ-00009486;;;;;;
РТ-00006390;;;;;;
ЦБ-00181700;;;;;;
ЦБ-00174773;;;;;;
ЦБ-00026567;;;;;;
ЦБ-00025572;;;;;;
ЦБ-00031433;;;;;;
РТ-00006498;;;;;;
ЦБ-00172065;;;;;;
ЦБ-00156491;;;;;;
ЦБ-00181977;;;;;;
РТ-00011936;;;;;;
ЦБ-00009487;;;;;;
ЦБ-00009488;;;;;;
ЦБ-00081978;;;;;;
ЦБ-00036506;;;;;;
ЦБ-00035843;;;;;;
ЦБ-00189426;;;;;;
ЦБ-00120613;;;;;;
РТ-00007485;;;;;;
РТ-00006627;;;;;;
ЦБ-00188700;;;;;;
ЦБ-00175191;;;;;;
ЦБ-00161362;;;;;;
ЦБ-00160268;;;;;;
ЦБ-00119339;;;;;;
ЦБ-00002498;;;;;;
ЦБ-00002499;;;;;;
РТ-00005732;;;;;;
ЦБ-00039110;;;;;;
ЦБ-00152929;;;;;;
ЦБ-00026971;;;;;;
РТ-00006005;;;;;;
ЦБ-00124539;;;;;;
ЦБ-00177902;;;;;;
ЦБ-00163076;;;;;;
ЦБ-00162848;;;;;;
ЦБ-00174787;;;;;;
ЦБ-00186459;;;;;;
ЦБ-00158428;;;;;;
ЦБ-00024937;;;;;;
ЦБ-00168747;;;;;;
ЦБ-00193150;;;;;;
ЦБ-00163116;;;;;;
ЦБ-00165478;;;;;;
ЦБ-00163461;;;;;;
ЦБ-00163460;;;;;;
ЦБ-00129534;;;;;;
ЦБ-00188263;;;;;;
ЦБ-00191572;;;;;;
РТ-00004156;;;;;;
ЦБ-00183464;;;;;;
ЦБ-00181073;;;;;;
ЦБ-00183034;;;;;;
ЦБ-00182550;;;;;;
ЦБ-00182930;;;;;;
РТ-00007188;;;;;;
ЦБ-00168746;;;;;;
РТ-00009995;;;;;;
ЦБ-00149053;;;;;;
ЦБ-00164155;;;;;;
ЦБ-00164287;;;;;;
РТ-00012305;;;;;;
ЦБ-00145483;;;;;;
РТ-00000556;;;;;;
ЦБ-00162513;;;;;;
ЦБ-00176823;;;;;;
ЦБ-00174993;;;;;;
ЦБ-00170484;;;;;;
ЦБ-00187072;;;;;;
ЦБ-00181426;;;;;;
ЦБ-00152154;;;;;;
ЦБ-00153827;;;;;;
РТ-00002527;;;;;;
ЦБ-00039748;;;;;;
ЦБ-00065895;;;;;;
ЦБ-00015869;;;;;;
ЦБ-00036569;;;;;;
ЦБ-00191573;;;;;;
ЦБ-00150576;;;;;;
ЦБ-00153306;;;;;;
ЦБ-00187777;;;;;;
ЦБ-00154601;;;;;;
ЦБ-00009489;;;;;;
ЦБ-00188764;;;;;;
ЦБ-00009490;;;;;;
ЦБ-00009491;;;;;;
ЦБ-00165232;;;;;;
ЦБ-00177725;;;;;;
ЦБ-00152238;;;;;;
ЦБ-00009492;;;;;;
ЦБ-00009493;;;;;;
ЦБ-00160963;;;;;;
ЦБ-00193817;;;;;;
ЦБ-00194183;;;;;;
ЦБ-00152101;;;;;;
ЦБ-00009494;;;;;;
ЦБ-00174578;;;;;;
ЦБ-00186670;;;;;;
РТ-00011614;;;;;;
ЦБ-00163589;;;;;;
ЦБ-00034145;;;;;;
ЦБ-00176243;;;;;;
ЦБ-00180462;;;;;;
ЦБ-00180170;;;;;;
ЦБ-00167911;;;;;;
ЦБ-00184636;;;;;;
ЦБ-00192900;;;;;;
ЦБ-00186477;;;;;;
ЦБ-00178588;;;;;;
ЦБ-00181729;;;;;;
ЦБ-00186424;;;;;;
ЦБ-00191571;;;;;;
ЦБ-00161596;;;;;;
ЦБ-00187482;;;;;;
ЦБ-00178354;;;;;;
ЦБ-00192420;;;;;;
ЦБ-00121055;;;;;;
ЦБ-00180743;;;;;;
ЦБ-00119860;;;;;;
ЦБ-00119244;;;;;;
ЦБ-00117930;;;;;;
РТ-00013994;;;;;;
ЦБ-00147350;;;;;;
ЦБ-00147351;;;;;;
ЦБ-00184642;;;;;;
ЦБ-00009495;;;;;;
РТ-00003851;;;;;;
ЦБ-00025588;;;;;;
ЦБ-00117941;;;;;;
ЦБ-00166974;;;;;;
ЦБ-00002501;;;;;;
ЦБ-00002502;;;;;;
ЦБ-00002503;;;;;;
ЦБ-00030058;;;;;;
ЦБ-00030059;;;;;;
ЦБ-00034209;;;;;;
ЦБ-00036478;;;;;;
ЦБ-00033357;;;;;;
ЦБ-00002504;;;;;;
ЦБ-00002506;;;;;;
ЦБ-00035527;;;;;;
ЦБ-00035625;;;;;;
ЦБ-00002505;;;;;;
ЦБ-00160006;;;;;;
ЦБ-00193826;;;;;;
ЦБ-00180935;;;;;;
ЦБ-00146896;;;;;;
ЦБ-00187249;;;;;;
ЦБ-00191697;;;;;;
ЦБ-00191696;;;;;;
ЦБ-00124229;;;;;;
ЦБ-00142374;;;;;;
ЦБ-00183404;;;;;;
ЦБ-00186823;;;;;;
ЦБ-00186861;;;;;;
ЦБ-00185955;;;;;;
ЦБ-00170358;;;;;;
ЦБ-00170254;;;;;;
ЦБ-00173408;;;;;;
ЦБ-00171148;;;;;;
ЦБ-00170255;;;;;;
ЦБ-00170403;;;;;;
ЦБ-00137797;;;;;;
ЦБ-00002509;;;;;;
ЦБ-00002510;;;;;;
ЦБ-00002512;;;;;;
ЦБ-00033023;;;;;;
ЦБ-00027639;;;;;;
ЦБ-00027640;;;;;;
ЦБ-00027641;;;;;;
ЦБ-00087424;;;;;;
ЦБ-00021780;;;;;;
ЦБ-00179069;;;;;;
ЦБ-00189655;;;;;;
ЦБ-00183700;;;;;;
ЦБ-00194660;;;;;;
ЦБ-00189272;;;;;;
ЦБ-00188334;;;;;;
ЦБ-00175739;;;;;;
ЦБ-00190591;;;;;;
ЦБ-00190104;;;;;;
ЦБ-00180376;;;;;;
ЦБ-00189074;;;;;;
ЦБ-00182896;;;;;;
ЦБ-00187916;;;;;;
ЦБ-00189240;;;;;;
ЦБ-00189656;;;;;;
ЦБ-00175567;;;;;;
ЦБ-00182974;;;;;;
ЦБ-00179032;;;;;;
ЦБ-00188695;;;;;;
ЦБ-00177424;;;;;;
ЦБ-00180545;;;;;;
ЦБ-00178806;;;;;;
ЦБ-00175913;;;;;;
ЦБ-00190290;;;;;;
ЦБ-00194339;;;;;;
ЦБ-00178500;;;;;;
ЦБ-00188541;;;;;;
ЦБ-00190792;;;;;;
ЦБ-00128107;;;;;;
РТ-00012961;;;;;;
ЦБ-00177060;;;;;;
ЦБ-00125654;;;;;;
ЦБ-00127014;;;;;;
ЦБ-00177063;;;;;;
ЦБ-00123110;;;;;;
РТ-00012964;;;;;;
ЦБ-00131556;;;;;;
ЦБ-00177062;;;;;;
ЦБ-00131437;;;;;;
РТ-00012963;;;;;;
ЦБ-00177061;;;;;;
ЦБ-00123010;;;;;;
РТ-00012962;;;;;;
ЦБ-00156032;;;;;;
ЦБ-00160179;;;;;;
ЦБ-00142778;;;;;;
ЦБ-00174835;;;;;;
ЦБ-00174834;;;;;;
ЦБ-00160011;;;;;;
ЦБ-00172261;;;;;;
ЦБ-00171182;;;;;;
ЦБ-00177095;;;;;;
ЦБ-00188540;;;;;;
ЦБ-00188539;;;;;;
ЦБ-00171685;;;;;;
ЦБ-00171181;;;;;;
ЦБ-00169718;;;;;;
ЦБ-00175673;;;;;;
ЦБ-00169151;;;;;;
ЦБ-00180482;;;;;;
ЦБ-00176242;;;;;;
РТ-00014703;;;;;;
ЦБ-00151383;;;;;;
ЦБ-00127688;;;;;;
ЦБ-00006826;;;;;;
ЦБ-00006827;;;;;;
ЦБ-00006828;;;;;;
ЦБ-00006829;;;;;;
ЦБ-00002516;;;;;;
ЦБ-00016773;;;;;;
ЦБ-00015302;;;;;;
ЦБ-00002517;;;;;;
ЦБ-00002518;;;;;;
ЦБ-00002515;;;;;;
ЦБ-00085162;;;;;;
ЦБ-00002523;;;;;;
ЦБ-00149348;;;;;;
ЦБ-00021512;;;;;;
ЦБ-00021781;;;;;;
РТ-00011471;;;;;;
ЦБ-00115590;;;;;;
ЦБ-00167170;;;;;;
ЦБ-00195379;;;;;;
ЦБ-00174455;;;;;;
ЦБ-00009555;;;;;;
ЦБ-00002525;;;;;;
ЦБ-00034991;;;;;;
ЦБ-00137820;;;;;;
ЦБ-00137819;;;;;;
ЦБ-00039780;;;;;;
ЦБ-00009568;;;;;;
ЦБ-00027139;;;;;;
ЦБ-00015741;;;;;;
ЦБ-00016272;;;;;;
РТ-00007808;;;;;;
ЦБ-00015434;;;;;;
ЦБ-00015698;;;;;;
ЦБ-00039532;;;;;;
ЦБ-00015803;;;;;;
РТ-00014640;;;;;;
ЦБ-00015864;;;;;;
ЦБ-00016273;;;;;;
РТ-00002614;;;;;;
ЦБ-00162608;;;;;;
ЦБ-00122640;;;;;;
ЦБ-00122539;;;;;;
ЦБ-00151328;;;;;;
ЦБ-00037887;;;;;;
ЦБ-00142869;;;;;;
ЦБ-00129505;;;;;;
ЦБ-00016551;;;;;;
ЦБ-00009557;;;;;;
ЦБ-00009581;;;;;;
ЦБ-00148783;;;;;;
РТ-00007729;;;;;;
ЦБ-00030436;;;;;;
ЦБ-00015479;;;;;;
ЦБ-00009558;;;;;;
ЦБ-00009559;;;;;;
ЦБ-00022311;;;;;;
ЦБ-00009561;;;;;;
ЦБ-00009562;;;;;;
ЦБ-00009563;;;;;;
ЦБ-00009580;;;;;;
РТ-00001380;;;;;;
ЦБ-00009564;;;;;;
ЦБ-00009565;;;;;;
ЦБ-00009566;;;;;;
ЦБ-00009567;;;;;;
РТ-00001379;;;;;;
РТ-00007728;;;;;;
ЦБ-00009571;;;;;;
ЦБ-00009569;;;;;;
ЦБ-00009570;;;;;;
ЦБ-00009574;;;;;;
ЦБ-00009573;;;;;;
ЦБ-00118491;;;;;;
РТ-00007727;;;;;;
ЦБ-00110934;;;;;;
ЦБ-00009575;;;;;;
ЦБ-00009576;;;;;;
ЦБ-00009577;;;;;;
ЦБ-00009578;;;;;;
ЦБ-00151363;;;;;;
ЦБ-00039920;;;;;;
ЦБ-00039919;;;;;;
ЦБ-00038141;;;;;;
ЦБ-00181341;;;;;;
ЦБ-00185196;;;;;;
ЦБ-00185197;;;;;;
ЦБ-00171992;;;;;;
ЦБ-00172846;;;;;;
ЦБ-00166150;;;;;;
ЦБ-00167052;;;;;;
ЦБ-00026105;;;;;;
ЦБ-00026104;;;;;;
ЦБ-00165117;;;;;;
ЦБ-00026102;;;;;;
ЦБ-00026103;;;;;;
ЦБ-00026101;;;;;;
ЦБ-00026158;;;;;;
ЦБ-00026159;;;;;;
ЦБ-00026160;;;;;;
ЦБ-00026161;;;;;;
ЦБ-00026162;;;;;;
ЦБ-00026163;;;;;;
ЦБ-00192554;;;;;;
ЦБ-00026164;;;;;;
ЦБ-00026165;;;;;;
ЦБ-00026100;;;;;;
ЦБ-00026099;;;;;;
ЦБ-00026167;;;;;;
ЦБ-00026168;;;;;;
ЦБ-00026169;;;;;;
ЦБ-00028348;;;;;;
ЦБ-00190803;;;;;;
ЦБ-00164245;;;;;;
ЦБ-00174866;;;;;;
ЦБ-00190111;;;;;;
ЦБ-00165707;;;;;;
ЦБ-00186461;;;;;;
ЦБ-00192555;;;;;;
ЦБ-00173077;;;;;;
ЦБ-00191486;;;;;;
ЦБ-00186637;;;;;;
ЦБ-00162822;;;;;;
ЦБ-00187226;;;;;;
ЦБ-00166156;;;;;;
ЦБ-00186149;;;;;;
ЦБ-00180346;;;;;;
ЦБ-00036600;;;;;;
ЦБ-00131293;;;;;;
ЦБ-00037297;;;;;;
ЦБ-00037302;;;;;;
ЦБ-00037305;;;;;;
ЦБ-00037298;;;;;;
ЦБ-00037295;;;;;;
ЦБ-00123358;;;;;;
ЦБ-00037303;;;;;;
ЦБ-00037300;;;;;;
ЦБ-00037299;;;;;;
ЦБ-00131480;;;;;;
ЦБ-00023923;;;;;;
ЦБ-00037304;;;;;;
ЦБ-00037306;;;;;;
ЦБ-00022731;;;;;;
ЦБ-00037296;;;;;;
РТ-00007757;;;;;;
ЦБ-00034812;;;;;;
ЦБ-00149732;;;;;;
ЦБ-00037294;;;;;;
ЦБ-00037293;;;;;;
ЦБ-00037314;;;;;;
ЦБ-00175711;;;;;;
ЦБ-00037313;;;;;;
ЦБ-00037315;;;;;;
ЦБ-00037310;;;;;;
ЦБ-00037316;;;;;;
ЦБ-00037312;;;;;;
ЦБ-00037311;;;;;;
ЦБ-00185306;;;;;;
РТ-00007756;;;;;;
ЦБ-00182825;;;;;;
ЦБ-00156524;;;;;;
ЦБ-00147266;;;;;;
ЦБ-00037301;;;;;;
ЦБ-00120610;;;;;;
РТ-00014202;;;;;;
ЦБ-00151836;;;;;;
ЦБ-00139186;;;;;;
ЦБ-00155741;;;;;;
ЦБ-00136351;;;;;;
ЦБ-00149671;;;;;;
ЦБ-00142792;;;;;;
ЦБ-00148964;;;;;;
ЦБ-00131450;;;;;;
ЦБ-00131364;;;;;;
ЦБ-00140055;;;;;;
ЦБ-00131401;;;;;;
ЦБ-00131377;;;;;;
ЦБ-00131423;;;;;;
ЦБ-00131296;;;;;;
ЦБ-00140054;;;;;;
ЦБ-00131601;;;;;;
ЦБ-00140056;;;;;;
ЦБ-00131304;;;;;;
ЦБ-00131391;;;;;;
ЦБ-00130606;;;;;;
ЦБ-00130607;;;;;;
ЦБ-00131343;;;;;;
ЦБ-00140057;;;;;;
ЦБ-00131284;;;;;;
ЦБ-00164916;;;;;;
ЦБ-00144202;;;;;;
ЦБ-00147416;;;;;;
ЦБ-00142827;;;;;;
ЦБ-00142458;;;;;;
ЦБ-00140931;;;;;;
ЦБ-00142521;;;;;;
00-00020931;;;;;;
ЦБ-00122822;;;;;;
ЦБ-00037805;;;;;;
ЦБ-00060639;;;;;;
ЦБ-00032118;;;;;;
ЦБ-00025696;;;;;;
ЦБ-00133899;;;;;;
ЦБ-00123016;;;;;;
00-00020929;;;;;;
ЦБ-00108868;;;;;;
ЦБ-00117190;;;;;;
ЦБ-00121133;;;;;;
ЦБ-00123630;;;;;;
ЦБ-00153998;;;;;;
ЦБ-00129588;;;;;;
ЦБ-00129589;;;;;;
ЦБ-00144142;;;;;;
ЦБ-00131354;;;;;;
ЦБ-00124386;;;;;;
ЦБ-00147793;;;;;;
ЦБ-00127484;;;;;;
ЦБ-00077964;;;;;;
ЦБ-00159098;;;;;;
ЦБ-00122148;;;;;;
ЦБ-00039740;;;;;;
ЦБ-00039501;;;;;;
ЦБ-00168256;;;;;;
ЦБ-00177870;;;;;;
ЦБ-00009857;;;;;;
ЦБ-00038967;;;;;;
ЦБ-00152962;;;;;;
ЦБ-00183169;;;;;;
ЦБ-00009918;;;;;;
ЦБ-00170002;;;;;;
ЦБ-00187153;;;;;;
ЦБ-00168459;;;;;;
ЦБ-00168460;;;;;;
ЦБ-00168618;;;;;;
ЦБ-00168843;;;;;;
ЦБ-00168528;;;;;;
ЦБ-00036379;;;;;;
ЦБ-00147701;;;;;;
ЦБ-00127822;;;;;;
ЦБ-00131876;;;;;;
ЦБ-00126809;;;;;;
ЦБ-00124496;;;;;;
ЦБ-00129509;;;;;;
ЦБ-00191823;;;;;;
ЦБ-00148961;;;;;;
ЦБ-00150904;;;;;;
ЦБ-00147700;;;;;;
ЦБ-00147540;;;;;;
ЦБ-00147699;;;;;;
ЦБ-00152718;;;;;;
РТ-00013547;;;;;;
ЦБ-00034536;;;;;;
ЦБ-00039922;;;;;;
ЦБ-00192117;;;;;;
ЦБ-00071671;;;;;;
ЦБ-00049507;;;;;;
ЦБ-00024819;;;;;;
ЦБ-00152933;;;;;;
ЦБ-00016614;;;;;;
ЦБ-00083242;;;;;;
ЦБ-00110448;;;;;;
РТ-00009806;;;;;;
ЦБ-00127017;;;;;;
ЦБ-00128088;;;;;;
ЦБ-00149201;;;;;;
РТ-00010446;;;;;;
ЦБ-00159612;;;;;;
ЦБ-00151327;;;;;;
ЦБ-00115489;;;;;;
РТ-00014208;;;;;;
ЦБ-00142782;;;;;;
ЦБ-00159616;;;;;;
РТ-00004301;;;;;;
ЦБ-00098717;;;;;;
ЦБ-00002566;;;;;;
ЦБ-00180804;;;;;;
ЦБ-00178983;;;;;;
ЦБ-00189001;;;;;;
ЦБ-00179565;;;;;;
ЦБ-00172722;;;;;;
ЦБ-00025926;;;;;;
ЦБ-00119242;;;;;;
ЦБ-00002602;;;;;;
ЦБ-00038724;;;;;;
РТ-00007829;;;;;;
ЦБ-00002604;;;;;;
ЦБ-00002605;;;;;;
ЦБ-00033392;;;;;;
58070;;;;;;
ЦБ-00079939;;;;;;
ЦБ-00002607;;;;;;
ЦБ-00015310;;;;;;
РТ-00010914;;;;;;
ЦБ-00030067;;;;;;
ЦБ-00170947;;;;;;
63800;;;;;;
ЦБ-00169215;;;;;;
РТ-00001055;;;;;;
ЦБ-00035501;;;;;;
ЦБ-00015309;;;;;;
ЦБ-00172603;;;;;;
ЦБ-00145075;;;;;;
ЦБ-00002621;;;;;;
ЦБ-00018475;;;;;;
ЦБ-00195063;;;;;;
ЦБ-00002643;;;;;;
РТ-00010464;;;;;;
ЦБ-00010006;;;;;;
ЦБ-00031719;;;;;;
ЦБ-00002652;;;;;;
ЦБ-00002653;;;;;;
ЦБ-00010008;;;;;;
РТ-00008134;;;;;;
РТ-00008135;;;;;;
РТ-00008011;;;;;;
ЦБ-00175320;;;;;;
ЦБ-00175321;;;;;;
ЦБ-00171863;;;;;;
ЦБ-00170864;;;;;;
ЦБ-00170865;;;;;;
ЦБ-00027573;;;;;;
ЦБ-00027575;;;;;;
ЦБ-00027574;;;;;;
ЦБ-00027576;;;;;;
ЦБ-00027577;;;;;;
ЦБ-00027578;;;;;;
ЦБ-00027579;;;;;;
ЦБ-00027580;;;;;;
ЦБ-00027582;;;;;;
ЦБ-00027584;;;;;;
ЦБ-00027581;;;;;;
ЦБ-00027583;;;;;;
ЦБ-00185920;;;;;;
ЦБ-00187864;;;;;;
ЦБ-00036061;;;;;;
ЦБ-00164241;;;;;;
ЦБ-00127065;;;;;;
ЦБ-00002659;;;;;;
ЦБ-00036977;;;;;;
РТ-00009088;;;;;;
ЦБ-00036752;;;;;;
ЦБ-00038306;;;;;;
ЦБ-00038305;;;;;;
ЦБ-00038304;;;;;;
ЦБ-00157268;;;;;;
ЦБ-00157018;;;;;;
РТ-00002476;;;;;;
ЦБ-00161764;;;;;;
ЦБ-00164762;;;;;;
ЦБ-00151077;;;;;;
РТ-00014098;;;;;;
РТ-00012940;;;;;;
ЦБ-00149814;;;;;;
ЦБ-00150867;;;;;;
ЦБ-00147854;;;;;;
ЦБ-00158560;;;;;;
РТ-00012811;;;;;;
ЦБ-00120878;;;;;;
ЦБ-00156109;;;;;;
ЦБ-00156114;;;;;;
ЦБ-00155243;;;;;;
ЦБ-00155934;;;;;;
РТ-00001531;;;;;;
ЦБ-00035201;;;;;;
ЦБ-00035785;;;;;;
РТ-00000511;;;;;;
ЦБ-00035209;;;;;;
ЦБ-00035786;;;;;;
РТ-00002217;;;;;;
ЦБ-00035203;;;;;;
ЦБ-00035787;;;;;;
РТ-00000928;;;;;;
ЦБ-00035218;;;;;;
ЦБ-00035788;;;;;;
РТ-00000616;;;;;;
ЦБ-00123897;;;;;;
ЦБ-00147014;;;;;;
РТ-00009022;;;;;;
ЦБ-00034364;;;;;;
ЦБ-00165547;;;;;;
ЦБ-00032779;;;;;;
ЦБ-00021162;;;;;;
ЦБ-00023781;;;;;;
ЦБ-00024991;;;;;;
ЦБ-00026419;;;;;;
ЦБ-00021136;;;;;;
ЦБ-00023758;;;;;;
ЦБ-00024998;;;;;;
ЦБ-00021529;;;;;;
ЦБ-00023665;;;;;;
ЦБ-00026400;;;;;;
ЦБ-00026401;;;;;;
ЦБ-00021099;;;;;;
ЦБ-00023666;;;;;;
ЦБ-00021146;;;;;;
ЦБ-00021100;;;;;;
ЦБ-00023667;;;;;;
ЦБ-00021138;;;;;;
ЦБ-00023921;;;;;;
ЦБ-00023927;;;;;;
ЦБ-00023920;;;;;;
ЦБ-00023890;;;;;;
ЦБ-00023876;;;;;;
ЦБ-00169631;;;;;;
ЦБ-00179034;;;;;;
ЦБ-00164289;;;;;;
ЦБ-00147352;;;;;;
ЦБ-00010083;;;;;;
ЦБ-00010084;;;;;;
РТ-00001982;;;;;;
ЦБ-00002686;;;;;;
ЦБ-00010085;;;;;;
ЦБ-00167378;;;;;;
ЦБ-00147581;;;;;;
РТ-00003293;;;;;;
РТ-00002994;;;;;;
ЦБ-00008108;;;;;;
ЦБ-00172768;;;;;;
ЦБ-00188373;;;;;;
ЦБ-00188374;;;;;;
ЦБ-00193205;;;;;;
ЦБ-00173637;;;;;;
ЦБ-00193206;;;;;;
ЦБ-00193207;;;;;;
ЦБ-00193208;;;;;;
ЦБ-00176578;;;;;;
ЦБ-00173645;;;;;;
ЦБ-00173631;;;;;;
ЦБ-00176563;;;;;;
ЦБ-00176564;;;;;;
ЦБ-00176565;;;;;;
ЦБ-00173642;;;;;;
ЦБ-00176560;;;;;;
ЦБ-00176561;;;;;;
ЦБ-00176562;;;;;;
ЦБ-00176574;;;;;;
ЦБ-00176575;;;;;;
ЦБ-00176576;;;;;;
ЦБ-00176577;;;;;;
ЦБ-00181407;;;;;;
ЦБ-00173630;;;;;;
ЦБ-00181404;;;;;;
ЦБ-00181405;;;;;;
ЦБ-00173632;;;;;;
ЦБ-00173633;;;;;;
ЦБ-00173634;;;;;;
ЦБ-00173635;;;;;;
ЦБ-00173636;;;;;;
ЦБ-00173638;;;;;;
ЦБ-00173639;;;;;;
ЦБ-00173640;;;;;;
ЦБ-00173641;;;;;;
ЦБ-00173643;;;;;;
ЦБ-00173644;;;;;;
ЦБ-00174944;;;;;;
ЦБ-00181406;;;;;;
ЦБ-00188368;;;;;;
РТ-00001391;;;;;;
ЦБ-00176515;;;;;;
ЦБ-00176531;;;;;;
ЦБ-00177073;;;;;;
ЦБ-00178766;;;;;;
ЦБ-00176909;;;;;;
ЦБ-00178565;;;;;;
ЦБ-00176479;;;;;;
ЦБ-00146905;;;;;;
ЦБ-00146904;;;;;;
ЦБ-00146518;;;;;;
ЦБ-00184479;;;;;;
ЦБ-00010157;;;;;;
ЦБ-00034143;;;;;;
ЦБ-00035703;;;;;;
ЦБ-00034142;;;;;;
ЦБ-00028705;;;;;;
ЦБ-00163115;;;;;;
РТ-00007717;;;;;;
ЦБ-00185465;;;;;;
ЦБ-00149728;;;;;;
ЦБ-00180919;;;;;;
ЦБ-00182431;;;;;;
РТ-00014654;;;;;;
ЦБ-00151549;;;;;;
ЦБ-00166348;;;;;;
РТ-00004566;;;;;;
ЦБ-00123534;;;;;;
ЦБ-00015252;;;;;;
ЦБ-00020199;;;;;;
ЦБ-00016782;;;;;;
ЦБ-00158924;;;;;;
ЦБ-00019950;;;;;;
ЦБ-00002699;;;;;;
ЦБ-00002700;;;;;;
ЦБ-00016781;;;;;;
ЦБ-00025932;;;;;;
ЦБ-00002702;;;;;;
ЦБ-00002703;;;;;;
РТ-00004344;;;;;;
РТ-00004345;;;;;;
ЦБ-00002704;;;;;;
ЦБ-00002705;;;;;;
ЦБ-00021796;;;;;;
ЦБ-00002707;;;;;;
ЦБ-00010176;;;;;;
ЦБ-00002713;;;;;;
ЦБ-00180547;;;;;;
ЦБ-00169709;;;;;;
ЦБ-00180737;;;;;;
ЦБ-00163653;;;;;;
ЦБ-00169746;;;;;;
ЦБ-00163263;;;;;;
ЦБ-00162847;;;;;;
ЦБ-00164106;;;;;;
ЦБ-00174188;;;;;;
ЦБ-00174441;;;;;;
ЦБ-00002716;;;;;;
ЦБ-00143154;;;;;;
РТ-00009176;;;;;;
ЦБ-00124563;;;;;;
ЦБ-00031090;;;;;;
ЦБ-00006781;;;;;;
ЦБ-00175367;;;;;;
ЦБ-00144826;;;;;;
ЦБ-00131273;;;;;;
ЦБ-00124625;;;;;;
ЦБ-00137896;;;;;;
ЦБ-00167390;;;;;;
ЦБ-00120084;;;;;;
ЦБ-00163238;;;;;;
ЦБ-00145907;;;;;;
ЦБ-00163543;;;;;;
57916;;;;;;
ЦБ-00033468;;;;;;
РТ-00014677;;;;;;
ЦБ-00120281;;;;;;
ЦБ-00194699;;;;;;
РТ-00008691;;;;;;
ЦБ-00002749;;;;;;
ЦБ-00002750;;;;;;
ЦБ-00002751;;;;;;
ЦБ-00037210;;;;;;
64454;;;;;;
РТ-00013214;;;;;;
ЦБ-00194587;;;;;;
ЦБ-00071898;;;;;;
ЦБ-00032940;;;;;;
ЦБ-00071895;;;;;;
РТ-00008531;;;;;;
ЦБ-00031541;;;;;;
РТ-00008658;;;;;;
ЦБ-00002753;;;;;;
ЦБ-00002754;;;;;;
РТ-00001152;;;;;;
ЦБ-00035838;;;;;;
ЦБ-00039463;;;;;;
ЦБ-00002755;;;;;;
ЦБ-00039458;;;;;;
РТ-00003920;;;;;;
РТ-00002739;;;;;;
ЦБ-00030722;;;;;;
ЦБ-00035069;;;;;;
ЦБ-00036534;;;;;;
РТ-00004154;;;;;;
РТ-00004582;;;;;;
РТ-00004224;;;;;;
РТ-00004225;;;;;;
РТ-00003918;;;;;;
РТ-00007249;;;;;;
ЦБ-00120796;;;;;;
ЦБ-00194048;;;;;;
ЦБ-00002772;;;;;;
ЦБ-00030074;;;;;;
ЦБ-00026723;;;;;;
ЦБ-00025692;;;;;;
ЦБ-00010343;;;;;;
ЦБ-00035464;;;;;;
ЦБ-00033298;;;;;;
ЦБ-00016484;;;;;;
ЦБ-00002756;;;;;;
ЦБ-00002757;;;;;;
ЦБ-00002771;;;;;;
ЦБ-00030723;;;;;;
ЦБ-00015318;;;;;;
ЦБ-00034278;;;;;;
ЦБ-00034279;;;;;;
ЦБ-00021799;;;;;;
ЦБ-00002758;;;;;;
ЦБ-00002773;;;;;;
ЦБ-00002774;;;;;;
ЦБ-00030078;;;;;;
ЦБ-00039915;;;;;;
РТ-00013213;;;;;;
ЦБ-00040190;;;;;;
ЦБ-00150868;;;;;;
ЦБ-00182176;;;;;;
ЦБ-00099299;;;;;;
ЦБ-00002759;;;;;;
ЦБ-00166913;;;;;;
ЦБ-00141177;;;;;;
ЦБ-00152956;;;;;;
ЦБ-00187410;;;;;;
ЦБ-00182250;;;;;;
ЦБ-00160645;;;;;;
ЦБ-00183232;;;;;;
ЦБ-00175741;;;;;;
ЦБ-00182171;;;;;;
ЦБ-00159464;;;;;;
ЦБ-00169980;;;;;;
ЦБ-00150975;;;;;;
ЦБ-00182251;;;;;;
ЦБ-00182175;;;;;;
ЦБ-00162386;;;;;;
ЦБ-00002770;;;;;;
ЦБ-00030075;;;;;;
ЦБ-00025542;;;;;;
ЦБ-00021801;;;;;;
ЦБ-00002768;;;;;;
ЦБ-00002769;;;;;;
ЦБ-00122406;;;;;;
ЦБ-00133734;;;;;;
ЦБ-00170355;;;;;;
ЦБ-00034987;;;;;;
ЦБ-00032892;;;;;;
РТ-00007142;;;;;;
ЦБ-00002760;;;;;;
ЦБ-00002761;;;;;;
ЦБ-00032847;;;;;;
ЦБ-00021800;;;;;;
ЦБ-00002762;;;;;;
ЦБ-00015316;;;;;;
РТ-00010016;;;;;;
ЦБ-00020200;;;;;;
ЦБ-00015317;;;;;;
ЦБ-00002766;;;;;;
ЦБ-00037033;;;;;;
ЦБ-00040563;;;;;;
ЦБ-00033775;;;;;;
ЦБ-00150097;;;;;;
ЦБ-00027024;;;;;;
ЦБ-00010342;;;;;;
ЦБ-00002767;;;;;;
РТ-00014080;;;;;;
РТ-00003365;;;;;;
ЦБ-00040191;;;;;;
РТ-00000028;;;;;;
ЦБ-00002764;;;;;;
ЦБ-00002765;;;;;;
РТ-00008164;;;;;;
ЦБ-00035142;;;;;;
ЦБ-00002763;;;;;;
РТ-00007141;;;;;;
ЦБ-00030076;;;;;;
ЦБ-00016784;;;;;;
ЦБ-00040090;;;;;;
ЦБ-00143381;;;;;;
ЦБ-00142739;;;;;;
ЦБ-00010344;;;;;;
РТ-00000772;;;;;;
ЦБ-00032986;;;;;;
ЦБ-00016492;;;;;;
ЦБ-00030077;;;;;;
ЦБ-00015041;;;;;;
РТ-00003058;;;;;;
РТ-00000151;;;;;;
РТ-00008508;;;;;;
ЦБ-00038610;;;;;;
ЦБ-00161961;;;;;;
ЦБ-00170738;;;;;;
ЦБ-00169493;;;;;;
ЦБ-00172667;;;;;;
ЦБ-00172668;;;;;;
РТ-00014305;;;;;;
ЦБ-00096785;;;;;;
ЦБ-00095779;;;;;;
ЦБ-00108647;;;;;;
ЦБ-00145867;;;;;;
ЦБ-00159389;;;;;;
ЦБ-00160080;;;;;;
ЦБ-00158582;;;;;;
ЦБ-00177550;;;;;;
ЦБ-00168893;;;;;;
ЦБ-00130477;;;;;;
ЦБ-00010484;;;;;;
ЦБ-00010485;;;;;;
ЦБ-00010486;;;;;;
ЦБ-00010487;;;;;;
ЦБ-00010488;;;;;;
ЦБ-00010489;;;;;;
РТ-00008826;;;;;;
ЦБ-00127140;;;;;;
РТ-00008199;;;;;;
ЦБ-00124174;;;;;;
ЦБ-00191922;;;;;;
ЦБ-00178550;;;;;;
ЦБ-00189986;;;;;;
ЦБ-00188679;;;;;;
ЦБ-00179151;;;;;;
ЦБ-00188605;;;;;;
ЦБ-00193775;;;;;;
ЦБ-00176591;;;;;;
ЦБ-00189179;;;;;;
ЦБ-00010495;;;;;;
ЦБ-00010494;;;;;;
ЦБ-00153328;;;;;;
РТ-00002819;;;;;;
ЦБ-00010496;;;;;;
ЦБ-00010500;;;;;;
ЦБ-00010499;;;;;;
ЦБ-00010498;;;;;;
ЦБ-00010497;;;;;;
ЦБ-00010501;;;;;;
ЦБ-00034084;;;;;;
ЦБ-00034147;;;;;;
ЦБ-00034085;;;;;;
ЦБ-00034148;;;;;;
ЦБ-00010507;;;;;;
ЦБ-00010508;;;;;;
ЦБ-00146669;;;;;;
ЦБ-00010502;;;;;;
ЦБ-00010503;;;;;;
ЦБ-00010505;;;;;;
ЦБ-00010509;;;;;;
ЦБ-00010510;;;;;;
ЦБ-00010506;;;;;;
ЦБ-00010512;;;;;;
ЦБ-00010511;;;;;;
ЦБ-00010513;;;;;;
ЦБ-00010504;;;;;;
ЦБ-00010514;;;;;;
РТ-00014548;;;;;;
РТ-00011152;;;;;;
ЦБ-00118120;;;;;;
РТ-00010254;;;;;;
ЦБ-00179327;;;;;;
ЦБ-00179715;;;;;;
ЦБ-00179419;;;;;;
ЦБ-00186935;;;;;;
ЦБ-00160534;;;;;;
ЦБ-00184422;;;;;;
ЦБ-00127537;;;;;;
ЦБ-00123265;;;;;;
ЦБ-00192647;;;;;;
ЦБ-00123266;;;;;;
РТ-00012576;;;;;;
ЦБ-00195180;;;;;;
ЦБ-00122199;;;;;;
ЦБ-00127234;;;;;;
ЦБ-00144002;;;;;;
ЦБ-00176520;;;;;;
РТ-00010784;;;;;;
РТ-00012688;;;;;;
ЦБ-00195013;;;;;;
РТ-00014169;;;;;;
ЦБ-00123608;;;;;;
ЦБ-00120275;;;;;;
РТ-00005978;;;;;;
РТ-00014621;;;;;;
ЦБ-00141921;;;;;;
ЦБ-00171845;;;;;;
ЦБ-00016786;;;;;;
ЦБ-00180045;;;;;;
ЦБ-00174551;;;;;;
ЦБ-00173206;;;;;;
ЦБ-00002783;;;;;;
РТ-00001336;;;;;;
ЦБ-00153890;;;;;;
ЦБ-00185645;;;;;;
ЦБ-00010535;;;;;;
ЦБ-00192034;;;;;;
ЦБ-00161339;;;;;;
ЦБ-00002792;;;;;;
ЦБ-00016299;;;;;;
РТ-00008403;;;;;;
ЦБ-00142598;;;;;;
ЦБ-00150869;;;;;;
РТ-00011225;;;;;;
РТ-00011845;;;;;;
ЦБ-00173313;;;;;;
ЦБ-00191485;;;;;;
ЦБ-00191125;;;;;;
ЦБ-00187217;;;;;;
ЦБ-00187218;;;;;;
ЦБ-00153878;;;;;;
ЦБ-00002802;;;;;;
ЦБ-00010551;;;;;;
ЦБ-00010552;;;;;;
ЦБ-00175833;;;;;;
ЦБ-00037559;;;;;;
ЦБ-00036372;;;;;;
РТ-00000628;;;;;;
РТ-00000050;;;;;;
ЦБ-00036249;;;;;;
ЦБ-00036189;;;;;;
РТ-00001402;;;;;;
ЦБ-00036250;;;;;;
ЦБ-00163606;;;;;;
ЦБ-00137915;;;;;;
ЦБ-00125719;;;;;;
ЦБ-00112350;;;;;;
ЦБ-00181248;;;;;;
ЦБ-00020947;;;;;;
ЦБ-00175159;;;;;;
ЦБ-00131129;;;;;;
ЦБ-00175293;;;;;;
ЦБ-00023311;;;;;;
ЦБ-00010554;;;;;;
ЦБ-00160678;;;;;;
ЦБ-00171260;;;;;;
РТ-00002192;;;;;;
РТ-00006393;;;;;;
ЦБ-00128112;;;;;;
ЦБ-00157916;;;;;;
ЦБ-00127616;;;;;;
ЦБ-00143942;;;;;;
РТ-00013295;;;;;;
ЦБ-00002814;;;;;;
РТ-00013075;;;;;;
ЦБ-00160035;;;;;;
ЦБ-00021240;;;;;;
ЦБ-00002826;;;;;;
ЦБ-00155431;;;;;;
ЦБ-00033891;;;;;;
ЦБ-00119711;;;;;;
ЦБ-00119712;;;;;;
ЦБ-00003661;;;;;;
ЦБ-00003662;;;;;;
ЦБ-00015326;;;;;;
ЦБ-00036973;;;;;;
ЦБ-00036974;;;;;;
ЦБ-00036975;;;;;;
ЦБ-00002854;;;;;;
ЦБ-00010665;;;;;;
ЦБ-00025839;;;;;;
ЦБ-00002853;;;;;;
ЦБ-00144850;;;;;;
ЦБ-00120115;;;;;;
ЦБ-00002878;;;;;;
ЦБ-00002879;;;;;;
ЦБ-00168275;;;;;;
ЦБ-00193154;;;;;;
ЦБ-00193155;;;;;;
ЦБ-00068988;;;;;;
ЦБ-00002909;;;;;;
ЦБ-00002910;;;;;;
ЦБ-00189568;;;;;;
ЦБ-00189003;;;;;;
ЦБ-00184120;;;;;;
ЦБ-00186934;;;;;;
ЦБ-00186656;;;;;;
ЦБ-00002923;;;;;;
ЦБ-00033781;;;;;;
ЦБ-00123544;;;;;;
ЦБ-00163774;;;;;;
ЦБ-00153373;;;;;;
ЦБ-00119303;;;;;;
ЦБ-00186621;;;;;;
ЦБ-00149209;;;;;;
ЦБ-00119726;;;;;;
РТ-00010430;;;;;;
РТ-00013192;;;;;;
ЦБ-00119725;;;;;;
РТ-00013196;;;;;;
ЦБ-00002928;;;;;;
ЦБ-00161891;;;;;;
ЦБ-00010748;;;;;;
ЦБ-00186154;;;;;;
ЦБ-00186155;;;;;;
ЦБ-00170036;;;;;;
ЦБ-00018670;;;;;;
ЦБ-00018671;;;;;;
ЦБ-00018672;;;;;;
ЦБ-00016795;;;;;;
РТ-00000461;;;;;;
ЦБ-00038021;;;;;;
ЦБ-00006479;;;;;;
ЦБ-00008107;;;;;;
ЦБ-00011262;;;;;;
ЦБ-00011303;;;;;;
ЦБ-00099304;;;;;;
ЦБ-00167321;;;;;;
ЦБ-00139743;;;;;;
ЦБ-00146817;;;;;;
ЦБ-00125233;;;;;;
ЦБ-00152298;;;;;;
ЦБ-00164003;;;;;;
РТ-00006313;;;;;;
ЦБ-00186634;;;;;;
ЦБ-00038468;;;;;;
ЦБ-00031346;;;;;;
РТ-00009035;;;;;;
ЦБ-00159136;;;;;;
РТ-00004160;;;;;;
ЦБ-00031397;;;;;;
ЦБ-00039305;;;;;;
РТ-00008055;;;;;;
РТ-00007269;;;;;;
ЦБ-00031350;;;;;;
РТ-00001277;;;;;;
ЦБ-00155894;;;;;;
ЦБ-00158422;;;;;;
ЦБ-00187825;;;;;;
ЦБ-00038474;;;;;;
РТ-00001280;;;;;;
ЦБ-00031355;;;;;;
ЦБ-00038473;;;;;;
ЦБ-00184865;;;;;;
ЦБ-00159135;;;;;;
ЦБ-00039304;;;;;;
ЦБ-00031348;;;;;;
ЦБ-00031352;;;;;;
ЦБ-00031365;;;;;;
ЦБ-00036421;;;;;;
ЦБ-00031370;;;;;;
РТ-00006906;;;;;;
ЦБ-00031371;;;;;;
ЦБ-00031372;;;;;;
ЦБ-00031373;;;;;;
ЦБ-00039306;;;;;;
РТ-00005476;;;;;;
ЦБ-00178908;;;;;;
ЦБ-00178378;;;;;;
ЦБ-00180011;;;;;;
ЦБ-00191551;;;;;;
ЦБ-00175526;;;;;;
ЦБ-00190795;;;;;;
ЦБ-00179547;;;;;;
ЦБ-00177891;;;;;;
ЦБ-00176118;;;;;;
ЦБ-00180345;;;;;;
ЦБ-00180028;;;;;;
ЦБ-00190624;;;;;;
ЦБ-00177757;;;;;;
ЦБ-00181861;;;;;;
ЦБ-00194285;;;;;;
РТ-00010078;;;;;;
РТ-00011318;;;;;;
ЦБ-00153171;;;;;;
ЦБ-00120852;;;;;;
ЦБ-00120853;;;;;;
ЦБ-00120854;;;;;;
РТ-00011320;;;;;;
ЦБ-00181830;;;;;;
РТ-00000688;;;;;;
РТ-00000689;;;;;;
РТ-00005578;;;;;;
ЦБ-00026911;;;;;;
ЦБ-00037264;;;;;;
ЦБ-00026909;;;;;;
ЦБ-00026914;;;;;;
ЦБ-00026915;;;;;;
ЦБ-00026913;;;;;;
ЦБ-00026912;;;;;;
ЦБ-00037265;;;;;;
ЦБ-00026910;;;;;;
ЦБ-00037263;;;;;;
ЦБ-00026908;;;;;;
ЦБ-00122969;;;;;;
ЦБ-00126816;;;;;;
ЦБ-00127958;;;;;;
ЦБ-00124388;;;;;;
ЦБ-00122502;;;;;;
ЦБ-00149897;;;;;;
ЦБ-00122769;;;;;;
ЦБ-00021809;;;;;;
РТ-00003264;;;;;;
ЦБ-00032967;;;;;;
ЦБ-00110353;;;;;;
ЦБ-00081850;;;;;;
ЦБ-00033589;;;;;;
ЦБ-00010938;;;;;;
ЦБ-00002985;;;;;;
ЦБ-00093135;;;;;;
ЦБ-00176190;;;;;;
ЦБ-00193997;;;;;;
ЦБ-00032998;;;;;;
ЦБ-00032999;;;;;;
ЦБ-00033000;;;;;;
ЦБ-00032754;;;;;;
ЦБ-00032755;;;;;;
ЦБ-00192837;;;;;;
ЦБ-00156894;;;;;;
ЦБ-00039782;;;;;;
ЦБ-00142601;;;;;;
ЦБ-00175604;;;;;;
ЦБ-00185648;;;;;;
ЦБ-00173498;;;;;;
ЦБ-00127243;;;;;;
ЦБ-00142522;;;;;;
ЦБ-00087264;;;;;;
ЦБ-00176329;;;;;;
ЦБ-00141170;;;;;;
ЦБ-00142602;;;;;;
ЦБ-00152337;;;;;;
РТ-00000980;;;;;;
РТ-00000983;;;;;;
РТ-00000984;;;;;;
РТ-00000985;;;;;;
РТ-00000986;;;;;;
РТ-00000981;;;;;;
РТ-00000982;;;;;;
РТ-00000993;;;;;;
РТ-00000991;;;;;;
РТ-00000992;;;;;;
РТ-00000987;;;;;;
РТ-00000988;;;;;;
РТ-00000989;;;;;;
РТ-00000990;;;;;;
РТ-00000997;;;;;;
РТ-00000996;;;;;;
РТ-00000995;;;;;;
РТ-00000998;;;;;;
РТ-00000999;;;;;;
РТ-00000994;;;;;;
РТ-00001000;;;;;;
РТ-00001002;;;;;;
РТ-00001003;;;;;;
РТ-00001004;;;;;;
РТ-00001005;;;;;;
РТ-00001006;;;;;;
РТ-00001007;;;;;;
РТ-00001008;;;;;;
РТ-00001009;;;;;;
РТ-00001010;;;;;;
РТ-00001001;;;;;;
ЦБ-00128216;;;;;;
ЦБ-00133901;;;;;;
ЦБ-00023203;;;;;;
ЦБ-00023226;;;;;;
ЦБ-00038250;;;;;;
ЦБ-00027217;;;;;;
РТ-00000548;;;;;;
ЦБ-00132922;;;;;;
ЦБ-00147048;;;;;;
ЦБ-00134415;;;;;;
ЦБ-00135600;;;;;;
ЦБ-00177801;;;;;;
ЦБ-00177802;;;;;;
ЦБ-00177803;;;;;;
ЦБ-00177804;;;;;;
ЦБ-00177805;;;;;;
ЦБ-00177806;;;;;;
ЦБ-00177800;;;;;;
ЦБ-00177807;;;;;;
ЦБ-00177808;;;;;;
ЦБ-00177784;;;;;;
ЦБ-00177785;;;;;;
ЦБ-00177786;;;;;;
ЦБ-00177787;;;;;;
ЦБ-00177788;;;;;;
ЦБ-00177789;;;;;;
ЦБ-00177791;;;;;;
ЦБ-00177793;;;;;;
ЦБ-00177794;;;;;;
ЦБ-00177783;;;;;;
ЦБ-00177795;;;;;;
ЦБ-00177796;;;;;;
ЦБ-00177797;;;;;;
ЦБ-00177798;;;;;;
ЦБ-00177799;;;;;;
ЦБ-00177819;;;;;;
ЦБ-00186735;;;;;;
ЦБ-00187995;;;;;;
ЦБ-00186430;;;;;;
ЦБ-00186507;;;;;;
ЦБ-00186431;;;;;;
ЦБ-00189077;;;;;;
ЦБ-00186635;;;;;;
ЦБ-00189958;;;;;;
ЦБ-00189245;;;;;;
ЦБ-00187312;;;;;;
ЦБ-00189666;;;;;;
ЦБ-00166147;;;;;;
ЦБ-00163170;;;;;;
ЦБ-00161241;;;;;;
ЦБ-00125507;;;;;;
ЦБ-00123120;;;;;;
ЦБ-00133156;;;;;;
ЦБ-00125506;;;;;;
ЦБ-00124405;;;;;;
ЦБ-00124404;;;;;;
ЦБ-00123549;;;;;;
ЦБ-00132318;;;;;;
ЦБ-00130001;;;;;;
ЦБ-00003059;;;;;;
ЦБ-00178804;;;;;;
ЦБ-00131131;;;;;;
РТ-00013604;;;;;;
ЦБ-00171892;;;;;;
ЦБ-00191801;;;;;;
РТ-00012046;;;;;;
ЦБ-00177429;;;;;;
ЦБ-00003075;;;;;;
ЦБ-00169994;;;;;;
ЦБ-00193213;;;;;;
ЦБ-00167932;;;;;;
ЦБ-00193214;;;;;;
ЦБ-00193215;;;;;;
ЦБ-00167917;;;;;;
ЦБ-00168785;;;;;;
ЦБ-00172779;;;;;;
ЦБ-00168786;;;;;;
ЦБ-00172780;;;;;;
ЦБ-00168787;;;;;;
ЦБ-00167936;;;;;;
ЦБ-00193216;;;;;;
ЦБ-00168788;;;;;;
ЦБ-00172769;;;;;;
ЦБ-00172771;;;;;;
ЦБ-00167929;;;;;;
ЦБ-00172776;;;;;;
ЦБ-00172777;;;;;;
ЦБ-00169993;;;;;;
ЦБ-00167930;;;;;;
ЦБ-00167937;;;;;;
ЦБ-00167915;;;;;;
ЦБ-00176714;;;;;;
ЦБ-00176717;;;;;;
ЦБ-00176718;;;;;;
ЦБ-00176719;;;;;;
ЦБ-00176715;;;;;;
ЦБ-00176716;;;;;;
ЦБ-00176720;;;;;;
ЦБ-00188369;;;;;;
ЦБ-00170736;;;;;;
ЦБ-00167556;;;;;;
ЦБ-00167913;;;;;;
ЦБ-00169379;;;;;;
ЦБ-00122279;;;;;;
ЦБ-00128019;;;;;;
ЦБ-00122825;;;;;;
ЦБ-00187829;;;;;;
ЦБ-00179164;;;;;;
ЦБ-00176922;;;;;;
ЦБ-00179041;;;;;;
ЦБ-00156966;;;;;;
ЦБ-00156494;;;;;;
ЦБ-00127912;;;;;;
ЦБ-00118490;;;;;;
ЦБ-00003088;;;;;;
ЦБ-00105464;;;;;;
ЦБ-00003092;;;;;;
ЦБ-00003095;;;;;;
РТ-00010287;;;;;;
РТ-00014644;;;;;;
РТ-00000952;;;;;;
РТ-00000954;;;;;;
ЦБ-00150099;;;;;;
ЦБ-00146929;;;;;;
РТ-00000953;;;;;;
РТ-00009506;;;;;;
РТ-00009507;;;;;;
РТ-00010158;;;;;;
РТ-00009508;;;;;;
РТ-00010186;;;;;;
РТ-00009509;;;;;;
РТ-00010209;;;;;;
РТ-00009510;;;;;;
РТ-00010234;;;;;;
РТ-00010255;;;;;;
РТ-00010269;;;;;;
РТ-00009511;;;;;;
РТ-00009512;;;;;;
РТ-00009513;;;;;;
РТ-00009514;;;;;;
РТ-00009515;;;;;;
РТ-00010146;;;;;;
РТ-00010153;;;;;;
РТ-00010097;;;;;;
РТ-00009516;;;;;;
РТ-00009517;;;;;;
РТ-00010159;;;;;;
РТ-00009518;;;;;;
РТ-00010187;;;;;;
РТ-00009519;;;;;;
РТ-00010210;;;;;;
РТ-00009520;;;;;;
РТ-00010235;;;;;;
ЦБ-00172809;;;;;;
РТ-00010256;;;;;;
РТ-00010270;;;;;;
РТ-00009521;;;;;;
РТ-00009522;;;;;;
РТ-00009523;;;;;;
РТ-00009640;;;;;;
РТ-00009524;;;;;;
РТ-00009525;;;;;;
РТ-00010160;;;;;;
РТ-00009526;;;;;;
РТ-00010188;;;;;;
РТ-00009527;;;;;;
РТ-00010211;;;;;;
РТ-00009528;;;;;;
РТ-00010236;;;;;;
РТ-00010257;;;;;;
РТ-00010271;;;;;;
ЦБ-00123552;;;;;;
РТ-00009529;;;;;;
РТ-00009530;;;;;;
РТ-00013705;;;;;;
РТ-00009531;;;;;;
РТ-00009532;;;;;;
РТ-00009533;;;;;;
РТ-00009534;;;;;;
РТ-00009535;;;;;;
РТ-00009536;;;;;;
РТ-00009537;;;;;;
РТ-00010507;;;;;;
РТ-00009538;;;;;;
РТ-00009539;;;;;;
РТ-00010161;;;;;;
РТ-00009540;;;;;;
РТ-00010189;;;;;;
РТ-00009541;;;;;;
РТ-00010212;;;;;;
РТ-00009542;;;;;;
РТ-00009543;;;;;;
РТ-00009544;;;;;;
РТ-00009545;;;;;;
РТ-00009546;;;;;;
РТ-00009547;;;;;;
РТ-00010162;;;;;;
РТ-00009548;;;;;;
РТ-00010190;;;;;;
РТ-00009549;;;;;;
РТ-00010213;;;;;;
РТ-00009550;;;;;;
РТ-00010237;;;;;;
РТ-00010258;;;;;;
РТ-00010272;;;;;;
РТ-00009551;;;;;;
РТ-00009552;;;;;;
РТ-00009553;;;;;;
РТ-00009554;;;;;;
РТ-00009555;;;;;;
РТ-00009556;;;;;;
РТ-00010163;;;;;;
РТ-00009557;;;;;;
РТ-00010191;;;;;;
РТ-00009558;;;;;;
РТ-00010214;;;;;;
РТ-00009559;;;;;;
РТ-00010238;;;;;;
РТ-00010259;;;;;;
РТ-00010273;;;;;;
РТ-00009560;;;;;;
РТ-00009561;;;;;;
РТ-00009562;;;;;;
РТ-00012231;;;;;;
РТ-00009563;;;;;;
РТ-00009564;;;;;;
РТ-00009565;;;;;;
РТ-00009566;;;;;;
РТ-00009567;;;;;;
РТ-00009568;;;;;;
РТ-00009569;;;;;;
РТ-00009570;;;;;;
РТ-00009571;;;;;;
РТ-00010917;;;;;;
РТ-00010239;;;;;;
РТ-00010260;;;;;;
РТ-00010164;;;;;;
РТ-00010192;;;;;;
РТ-00010215;;;;;;
РТ-00010240;;;;;;
РТ-00010261;;;;;;
РТ-00010274;;;;;;
РТ-00010098;;;;;;
РТ-00010106;;;;;;
РТ-00010115;;;;;;
РТ-00010123;;;;;;
РТ-00010131;;;;;;
РТ-00010138;;;;;;
РТ-00009572;;;;;;
РТ-00009573;;;;;;
РТ-00010165;;;;;;
РТ-00009574;;;;;;
РТ-00010193;;;;;;
РТ-00009575;;;;;;
РТ-00010216;;;;;;
РТ-00009576;;;;;;
РТ-00010275;;;;;;
РТ-00009577;;;;;;
РТ-00009578;;;;;;
РТ-00009579;;;;;;
РТ-00009580;;;;;;
РТ-00009581;;;;;;
РТ-00010166;;;;;;
РТ-00009582;;;;;;
РТ-00010194;;;;;;
РТ-00010217;;;;;;
РТ-00010241;;;;;;
РТ-00010262;;;;;;
РТ-00010276;;;;;;
РТ-00009583;;;;;;
РТ-00009584;;;;;;
РТ-00010124;;;;;;
РТ-00010132;;;;;;
РТ-00010139;;;;;;
РТ-00009585;;;;;;
РТ-00009586;;;;;;
РТ-00009587;;;;;;
РТ-00009588;;;;;;
РТ-00009589;;;;;;
РТ-00009590;;;;;;
РТ-00009591;;;;;;
РТ-00010099;;;;;;
РТ-00010109;;;;;;
РТ-00010114;;;;;;
РТ-00010119;;;;;;
РТ-00010122;;;;;;
РТ-00010145;;;;;;
РТ-00010177;;;;;;
РТ-00010206;;;;;;
РТ-00010227;;;;;;
РТ-00010247;;;;;;
РТ-00010267;;;;;;
РТ-00010283;;;;;;
РТ-00010091;;;;;;
РТ-00010096;;;;;;
РТ-00010105;;;;;;
РТ-00000948;;;;;;
РТ-00000955;;;;;;
РТ-00000956;;;;;;
РТ-00000949;;;;;;
РТ-00000958;;;;;;
РТ-00000960;;;;;;
РТ-00000950;;;;;;
РТ-00000951;;;;;;
РТ-00000959;;;;;;
РТ-00009601;;;;;;
РТ-00009602;;;;;;
РТ-00010168;;;;;;
РТ-00009603;;;;;;
РТ-00010196;;;;;;
РТ-00009604;;;;;;
РТ-00010218;;;;;;
РТ-00009605;;;;;;
РТ-00010242;;;;;;
РТ-00010263;;;;;;
РТ-00010278;;;;;;
РТ-00009606;;;;;;
РТ-00009607;;;;;;
РТ-00009608;;;;;;
РТ-00009609;;;;;;
РТ-00009610;;;;;;
РТ-00013754;;;;;;
РТ-00009611;;;;;;
РТ-00009612;;;;;;
РТ-00012595;;;;;;
РТ-00009613;;;;;;
РТ-00014747;;;;;;
РТ-00012232;;;;;;
РТ-00009614;;;;;;
РТ-00009615;;;;;;
РТ-00009616;;;;;;
РТ-00009617;;;;;;
РТ-00012228;;;;;;
РТ-00012229;;;;;;
РТ-00012230;;;;;;
РТ-00009618;;;;;;
РТ-00009619;;;;;;
РТ-00009620;;;;;;
РТ-00010197;;;;;;
РТ-00009621;;;;;;
РТ-00010219;;;;;;
РТ-00009622;;;;;;
РТ-00013126;;;;;;
РТ-00013127;;;;;;
РТ-00010264;;;;;;
РТ-00010279;;;;;;
РТ-00009623;;;;;;
РТ-00009624;;;;;;
РТ-00009625;;;;;;
РТ-00012930;;;;;;
РТ-00009626;;;;;;
РТ-00012807;;;;;;
РТ-00009627;;;;;;
РТ-00012931;;;;;;
РТ-00012233;;;;;;
ЦБ-00166439;;;;;;
РТ-00009592;;;;;;
РТ-00009593;;;;;;
РТ-00010167;;;;;;
РТ-00009594;;;;;;
РТ-00010195;;;;;;
РТ-00009595;;;;;;
РТ-00009596;;;;;;
РТ-00012932;;;;;;
РТ-00010277;;;;;;
ЦБ-00117640;;;;;;
РТ-00009597;;;;;;
РТ-00009598;;;;;;
РТ-00009599;;;;;;
РТ-00009600;;;;;;
РТ-00010125;;;;;;
РТ-00010133;;;;;;
РТ-00010140;;;;;;
РТ-00009628;;;;;;
РТ-00010169;;;;;;
РТ-00009629;;;;;;
РТ-00010198;;;;;;
РТ-00009630;;;;;;
РТ-00010220;;;;;;
РТ-00010280;;;;;;
РТ-00010126;;;;;;
РТ-00010134;;;;;;
РТ-00010141;;;;;;
РТ-00009631;;;;;;
РТ-00009632;;;;;;
РТ-00009633;;;;;;
РТ-00009634;;;;;;
РТ-00010127;;;;;;
РТ-00010135;;;;;;
РТ-00010100;;;;;;
РТ-00010107;;;;;;
РТ-00010116;;;;;;
РТ-00010117;;;;;;
РТ-00010120;;;;;;
РТ-00010136;;;;;;
РТ-00010142;;;;;;
РТ-00010147;;;;;;
РТ-00010154;;;;;;
РТ-00010180;;;;;;
РТ-00010229;;;;;;
РТ-00010128;;;;;;
РТ-00010143;;;;;;
РТ-00010151;;;;;;
РТ-00010092;;;;;;
РТ-00010101;;;;;;
РТ-00010108;;;;;;
РТ-00010113;;;;;;
РТ-00010118;;;;;;
РТ-00010121;;;;;;
РТ-00011140;;;;;;
ЦБ-00162265;;;;;;
РТ-00010148;;;;;;
РТ-00010155;;;;;;
РТ-00010230;;;;;;
РТ-00010281;;;;;;
РТ-00010093;;;;;;
РТ-00010102;;;;;;
РТ-00010110;;;;;;
РТ-00010149;;;;;;
РТ-00010156;;;;;;
РТ-00010221;;;;;;
РТ-00010129;;;;;;
РТ-00010170;;;;;;
РТ-00010181;;;;;;
РТ-00010199;;;;;;
РТ-00010231;;;;;;
РТ-00010243;;;;;;
РТ-00010094;;;;;;
РТ-00010103;;;;;;
РТ-00010111;;;;;;
РТ-00010171;;;;;;
РТ-00010152;;;;;;
РТ-00010184;;;;;;
РТ-00010232;;;;;;
РТ-00010182;;;;;;
РТ-00010178;;;;;;
РТ-00014397;;;;;;
РТ-00010207;;;;;;
РТ-00010228;;;;;;
РТ-00010249;;;;;;
РТ-00010284;;;;;;
РТ-00010179;;;;;;
РТ-00010185;;;;;;
РТ-00010208;;;;;;
РТ-00010233;;;;;;
РТ-00010248;;;;;;
РТ-00010250;;;;;;
РТ-00010268;;;;;;
РТ-00010285;;;;;;
РТ-00009635;;;;;;
РТ-00009636;;;;;;
РТ-00010172;;;;;;
РТ-00009637;;;;;;
РТ-00010200;;;;;;
РТ-00009638;;;;;;
РТ-00010222;;;;;;
РТ-00009639;;;;;;
РТ-00010244;;;;;;
РТ-00014824;;;;;;
РТ-00000965;;;;;;
РТ-00009641;;;;;;
РТ-00009642;;;;;;
РТ-00010173;;;;;;
РТ-00009643;;;;;;
РТ-00010201;;;;;;
РТ-00009644;;;;;;
РТ-00010223;;;;;;
РТ-00009645;;;;;;
РТ-00012235;;;;;;
РТ-00012234;;;;;;
РТ-00009646;;;;;;
РТ-00009647;;;;;;
РТ-00009648;;;;;;
РТ-00009649;;;;;;
РТ-00013526;;;;;;
РТ-00010174;;;;;;
РТ-00010202;;;;;;
РТ-00010224;;;;;;
РТ-00010245;;;;;;
РТ-00010265;;;;;;
РТ-00010282;;;;;;
РТ-00010130;;;;;;
РТ-00010137;;;;;;
РТ-00010144;;;;;;
РТ-00000966;;;;;;
РТ-00000967;;;;;;
РТ-00000968;;;;;;
РТ-00000947;;;;;;
РТ-00000946;;;;;;
ЦБ-00188631;;;;;;
ЦБ-00188639;;;;;;
ЦБ-00188644;;;;;;
ЦБ-00188372;;;;;;
ЦБ-00176709;;;;;;
ЦБ-00176708;;;;;;
РТ-00009840;;;;;;
РТ-00009650;;;;;;
РТ-00010175;;;;;;
РТ-00009651;;;;;;
РТ-00010203;;;;;;
РТ-00009652;;;;;;
РТ-00010225;;;;;;
РТ-00009653;;;;;;
РТ-00010246;;;;;;
РТ-00010266;;;;;;
ЦБ-00181408;;;;;;
РТ-00009654;;;;;;
РТ-00009655;;;;;;
РТ-00009656;;;;;;
РТ-00010150;;;;;;
РТ-00010157;;;;;;
РТ-00010183;;;;;;
РТ-00010090;;;;;;
РТ-00010095;;;;;;
РТ-00010104;;;;;;
РТ-00010112;;;;;;
РТ-00009657;;;;;;
РТ-00010176;;;;;;
РТ-00010204;;;;;;
РТ-00009658;;;;;;
РТ-00009659;;;;;;
РТ-00009660;;;;;;
РТ-00009661;;;;;;
РТ-00009662;;;;;;
ЦБ-00176710;;;;;;
ЦБ-00176711;;;;;;
ЦБ-00176712;;;;;;
ЦБ-00188649;;;;;;
ЦБ-00188650;;;;;;
РТ-00009663;;;;;;
РТ-00009664;;;;;;
ЦБ-00190633;;;;;;
РТ-00009665;;;;;;
РТ-00010205;;;;;;
РТ-00010226;;;;;;
РТ-00009666;;;;;;
РТ-00009667;;;;;;
РТ-00009668;;;;;;
ЦБ-00158454;;;;;;
РТ-00000969;;;;;;
РТ-00000964;;;;;;
РТ-00000970;;;;;;
ЦБ-00121252;;;;;;
РТ-00000957;;;;;;
ЦБ-00130521;;;;;;
ЦБ-00025073;;;;;;
ЦБ-00158597;;;;;;
ЦБ-00160987;;;;;;
ЦБ-00160988;;;;;;
ЦБ-00011115;;;;;;
ЦБ-00158598;;;;;;
ЦБ-00160989;;;;;;
ЦБ-00160990;;;;;;
ЦБ-00158599;;;;;;
ЦБ-00160991;;;;;;
ЦБ-00160992;;;;;;
ЦБ-00158600;;;;;;
ЦБ-00160993;;;;;;
ЦБ-00160994;;;;;;
ЦБ-00158601;;;;;;
ЦБ-00160995;;;;;;
ЦБ-00160996;;;;;;
ЦБ-00158602;;;;;;
ЦБ-00160997;;;;;;
ЦБ-00160998;;;;;;
ЦБ-00158603;;;;;;
ЦБ-00160999;;;;;;
ЦБ-00161000;;;;;;
ЦБ-00158604;;;;;;
ЦБ-00161001;;;;;;
ЦБ-00161002;;;;;;
ЦБ-00158605;;;;;;
ЦБ-00161003;;;;;;
ЦБ-00161004;;;;;;
ЦБ-00158606;;;;;;
ЦБ-00161005;;;;;;
ЦБ-00161006;;;;;;
ЦБ-00158607;;;;;;
ЦБ-00161007;;;;;;
ЦБ-00161008;;;;;;
ЦБ-00158608;;;;;;
ЦБ-00161009;;;;;;
ЦБ-00161010;;;;;;
ЦБ-00158609;;;;;;
ЦБ-00161011;;;;;;
ЦБ-00161012;;;;;;
ЦБ-00158610;;;;;;
ЦБ-00161013;;;;;;
ЦБ-00161014;;;;;;
ЦБ-00158611;;;;;;
ЦБ-00161015;;;;;;
ЦБ-00161016;;;;;;
ЦБ-00158612;;;;;;
ЦБ-00161017;;;;;;
ЦБ-00161018;;;;;;
ЦБ-00158613;;;;;;
ЦБ-00161019;;;;;;
ЦБ-00161020;;;;;;
ЦБ-00158614;;;;;;
ЦБ-00161021;;;;;;
ЦБ-00161022;;;;;;
ЦБ-00158615;;;;;;
ЦБ-00161023;;;;;;
ЦБ-00161024;;;;;;
ЦБ-00158616;;;;;;
ЦБ-00161025;;;;;;
ЦБ-00161026;;;;;;
ЦБ-00158617;;;;;;
ЦБ-00161027;;;;;;
ЦБ-00161028;;;;;;
ЦБ-00158618;;;;;;
ЦБ-00161029;;;;;;
ЦБ-00161030;;;;;;
ЦБ-00158619;;;;;;
ЦБ-00161031;;;;;;
ЦБ-00161032;;;;;;
ЦБ-00158620;;;;;;
ЦБ-00161033;;;;;;
ЦБ-00161034;;;;;;
ЦБ-00158621;;;;;;
ЦБ-00161035;;;;;;
ЦБ-00161036;;;;;;
ЦБ-00158622;;;;;;
ЦБ-00161037;;;;;;
ЦБ-00161038;;;;;;
ЦБ-00158623;;;;;;
ЦБ-00161039;;;;;;
ЦБ-00161040;;;;;;
ЦБ-00158624;;;;;;
ЦБ-00161041;;;;;;
ЦБ-00161042;;;;;;
ЦБ-00158625;;;;;;
ЦБ-00161043;;;;;;
ЦБ-00161044;;;;;;
РТ-00001013;;;;;;
РТ-00001014;;;;;;
ЦБ-00019766;;;;;;
РТ-00001439;;;;;;
РТ-00001440;;;;;;
РТ-00001030;;;;;;
РТ-00001040;;;;;;
РТ-00001039;;;;;;
РТ-00001438;;;;;;
ЦБ-00151154;;;;;;
РТ-00001537;;;;;;
РТ-00001017;;;;;;
РТ-00001022;;;;;;
РТ-00001019;;;;;;
РТ-00001041;;;;;;
РТ-00001018;;;;;;
РТ-00001042;;;;;;
РТ-00001436;;;;;;
РТ-00001015;;;;;;
РТ-00001433;;;;;;
РТ-00001026;;;;;;
РТ-00001434;;;;;;
РТ-00001435;;;;;;
РТ-00001023;;;;;;
РТ-00001437;;;;;;
РТ-00001442;;;;;;
РТ-00001441;;;;;;
ЦБ-00146168;;;;;;
РТ-00001011;;;;;;
РТ-00001012;;;;;;
ЦБ-00135515;;;;;;
ЦБ-00143318;;;;;;
ЦБ-00026521;;;;;;
ЦБ-00011116;;;;;;
ЦБ-00011117;;;;;;
ЦБ-00011118;;;;;;
ЦБ-00011119;;;;;;
ЦБ-00030754;;;;;;
ЦБ-00011120;;;;;;
ЦБ-00011121;;;;;;
ЦБ-00011122;;;;;;
ЦБ-00011123;;;;;;
ЦБ-00011124;;;;;;
ЦБ-00011125;;;;;;
ЦБ-00011126;;;;;;
ЦБ-00011127;;;;;;
ЦБ-00011128;;;;;;
ЦБ-00011129;;;;;;
ЦБ-00011130;;;;;;
ЦБ-00011131;;;;;;
ЦБ-00011132;;;;;;
ЦБ-00011133;;;;;;
ЦБ-00011134;;;;;;
ЦБ-00011135;;;;;;
ЦБ-00011136;;;;;;
ЦБ-00011137;;;;;;
ЦБ-00011138;;;;;;
ЦБ-00011139;;;;;;
ЦБ-00011140;;;;;;
ЦБ-00011141;;;;;;
ЦБ-00011142;;;;;;
ЦБ-00011143;;;;;;
ЦБ-00011144;;;;;;
ЦБ-00011145;;;;;;
ЦБ-00011146;;;;;;
ЦБ-00011147;;;;;;
ЦБ-00011148;;;;;;
ЦБ-00011149;;;;;;
ЦБ-00011150;;;;;;
ЦБ-00011151;;;;;;
ЦБ-00011152;;;;;;
ЦБ-00011153;;;;;;
ЦБ-00119708;;;;;;
ЦБ-00011154;;;;;;
ЦБ-00011155;;;;;;
ЦБ-00011156;;;;;;
ЦБ-00011157;;;;;;
ЦБ-00011158;;;;;;
ЦБ-00011159;;;;;;
ЦБ-00011160;;;;;;
ЦБ-00011161;;;;;;
ЦБ-00011162;;;;;;
ЦБ-00032935;;;;;;
РТ-00006757;;;;;;
ЦБ-00032936;;;;;;
ЦБ-00033570;;;;;;
ЦБ-00011163;;;;;;
ЦБ-00034041;;;;;;
ЦБ-00011164;;;;;;
ЦБ-00011165;;;;;;
ЦБ-00033337;;;;;;
ЦБ-00033772;;;;;;
ЦБ-00011166;;;;;;
ЦБ-00011167;;;;;;
ЦБ-00011168;;;;;;
ЦБ-00034029;;;;;;
ЦБ-00030755;;;;;;
ЦБ-00033238;;;;;;
ЦБ-00033338;;;;;;
ЦБ-00011169;;;;;;
ЦБ-00033239;;;;;;
ЦБ-00032937;;;;;;
ЦБ-00011170;;;;;;
ЦБ-00011171;;;;;;
ЦБ-00034028;;;;;;
ЦБ-00032938;;;;;;
ЦБ-00033577;;;;;;
ЦБ-00031498;;;;;;
ЦБ-00031497;;;;;;
ЦБ-00033579;;;;;;
ЦБ-00033571;;;;;;
ЦБ-00011172;;;;;;
ЦБ-00033240;;;;;;
ЦБ-00033572;;;;;;
ЦБ-00033578;;;;;;
ЦБ-00034042;;;;;;
ЦБ-00034043;;;;;;
ЦБ-00011173;;;;;;
ЦБ-00011174;;;;;;
ЦБ-00032939;;;;;;
РТ-00015018;;;;;;
ЦБ-00033336;;;;;;
ЦБ-00161217;;;;;;
ЦБ-00118776;;;;;;
ЦБ-00011177;;;;;;
ЦБ-00011175;;;;;;
ЦБ-00011176;;;;;;
РТ-00002933;;;;;;
ЦБ-00011178;;;;;;
ЦБ-00011179;;;;;;
ЦБ-00011180;;;;;;
РТ-00006225;;;;;;
РТ-00001027;;;;;;
РТ-00001035;;;;;;
РТ-00001031;;;;;;
РТ-00001034;;;;;;
РТ-00001043;;;;;;
РТ-00001036;;;;;;
РТ-00001545;;;;;;
РТ-00001029;;;;;;
РТ-00001432;;;;;;
РТ-00001431;;;;;;
РТ-00001421;;;;;;
РТ-00001419;;;;;;
РТ-00001420;;;;;;
РТ-00001443;;;;;;
РТ-00001444;;;;;;
РТ-00001445;;;;;;
РТ-00001422;;;;;;
РТ-00001021;;;;;;
РТ-00001446;;;;;;
РТ-00001025;;;;;;
РТ-00001024;;;;;;
РТ-00001544;;;;;;
РТ-00001543;;;;;;
РТ-00001020;;;;;;
РТ-00001044;;;;;;
РТ-00001032;;;;;;
РТ-00001033;;;;;;
РТ-00001016;;;;;;
РТ-00001045;;;;;;
РТ-00001037;;;;;;
РТ-00001046;;;;;;
РТ-00001028;;;;;;
РТ-00001427;;;;;;
РТ-00001392;;;;;;
ЦБ-00158626;;;;;;
ЦБ-00161045;;;;;;
ЦБ-00161046;;;;;;
ЦБ-00011181;;;;;;
ЦБ-00011182;;;;;;
ЦБ-00183379;;;;;;
ЦБ-00003108;;;;;;
ЦБ-00038795;;;;;;
РТ-00013611;;;;;;
ЦБ-00003116;;;;;;
ЦБ-00035080;;;;;;
РТ-00010994;;;;;;
ЦБ-00189109;;;;;;
ЦБ-00036209;;;;;;
РТ-00002603;;;;;;
РТ-00001396;;;;;;
ЦБ-00143078;;;;;;
ЦБ-00068018;;;;;;
ЦБ-00086482;;;;;;
ЦБ-00127776;;;;;;
ЦБ-00011249;;;;;;
ЦБ-00011250;;;;;;
ЦБ-00037929;;;;;;
ЦБ-00156842;;;;;;
ЦБ-00178133;;;;;;
ЦБ-00178792;;;;;;
ЦБ-00177692;;;;;;
ЦБ-00184509;;;;;;
ЦБ-00156844;;;;;;
ЦБ-00146251;;;;;;
ЦБ-00151844;;;;;;
ЦБ-00127587;;;;;;
ЦБ-00128264;;;;;;
ЦБ-00178192;;;;;;
ЦБ-00151860;;;;;;
ЦБ-00171968;;;;;;
ЦБ-00003208;;;;;;
ЦБ-00011304;;;;;;
ЦБ-00185555;;;;;;
ЦБ-00185556;;;;;;
ЦБ-00185557;;;;;;
ЦБ-00082370;;;;;;
ЦБ-00082371;;;;;;
ЦБ-00116884;;;;;;
ЦБ-00119548;;;;;;
ЦБ-00082369;;;;;;
ЦБ-00173128;;;;;;
ЦБ-00039590;;;;;;
ЦБ-00039591;;;;;;
РТ-00006208;;;;;;
ЦБ-00039592;;;;;;
ЦБ-00039593;;;;;;
РТ-00006209;;;;;;
РТ-00008637;;;;;;
ЦБ-00147147;;;;;;
ЦБ-00187029;;;;;;
ЦБ-00187010;;;;;;
ЦБ-00189613;;;;;;
ЦБ-00191707;;;;;;
ЦБ-00187011;;;;;;
ЦБ-00026271;;;;;;
ЦБ-00171539;;;;;;
ЦБ-00170184;;;;;;
ЦБ-00173069;;;;;;
ЦБ-00160976;;;;;;
ЦБ-00160502;;;;;;
ЦБ-00160669;;;;;;
ЦБ-00176173;;;;;;
ЦБ-00181515;;;;;;
ЦБ-00160918;;;;;;
ЦБ-00170099;;;;;;
ЦБ-00191970;;;;;;
ЦБ-00179597;;;;;;
ЦБ-00160126;;;;;;
ЦБ-00176143;;;;;;
ЦБ-00170231;;;;;;
ЦБ-00180324;;;;;;
ЦБ-00159095;;;;;;
ЦБ-00003265;;;;;;
ЦБ-00003266;;;;;;
ЦБ-00157667;;;;;;
ЦБ-00152349;;;;;;
ЦБ-00157990;;;;;;
ЦБ-00155946;;;;;;
ЦБ-00154640;;;;;;
РТ-00013041;;;;;;
ЦБ-00003305;;;;;;
ЦБ-00161251;;;;;;
ЦБ-00161252;;;;;;
ЦБ-00160309;;;;;;
ЦБ-00160310;;;;;;
ЦБ-00163563;;;;;;
ЦБ-00164203;;;;;;
ЦБ-00164202;;;;;;
ЦБ-00160308;;;;;;
ЦБ-00160307;;;;;;
ЦБ-00161253;;;;;;
ЦБ-00171190;;;;;;
ЦБ-00168837;;;;;;
ЦБ-00166059;;;;;;
ЦБ-00166191;;;;;;
ЦБ-00166718;;;;;;
ЦБ-00168040;;;;;;
ЦБ-00182808;;;;;;
РТ-00003904;;;;;;
ЦБ-00002317;;;;;;
ЦБ-00011410;;;;;;
ЦБ-00002318;;;;;;
ЦБ-00018138;;;;;;
ЦБ-00019952;;;;;;
ЦБ-00158445;;;;;;
ЦБ-00158446;;;;;;
ЦБ-00011427;;;;;;
ЦБ-00011428;;;;;;
ЦБ-00020498;;;;;;
ЦБ-00011429;;;;;;
ЦБ-00011430;;;;;;
РТ-00002921;;;;;;
ЦБ-00026411;;;;;;
ЦБ-00017077;;;;;;
ЦБ-00011431;;;;;;
ЦБ-00026762;;;;;;
ЦБ-00011435;;;;;;
ЦБ-00011432;;;;;;
ЦБ-00011433;;;;;;
ЦБ-00011436;;;;;;
ЦБ-00011434;;;;;;
ЦБ-00022801;;;;;;
ЦБ-00152203;;;;;;
ЦБ-00027443;;;;;;
ЦБ-00011438;;;;;;
ЦБ-00011440;;;;;;
ЦБ-00011439;;;;;;
ЦБ-00011437;;;;;;
ЦБ-00011442;;;;;;
РТ-00002120;;;;;;
ЦБ-00168267;;;;;;
ЦБ-00011443;;;;;;
ЦБ-00011444;;;;;;
ЦБ-00158250;;;;;;
ЦБ-00022618;;;;;;
ЦБ-00020669;;;;;;
РТ-00010755;;;;;;
РТ-00011579;;;;;;
ЦБ-00011445;;;;;;
ЦБ-00011446;;;;;;
ЦБ-00011447;;;;;;
ЦБ-00023074;;;;;;
ЦБ-00030655;;;;;;
ЦБ-00030773;;;;;;
ЦБ-00126853;;;;;;
ЦБ-00011450;;;;;;
ЦБ-00156960;;;;;;
ЦБ-00011452;;;;;;
ЦБ-00017751;;;;;;
ЦБ-00011453;;;;;;
ЦБ-00011456;;;;;;
ЦБ-00011458;;;;;;
ЦБ-00011460;;;;;;
ЦБ-00011461;;;;;;
ЦБ-00011462;;;;;;
ЦБ-00011463;;;;;;
ЦБ-00011464;;;;;;
ЦБ-00011468;;;;;;
ЦБ-00011469;;;;;;
ЦБ-00011470;;;;;;
ЦБ-00011471;;;;;;
ЦБ-00027170;;;;;;
ЦБ-00027171;;;;;;
ЦБ-00009221;;;;;;
ЦБ-00011476;;;;;;
ЦБ-00011477;;;;;;
ЦБ-00011479;;;;;;
ЦБ-00011478;;;;;;
ЦБ-00011481;;;;;;
ЦБ-00011480;;;;;;
ЦБ-00011482;;;;;;
ЦБ-00181842;;;;;;
ЦБ-00011483;;;;;;
РТ-00007192;;;;;;
ЦБ-00011484;;;;;;
ЦБ-00019852;;;;;;
ЦБ-00011495;;;;;;
ЦБ-00015448;;;;;;
ЦБ-00191898;;;;;;
ЦБ-00185859;;;;;;
ЦБ-00179276;;;;;;
ЦБ-00011496;;;;;;
ЦБ-00011497;;;;;;
ЦБ-00011498;;;;;;
ЦБ-00011499;;;;;;
ЦБ-00147122;;;;;;
ЦБ-00026856;;;;;;
ЦБ-00011500;;;;;;
ЦБ-00011506;;;;;;
ЦБ-00188266;;;;;;
ЦБ-00022092;;;;;;
ЦБ-00011509;;;;;;
ЦБ-00011510;;;;;;
ЦБ-00018228;;;;;;
ЦБ-00011511;;;;;;
ЦБ-00011512;;;;;;
ЦБ-00011514;;;;;;
ЦБ-00124575;;;;;;
ЦБ-00015148;;;;;;
ЦБ-00011515;;;;;;
ЦБ-00015446;;;;;;
ЦБ-00011518;;;;;;
ЦБ-00011517;;;;;;
ЦБ-00011516;;;;;;
ЦБ-00011520;;;;;;
ЦБ-00011521;;;;;;
ЦБ-00011523;;;;;;
ЦБ-00122552;;;;;;
ЦБ-00011524;;;;;;
ЦБ-00011525;;;;;;
ЦБ-00011526;;;;;;
ЦБ-00011527;;;;;;
РТ-00003029;;;;;;
ЦБ-00011533;;;;;;
ЦБ-00011532;;;;;;
ЦБ-00011534;;;;;;
ЦБ-00020665;;;;;;
ЦБ-00020576;;;;;;
ЦБ-00033487;;;;;;
ЦБ-00011539;;;;;;
ЦБ-00131380;;;;;;
ЦБ-00131454;;;;;;
ЦБ-00131275;;;;;;
ЦБ-00131331;;;;;;
ЦБ-00030776;;;;;;
ЦБ-00011544;;;;;;
РТ-00013584;;;;;;
РТ-00014373;;;;;;
РТ-00013692;;;;;;
ЦБ-00118841;;;;;;
РТ-00001810;;;;;;
РТ-00004594;;;;;;
ЦБ-00167867;;;;;;
ЦБ-00016528;;;;;;
ЦБ-00016529;;;;;;
ЦБ-00026789;;;;;;
ЦБ-00023111;;;;;;
ЦБ-00018437;;;;;;
ЦБ-00159817;;;;;;
ЦБ-00023224;;;;;;
ЦБ-00020880;;;;;;
ЦБ-00165778;;;;;;
ЦБ-00011555;;;;;;
ЦБ-00011553;;;;;;
ЦБ-00011554;;;;;;
ЦБ-00180381;;;;;;
ЦБ-00011559;;;;;;
ЦБ-00011556;;;;;;
ЦБ-00011557;;;;;;
ЦБ-00011558;;;;;;
ЦБ-00011560;;;;;;
ЦБ-00165775;;;;;;
ЦБ-00017078;;;;;;
ЦБ-00011561;;;;;;
ЦБ-00011562;;;;;;
ЦБ-00030777;;;;;;
ЦБ-00011563;;;;;;
РТ-00002368;;;;;;
ЦБ-00030778;;;;;;
ЦБ-00011564;;;;;;
ЦБ-00188316;;;;;;
ЦБ-00011565;;;;;;
ЦБ-00011566;;;;;;
ЦБ-00011567;;;;;;
ЦБ-00039587;;;;;;
РТ-00006508;;;;;;
РТ-00006696;;;;;;
ЦБ-00026452;;;;;;
ЦБ-00030954;;;;;;
ЦБ-00031496;;;;;;
ЦБ-00012655;;;;;;
ЦБ-00011418;;;;;;
ЦБ-00012657;;;;;;
ЦБ-00012658;;;;;;
ЦБ-00012659;;;;;;
ЦБ-00012660;;;;;;
ЦБ-00012661;;;;;;
ЦБ-00012662;;;;;;
ЦБ-00012663;;;;;;
ЦБ-00012664;;;;;;
ЦБ-00018412;;;;;;
ЦБ-00018413;;;;;;
ЦБ-00018414;;;;;;
ЦБ-00015447;;;;;;
ЦБ-00012651;;;;;;
ЦБ-00018415;;;;;;
ЦБ-00023316;;;;;;
ЦБ-00012653;;;;;;
ЦБ-00011582;;;;;;
РТ-00001401;;;;;;
РТ-00001400;;;;;;
ЦБ-00011422;;;;;;
ЦБ-00011590;;;;;;
ЦБ-00011424;;;;;;
ЦБ-00011594;;;;;;
РТ-00001599;;;;;;
ЦБ-00011595;;;;;;
ЦБ-00011425;;;;;;
ЦБ-00011597;;;;;;
ЦБ-00011421;;;;;;
РТ-00007617;;;;;;
РТ-00005653;;;;;;
РТ-00001503;;;;;;
РТ-00004248;;;;;;
РТ-00003502;;;;;;
РТ-00002360;;;;;;
РТ-00001591;;;;;;
РТ-00002354;;;;;;
РТ-00002356;;;;;;
РТ-00002357;;;;;;
РТ-00002358;;;;;;
ЦБ-00016277;;;;;;
ЦБ-00024921;;;;;;
ЦБ-00017744;;;;;;
ЦБ-00011625;;;;;;
ЦБ-00011626;;;;;;
ЦБ-00011627;;;;;;
ЦБ-00011628;;;;;;
ЦБ-00019916;;;;;;
ЦБ-00011629;;;;;;
ЦБ-00011630;;;;;;
ЦБ-00011631;;;;;;
ЦБ-00011632;;;;;;
ЦБ-00017745;;;;;;
ЦБ-00011633;;;;;;
ЦБ-00011634;;;;;;
ЦБ-00011635;;;;;;
ЦБ-00011636;;;;;;
ЦБ-00187460;;;;;;
ЦБ-00116956;;;;;;
ЦБ-00011448;;;;;;
ЦБ-00011451;;;;;;
ЦБ-00030965;;;;;;
ЦБ-00011449;;;;;;
ЦБ-00039014;;;;;;
ЦБ-00039577;;;;;;
РТ-00010891;;;;;;
ЦБ-00040425;;;;;;
РТ-00010817;;;;;;
ЦБ-00011454;;;;;;
ЦБ-00011455;;;;;;
ЦБ-00011459;;;;;;
ЦБ-00011465;;;;;;
ЦБ-00017076;;;;;;
ЦБ-00038820;;;;;;
ЦБ-00035805;;;;;;
ЦБ-00026219;;;;;;
ЦБ-00018787;;;;;;
РТ-00001398;;;;;;
РТ-00001397;;;;;;
РТ-00001399;;;;;;
РТ-00006083;;;;;;
ЦБ-00020653;;;;;;
ЦБ-00030781;;;;;;
ЦБ-00011637;;;;;;
ЦБ-00011530;;;;;;
ЦБ-00011638;;;;;;
ЦБ-00011639;;;;;;
ЦБ-00085825;;;;;;
ЦБ-00146945;;;;;;
ЦБ-00040471;;;;;;
ЦБ-00037413;;;;;;
РТ-00003201;;;;;;
РТ-00014184;;;;;;
ЦБ-00171509;;;;;;
ЦБ-00148962;;;;;;
РТ-00010820;;;;;;
РТ-00011372;;;;;;
ЦБ-00036004;;;;;;
ЦБ-00034429;;;;;;
ЦБ-00027336;;;;;;
ЦБ-00159897;;;;;;
ЦБ-00159898;;;;;;
ЦБ-00159899;;;;;;
ЦБ-00126845;;;;;;
ЦБ-00159748;;;;;;
ЦБ-00159503;;;;;;
РТ-00003503;;;;;;
ЦБ-00034357;;;;;;
ЦБ-00034358;;;;;;
ЦБ-00034359;;;;;;
ЦБ-00124396;;;;;;
ЦБ-00123559;;;;;;
ЦБ-00123182;;;;;;
ЦБ-00024902;;;;;;
ЦБ-00021340;;;;;;
ЦБ-00130543;;;;;;
ЦБ-00122775;;;;;;
РТ-00004735;;;;;;
ЦБ-00026857;;;;;;
ЦБ-00169469;;;;;;
ЦБ-00123183;;;;;;
ЦБ-00124510;;;;;;
ЦБ-00125483;;;;;;
ЦБ-00123014;;;;;;
ЦБ-00124631;;;;;;
ЦБ-00131297;;;;;;
ЦБ-00191530;;;;;;
ЦБ-00192143;;;;;;
ЦБ-00190766;;;;;;
ЦБ-00192144;;;;;;
ЦБ-00190850;;;;;;
ЦБ-00167344;;;;;;
ЦБ-00168155;;;;;;
ЦБ-00167873;;;;;;
ЦБ-00032527;;;;;;
ЦБ-00124509;;;;;;
ЦБ-00125658;;;;;;
ЦБ-00124507;;;;;;
ЦБ-00024922;;;;;;
ЦБ-00035798;;;;;;
ЦБ-00011672;;;;;;
ЦБ-00011671;;;;;;
ЦБ-00039732;;;;;;
ЦБ-00025303;;;;;;
ЦБ-00022895;;;;;;
ЦБ-00011669;;;;;;
ЦБ-00165754;;;;;;
ЦБ-00017491;;;;;;
ЦБ-00032442;;;;;;
РТ-00003421;;;;;;
ЦБ-00035674;;;;;;
ЦБ-00011676;;;;;;
РТ-00000832;;;;;;
ЦБ-00011677;;;;;;
ЦБ-00117759;;;;;;
ЦБ-00011678;;;;;;
РТ-00000833;;;;;;
ЦБ-00011679;;;;;;
РТ-00000408;;;;;;
ЦБ-00040355;;;;;;
ЦБ-00033569;;;;;;
ЦБ-00165749;;;;;;
ЦБ-00165753;;;;;;
ЦБ-00165757;;;;;;
ЦБ-00165750;;;;;;
ЦБ-00165758;;;;;;
ЦБ-00175165;;;;;;
ЦБ-00165755;;;;;;
ЦБ-00165751;;;;;;
ЦБ-00165759;;;;;;
ЦБ-00165752;;;;;;
ЦБ-00165748;;;;;;
ЦБ-00165756;;;;;;
ЦБ-00165747;;;;;;
ЦБ-00011687;;;;;;
ЦБ-00124394;;;;;;
ЦБ-00011683;;;;;;
ЦБ-00011684;;;;;;
РТ-00001879;;;;;;
ЦБ-00011685;;;;;;
ЦБ-00011686;;;;;;
ЦБ-00011688;;;;;;
РТ-00001878;;;;;;
ЦБ-00011689;;;;;;
ЦБ-00188500;;;;;;
ЦБ-00040079;;;;;;
ЦБ-00038534;;;;;;
ЦБ-00011695;;;;;;
ЦБ-00017229;;;;;;
РТ-00005809;;;;;;
ЦБ-00011699;;;;;;
ЦБ-00016519;;;;;;
ЦБ-00011701;;;;;;
ЦБ-00011698;;;;;;
ЦБ-00011700;;;;;;
ЦБ-00038191;;;;;;
ЦБ-00186581;;;;;;
ЦБ-00035130;;;;;;
РТ-00002136;;;;;;
РТ-00002873;;;;;;
ЦБ-00168847;;;;;;
ЦБ-00173421;;;;;;
ЦБ-00175676;;;;;;
ЦБ-00173759;;;;;;
ЦБ-00175654;;;;;;
РТ-00009841;;;;;;
ЦБ-00035941;;;;;;
ЦБ-00011704;;;;;;
ЦБ-00011705;;;;;;
ЦБ-00027335;;;;;;
ЦБ-00027343;;;;;;
ЦБ-00027342;;;;;;
ЦБ-00027341;;;;;;
ЦБ-00027340;;;;;;
ЦБ-00027339;;;;;;
ЦБ-00027338;;;;;;
ЦБ-00027337;;;;;;
ЦБ-00133898;;;;;;
ЦБ-00022676;;;;;;
ЦБ-00011712;;;;;;
ЦБ-00127041;;;;;;
ЦБ-00125229;;;;;;
ЦБ-00098751;;;;;;
ЦБ-00160484;;;;;;
ЦБ-00117412;;;;;;
ЦБ-00156178;;;;;;
ЦБ-00120220;;;;;;
ЦБ-00147077;;;;;;
ЦБ-00119999;;;;;;
ЦБ-00156179;;;;;;
ЦБ-00177745;;;;;;
ЦБ-00118620;;;;;;
ЦБ-00179722;;;;;;
ЦБ-00168895;;;;;;
ЦБ-00176581;;;;;;
ЦБ-00176579;;;;;;
ЦБ-00176580;;;;;;
ЦБ-00176571;;;;;;
ЦБ-00176572;;;;;;
ЦБ-00176569;;;;;;
ЦБ-00176570;;;;;;
ЦБ-00184913;;;;;;
ЦБ-00155555;;;;;;
ЦБ-00183014;;;;;;
ЦБ-00158495;;;;;;
ЦБ-00178909;;;;;;
ЦБ-00023949;;;;;;
ЦБ-00161766;;;;;;
ЦБ-00025946;;;;;;
ЦБ-00003330;;;;;;
РТ-00002936;;;;;;
ЦБ-00025947;;;;;;
ЦБ-00011870;;;;;;
ЦБ-00011871;;;;;;
ЦБ-00003333;;;;;;
ЦБ-00003334;;;;;;
ЦБ-00168629;;;;;;
РТ-00002536;;;;;;
ЦБ-00163675;;;;;;
ЦБ-00125479;;;;;;
ЦБ-00184516;;;;;;
ЦБ-00025551;;;;;;
ЦБ-00066073;;;;;;
ЦБ-00151883;;;;;;
ЦБ-00148116;;;;;;
ЦБ-00003364;;;;;;
ЦБ-00003363;;;;;;
ЦБ-00025948;;;;;;
ЦБ-00162915;;;;;;
ЦБ-00003362;;;;;;
ЦБ-00167846;;;;;;
ЦБ-00162411;;;;;;
ЦБ-00180546;;;;;;
ЦБ-00163943;;;;;;
ЦБ-00003366;;;;;;
РТ-00014896;;;;;;
ЦБ-00118753;;;;;;
ЦБ-00130550;;;;;;
ЦБ-00012000;;;;;;
ЦБ-00012002;;;;;;
ЦБ-00012003;;;;;;
ЦБ-00012004;;;;;;
ЦБ-00039043;;;;;;
РТ-00010600;;;;;;
ЦБ-00157654;;;;;;
ЦБ-00157655;;;;;;
ЦБ-00039905;;;;;;
РТ-00007086;;;;;;
РТ-00009104;;;;;;
РТ-00009996;;;;;;
РТ-00006189;;;;;;
РТ-00011872;;;;;;
РТ-00006188;;;;;;
РТ-00006763;;;;;;
РТ-00008042;;;;;;
РТ-00013572;;;;;;
ЦБ-00120486;;;;;;
ЦБ-00020495;;;;;;
ЦБ-00015572;;;;;;
ЦБ-00017867;;;;;;
РТ-00000941;;;;;;
ЦБ-00018561;;;;;;
РТ-00003505;;;;;;
ЦБ-00194189;;;;;;
ЦБ-00020729;;;;;;
РТ-00003506;;;;;;
ЦБ-00189523;;;;;;
ЦБ-00021002;;;;;;
РТ-00000942;;;;;;
ЦБ-00187977;;;;;;
ЦБ-00021196;;;;;;
ЦБ-00126817;;;;;;
ЦБ-00020730;;;;;;
ЦБ-00033401;;;;;;
ЦБ-00023956;;;;;;
ЦБ-00021210;;;;;;
ЦБ-00023954;;;;;;
ЦБ-00021209;;;;;;
ЦБ-00012008;;;;;;
ЦБ-00020699;;;;;;
ЦБ-00022777;;;;;;
ЦБ-00191531;;;;;;
ЦБ-00021208;;;;;;
ЦБ-00023953;;;;;;
ЦБ-00023946;;;;;;
ЦБ-00021201;;;;;;
ЦБ-00190257;;;;;;
ЦБ-00023955;;;;;;
ЦБ-00021197;;;;;;
ЦБ-00023926;;;;;;
ЦБ-00012011;;;;;;
ЦБ-00125649;;;;;;
ЦБ-00012007;;;;;;
ЦБ-00039061;;;;;;
ЦБ-00017613;;;;;;
ЦБ-00020542;;;;;;
ЦБ-00017404;;;;;;
ЦБ-00017498;;;;;;
ЦБ-00017403;;;;;;
ЦБ-00017397;;;;;;
ЦБ-00012009;;;;;;
ЦБ-00012010;;;;;;
ЦБ-00017393;;;;;;
ЦБ-00017398;;;;;;
ЦБ-00020621;;;;;;
ЦБ-00022548;;;;;;
ЦБ-00022549;;;;;;
ЦБ-00020620;;;;;;
ЦБ-00017614;;;;;;
ЦБ-00017615;;;;;;
ЦБ-00012005;;;;;;
ЦБ-00022355;;;;;;
ЦБ-00017604;;;;;;
ЦБ-00017402;;;;;;
ЦБ-00018315;;;;;;
ЦБ-00020813;;;;;;
ЦБ-00023015;;;;;;
ЦБ-00017495;;;;;;
ЦБ-00017605;;;;;;
ЦБ-00018314;;;;;;
ЦБ-00017602;;;;;;
ЦБ-00017497;;;;;;
ЦБ-00024001;;;;;;
ЦБ-00017685;;;;;;
ЦБ-00017612;;;;;;
ЦБ-00023214;;;;;;
ЦБ-00130561;;;;;;
ЦБ-00122780;;;;;;
ЦБ-00122779;;;;;;
ЦБ-00130562;;;;;;
ЦБ-00130563;;;;;;
ЦБ-00131425;;;;;;
ЦБ-00131607;;;;;;
ЦБ-00037937;;;;;;
РТ-00003405;;;;;;
ЦБ-00120881;;;;;;
РТ-00003278;;;;;;
РТ-00006180;;;;;;
РТ-00003279;;;;;;
РТ-00011008;;;;;;
ЦБ-00033109;;;;;;
ЦБ-00033110;;;;;;
ЦБ-00033111;;;;;;
ЦБ-00030808;;;;;;
ЦБ-00033112;;;;;;
ЦБ-00033120;;;;;;
ЦБ-00030809;;;;;;
ЦБ-00033121;;;;;;
ЦБ-00030807;;;;;;
ЦБ-00015097;;;;;;
ЦБ-00032657;;;;;;
ЦБ-00015623;;;;;;
ЦБ-00015988;;;;;;
ЦБ-00058528;;;;;;
РТ-00011676;;;;;;
РТ-00003984;;;;;;
РТ-00008919;;;;;;
РТ-00006795;;;;;;
РТ-00003628;;;;;;
ЦБ-00038154;;;;;;
РТ-00004621;;;;;;
ЦБ-00119506;;;;;;
ЦБ-00038203;;;;;;
РТ-00012718;;;;;;
РТ-00014235;;;;;;
РТ-00004487;;;;;;
ЦБ-00038739;;;;;;
ЦБ-00031212;;;;;;
ЦБ-00033068;;;;;;
ЦБ-00033069;;;;;;
ЦБ-00036303;;;;;;
ЦБ-00033494;;;;;;
ЦБ-00033070;;;;;;
ЦБ-00036304;;;;;;
ЦБ-00033071;;;;;;
ЦБ-00033492;;;;;;
ЦБ-00033495;;;;;;
ЦБ-00033493;;;;;;
РТ-00001413;;;;;;
РТ-00001416;;;;;;
ЦБ-00021271;;;;;;
ЦБ-00012032;;;;;;
ЦБ-00012033;;;;;;
ЦБ-00012036;;;;;;
ЦБ-00011995;;;;;;
ЦБ-00012037;;;;;;
ЦБ-00012038;;;;;;
ЦБ-00012039;;;;;;
ЦБ-00012040;;;;;;
ЦБ-00012041;;;;;;
ЦБ-00012043;;;;;;
ЦБ-00011993;;;;;;
ЦБ-00026894;;;;;;
ЦБ-00166136;;;;;;
ЦБ-00012054;;;;;;
ЦБ-00012055;;;;;;
ЦБ-00012057;;;;;;
ЦБ-00012056;;;;;;
ЦБ-00030810;;;;;;
РТ-00000008;;;;;;
ЦБ-00123965;;;;;;
ЦБ-00124391;;;;;;
ЦБ-00131336;;;;;;
ЦБ-00124390;;;;;;
ЦБ-00131494;;;;;;
ЦБ-00123385;;;;;;
ЦБ-00123386;;;;;;
ЦБ-00123561;;;;;;
ЦБ-00141997;;;;;;
ЦБ-00125952;;;;;;
ЦБ-00123387;;;;;;
ЦБ-00123009;;;;;;
ЦБ-00122776;;;;;;
ЦБ-00147195;;;;;;
ЦБ-00027600;;;;;;
РТ-00008978;;;;;;
РТ-00008368;;;;;;
ЦБ-00130551;;;;;;
РТ-00013076;;;;;;
РТ-00007956;;;;;;
РТ-00008406;;;;;;
РТ-00009291;;;;;;
РТ-00008595;;;;;;
РТ-00011042;;;;;;
ЦБ-00130552;;;;;;
РТ-00001411;;;;;;
РТ-00001448;;;;;;
РТ-00001412;;;;;;
РТ-00001415;;;;;;
РТ-00001418;;;;;;
ЦБ-00123008;;;;;;
ЦБ-00122777;;;;;;
ЦБ-00130553;;;;;;
ЦБ-00122778;;;;;;
ЦБ-00123271;;;;;;
ЦБ-00122499;;;;;;
ЦБ-00124389;;;;;;
ЦБ-00125652;;;;;;
ЦБ-00130554;;;;;;
ЦБ-00122498;;;;;;
ЦБ-00127013;;;;;;
ЦБ-00122975;;;;;;
ЦБ-00130556;;;;;;
ЦБ-00130559;;;;;;
ЦБ-00130555;;;;;;
ЦБ-00125473;;;;;;
ЦБ-00130557;;;;;;
ЦБ-00130560;;;;;;
ЦБ-00130558;;;;;;
ЦБ-00122500;;;;;;
ЦБ-00017413;;;;;;
ЦБ-00017341;;;;;;
ЦБ-00190636;;;;;;
ЦБ-00017776;;;;;;
ЦБ-00022546;;;;;;
ЦБ-00128106;;;;;;
ЦБ-00017599;;;;;;
ЦБ-00017598;;;;;;
ЦБ-00017596;;;;;;
ЦБ-00017493;;;;;;
00-00009811;;;;;;
ЦБ-00017494;;;;;;
ЦБ-00018006;;;;;;
ЦБ-00018007;;;;;;
ЦБ-00020618;;;;;;
ЦБ-00022545;;;;;;
ЦБ-00020493;;;;;;
ЦБ-00022354;;;;;;
ЦБ-00017597;;;;;;
ЦБ-00017399;;;;;;
ЦБ-00022987;;;;;;
ЦБ-00018371;;;;;;
ЦБ-00036000;;;;;;
ЦБ-00037330;;;;;;
ЦБ-00038252;;;;;;
ЦБ-00038204;;;;;;
ЦБ-00036054;;;;;;
ЦБ-00039295;;;;;;
ЦБ-00040279;;;;;;
ЦБ-00119102;;;;;;
ЦБ-00036213;;;;;;
РТ-00013878;;;;;;
ЦБ-00119259;;;;;;
ЦБ-00037331;;;;;;
ЦБ-00037118;;;;;;
РТ-00001414;;;;;;
РТ-00001417;;;;;;
РТ-00001069;;;;;;
РТ-00001410;;;;;;
РТ-00001447;;;;;;
ЦБ-00012060;;;;;;
ЦБ-00123184;;;;;;
ЦБ-00126818;;;;;;
ЦБ-00125787;;;;;;
ЦБ-00122973;;;;;;
ЦБ-00123562;;;;;;
ЦБ-00124184;;;;;;
ЦБ-00122972;;;;;;
ЦБ-00125228;;;;;;
ЦБ-00125651;;;;;;
ЦБ-00122974;;;;;;
ЦБ-00122595;;;;;;
ЦБ-00122970;;;;;;
ЦБ-00122501;;;;;;
РТ-00001274;;;;;;
ЦБ-00154655;;;;;;
ЦБ-00160257;;;;;;
ЦБ-00003382;;;;;;
ЦБ-00172895;;;;;;
ЦБ-00177598;;;;;;
ЦБ-00154755;;;;;;
ЦБ-00003389;;;;;;
РТ-00008463;;;;;;
ЦБ-00123780;;;;;;
ЦБ-00171848;;;;;;
ЦБ-00153448;;;;;;
ЦБ-00023115;;;;;;
РТ-00011153;;;;;;
ЦБ-00012836;;;;;;
ЦБ-00189021;;;;;;
ЦБ-00188979;;;;;;
ЦБ-00186880;;;;;;
ЦБ-00173359;;;;;;
ЦБ-00169636;;;;;;
ЦБ-00194826;;;;;;
ЦБ-00194593;;;;;;
ЦБ-00003408;;;;;;
ЦБ-00012260;;;;;;
ЦБ-00017041;;;;;;
ЦБ-00006736;;;;;;
ЦБ-00039550;;;;;;
ЦБ-00172788;;;;;;
ЦБ-00039861;;;;;;
РТ-00000922;;;;;;
ЦБ-00034985;;;;;;
ЦБ-00035258;;;;;;
ЦБ-00166452;;;;;;
ЦБ-00166451;;;;;;
ЦБ-00077846;;;;;;
ЦБ-00161105;;;;;;
ЦБ-00171973;;;;;;
ЦБ-00095632;;;;;;
ЦБ-00168064;;;;;;
ЦБ-00185307;;;;;;
ЦБ-00185308;;;;;;
ЦБ-00187073;;;;;;
ЦБ-00185309;;;;;;
ЦБ-00155083;;;;;;
ЦБ-00029916;;;;;;
ЦБ-00026916;;;;;;
ЦБ-00156499;;;;;;
ЦБ-00003445;;;;;;
ЦБ-00037674;;;;;;
ЦБ-00131890;;;;;;
ЦБ-00039541;;;;;;
ЦБ-00174976;;;;;;
ЦБ-00174271;;;;;;
ЦБ-00003467;;;;;;
ЦБ-00026980;;;;;;
ЦБ-00012341;;;;;;
ЦБ-00012342;;;;;;
ЦБ-00169377;;;;;;
ЦБ-00169984;;;;;;
ЦБ-00167938;;;;;;
ЦБ-00167923;;;;;;
ЦБ-00167925;;;;;;
ЦБ-00167933;;;;;;
ЦБ-00183170;;;;;;
ЦБ-00167919;;;;;;
ЦБ-00167934;;;;;;
ЦБ-00167927;;;;;;
ЦБ-00167935;;;;;;
ЦБ-00167926;;;;;;
ЦБ-00188634;;;;;;
ЦБ-00188375;;;;;;
ЦБ-00188635;;;;;;
ЦБ-00176722;;;;;;
ЦБ-00176723;;;;;;
ЦБ-00176724;;;;;;
ЦБ-00188636;;;;;;
ЦБ-00152513;;;;;;
ЦБ-00152514;;;;;;
ЦБ-00152515;;;;;;
ЦБ-00152516;;;;;;
ЦБ-00152517;;;;;;
ЦБ-00152518;;;;;;
ЦБ-00152519;;;;;;
ЦБ-00156612;;;;;;
ЦБ-00155477;;;;;;
ЦБ-00155478;;;;;;
ЦБ-00155479;;;;;;
ЦБ-00155480;;;;;;
ЦБ-00155481;;;;;;
ЦБ-00155482;;;;;;
ЦБ-00152520;;;;;;
ЦБ-00152521;;;;;;
ЦБ-00152522;;;;;;
ЦБ-00152523;;;;;;
ЦБ-00152524;;;;;;
ЦБ-00152525;;;;;;
ЦБ-00152526;;;;;;
ЦБ-00182290;;;;;;
ЦБ-00169991;;;;;;
ЦБ-00169992;;;;;;
ЦБ-00152527;;;;;;
ЦБ-00156387;;;;;;
ЦБ-00157549;;;;;;
ЦБ-00156266;;;;;;
ЦБ-00156613;;;;;;
ЦБ-00156614;;;;;;
ЦБ-00155365;;;;;;
ЦБ-00152528;;;;;;
ЦБ-00152529;;;;;;
ЦБ-00152530;;;;;;
ЦБ-00152531;;;;;;
ЦБ-00152532;;;;;;
ЦБ-00152533;;;;;;
ЦБ-00152534;;;;;;
ЦБ-00152535;;;;;;
ЦБ-00152536;;;;;;
ЦБ-00152537;;;;;;
ЦБ-00152538;;;;;;
ЦБ-00152539;;;;;;
ЦБ-00188367;;;;;;
ЦБ-00152540;;;;;;
ЦБ-00152541;;;;;;
ЦБ-00152542;;;;;;
ЦБ-00152543;;;;;;
ЦБ-00188640;;;;;;
ЦБ-00188645;;;;;;
ЦБ-00156164;;;;;;
ЦБ-00152544;;;;;;
ЦБ-00152545;;;;;;
ЦБ-00155283;;;;;;
ЦБ-00155754;;;;;;
ЦБ-00152546;;;;;;
ЦБ-00152547;;;;;;
ЦБ-00152548;;;;;;
ЦБ-00152549;;;;;;
ЦБ-00152550;;;;;;
ЦБ-00152551;;;;;;
ЦБ-00155755;;;;;;
ЦБ-00155756;;;;;;
ЦБ-00155757;;;;;;
ЦБ-00156615;;;;;;
ЦБ-00152552;;;;;;
ЦБ-00152553;;;;;;
ЦБ-00152554;;;;;;
ЦБ-00152555;;;;;;
ЦБ-00155436;;;;;;
ЦБ-00152556;;;;;;
ЦБ-00152557;;;;;;
ЦБ-00152558;;;;;;
ЦБ-00155483;;;;;;
ЦБ-00155366;;;;;;
ЦБ-00155484;;;;;;
ЦБ-00155485;;;;;;
ЦБ-00155758;;;;;;
ЦБ-00152559;;;;;;
ЦБ-00152560;;;;;;
ЦБ-00152561;;;;;;
ЦБ-00152562;;;;;;
ЦБ-00188646;;;;;;
ЦБ-00188641;;;;;;
ЦБ-00188647;;;;;;
ЦБ-00188364;;;;;;
ЦБ-00029295;;;;;;
ЦБ-00029183;;;;;;
ЦБ-00029184;;;;;;
ЦБ-00132878;;;;;;
ЦБ-00160243;;;;;;
ЦБ-00171098;;;;;;
ЦБ-00039000;;;;;;
РТ-00013035;;;;;;
РТ-00014111;;;;;;
ЦБ-00177697;;;;;;
ЦБ-00177199;;;;;;
ЦБ-00104778;;;;;;
ЦБ-00003479;;;;;;
ЦБ-00021832;;;;;;
РТ-00004221;;;;;;
РТ-00014606;;;;;;
ЦБ-00021568;;;;;;
ЦБ-00003481;;;;;;
РТ-00009284;;;;;;
РТ-00011229;;;;;;
РТ-00006020;;;;;;
ЦБ-00012360;;;;;;
ЦБ-00012361;;;;;;
ЦБ-00003491;;;;;;
ЦБ-00031601;;;;;;
ЦБ-00146595;;;;;;
ЦБ-00003492;;;;;;
ЦБ-00003493;;;;;;
ЦБ-00153995;;;;;;
РТ-00012754;;;;;;
ЦБ-00173034;;;;;;
ЦБ-00003497;;;;;;
ЦБ-00003498;;;;;;
ЦБ-00158407;;;;;;
ЦБ-00175188;;;;;;
ЦБ-00035378;;;;;;
ЦБ-00039886;;;;;;
ЦБ-00171883;;;;;;
ЦБ-00191798;;;;;;
ЦБ-00144873;;;;;;
ЦБ-00003522;;;;;;
ЦБ-00144874;;;;;;
ЦБ-00172719;;;;;;
ЦБ-00169301;;;;;;
ЦБ-00012388;;;;;;
ЦБ-00184649;;;;;;
ЦБ-00121744;;;;;;
ЦБ-00121745;;;;;;
ЦБ-00012396;;;;;;
ЦБ-00021834;;;;;;
ЦБ-00003531;;;;;;
ЦБ-00003532;;;;;;
ЦБ-00003533;;;;;;
ЦБ-00016833;;;;;;
ЦБ-00177333;;;;;;
ЦБ-00034169;;;;;;
ЦБ-00022662;;;;;;
ЦБ-00015346;;;;;;
ЦБ-00015347;;;;;;
ЦБ-00186689;;;;;;
ЦБ-00148864;;;;;;
ЦБ-00163662;;;;;;
ЦБ-00034571;;;;;;
00-00017274;;;;;;
ЦБ-00039978;;;;;;
ЦБ-00181952;;;;;;
ЦБ-00170466;;;;;;
ЦБ-00155949;;;;;;
ЦБ-00168978;;;;;;
ЦБ-00159888;;;;;;
ЦБ-00178467;;;;;;
ЦБ-00178808;;;;;;
ЦБ-00021836;;;;;;
ЦБ-00091954;;;;;;
ЦБ-00012418;;;;;;
ЦБ-00012419;;;;;;
ЦБ-00003557;;;;;;
ЦБ-00012420;;;;;;
ЦБ-00003558;;;;;;
ЦБ-00025324;;;;;;
ЦБ-00025321;;;;;;
ЦБ-00025323;;;;;;
ЦБ-00025320;;;;;;
ЦБ-00025335;;;;;;
ЦБ-00025322;;;;;;
ЦБ-00026933;;;;;;
ЦБ-00026934;;;;;;
ЦБ-00026936;;;;;;
ЦБ-00026937;;;;;;
ЦБ-00026938;;;;;;
ЦБ-00158673;;;;;;
ЦБ-00158674;;;;;;
ЦБ-00150771;;;;;;
ЦБ-00150848;;;;;;
ЦБ-00166727;;;;;;
ЦБ-00166728;;;;;;
ЦБ-00166735;;;;;;
ЦБ-00150774;;;;;;
ЦБ-00159374;;;;;;
ЦБ-00150773;;;;;;
ЦБ-00003566;;;;;;
ЦБ-00031738;;;;;;
ЦБ-00127960;;;;;;
РТ-00008628;;;;;;
ЦБ-00031739;;;;;;
РТ-00004123;;;;;;
ЦБ-00003563;;;;;;
ЦБ-00135522;;;;;;
ЦБ-00003565;;;;;;
ЦБ-00003562;;;;;;
ЦБ-00151962;;;;;;
ЦБ-00119456;;;;;;
ЦБ-00036932;;;;;;
РТ-00001060;;;;;;
ЦБ-00144289;;;;;;
ЦБ-00003564;;;;;;
ЦБ-00003475;;;;;;
ЦБ-00132972;;;;;;
ЦБ-00038144;;;;;;
ЦБ-00068416;;;;;;
ЦБ-00163946;;;;;;
ЦБ-00172183;;;;;;
ЦБ-00175569;;;;;;
ЦБ-00163944;;;;;;
ЦБ-00170740;;;;;;
ЦБ-00185079;;;;;;
ЦБ-00124709;;;;;;
ЦБ-00078873;;;;;;
ЦБ-00176883;;;;;;
ЦБ-00185340;;;;;;
ЦБ-00180158;;;;;;
ЦБ-00193776;;;;;;
ЦБ-00185341;;;;;;
ЦБ-00193999;;;;;;
ЦБ-00176437;;;;;;
ЦБ-00191458;;;;;;
РТ-00007879;;;;;;
ЦБ-00170554;;;;;;
ЦБ-00020070;;;;;;
ЦБ-00116706;;;;;;
ЦБ-00031432;;;;;;
ЦБ-00179544;;;;;;
ЦБ-00146701;;;;;;
ЦБ-00188637;;;;;;
ЦБ-00188642;;;;;;
ЦБ-00188648;;;;;;
ЦБ-00188632;;;;;;
ЦБ-00188638;;;;;;
ЦБ-00176725;;;;;;
ЦБ-00159935;;;;;;
ЦБ-00147455;;;;;;
ЦБ-00186978;;;;;;
ЦБ-00145482;;;;;;
ЦБ-00162021;;;;;;
ЦБ-00143671;;;;;;
ЦБ-00154369;;;;;;
ЦБ-00186685;;;;;;
ЦБ-00134565;;;;;;
ЦБ-00003604;;;;;;
ЦБ-00003605;;;;;;
РТ-00013063;;;;;;
ЦБ-00039551;;;;;;
ЦБ-00039552;;;;;;
ЦБ-00169981;;;;;;
ЦБ-00187320;;;;;;
ЦБ-00164301;;;;;;
РТ-00014276;;;;;;
61268;;;;;;
ЦБ-00141787;;;;;;
ЦБ-00143641;;;;;;
ЦБ-00135933;;;;;;
ЦБ-00145236;;;;;;
ЦБ-00146813;;;;;;
ЦБ-00142524;;;;;;
ЦБ-00166734;;;;;;
ЦБ-00127957;;;;;;
ЦБ-00127182;;;;;;
ЦБ-00133702;;;;;;
ЦБ-00127721;;;;;;
ЦБ-00141788;;;;;;
ЦБ-00012525;;;;;;
ЦБ-00026309;;;;;;
ЦБ-00012526;;;;;;
ЦБ-00026308;;;;;;
ЦБ-00170572;;;;;;
ЦБ-00191115;;;;;;
ЦБ-00168809;;;;;;
ЦБ-00168180;;;;;;
ЦБ-00193190;;;;;;
ЦБ-00193191;;;;;;
ЦБ-00193192;;;;;;
ЦБ-00193193;;;;;;
ЦБ-00193194;;;;;;
ЦБ-00193195;;;;;;
ЦБ-00193196;;;;;;
ЦБ-00176713;;;;;;
ЦБ-00181393;;;;;;
ЦБ-00174941;;;;;;
ЦБ-00181394;;;;;;
ЦБ-00012539;;;;;;
ЦБ-00031427;;;;;;
ЦБ-00154321;;;;;;
ЦБ-00154370;;;;;;
ЦБ-00177469;;;;;;
ЦБ-00156900;;;;;;
ЦБ-00154695;;;;;;
ЦБ-00165772;;;;;;
ЦБ-00165773;;;;;;
ЦБ-00124797;;;;;;
ЦБ-00125633;;;;;;
ЦБ-00117824;;;;;;
ЦБ-00123629;;;;;;
ЦБ-00080379;;;;;;
ЦБ-00183300;;;;;;
ЦБ-00170245;;;;;;
ЦБ-00170247;;;;;;
ЦБ-00117979;;;;;;
ЦБ-00126949;;;;;;
ЦБ-00126948;;;;;;
ЦБ-00185385;;;;;;
ЦБ-00120447;;;;;;
ЦБ-00017796;;;;;;
ЦБ-00025787;;;;;;
ЦБ-00147408;;;;;;
ЦБ-00156500;;;;;;
ЦБ-00161641;;;;;;
ЦБ-00161642;;;;;;
ЦБ-00153308;;;;;;
ЦБ-00153309;;;;;;
ЦБ-00012628;;;;;;
ЦБ-00012629;;;;;;
ЦБ-00012535;;;;;;
ЦБ-00012631;;;;;;
ЦБ-00012632;;;;;;
ЦБ-00012634;;;;;;
ЦБ-00030840;;;;;;
ЦБ-00027643;;;;;;
ЦБ-00024729;;;;;;
РТ-00012585;;;;;;
ЦБ-00024660;;;;;;
ЦБ-00012536;;;;;;
ЦБ-00124783;;;;;;
ЦБ-00162022;;;;;;
ЦБ-00142141;;;;;;
ЦБ-00032008;;;;;;
ЦБ-00120634;;;;;;
ЦБ-00154000;;;;;;
РТ-00013513;;;;;;
ЦБ-00012644;;;;;;
ЦБ-00012645;;;;;;
ЦБ-00120692;;;;;;
ЦБ-00135525;;;;;;
ЦБ-00025562;;;;;;
ЦБ-00015156;;;;;;
ЦБ-00026991;;;;;;
ЦБ-00025561;;;;;;
ЦБ-00012630;;;;;;
ЦБ-00012633;;;;;;
ЦБ-00156625;;;;;;
ЦБ-00026557;;;;;;
ЦБ-00012627;;;;;;
ЦБ-00012638;;;;;;
ЦБ-00012639;;;;;;
ЦБ-00012646;;;;;;
ЦБ-00012636;;;;;;
ЦБ-00012635;;;;;;
ЦБ-00020482;;;;;;
ЦБ-00020555;;;;;;
ЦБ-00182142;;;;;;
ЦБ-00154694;;;;;;
ЦБ-00156901;;;;;;
ЦБ-00154001;;;;;;
ЦБ-00150477;;;;;;
ЦБ-00037346;;;;;;
ЦБ-00038373;;;;;;
ЦБ-00038374;;;;;;
ЦБ-00162753;;;;;;
ЦБ-00120202;;;;;;
ЦБ-00036555;;;;;;
ЦБ-00036216;;;;;;
ЦБ-00039231;;;;;;
ЦБ-00032111;;;;;;
ЦБ-00039103;;;;;;
ЦБ-00140560;;;;;;
ЦБ-00040395;;;;;;
РТ-00002103;;;;;;
ЦБ-00022701;;;;;;
РТ-00003010;;;;;;
РТ-00002104;;;;;;
ЦБ-00016158;;;;;;
РТ-00003426;;;;;;
РТ-00002105;;;;;;
ЦБ-00127185;;;;;;
ЦБ-00169392;;;;;;
ЦБ-00015580;;;;;;
ЦБ-00016240;;;;;;
ЦБ-00031406;;;;;;
РТ-00000881;;;;;;
ЦБ-00015542;;;;;;
ЦБ-00016241;;;;;;
ЦБ-00153157;;;;;;
ЦБ-00012637;;;;;;
ЦБ-00037059;;;;;;
ЦБ-00036239;;;;;;
ЦБ-00030924;;;;;;
РТ-00008827;;;;;;
РТ-00008828;;;;;;
ЦБ-00012642;;;;;;
ЦБ-00012643;;;;;;
ЦБ-00167941;;;;;;
ЦБ-00164961;;;;;;
ЦБ-00165150;;;;;;
РТ-00014895;;;;;;
ЦБ-00165655;;;;;;
ЦБ-00174049;;;;;;
РТ-00012219;;;;;;
ЦБ-00151260;;;;;;
ЦБ-00154520;;;;;;
ЦБ-00090997;;;;;;
ЦБ-00022323;;;;;;
ЦБ-00024075;;;;;;
ЦБ-00140060;;;;;;
ЦБ-00168753;;;;;;
ЦБ-00012537;;;;;;
ЦБ-00130608;;;;;;
ЦБ-00122789;;;;;;
ЦБ-00026183;;;;;;
ЦБ-00037460;;;;;;
ЦБ-00012538;;;;;;
ЦБ-00026356;;;;;;
ЦБ-00129340;;;;;;
ЦБ-00012640;;;;;;
ЦБ-00193197;;;;;;
ЦБ-00029949;;;;;;
ЦБ-00028340;;;;;;
ЦБ-00129341;;;;;;
ЦБ-00140061;;;;;;
ЦБ-00012540;;;;;;
ЦБ-00193677;;;;;;
ЦБ-00038242;;;;;;
ЦБ-00026179;;;;;;
ЦБ-00130609;;;;;;
ЦБ-00179097;;;;;;
ЦБ-00161676;;;;;;
ЦБ-00161440;;;;;;
ЦБ-00162254;;;;;;
ЦБ-00177176;;;;;;
ЦБ-00033799;;;;;;
ЦБ-00160966;;;;;;
ЦБ-00177483;;;;;;
ЦБ-00186624;;;;;;
ЦБ-00173426;;;;;;
ЦБ-00160250;;;;;;
ЦБ-00162797;;;;;;
ЦБ-00153501;;;;;;
ЦБ-00193220;;;;;;
ЦБ-00193217;;;;;;
ЦБ-00193218;;;;;;
ЦБ-00193219;;;;;;
РТ-00005286;;;;;;
ЦБ-00107580;;;;;;
ЦБ-00125461;;;;;;
ЦБ-00187845;;;;;;
ЦБ-00107578;;;;;;
ЦБ-00145516;;;;;;
ЦБ-00126807;;;;;;
ЦБ-00107576;;;;;;
ЦБ-00190743;;;;;;
ЦБ-00079300;;;;;;
ЦБ-00189669;;;;;;
ЦБ-00156713;;;;;;
ЦБ-00156324;;;;;;
ЦБ-00126945;;;;;;
ЦБ-00122619;;;;;;
ЦБ-00126857;;;;;;
ЦБ-00127603;;;;;;
ЦБ-00127728;;;;;;
ЦБ-00135527;;;;;;
ЦБ-00036417;;;;;;
ЦБ-00139169;;;;;;
РТ-00011433;;;;;;
РТ-00011469;;;;;;
ЦБ-00087315;;;;;;
ЦБ-00087316;;;;;;
ЦБ-00012703;;;;;;
ЦБ-00012704;;;;;;
ЦБ-00012705;;;;;;
ЦБ-00031239;;;;;;
ЦБ-00035758;;;;;;
ЦБ-00035757;;;;;;
ЦБ-00133387;;;;;;
ЦБ-00162217;;;;;;
ЦБ-00151019;;;;;;
ЦБ-00187135;;;;;;
ЦБ-00015198;;;;;;
ЦБ-00003673;;;;;;
ЦБ-00147796;;;;;;
ЦБ-00149002;;;;;;
РТ-00002485;;;;;;
РТ-00002471;;;;;;
ЦБ-00140128;;;;;;
ЦБ-00140129;;;;;;
ЦБ-00133361;;;;;;
ЦБ-00180536;;;;;;
ЦБ-00180535;;;;;;
ЦБ-00180538;;;;;;
ЦБ-00180537;;;;;;
ЦБ-00019075;;;;;;
ЦБ-00019076;;;;;;
ЦБ-00012001;;;;;;
ЦБ-00019077;;;;;;
ЦБ-00019078;;;;;;
ЦБ-00019070;;;;;;
ЦБ-00019079;;;;;;
ЦБ-00019071;;;;;;
ЦБ-00019072;;;;;;
ЦБ-00019073;;;;;;
ЦБ-00019074;;;;;;
ЦБ-00019069;;;;;;
ЦБ-00019080;;;;;;
ЦБ-00019081;;;;;;
ЦБ-00019082;;;;;;
ЦБ-00019083;;;;;;
ЦБ-00169374;;;;;;
ЦБ-00012802;;;;;;
ЦБ-00160232;;;;;;
ЦБ-00189571;;;;;;
ЦБ-00160237;;;;;;
ЦБ-00175336;;;;;;
ЦБ-00175354;;;;;;
ЦБ-00175355;;;;;;
ЦБ-00175356;;;;;;
ЦБ-00192754;;;;;;
ЦБ-00189574;;;;;;
ЦБ-00192755;;;;;;
ЦБ-00172109;;;;;;
ЦБ-00170014;;;;;;
ЦБ-00176924;;;;;;
ЦБ-00174772;;;;;;
ЦБ-00012808;;;;;;
ЦБ-00003697;;;;;;
ЦБ-00003698;;;;;;
ЦБ-00003699;;;;;;
ЦБ-00003700;;;;;;
ЦБ-00012809;;;;;;
ЦБ-00034904;;;;;;
ЦБ-00167304;;;;;;
ЦБ-00037334;;;;;;
ЦБ-00030979;;;;;;
ЦБ-00031316;;;;;;
ЦБ-00033359;;;;;;
ЦБ-00021263;;;;;;
РТ-00010860;;;;;;
ЦБ-00031390;;;;;;
ЦБ-00038138;;;;;;
ЦБ-00027469;;;;;;
ЦБ-00036607;;;;;;
ЦБ-00029112;;;;;;
ЦБ-00027470;;;;;;
ЦБ-00039542;;;;;;
ЦБ-00027471;;;;;;
РТ-00007527;;;;;;
ЦБ-00149800;;;;;;
ЦБ-00170920;;;;;;
ЦБ-00154376;;;;;;
ЦБ-00149051;;;;;;
ЦБ-00149923;;;;;;
ЦБ-00156903;;;;;;
ЦБ-00149052;;;;;;
ЦБ-00037329;;;;;;
ЦБ-00038644;;;;;;
ЦБ-00035773;;;;;;
ЦБ-00039018;;;;;;
ЦБ-00038249;;;;;;
ЦБ-00027280;;;;;;
ЦБ-00031466;;;;;;
ЦБ-00039374;;;;;;
ЦБ-00037228;;;;;;
РТ-00001452;;;;;;
РТ-00000765;;;;;;
РТ-00007524;;;;;;
РТ-00002183;;;;;;
РТ-00001666;;;;;;
ЦБ-00039862;;;;;;
РТ-00008724;;;;;;
РТ-00005502;;;;;;
ЦБ-00157382;;;;;;
РТ-00002160;;;;;;
ЦБ-00176877;;;;;;
ЦБ-00181570;;;;;;
ЦБ-00165336;;;;;;
ЦБ-00169946;;;;;;
ЦБ-00173841;;;;;;
ЦБ-00174899;;;;;;
ЦБ-00177698;;;;;;
ЦБ-00189027;;;;;;
ЦБ-00162715;;;;;;
ЦБ-00165740;;;;;;
ЦБ-00174671;;;;;;
ЦБ-00158258;;;;;;
ЦБ-00168223;;;;;;
ЦБ-00174511;;;;;;
ЦБ-00171388;;;;;;
ЦБ-00162515;;;;;;
ЦБ-00177404;;;;;;
ЦБ-00177877;;;;;;
ЦБ-00162714;;;;;;
ЦБ-00175677;;;;;;
ЦБ-00179423;;;;;;
ЦБ-00189028;;;;;;
ЦБ-00174898;;;;;;
ЦБ-00162444;;;;;;
ЦБ-00177627;;;;;;
ЦБ-00158259;;;;;;
ЦБ-00160945;;;;;;
ЦБ-00179170;;;;;;
ЦБ-00157589;;;;;;
ЦБ-00157871;;;;;;
ЦБ-00119453;;;;;;
ЦБ-00119454;;;;;;
ЦБ-00161244;;;;;;
ЦБ-00162084;;;;;;
ЦБ-00164963;;;;;;
ЦБ-00161549;;;;;;
ЦБ-00161429;;;;;;
ЦБ-00161243;;;;;;
РТ-00014174;;;;;;
РТ-00011642;;;;;;
РТ-00014649;;;;;;
ЦБ-00166958;;;;;;
ЦБ-00131887;;;;;;
ЦБ-00124305;;;;;;
ЦБ-00117797;;;;;;
ЦБ-00172785;;;;;;
ЦБ-00147574;;;;;;
ЦБ-00148063;;;;;;
ЦБ-00147804;;;;;;
ЦБ-00142239;;;;;;
ЦБ-00012811;;;;;;
ЦБ-00012812;;;;;;
ЦБ-00151561;;;;;;
ЦБ-00150805;;;;;;
РТ-00003905;;;;;;
ЦБ-00074833;;;;;;
ЦБ-00030849;;;;;;
ЦБ-00031209;;;;;;
ЦБ-00031210;;;;;;
ЦБ-00031211;;;;;;
ЦБ-00142724;;;;;;
ЦБ-00003740;;;;;;
ЦБ-00003741;;;;;;
ЦБ-00003742;;;;;;
РТ-00003207;;;;;;
ЦБ-00154605;;;;;;
ЦБ-00016850;;;;;;
ЦБ-00022118;;;;;;
ЦБ-00024869;;;;;;
ЦБ-00012820;;;;;;
ЦБ-00040458;;;;;;
ЦБ-00140220;;;;;;
ЦБ-00133388;;;;;;
ЦБ-00125442;;;;;;
ЦБ-00133389;;;;;;
ЦБ-00140221;;;;;;
ЦБ-00035182;;;;;;
ЦБ-00035181;;;;;;
ЦБ-00147407;;;;;;
РТ-00006096;;;;;;
ЦБ-00015499;;;;;;
ЦБ-00128028;;;;;;
ЦБ-00034576;;;;;;
РТ-00004404;;;;;;
РТ-00002301;;;;;;
ЦБ-00034575;;;;;;
ЦБ-00034577;;;;;;
ЦБ-00036365;;;;;;
ЦБ-00165422;;;;;;
ЦБ-00038570;;;;;;
РТ-00009970;;;;;;
РТ-00001513;;;;;;
РТ-00001514;;;;;;
ЦБ-00038677;;;;;;
РТ-00010712;;;;;;
РТ-00010713;;;;;;
ЦБ-00034578;;;;;;
РТ-00008830;;;;;;
ЦБ-00012825;;;;;;
РТ-00011415;;;;;;
РТ-00004082;;;;;;
РТ-00010068;;;;;;
ЦБ-00140961;;;;;;
ЦБ-00012826;;;;;;
ЦБ-00012827;;;;;;
ЦБ-00012828;;;;;;
ЦБ-00160658;;;;;;
ЦБ-00160180;;;;;;
ЦБ-00012829;;;;;;
ЦБ-00012831;;;;;;
ЦБ-00012832;;;;;;
ЦБ-00034579;;;;;;
РТ-00009844;;;;;;
ЦБ-00034580;;;;;;
ЦБ-00031787;;;;;;
ЦБ-00036367;;;;;;
ЦБ-00034833;;;;;;
ЦБ-00017211;;;;;;
ЦБ-00150322;;;;;;
РТ-00004737;;;;;;
ЦБ-00030567;;;;;;
ЦБ-00012833;;;;;;
ЦБ-00012834;;;;;;
РТ-00007932;;;;;;
ЦБ-00146247;;;;;;
ЦБ-00040228;;;;;;
ЦБ-00012835;;;;;;
ЦБ-00031786;;;;;;
ЦБ-00034644;;;;;;
ЦБ-00038906;;;;;;
РТ-00000491;;;;;;
РТ-00012577;;;;;;
ЦБ-00123453;;;;;;
ЦБ-00184574;;;;;;
РТ-00008183;;;;;;
ЦБ-00004661;;;;;;
ЦБ-00145093;;;;;;
ЦБ-00036368;;;;;;
ЦБ-00097972;;;;;;
ЦБ-00033255;;;;;;
ЦБ-00191377;;;;;;
ЦБ-00191378;;;;;;
ЦБ-00145531;;;;;;
ЦБ-00146648;;;;;;
ЦБ-00188417;;;;;;
ЦБ-00142375;;;;;;
ЦБ-00142136;;;;;;
ЦБ-00127580;;;;;;
ЦБ-00124185;;;;;;
ЦБ-00128261;;;;;;
ЦБ-00150236;;;;;;
ЦБ-00021242;;;;;;
ЦБ-00191387;;;;;;
ЦБ-00163649;;;;;;
ЦБ-00175966;;;;;;
ЦБ-00166294;;;;;;
ЦБ-00193463;;;;;;
ЦБ-00193557;;;;;;
ЦБ-00187697;;;;;;
ЦБ-00188512;;;;;;
ЦБ-00187696;;;;;;
ЦБ-00165468;;;;;;
ЦБ-00175658;;;;;;
ЦБ-00179733;;;;;;
ЦБ-00158027;;;;;;
ЦБ-00186407;;;;;;
ЦБ-00191614;;;;;;
ЦБ-00194170;;;;;;
ЦБ-00192136;;;;;;
ЦБ-00194543;;;;;;
ЦБ-00107756;;;;;;
РТ-00005650;;;;;;
ЦБ-00190534;;;;;;
ЦБ-00012892;;;;;;
ЦБ-00012893;;;;;;
ЦБ-00017576;;;;;;
ЦБ-00020873;;;;;;
ЦБ-00020799;;;;;;
ЦБ-00023000;;;;;;
ЦБ-00031345;;;;;;
ЦБ-00039307;;;;;;
ЦБ-00012897;;;;;;
ЦБ-00020763;;;;;;
ЦБ-00020590;;;;;;
ЦБ-00012901;;;;;;
ЦБ-00017874;;;;;;
ЦБ-00020589;;;;;;
ЦБ-00012900;;;;;;
ЦБ-00022523;;;;;;
ЦБ-00020864;;;;;;
ЦБ-00012903;;;;;;
ЦБ-00021552;;;;;;
ЦБ-00020767;;;;;;
РТ-00008021;;;;;;
ЦБ-00012908;;;;;;
ЦБ-00012902;;;;;;
ЦБ-00155848;;;;;;
ЦБ-00020696;;;;;;
РТ-00012879;;;;;;
ЦБ-00165470;;;;;;
ЦБ-00162486;;;;;;
ЦБ-00034040;;;;;;
ЦБ-00185650;;;;;;
ЦБ-00159937;;;;;;
ЦБ-00020597;;;;;;
ЦБ-00012931;;;;;;
ЦБ-00100682;;;;;;
ЦБ-00020600;;;;;;
ЦБ-00031659;;;;;;
ЦБ-00022530;;;;;;
ЦБ-00012922;;;;;;
ЦБ-00017823;;;;;;
ЦБ-00012925;;;;;;
ЦБ-00020719;;;;;;
ЦБ-00022824;;;;;;
ЦБ-00160649;;;;;;
ЦБ-00023207;;;;;;
ЦБ-00020872;;;;;;
ЦБ-00024912;;;;;;
ЦБ-00012928;;;;;;
ЦБ-00021528;;;;;;
ЦБ-00035607;;;;;;
ЦБ-00020601;;;;;;
ЦБ-00031344;;;;;;
РТ-00002549;;;;;;
ЦБ-00020588;;;;;;
ЦБ-00017577;;;;;;
ЦБ-00020603;;;;;;
ЦБ-00022531;;;;;;
ЦБ-00017573;;;;;;
ЦБ-00020768;;;;;;
ЦБ-00020695;;;;;;
ЦБ-00012948;;;;;;
ЦБ-00022532;;;;;;
ЦБ-00020605;;;;;;
ЦБ-00012951;;;;;;
ЦБ-00020606;;;;;;
ЦБ-00020596;;;;;;
ЦБ-00012958;;;;;;
ЦБ-00022528;;;;;;
ЦБ-00012959;;;;;;
ЦБ-00186959;;;;;;
ЦБ-00142147;;;;;;
ЦБ-00020798;;;;;;
ЦБ-00012961;;;;;;
ЦБ-00031378;;;;;;
ЦБ-00020599;;;;;;
ЦБ-00022529;;;;;;
ЦБ-00018037;;;;;;
ЦБ-00020877;;;;;;
ЦБ-00020762;;;;;;
ЦБ-00017574;;;;;;
РТ-00014894;;;;;;
ЦБ-00017575;;;;;;
ЦБ-00012968;;;;;;
ЦБ-00020769;;;;;;
ЦБ-00158677;;;;;;
ЦБ-00178172;;;;;;
ЦБ-00148793;;;;;;
ЦБ-00142820;;;;;;
ЦБ-00030129;;;;;;
ЦБ-00185348;;;;;;
ЦБ-00163069;;;;;;
ЦБ-00179227;;;;;;
ЦБ-00163070;;;;;;
ЦБ-00178380;;;;;;
ЦБ-00162957;;;;;;
РТ-00005651;;;;;;
ЦБ-00183399;;;;;;
ЦБ-00003793;;;;;;
ЦБ-00003794;;;;;;
ЦБ-00166761;;;;;;
ЦБ-00184491;;;;;;
ЦБ-00187998;;;;;;
ЦБ-00188713;;;;;;
ЦБ-00187832;;;;;;
ЦБ-00188880;;;;;;
ЦБ-00166525;;;;;;
ЦБ-00163175;;;;;;
ЦБ-00169749;;;;;;
ЦБ-00174290;;;;;;
ЦБ-00174443;;;;;;
ЦБ-00176336;;;;;;
ЦБ-00013071;;;;;;
ЦБ-00037649;;;;;;
РТ-00009753;;;;;;
ЦБ-00149183;;;;;;
ЦБ-00183598;;;;;;
РТ-00012078;;;;;;
ЦБ-00013073;;;;;;
ЦБ-00038354;;;;;;
РТ-00008091;;;;;;
РТ-00007933;;;;;;
РТ-00011585;;;;;;
РТ-00012720;;;;;;
ЦБ-00135932;;;;;;
ЦБ-00130902;;;;;;
ЦБ-00135931;;;;;;
ЦБ-00129461;;;;;;
ЦБ-00135934;;;;;;
РТ-00001293;;;;;;
РТ-00000504;;;;;;
ЦБ-00003817;;;;;;
ЦБ-00122268;;;;;;
ЦБ-00122269;;;;;;
ЦБ-00186941;;;;;;
ЦБ-00180012;;;;;;
ЦБ-00187027;;;;;;
ЦБ-00146728;;;;;;
ЦБ-00146727;;;;;;
ЦБ-00146906;;;;;;
ЦБ-00146907;;;;;;
ЦБ-00164292;;;;;;
РТ-00006021;;;;;;
ЦБ-00145309;;;;;;
ЦБ-00180301;;;;;;
ЦБ-00171395;;;;;;
ЦБ-00091945;;;;;;
ЦБ-00037675;;;;;;
РТ-00008537;;;;;;
ЦБ-00146155;;;;;;
ЦБ-00013374;;;;;;
ЦБ-00155507;;;;;;
ЦБ-00026939;;;;;;
ЦБ-00038786;;;;;;
ЦБ-00039933;;;;;;
ЦБ-00003850;;;;;;
ЦБ-00029528;;;;;;
РТ-00002681;;;;;;
ЦБ-00163564;;;;;;
РТ-00013999;;;;;;
РТ-00014002;;;;;;
ЦБ-00162926;;;;;;
ЦБ-00162927;;;;;;
ЦБ-00162928;;;;;;
ЦБ-00162929;;;;;;
РТ-00007794;;;;;;
РТ-00014343;;;;;;
РТ-00012751;;;;;;
ЦБ-00006805;;;;;;
ЦБ-00006807;;;;;;
ЦБ-00146863;;;;;;
РТ-00000810;;;;;;
ЦБ-00179920;;;;;;
ЦБ-00168695;;;;;;
ЦБ-00146269;;;;;;
ЦБ-00006808;;;;;;
ЦБ-00006811;;;;;;
РТ-00000441;;;;;;
ЦБ-00160090;;;;;;
ЦБ-00189932;;;;;;
ЦБ-00163981;;;;;;
ЦБ-00003855;;;;;;
ЦБ-00016567;;;;;;
ЦБ-00175683;;;;;;
ЦБ-00084934;;;;;;
ЦБ-00003870;;;;;;
ЦБ-00013445;;;;;;
ЦБ-00142875;;;;;;
РТ-00001710;;;;;;
ЦБ-00194497;;;;;;
ЦБ-00040114;;;;;;
ЦБ-00034251;;;;;;
ЦБ-00038210;;;;;;
ЦБ-00003879;;;;;;
ЦБ-00167054;;;;;;
ЦБ-00083090;;;;;;
ЦБ-00116387;;;;;;
РТ-00004900;;;;;;
ЦБ-00036902;;;;;;
РТ-00008832;;;;;;
РТ-00006223;;;;;;
ЦБ-00039057;;;;;;
ЦБ-00038985;;;;;;
РТ-00013096;;;;;;
ЦБ-00039056;;;;;;
ЦБ-00029700;;;;;;
ЦБ-00185829;;;;;;
ЦБ-00172207;;;;;;
ЦБ-00003883;;;;;;
ЦБ-00039244;;;;;;
ЦБ-00003884;;;;;;
ЦБ-00013458;;;;;;
ЦБ-00003882;;;;;;
ЦБ-00032719;;;;;;
ЦБ-00032887;;;;;;
ЦБ-00169978;;;;;;
ЦБ-00169944;;;;;;
ЦБ-00173917;;;;;;
ЦБ-00003895;;;;;;
ЦБ-00003900;;;;;;
ЦБ-00188342;;;;;;
РТ-00013037;;;;;;
РТ-00012483;;;;;;
ЦБ-00119031;;;;;;
ЦБ-00189879;;;;;;
ЦБ-00154517;;;;;;
ЦБ-00156798;;;;;;
ЦБ-00154238;;;;;;
ЦБ-00195074;;;;;;
ЦБ-00195195;;;;;;
ЦБ-00154239;;;;;;
ЦБ-00147673;;;;;;
ЦБ-00170279;;;;;;
ЦБ-00154240;;;;;;
ЦБ-00154241;;;;;;
ЦБ-00149142;;;;;;
ЦБ-00166909;;;;;;
ЦБ-00167494;;;;;;
ЦБ-00193976;;;;;;
ЦБ-00195196;;;;;;
ЦБ-00174562;;;;;;
ЦБ-00173740;;;;;;
ЦБ-00165666;;;;;;
ЦБ-00160600;;;;;;
ЦБ-00135605;;;;;;
ЦБ-00124307;;;;;;
ЦБ-00125624;;;;;;
ЦБ-00121606;;;;;;
ЦБ-00121972;;;;;;
ЦБ-00121506;;;;;;
ЦБ-00152361;;;;;;
ЦБ-00152732;;;;;;
ЦБ-00152731;;;;;;
ЦБ-00151732;;;;;;
РТ-00010489;;;;;;
РТ-00007526;;;;;;
РТ-00007525;;;;;;
РТ-00007143;;;;;;
РТ-00008503;;;;;;
РТ-00008466;;;;;;
ЦБ-00193636;;;;;;
ЦБ-00110815;;;;;;
ЦБ-00183958;;;;;;
ЦБ-00185985;;;;;;
ЦБ-00191589;;;;;;
ЦБ-00185652;;;;;;
ЦБ-00185058;;;;;;
ЦБ-00185119;;;;;;
ЦБ-00185011;;;;;;
ЦБ-00186481;;;;;;
ЦБ-00186134;;;;;;
ЦБ-00187469;;;;;;
ЦБ-00013505;;;;;;
ЦБ-00020129;;;;;;
ЦБ-00013506;;;;;;
ЦБ-00020130;;;;;;
ЦБ-00185898;;;;;;
ЦБ-00188222;;;;;;
ЦБ-00122315;;;;;;
ЦБ-00003921;;;;;;
ЦБ-00017117;;;;;;
ЦБ-00013575;;;;;;
ЦБ-00013577;;;;;;
ЦБ-00020241;;;;;;
ЦБ-00131885;;;;;;
ЦБ-00171920;;;;;;
ЦБ-00130883;;;;;;
ЦБ-00161944;;;;;;
ЦБ-00146908;;;;;;
ЦБ-00181728;;;;;;
ЦБ-00175580;;;;;;
ЦБ-00159367;;;;;;
ЦБ-00195174;;;;;;
ЦБ-00195171;;;;;;
ЦБ-00195172;;;;;;
ЦБ-00195173;;;;;;
ЦБ-00195168;;;;;;
ЦБ-00195170;;;;;;
ЦБ-00195167;;;;;;
ЦБ-00195169;;;;;;
ЦБ-00037292;;;;;;
ЦБ-00187789;;;;;;
ЦБ-00187790;;;;;;
ЦБ-00187788;;;;;;
ЦБ-00174864;;;;;;
ЦБ-00167080;;;;;;
ЦБ-00170153;;;;;;
ЦБ-00150492;;;;;;
ЦБ-00150493;;;;;;
ЦБ-00150491;;;;;;
ЦБ-00194481;;;;;;
ЦБ-00191526;;;;;;
ЦБ-00150494;;;;;;
ЦБ-00150495;;;;;;
ЦБ-00185305;;;;;;
ЦБ-00187034;;;;;;
ЦБ-00037291;;;;;;
ЦБ-00168342;;;;;;
ЦБ-00163608;;;;;;
ЦБ-00037289;;;;;;
РТ-00007758;;;;;;
ЦБ-00175587;;;;;;
ЦБ-00175581;;;;;;
ЦБ-00175582;;;;;;
ЦБ-00175583;;;;;;
РТ-00007759;;;;;;
ЦБ-00003947;;;;;;
ЦБ-00003969;;;;;;
ЦБ-00003970;;;;;;
ЦБ-00181492;;;;;;
ЦБ-00159157;;;;;;
ЦБ-00179306;;;;;;
ЦБ-00160742;;;;;;
ЦБ-00159164;;;;;;
ЦБ-00177489;;;;;;
ЦБ-00159165;;;;;;
ЦБ-00159166;;;;;;
ЦБ-00159171;;;;;;
ЦБ-00159231;;;;;;
ЦБ-00159177;;;;;;
ЦБ-00158654;;;;;;
ЦБ-00171631;;;;;;
ЦБ-00186944;;;;;;
ЦБ-00182543;;;;;;
ЦБ-00175634;;;;;;
ЦБ-00177542;;;;;;
ЦБ-00159183;;;;;;
ЦБ-00159184;;;;;;
ЦБ-00177737;;;;;;
РТ-00007356;;;;;;
ЦБ-00171512;;;;;;
ЦБ-00155176;;;;;;
ЦБ-00165152;;;;;;
ЦБ-00184179;;;;;;
ЦБ-00163873;;;;;;
ЦБ-00141163;;;;;;
РТ-00003985;;;;;;
ЦБ-00013757;;;;;;
ЦБ-00174315;;;;;;
ЦБ-00139128;;;;;;
ЦБ-00004034;;;;;;
ЦБ-00004035;;;;;;
РТ-00002878;;;;;;
ЦБ-00122940;;;;;;
ЦБ-00004037;;;;;;
ЦБ-00153671;;;;;;
РТ-00006846;;;;;;
ЦБ-00017194;;;;;;
ЦБ-00027794;;;;;;
ЦБ-00017195;;;;;;
ЦБ-00017196;;;;;;
ЦБ-00118370;;;;;;
ЦБ-00188883;;;;;;
ЦБ-00184518;;;;;;
ЦБ-00154381;;;;;;
ЦБ-00185649;;;;;;
ЦБ-00186958;;;;;;
ЦБ-00131524;;;;;;
ЦБ-00120396;;;;;;
ЦБ-00154380;;;;;;
ЦБ-00013844;;;;;;
ЦБ-00023358;;;;;;
ЦБ-00004048;;;;;;
ЦБ-00162545;;;;;;
ЦБ-00164898;;;;;;
ЦБ-00164606;;;;;;
ЦБ-00151134;;;;;;
ЦБ-00040054;;;;;;
ЦБ-00004075;;;;;;
ЦБ-00025641;;;;;;
ЦБ-00018231;;;;;;
ЦБ-00023142;;;;;;
ЦБ-00004081;;;;;;
ЦБ-00004083;;;;;;
ЦБ-00004068;;;;;;
ЦБ-00189880;;;;;;
ЦБ-00182607;;;;;;
ЦБ-00182435;;;;;;
ЦБ-00004091;;;;;;
ЦБ-00013871;;;;;;
ЦБ-00123486;;;;;;
ЦБ-00110468;;;;;;
ЦБ-00004069;;;;;;
ЦБ-00004070;;;;;;
ЦБ-00004071;;;;;;
ЦБ-00016868;;;;;;
РТ-00001658;;;;;;
ЦБ-00040188;;;;;;
ЦБ-00166399;;;;;;
ЦБ-00123885;;;;;;
ЦБ-00004097;;;;;;
ЦБ-00126786;;;;;;
ЦБ-00172466;;;;;;
ЦБ-00172139;;;;;;
ЦБ-00158725;;;;;;
ЦБ-00167882;;;;;;
ЦБ-00189080;;;;;;
ЦБ-00185804;;;;;;
ЦБ-00168845;;;;;;
ЦБ-00156977;;;;;;
ЦБ-00160627;;;;;;
РТ-00008158;;;;;;
ЦБ-00027880;;;;;;
ЦБ-00086002;;;;;;
ЦБ-00026359;;;;;;
ЦБ-00026630;;;;;;
ЦБ-00026352;;;;;;
ЦБ-00039596;;;;;;
ЦБ-00016226;;;;;;
ЦБ-00191554;;;;;;
ЦБ-00191100;;;;;;
ЦБ-00187895;;;;;;
ЦБ-00187897;;;;;;
ЦБ-00187359;;;;;;
ЦБ-00186858;;;;;;
ЦБ-00186612;;;;;;
ЦБ-00186776;;;;;;
ЦБ-00186122;;;;;;
ЦБ-00177586;;;;;;
ЦБ-00187247;;;;;;
ЦБ-00191664;;;;;;
ЦБ-00163205;;;;;;
ЦБ-00185186;;;;;;
ЦБ-00174178;;;;;;
ЦБ-00187971;;;;;;
ЦБ-00174138;;;;;;
ЦБ-00172893;;;;;;
ЦБ-00177205;;;;;;
ЦБ-00175987;;;;;;
ЦБ-00174827;;;;;;
ЦБ-00123093;;;;;;
ЦБ-00142964;;;;;;
ЦБ-00120166;;;;;;
РТ-00012418;;;;;;
ЦБ-00131864;;;;;;
ЦБ-00038954;;;;;;
ЦБ-00065908;;;;;;
ЦБ-00126936;;;;;;
ЦБ-00129618;;;;;;
ЦБ-00131780;;;;;;
ЦБ-00126934;;;;;;
ЦБ-00134697;;;;;;
ЦБ-00153237;;;;;;
ЦБ-00175015;;;;;;
ЦБ-00174206;;;;;;
ЦБ-00185044;;;;;;
ЦБ-00173996;;;;;;
ЦБ-00186571;;;;;;
ЦБ-00179680;;;;;;
ЦБ-00178406;;;;;;
ЦБ-00190163;;;;;;
ЦБ-00175635;;;;;;
ЦБ-00173879;;;;;;
ЦБ-00190419;;;;;;
ЦБ-00108708;;;;;;
РТ-00008127;;;;;;
ЦБ-00130696;;;;;;
ЦБ-00130697;;;;;;
ЦБ-00040537;;;;;;
ЦБ-00142963;;;;;;
ЦБ-00004152;;;;;;
ЦБ-00004153;;;;;;
РТ-00012326;;;;;;
ЦБ-00171661;;;;;;
ЦБ-00177292;;;;;;
ЦБ-00144179;;;;;;
ЦБ-00146039;;;;;;
ЦБ-00170154;;;;;;
ЦБ-00146632;;;;;;
ЦБ-00148115;;;;;;
ЦБ-00146643;;;;;;
ЦБ-00192946;;;;;;
ЦБ-00190117;;;;;;
ЦБ-00194959;;;;;;
ЦБ-00127879;;;;;;
ЦБ-00177772;;;;;;
ЦБ-00179739;;;;;;
ЦБ-00154079;;;;;;
ЦБ-00173318;;;;;;
ЦБ-00157180;;;;;;
ЦБ-00169698;;;;;;
ЦБ-00022295;;;;;;
ЦБ-00149868;;;;;;
ЦБ-00162762;;;;;;
ЦБ-00164967;;;;;;
ЦБ-00164969;;;;;;
ЦБ-00004159;;;;;;
ЦБ-00037138;;;;;;
ЦБ-00157249;;;;;;
ЦБ-00021874;;;;;;
ЦБ-00122543;;;;;;
ЦБ-00151109;;;;;;
ЦБ-00110462;;;;;;
ЦБ-00004161;;;;;;
ЦБ-00179176;;;;;;
ЦБ-00154225;;;;;;
ЦБ-00004162;;;;;;
РТ-00009143;;;;;;
ЦБ-00026904;;;;;;
ЦБ-00038717;;;;;;
РТ-00009354;;;;;;
РТ-00004175;;;;;;
РТ-00004357;;;;;;
ЦБ-00014004;;;;;;
ЦБ-00032042;;;;;;
ЦБ-00035072;;;;;;
ЦБ-00134357;;;;;;
ЦБ-00156021;;;;;;
РТ-00010666;;;;;;
ЦБ-00174581;;;;;;
ЦБ-00171044;;;;;;
РТ-00014158;;;;;;
ЦБ-00030144;;;;;;
ЦБ-00026924;;;;;;
ЦБ-00004183;;;;;;
ЦБ-00004184;;;;;;
ЦБ-00004186;;;;;;
ЦБ-00031536;;;;;;
ЦБ-00004185;;;;;;
ЦБ-00176197;;;;;;
ЦБ-00176198;;;;;;
ЦБ-00157048;;;;;;
ЦБ-00176573;;;;;;
ЦБ-00185707;;;;;;
ЦБ-00185708;;;;;;
ЦБ-00185709;;;;;;
ЦБ-00185710;;;;;;
ЦБ-00152563;;;;;;
ЦБ-00155368;;;;;;
ЦБ-00155367;;;;;;
ЦБ-00188371;;;;;;
ЦБ-00193210;;;;;;
ЦБ-00193211;;;;;;
ЦБ-00169987;;;;;;
ЦБ-00188366;;;;;;
ЦБ-00188365;;;;;;
ЦБ-00155569;;;;;;
ЦБ-00155570;;;;;;
ЦБ-00155571;;;;;;
ЦБ-00155760;;;;;;
ЦБ-00155370;;;;;;
ЦБ-00189471;;;;;;
ЦБ-00169985;;;;;;
ЦБ-00169986;;;;;;
ЦБ-00156165;;;;;;
ЦБ-00156166;;;;;;
ЦБ-00155487;;;;;;
ЦБ-00188629;;;;;;
ЦБ-00188630;;;;;;
ЦБ-00188633;;;;;;
ЦБ-00188643;;;;;;
ЦБ-00181395;;;;;;
ЦБ-00174945;;;;;;
ЦБ-00174946;;;;;;
ЦБ-00174950;;;;;;
ЦБ-00174951;;;;;;
ЦБ-00174957;;;;;;
ЦБ-00174958;;;;;;
ЦБ-00174960;;;;;;
ЦБ-00174961;;;;;;
ЦБ-00181397;;;;;;
ЦБ-00181398;;;;;;
ЦБ-00181399;;;;;;
ЦБ-00181400;;;;;;
ЦБ-00172770;;;;;;
ЦБ-00172772;;;;;;
ЦБ-00172773;;;;;;
ЦБ-00172786;;;;;;
ЦБ-00172774;;;;;;
ЦБ-00173621;;;;;;
ЦБ-00173622;;;;;;
ЦБ-00173628;;;;;;
ЦБ-00173629;;;;;;
ЦБ-00172775;;;;;;
ЦБ-00167916;;;;;;
ЦБ-00172778;;;;;;
ЦБ-00172871;;;;;;
ЦБ-00167918;;;;;;
ЦБ-00172872;;;;;;
ЦБ-00172873;;;;;;
ЦБ-00172781;;;;;;
ЦБ-00172782;;;;;;
ЦБ-00172819;;;;;;
ЦБ-00172820;;;;;;
ЦБ-00167920;;;;;;
ЦБ-00172821;;;;;;
ЦБ-00167924;;;;;;
ЦБ-00172822;;;;;;
ЦБ-00167928;;;;;;
ЦБ-00172823;;;;;;
ЦБ-00167931;;;;;;
ЦБ-00172824;;;;;;
ЦБ-00172825;;;;;;
ЦБ-00172826;;;;;;
ЦБ-00181396;;;;;;
ЦБ-00173619;;;;;;
ЦБ-00173620;;;;;;
ЦБ-00173623;;;;;;
ЦБ-00173624;;;;;;
ЦБ-00173625;;;;;;
ЦБ-00173626;;;;;;
ЦБ-00173627;;;;;;
ЦБ-00167914;;;;;;
ЦБ-00172783;;;;;;
ЦБ-00172784;;;;;;
ЦБ-00167921;;;;;;
ЦБ-00168789;;;;;;
ЦБ-00167922;;;;;;
ЦБ-00143986;;;;;;
ЦБ-00143298;;;;;;
ЦБ-00142612;;;;;;
ЦБ-00145272;;;;;;
ЦБ-00145729;;;;;;
ЦБ-00174942;;;;;;
ЦБ-00132658;;;;;;
ЦБ-00169730;;;;;;
ЦБ-00158491;;;;;;
ЦБ-00187973;;;;;;
ЦБ-00146387;;;;;;
ЦБ-00146642;;;;;;
ЦБ-00145900;;;;;;
ЦБ-00159414;;;;;;
ЦБ-00165208;;;;;;
ЦБ-00158346;;;;;;
ЦБ-00156360;;;;;;
ЦБ-00156361;;;;;;
ЦБ-00156362;;;;;;
ЦБ-00155369;;;;;;
ЦБ-00155437;;;;;;
ЦБ-00155488;;;;;;
ЦБ-00155491;;;;;;
ЦБ-00155371;;;;;;
ЦБ-00155372;;;;;;
ЦБ-00155492;;;;;;
ЦБ-00155493;;;;;;
ЦБ-00155572;;;;;;
ЦБ-00155573;;;;;;
ЦБ-00155489;;;;;;
ЦБ-00155761;;;;;;
ЦБ-00155490;;;;;;
ЦБ-00155553;;;;;;
ЦБ-00157049;;;;;;
ЦБ-00151727;;;;;;
ЦБ-00193263;;;;;;
ЦБ-00004221;;;;;;
ЦБ-00040062;;;;;;
ЦБ-00004223;;;;;;
ЦБ-00033749;;;;;;
РТ-00009422;;;;;;
ЦБ-00122289;;;;;;
ЦБ-00141689;;;;;;
ЦБ-00035198;;;;;;
ЦБ-00034908;;;;;;
ЦБ-00004244;;;;;;
ЦБ-00004245;;;;;;
ЦБ-00039303;;;;;;
ЦБ-00171481;;;;;;
ЦБ-00171482;;;;;;
ЦБ-00004248;;;;;;
ЦБ-00004249;;;;;;
ЦБ-00004247;;;;;;
ЦБ-00194297;;;;;;
00-00012001;;;;;;
ЦБ-00004250;;;;;;
ЦБ-00190152;;;;;;
ЦБ-00184821;;;;;;
ЦБ-00004251;;;;;;
ЦБ-00150385;;;;;;
ЦБ-00150386;;;;;;
ЦБ-00028438;;;;;;
РТ-00007180;;;;;;
РТ-00006885;;;;;;
ЦБ-00028439;;;;;;
ЦБ-00030148;;;;;;
ЦБ-00014160;;;;;;
ЦБ-00141345;;;;;;
ЦБ-00156199;;;;;;
ЦБ-00160455;;;;;;
ЦБ-00174102;;;;;;
ЦБ-00170602;;;;;;
ЦБ-00174101;;;;;;
ЦБ-00004252;;;;;;
ЦБ-00004253;;;;;;
ЦБ-00165974;;;;;;
ЦБ-00108772;;;;;;
ЦБ-00014161;;;;;;
ЦБ-00004257;;;;;;
ЦБ-00004258;;;;;;
ЦБ-00004259;;;;;;
ЦБ-00031414;;;;;;
ЦБ-00190178;;;;;;
ЦБ-00014162;;;;;;
РТ-00013921;;;;;;
ЦБ-00180075;;;;;;
ЦБ-00176969;;;;;;
ЦБ-00177088;;;;;;
ЦБ-00179071;;;;;;
ЦБ-00194051;;;;;;
ЦБ-00193518;;;;;;
ЦБ-00194052;;;;;;
ЦБ-00187873;;;;;;
ЦБ-00166895;;;;;;
ЦБ-00119551;;;;;;
ЦБ-00165742;;;;;;
ЦБ-00188720;;;;;;
ЦБ-00190135;;;;;;
ЦБ-00190134;;;;;;
ЦБ-00183172;;;;;;
ЦБ-00190118;;;;;;
ЦБ-00190817;;;;;;
ЦБ-00188321;;;;;;
ЦБ-00179521;;;;;;
ЦБ-00189881;;;;;;
ЦБ-00177089;;;;;;
ЦБ-00184583;;;;;;
ЦБ-00177254;;;;;;
ЦБ-00186717;;;;;;
ЦБ-00195072;;;;;;
ЦБ-00185211;;;;;;
ЦБ-00188806;;;;;;
ЦБ-00123846;;;;;;
ЦБ-00176853;;;;;;
ЦБ-00025750;;;;;;
ЦБ-00025333;;;;;;
ЦБ-00025332;;;;;;
ЦБ-00025339;;;;;;
ЦБ-00025340;;;;;;
ЦБ-00191127;;;;;;
ЦБ-00187781;;;;;;
ЦБ-00191427;;;;;;
ЦБ-00025406;;;;;;
ЦБ-00181959;;;;;;
ЦБ-00025338;;;;;;
ЦБ-00025443;;;;;;
ЦБ-00177091;;;;;;
ЦБ-00193793;;;;;;
ЦБ-00189432;;;;;;
ЦБ-00186377;;;;;;
ЦБ-00187164;;;;;;
ЦБ-00187426;;;;;;
ЦБ-00189115;;;;;;
ЦБ-00187782;;;;;;
ЦБ-00187228;;;;;;
ЦБ-00186534;;;;;;
ЦБ-00189283;;;;;;
ЦБ-00192895;;;;;;
ЦБ-00189436;;;;;;
ЦБ-00191429;;;;;;
ЦБ-00153683;;;;;;
ЦБ-00036565;;;;;;
ЦБ-00170157;;;;;;
ЦБ-00171032;;;;;;
ЦБ-00171643;;;;;;
ЦБ-00176923;;;;;;
ЦБ-00170240;;;;;;
ЦБ-00174220;;;;;;
ЦБ-00174286;;;;;;
ЦБ-00172000;;;;;;
РТ-00012019;;;;;;
ЦБ-00154015;;;;;;
РТ-00003899;;;;;;
ЦБ-00004287;;;;;;
ЦБ-00147348;;;;;;
РТ-00012906;;;;;;
РТ-00001323;;;;;;
РТ-00011881;;;;;;
ЦБ-00110191;;;;;;
ЦБ-00004296;;;;;;
ЦБ-00129925;;;;;;
ЦБ-00129926;;;;;;
ЦБ-00129927;;;;;;
РТ-00005276;;;;;;
ЦБ-00131938;;;;;;
ЦБ-00145879;;;;;;
РТ-00008306;;;;;;
ЦБ-00123234;;;;;;
РТ-00010715;;;;;;
ЦБ-00127567;;;;;;
ЦБ-00035733;;;;;;
РТ-00012490;;;;;;
РТ-00011589;;;;;;
ЦБ-00004347;;;;;;
ЦБ-00167397;;;;;;
ЦБ-00167886;;;;;;
ЦБ-00018775;;;;;;
ЦБ-00019595;;;;;;
ЦБ-00018776;;;;;;
ЦБ-00152564;;;;;;
ЦБ-00152565;;;;;;
ЦБ-00152566;;;;;;
ЦБ-00152567;;;;;;
ЦБ-00152568;;;;;;
ЦБ-00152569;;;;;;
ЦБ-00155373;;;;;;
ЦБ-00155374;;;;;;
ЦБ-00155375;;;;;;
ЦБ-00155285;;;;;;
ЦБ-00155762;;;;;;
ЦБ-00155763;;;;;;
ЦБ-00155376;;;;;;
ЦБ-00152570;;;;;;
ЦБ-00155764;;;;;;
ЦБ-00156167;;;;;;
ЦБ-00155494;;;;;;
ЦБ-00155438;;;;;;
ЦБ-00155284;;;;;;
ЦБ-00155574;;;;;;
ЦБ-00155377;;;;;;
ЦБ-00156168;;;;;;
ЦБ-00155286;;;;;;
ЦБ-00155287;;;;;;
ЦБ-00155288;;;;;;
ЦБ-00152571;;;;;;
ЦБ-00155289;;;;;;
ЦБ-00155290;;;;;;
ЦБ-00155291;;;;;;
ЦБ-00152572;;;;;;
ЦБ-00155292;;;;;;
ЦБ-00155378;;;;;;
ЦБ-00155692;;;;;;
ЦБ-00155575;;;;;;
ЦБ-00156169;;;;;;
ЦБ-00152573;;;;;;
ЦБ-00152574;;;;;;
ЦБ-00152575;;;;;;
ЦБ-00152576;;;;;;
ЦБ-00152577;;;;;;
ЦБ-00155439;;;;;;
ЦБ-00152578;;;;;;
ЦБ-00152579;;;;;;
ЦБ-00152580;;;;;;
ЦБ-00152581;;;;;;
ЦБ-00155379;;;;;;
ЦБ-00152582;;;;;;
ЦБ-00152583;;;;;;
ЦБ-00152584;;;;;;
ЦБ-00152585;;;;;;
ЦБ-00152586;;;;;;
ЦБ-00155380;;;;;;
ЦБ-00155381;;;;;;
ЦБ-00155576;;;;;;
ЦБ-00156267;;;;;;
ЦБ-00155440;;;;;;
ЦБ-00155441;;;;;;
ЦБ-00155382;;;;;;
ЦБ-00155495;;;;;;
ЦБ-00155496;;;;;;
ЦБ-00155497;;;;;;
ЦБ-00155498;;;;;;
ЦБ-00152587;;;;;;
ЦБ-00152588;;;;;;
ЦБ-00152589;;;;;;
ЦБ-00152590;;;;;;
ЦБ-00152591;;;;;;
ЦБ-00152592;;;;;;
ЦБ-00152593;;;;;;
ЦБ-00152594;;;;;;
ЦБ-00152595;;;;;;
ЦБ-00152596;;;;;;
ЦБ-00152597;;;;;;
ЦБ-00152598;;;;;;
ЦБ-00152599;;;;;;
ЦБ-00155293;;;;;;
ЦБ-00155294;;;;;;
ЦБ-00155295;;;;;;
ЦБ-00155296;;;;;;
ЦБ-00155297;;;;;;
ЦБ-00155298;;;;;;
ЦБ-00155299;;;;;;
ЦБ-00155300;;;;;;
ЦБ-00155301;;;;;;
ЦБ-00155302;;;;;;
ЦБ-00152600;;;;;;
ЦБ-00152601;;;;;;
ЦБ-00152602;;;;;;
ЦБ-00152603;;;;;;
ЦБ-00152604;;;;;;
ЦБ-00152605;;;;;;
ЦБ-00152606;;;;;;
ЦБ-00155499;;;;;;
ЦБ-00152607;;;;;;
ЦБ-00152608;;;;;;
ЦБ-00152609;;;;;;
ЦБ-00152610;;;;;;
ЦБ-00152611;;;;;;
ЦБ-00155303;;;;;;
ЦБ-00152612;;;;;;
ЦБ-00152613;;;;;;
ЦБ-00152614;;;;;;
ЦБ-00152615;;;;;;
ЦБ-00155768;;;;;;
ЦБ-00155769;;;;;;
ЦБ-00155442;;;;;;
ЦБ-00155766;;;;;;
ЦБ-00155580;;;;;;
ЦБ-00155767;;;;;;
ЦБ-00155443;;;;;;
ЦБ-00155500;;;;;;
ЦБ-00155444;;;;;;
ЦБ-00156616;;;;;;
ЦБ-00194727;;;;;;
ЦБ-00156170;;;;;;
ЦБ-00156171;;;;;;
ЦБ-00155577;;;;;;
ЦБ-00155578;;;;;;
ЦБ-00155765;;;;;;
ЦБ-00155579;;;;;;
ЦБ-00155304;;;;;;
ЦБ-00155305;;;;;;
ЦБ-00155306;;;;;;
ЦБ-00155307;;;;;;
ЦБ-00155308;;;;;;
ЦБ-00155309;;;;;;
ЦБ-00155501;;;;;;
ЦБ-00152616;;;;;;
ЦБ-00155383;;;;;;
ЦБ-00155384;;;;;;
ЦБ-00156172;;;;;;
ЦБ-00157550;;;;;;
ЦБ-00155581;;;;;;
ЦБ-00152617;;;;;;
ЦБ-00155385;;;;;;
ЦБ-00155386;;;;;;
ЦБ-00155387;;;;;;
ЦБ-00152618;;;;;;
ЦБ-00156173;;;;;;
ЦБ-00155582;;;;;;
ЦБ-00152619;;;;;;
ЦБ-00152620;;;;;;
ЦБ-00152621;;;;;;
ЦБ-00155314;;;;;;
ЦБ-00155310;;;;;;
ЦБ-00155311;;;;;;
ЦБ-00155312;;;;;;
ЦБ-00155313;;;;;;
ЦБ-00156388;;;;;;
ЦБ-00156389;;;;;;
ЦБ-00156617;;;;;;
ЦБ-00156268;;;;;;
ЦБ-00155388;;;;;;
ЦБ-00157551;;;;;;
ЦБ-00156618;;;;;;
ЦБ-00155502;;;;;;
ЦБ-00155445;;;;;;
ЦБ-00156269;;;;;;
ЦБ-00152622;;;;;;
ЦБ-00152623;;;;;;
ЦБ-00152624;;;;;;
ЦБ-00152625;;;;;;
ЦБ-00152626;;;;;;
ЦБ-00152627;;;;;;
ЦБ-00152628;;;;;;
ЦБ-00152629;;;;;;
ЦБ-00152630;;;;;;
ЦБ-00152631;;;;;;
ЦБ-00152632;;;;;;
ЦБ-00152633;;;;;;
ЦБ-00152634;;;;;;
ЦБ-00152635;;;;;;
ЦБ-00152636;;;;;;
ЦБ-00152637;;;;;;
ЦБ-00152638;;;;;;
ЦБ-00152639;;;;;;
ЦБ-00152640;;;;;;
ЦБ-00157552;;;;;;
ЦБ-00155583;;;;;;
ЦБ-00156174;;;;;;
ЦБ-00194728;;;;;;
ЦБ-00156175;;;;;;
ЦБ-00152641;;;;;;
ЦБ-00152642;;;;;;
ЦБ-00152643;;;;;;
ЦБ-00155503;;;;;;
ЦБ-00152644;;;;;;
ЦБ-00152645;;;;;;
ЦБ-00152646;;;;;;
ЦБ-00155770;;;;;;
ЦБ-00155771;;;;;;
ЦБ-00152647;;;;;;
ЦБ-00152648;;;;;;
ЦБ-00194729;;;;;;
ЦБ-00194730;;;;;;
ЦБ-00194731;;;;;;
ЦБ-00194732;;;;;;
ЦБ-00194733;;;;;;
ЦБ-00194734;;;;;;
ЦБ-00194735;;;;;;
ЦБ-00194736;;;;;;
ЦБ-00194737;;;;;;
ЦБ-00194745;;;;;;
ЦБ-00194738;;;;;;
ЦБ-00016478;;;;;;
ЦБ-00154870;;;;;;
РТ-00004146;;;;;;
ЦБ-00171798;;;;;;
ЦБ-00173039;;;;;;
ЦБ-00129448;;;;;;
ЦБ-00179522;;;;;;
ЦБ-00129497;;;;;;
ЦБ-00179897;;;;;;
ЦБ-00016559;;;;;;
ЦБ-00033526;;;;;;
ЦБ-00020255;;;;;;
ЦБ-00178042;;;;;;
ЦБ-00117338;;;;;;
ЦБ-00038988;;;;;;
ЦБ-00175573;;;;;;
РТ-00010653;;;;;;
ЦБ-00145231;;;;;;
ЦБ-00169824;;;;;;
ЦБ-00179586;;;;;;
ЦБ-00180881;;;;;;
ЦБ-00039003;;;;;;
ЦБ-00187385;;;;;;
ЦБ-00173095;;;;;;
ЦБ-00176620;;;;;;
ЦБ-00171046;;;;;;
ЦБ-00052253;;;;;;
ЦБ-00052665;;;;;;
ЦБ-00051733;;;;;;
ЦБ-00051734;;;;;;
ЦБ-00051736;;;;;;
ЦБ-00051735;;;;;;
ЦБ-00122343;;;;;;
ЦБ-00016168;;;;;;
ЦБ-00006830;;;;;;
ЦБ-00022811;;;;;;
ЦБ-00140350;;;;;;
ЦБ-00020004;;;;;;
ЦБ-00151996;;;;;;
ЦБ-00119269;;;;;;
ЦБ-00150924;;;;;;
ЦБ-00158374;;;;;;
ЦБ-00033976;;;;;;
ЦБ-00119030;;;;;;
ЦБ-00004405;;;;;;
ЦБ-00033975;;;;;;
ЦБ-00129561;;;;;;
ЦБ-00014475;;;;;;
ЦБ-00030159;;;;;;
РТ-00014159;;;;;;
ЦБ-00040457;;;;;;
ЦБ-00118500;;;;;;
ЦБ-00194197;;;;;;
ЦБ-00004407;;;;;;
ЦБ-00014476;;;;;;
ЦБ-00035405;;;;;;
ЦБ-00153198;;;;;;
ЦБ-00033244;;;;;;
ЦБ-00015376;;;;;;
ЦБ-00157160;;;;;;
ЦБ-00157202;;;;;;
ЦБ-00153861;;;;;;
ЦБ-00014478;;;;;;
РТ-00003413;;;;;;
ЦБ-00146275;;;;;;
ЦБ-00151459;;;;;;
ЦБ-00153407;;;;;;
ЦБ-00004408;;;;;;
ЦБ-00073776;;;;;;
ЦБ-00004409;;;;;;
ЦБ-00014477;;;;;;
ЦБ-00129596;;;;;;
ЦБ-00154624;;;;;;
ЦБ-00016587;;;;;;
ЦБ-00004410;;;;;;
ЦБ-00151461;;;;;;
ЦБ-00158003;;;;;;
РТ-00014947;;;;;;
ЦБ-00167348;;;;;;
ЦБ-00004415;;;;;;
ЦБ-00004416;;;;;;
ЦБ-00004417;;;;;;
ЦБ-00162080;;;;;;
ЦБ-00192914;;;;;;
ЦБ-00155446;;;;;;
ЦБ-00155772;;;;;;
ЦБ-00155773;;;;;;
ЦБ-00155584;;;;;;
ЦБ-00155774;;;;;;
ЦБ-00156176;;;;;;
ЦБ-00155585;;;;;;
ЦБ-00185320;;;;;;
ЦБ-00189566;;;;;;
ЦБ-00024941;;;;;;
ЦБ-00022202;;;;;;
ЦБ-00026218;;;;;;
РТ-00004192;;;;;;
ЦБ-00003476;;;;;;
ЦБ-00122862;;;;;;
ЦБ-00145807;;;;;;
ЦБ-00122864;;;;;;
ЦБ-00144043;;;;;;
ЦБ-00103885;;;;;;
ЦБ-00108831;;;;;;
ЦБ-00130895;;;;;;
ЦБ-00145256;;;;;;
ЦБ-00134504;;;;;;
ЦБ-00153422;;;;;;
ЦБ-00153423;;;;;;
ЦБ-00117100;;;;;;
ЦБ-00182041;;;;;;
ЦБ-00157989;;;;;;
ЦБ-00136339;;;;;;
ЦБ-00174695;;;;;;
РТ-00008329;;;;;;
ЦБ-00185724;;;;;;
ЦБ-00182832;;;;;;
РТ-00004516;;;;;;
ЦБ-00174000;;;;;;
ЦБ-00177723;;;;;;
ЦБ-00174339;;;;;;
ЦБ-00191979;;;;;;
ЦБ-00173980;;;;;;
РТ-00003908;;;;;;
ЦБ-00166115;;;;;;
ЦБ-00174709;;;;;;
ЦБ-00174114;;;;;;
ЦБ-00188710;;;;;;
ЦБ-00189138;;;;;;
ЦБ-00189694;;;;;;
ЦБ-00148994;;;;;;
ЦБ-00164247;;;;;;
ЦБ-00163457;;;;;;
ЦБ-00168295;;;;;;
ЦБ-00163645;;;;;;
ЦБ-00162248;;;;;;
ЦБ-00180968;;;;;;
ЦБ-00191481;;;;;;
ЦБ-00182803;;;;;;
ЦБ-00194937;;;;;;
ЦБ-00188093;;;;;;
ЦБ-00164123;;;;;;
ЦБ-00030160;;;;;;
ЦБ-00174924;;;;;;
ЦБ-00170454;;;;;;
ЦБ-00163556;;;;;;
ЦБ-00166590;;;;;;
ЦБ-00168792;;;;;;
РТ-00009150;;;;;;
ЦБ-00175775;;;;;;
ЦБ-00014523;;;;;;
РТ-00010861;;;;;;
ЦБ-00004455;;;;;;
РТ-00007074;;;;;;
ЦБ-00165562;;;;;;
ЦБ-00149438;;;;;;
ЦБ-00004457;;;;;;
ЦБ-00015378;;;;;;
ЦБ-00185213;;;;;;
ЦБ-00149777;;;;;;
ЦБ-00166081;;;;;;
ЦБ-00192987;;;;;;
ЦБ-00025182;;;;;;
РТ-00007567;;;;;;
ЦБ-00167374;;;;;;
ЦБ-00194777;;;;;;
ЦБ-00194708;;;;;;
ЦБ-00016885;;;;;;
ЦБ-00073814;;;;;;
ЦБ-00165346;;;;;;
ЦБ-00189066;;;;;;
ЦБ-00161530;;;;;;
ЦБ-00192964;;;;;;
ЦБ-00191671;;;;;;
ЦБ-00191456;;;;;;
ЦБ-00159715;;;;;;
ЦБ-00156641;;;;;;
ЦБ-00146056;;;;;;
ЦБ-00193224;;;;;;
ЦБ-00182436;;;;;;
ЦБ-00162648;;;;;;
ЦБ-00162200;;;;;;
ЦБ-00033867;;;;;;
ЦБ-00022461;;;;;;
ЦБ-00146081;;;;;;
РТ-00001811;;;;;;
ЦБ-00033389;;;;;;
ЦБ-00004513;;;;;;
ЦБ-00004512;;;;;;
ЦБ-00014590;;;;;;
ЦБ-00108207;;;;;;
ЦБ-00139252;;;;;;
ЦБ-00123013;;;;;;
ЦБ-00124506;;;;;;
ЦБ-00140932;;;;;;
ЦБ-00170346;;;;;;
ЦБ-00170345;;;;;;
ЦБ-00180060;;;;;;
ЦБ-00170347;;;;;;
ЦБ-00020259;;;;;;
ЦБ-00004541;;;;;;
ЦБ-00004544;;;;;;
ЦБ-00004545;;;;;;
ЦБ-00015383;;;;;;
РТ-00001927;;;;;;
ЦБ-00021893;;;;;;
ЦБ-00028443;;;;;;
ЦБ-00026883;;;;;;
ЦБ-00035876;;;;;;
ЦБ-00083817;;;;;;
ЦБ-00185989;;;;;;
ЦБ-00086519;;;;;;
ЦБ-00180336;;;;;;
ЦБ-00016889;;;;;;
ЦБ-00020260;;;;;;
ЦБ-00125858;;;;;;
ЦБ-00014594;;;;;;
ЦБ-00021892;;;;;;
ЦБ-00016888;;;;;;
ЦБ-00004542;;;;;;
РТ-00003408;;;;;;
ЦБ-00030165;;;;;;
ЦБ-00004543;;;;;;
ЦБ-00038652;;;;;;
ЦБ-00031759;;;;;;
ЦБ-00094440;;;;;;
ЦБ-00181131;;;;;;
ЦБ-00084900;;;;;;
00-00007626;;;;;;
ЦБ-00149696;;;;;;
РТ-00012641;;;;;;
ЦБ-00122818;;;;;;
ЦБ-00111023;;;;;;
ЦБ-00151832;;;;;;
ЦБ-00079286;;;;;;
ЦБ-00094445;;;;;;
ЦБ-00180020;;;;;;
ЦБ-00191715;;;;;;
ЦБ-00171870;;;;;;
ЦБ-00004553;;;;;;
ЦБ-00014595;;;;;;
ЦБ-00089590;;;;;;
ЦБ-00165248;;;;;;
ЦБ-00118602;;;;;;
ЦБ-00085206;;;;;;
ЦБ-00156399;;;;;;
ЦБ-00160050;;;;;;
РТ-00004170;;;;;;
ЦБ-00154944;;;;;;
ЦБ-00121063;;;;;;
ЦБ-00004554;;;;;;
РТ-00013472;;;;;;
ЦБ-00026884;;;;;;
ЦБ-00015054;;;;;;
ЦБ-00037965;;;;;;
ЦБ-00004555;;;;;;
РТ-00012695;;;;;;
ЦБ-00015055;;;;;;
ЦБ-00037171;;;;;;
ЦБ-00119348;;;;;;
ЦБ-00004556;;;;;;
ЦБ-00004557;;;;;;
ЦБ-00004558;;;;;;
ЦБ-00034183;;;;;;
ЦБ-00037564;;;;;;
ЦБ-00021894;;;;;;
ЦБ-00016891;;;;;;
ЦБ-00148736;;;;;;
ЦБ-00124756;;;;;;
ЦБ-00188430;;;;;;
ЦБ-00150876;;;;;;
ЦБ-00191487;;;;;;
ЦБ-00037122;;;;;;
ЦБ-00030167;;;;;;
ЦБ-00025636;;;;;;
ЦБ-00120352;;;;;;
ЦБ-00004559;;;;;;
ЦБ-00026295;;;;;;
РТ-00011576;;;;;;
ЦБ-00081178;;;;;;
ЦБ-00169949;;;;;;
РТ-00001925;;;;;;
ЦБ-00025991;;;;;;
ЦБ-00016892;;;;;;
ЦБ-00030168;;;;;;
ЦБ-00037350;;;;;;
ЦБ-00121237;;;;;;
ЦБ-00123126;;;;;;
ЦБ-00123031;;;;;;
ЦБ-00030169;;;;;;
ЦБ-00040202;;;;;;
ЦБ-00033704;;;;;;
РТ-00001801;;;;;;
ЦБ-00004562;;;;;;
РТ-00012666;;;;;;
ЦБ-00004564;;;;;;
ЦБ-00004561;;;;;;
РТ-00013444;;;;;;
ЦБ-00161784;;;;;;
РТ-00007890;;;;;;
ЦБ-00142859;;;;;;
ЦБ-00139130;;;;;;
ЦБ-00004563;;;;;;
ЦБ-00118007;;;;;;
РТ-00004699;;;;;;
ЦБ-00154026;;;;;;
ЦБ-00014596;;;;;;
ЦБ-00162357;;;;;;
ЦБ-00032828;;;;;;
ЦБ-00016894;;;;;;
ЦБ-00036828;;;;;;
ЦБ-00004565;;;;;;
РТ-00004535;;;;;;
РТ-00008638;;;;;;
ЦБ-00186305;;;;;;
ЦБ-00035601;;;;;;
РТ-00007613;;;;;;
ЦБ-00177734;;;;;;
ЦБ-00033880;;;;;;
ЦБ-00116598;;;;;;
ЦБ-00097161;;;;;;
ЦБ-00032993;;;;;;
ЦБ-00143628;;;;;;
ЦБ-00016893;;;;;;
ЦБ-00038902;;;;;;
ЦБ-00035637;;;;;;
ЦБ-00004560;;;;;;
ЦБ-00037964;;;;;;
ЦБ-00089257;;;;;;
ЦБ-00190853;;;;;;
ЦБ-00091526;;;;;;
ЦБ-00095918;;;;;;
РТ-00012674;;;;;;
РТ-00000426;;;;;;
ЦБ-00170867;;;;;;
ЦБ-00092446;;;;;;
ЦБ-00167193;;;;;;
ЦБ-00107572;;;;;;
ЦБ-00154384;;;;;;
ЦБ-00036424;;;;;;
ЦБ-00150552;;;;;;
ЦБ-00038403;;;;;;
ЦБ-00159614;;;;;;
ЦБ-00004595;;;;;;
ЦБ-00020262;;;;;;
ЦБ-00021895;;;;;;
ЦБ-00024847;;;;;;
ЦБ-00031144;;;;;;
ЦБ-00015386;;;;;;
ЦБ-00021896;;;;;;
61080;;;;;;
ЦБ-00125867;;;;;;
РТ-00005290;;;;;;
ЦБ-00142472;;;;;;
ЦБ-00166181;;;;;;
ЦБ-00122930;;;;;;
ЦБ-00176867;;;;;;
ЦБ-00158726;;;;;;
ЦБ-00119576;;;;;;
ЦБ-00039651;;;;;;
ЦБ-00014626;;;;;;
ЦБ-00124071;;;;;;
ЦБ-00122817;;;;;;
ЦБ-00152725;;;;;;
ЦБ-00153747;;;;;;
ЦБ-00173154;;;;;;
ЦБ-00014636;;;;;;
ЦБ-00152242;;;;;;
ЦБ-00028379;;;;;;
РТ-00001074;;;;;;
РТ-00009194;;;;;;
ЦБ-00004638;;;;;;
ЦБ-00004639;;;;;;
ЦБ-00167405;;;;;;
ЦБ-00147868;;;;;;
ЦБ-00147062;;;;;;
ЦБ-00173546;;;;;;
ЦБ-00153230;;;;;;
ЦБ-00185567;;;;;;
ЦБ-00124245;;;;;;
ЦБ-00124246;;;;;;
ЦБ-00185563;;;;;;
ЦБ-00185566;;;;;;
ЦБ-00185564;;;;;;
ЦБ-00185565;;;;;;
ЦБ-00168008;;;;;;
ЦБ-00161395;;;;;;
ЦБ-00079767;;;;;;
ЦБ-00178388;;;;;;
ЦБ-00122091;;;;;;
ЦБ-00124688;;;;;;
ЦБ-00082293;;;;;;
РТ-00007076;;;;;;
ЦБ-00103614;;;;;;
ЦБ-00142394;;;;;;
ЦБ-00140506;;;;;;
ЦБ-00082746;;;;;;
ЦБ-00119657;;;;;;
ЦБ-00096563;;;;;;
ЦБ-00156215;;;;;;
ЦБ-00014816;;;;;;
ЦБ-00189993;;;;;;
ЦБ-00162624;;;;;;
ЦБ-00149082;;;;;;
ЦБ-00119659;;;;;;
ЦБ-00162448;;;;;;
ЦБ-00025005;;;;;;
ЦБ-00068043;;;;;;
ЦБ-00120542;;;;;;
ЦБ-00161528;;;;;;
ЦБ-00165978;;;;;;
ЦБ-00121255;;;;;;
ЦБ-00156910;;;;;;
ЦБ-00074019;;;;;;
ЦБ-00018554;;;;;;
ЦБ-00155790;;;;;;
ЦБ-00174363;;;;;;
ЦБ-00169471;;;;;;
ЦБ-00152387;;;;;;
ЦБ-00190069;;;;;;
ЦБ-00149504;;;;;;
ЦБ-00086343;;;;;;
ЦБ-00086330;;;;;;
ЦБ-00122838;;;;;;
ЦБ-00086342;;;;;;
ЦБ-00158785;;;;;;
ЦБ-00173930;;;;;;
ЦБ-00168182;;;;;;
ЦБ-00023138;;;;;;
ЦБ-00094758;;;;;;
ЦБ-00022686;;;;;;
ЦБ-00079312;;;;;;
ЦБ-00124689;;;;;;
РТ-00007343;;;;;;
РТ-00012603;;;;;;
ЦБ-00169700;;;;;;
ЦБ-00155599;;;;;;
ЦБ-00165841;;;;;;
ЦБ-00114708;;;;;;
26718;;;;;;
ЦБ-00158194;;;;;;
ЦБ-00096566;;;;;;
68505;;;;;;
ЦБ-00098325;;;;;;
ЦБ-00189493;;;;;;
ЦБ-00164673;;;;;;
ЦБ-00155843;;;;;;
ЦБ-00120696;;;;;;
ЦБ-00156217;;;;;;
ЦБ-00068045;;;;;;
ЦБ-00161529;;;;;;
ЦБ-00129519;;;;;;
ЦБ-00160546;;;;;;
ЦБ-00104900;;;;;;
ЦБ-00157874;;;;;;
68507;;;;;;
ЦБ-00120620;;;;;;
ЦБ-00156911;;;;;;
ЦБ-00161836;;;;;;
ЦБ-00074026;;;;;;
ЦБ-00022313;;;;;;
ЦБ-00169843;;;;;;
ЦБ-00014821;;;;;;
ЦБ-00190420;;;;;;
26732;;;;;;
ЦБ-00162029;;;;;;
ЦБ-00162449;;;;;;
ЦБ-00110219;;;;;;
ЦБ-00068044;;;;;;
ЦБ-00149475;;;;;;
ЦБ-00161523;;;;;;
ЦБ-00161522;;;;;;
ЦБ-00184594;;;;;;
ЦБ-00121930;;;;;;
ЦБ-00155969;;;;;;
ЦБ-00074006;;;;;;
ЦБ-00017378;;;;;;
ЦБ-00156205;;;;;;
ЦБ-00169258;;;;;;
РТ-00001613;;;;;;
ЦБ-00119238;;;;;;
РТ-00006689;;;;;;
ЦБ-00134708;;;;;;
ЦБ-00129518;;;;;;
ЦБ-00021272;;;;;;
ЦБ-00122090;;;;;;
РТ-00010797;;;;;;
РТ-00010799;;;;;;
ЦБ-00146941;;;;;;
РТ-00012040;;;;;;
ЦБ-00014833;;;;;;
ЦБ-00121839;;;;;;
ЦБ-00033426;;;;;;
ЦБ-00127562;;;;;;
ЦБ-00036535;;;;;;
РТ-00014083;;;;;;
ЦБ-00121064;;;;;;
РТ-00010001;;;;;;
РТ-00009305;;;;;;
ЦБ-00036884;;;;;;
РТ-00005787;;;;;;
ЦБ-00166005;;;;;;
ЦБ-00160295;;;;;;
ЦБ-00130817;;;;;;
ЦБ-00068723;;;;;;
ЦБ-00141321;;;;;;
ЦБ-00190182;;;;;;
ЦБ-00023914;;;;;;
ЦБ-00146086;;;;;;
ЦБ-00133884;;;;;;
ЦБ-00161525;;;;;;
ЦБ-00161524;;;;;;
ЦБ-00018555;;;;;;
ЦБ-00157624;;;;;;
ЦБ-00169459;;;;;;
ЦБ-00172234;;;;;;
ЦБ-00158193;;;;;;
РТ-00002074;;;;;;
ЦБ-00023042;;;;;;
РТ-00013887;;;;;;
ЦБ-00040028;;;;;;
РТ-00011577;;;;;;
РТ-00010794;;;;;;
ЦБ-00014815;;;;;;
РТ-00014201;;;;;;
ЦБ-00194080;;;;;;
ЦБ-00121065;;;;;;
РТ-00010717;;;;;;
РТ-00014893;;;;;;
РТ-00002075;;;;;;
РТ-00010798;;;;;;
ЦБ-00135466;;;;;;
РТ-00014153;;;;;;
РТ-00009851;;;;;;
ЦБ-00142232;;;;;;
РТ-00003541;;;;;;
ЦБ-00024726;;;;;;
ЦБ-00120511;;;;;;
ЦБ-00122065;;;;;;
РТ-00005156;;;;;;
РТ-00013884;;;;;;
ЦБ-00146915;;;;;;
ЦБ-00119236;;;;;;
РТ-00012176;;;;;;
РТ-00009304;;;;;;
РТ-00011018;;;;;;
ЦБ-00116970;;;;;;
РТ-00010962;;;;;;
ЦБ-00040029;;;;;;
РТ-00011169;;;;;;
ЦБ-00193567;;;;;;
ЦБ-00120402;;;;;;
ЦБ-00143233;;;;;;
РТ-00001494;;;;;;
ЦБ-00182301;;;;;;
РТ-00005693;;;;;;
ЦБ-00014845;;;;;;
ЦБ-00121668;;;;;;
РТ-00008992;;;;;;
РТ-00010800;;;;;;
ЦБ-00135467;;;;;;
ЦБ-00141956;;;;;;
ЦБ-00149308;;;;;;
ЦБ-00014822;;;;;;
РТ-00013885;;;;;;
ЦБ-00040119;;;;;;
РТ-00011032;;;;;;
ЦБ-00182300;;;;;;
РТ-00009998;;;;;;
ЦБ-00125783;;;;;;
РТ-00009999;;;;;;
РТ-00012706;;;;;;
ЦБ-00164027;;;;;;
ЦБ-00191384;;;;;;
РТ-00010688;;;;;;
ЦБ-00193565;;;;;;
РТ-00009820;;;;;;
ЦБ-00141247;;;;;;
ЦБ-00116971;;;;;;
РТ-00010363;;;;;;
ЦБ-00168758;;;;;;
ЦБ-00184205;;;;;;
РТ-00008458;;;;;;
РТ-00007299;;;;;;
РТ-00010007;;;;;;
РТ-00011294;;;;;;
ЦБ-00014823;;;;;;
РТ-00013886;;;;;;
РТ-00009484;;;;;;
РТ-00009852;;;;;;
РТ-00010492;;;;;;
ЦБ-00159447;;;;;;
ЦБ-00061737;;;;;;
ЦБ-00018112;;;;;;
РТ-00009966;;;;;;
РТ-00012651;;;;;;
ЦБ-00166830;;;;;;
РТ-00003420;;;;;;
ЦБ-00159535;;;;;;
РТ-00013053;;;;;;
ЦБ-00119656;;;;;;
РТ-00014969;;;;;;
ЦБ-00121669;;;;;;
ЦБ-00149543;;;;;;
РТ-00014022;;;;;;
ЦБ-00120621;;;;;;
РТ-00009425;;;;;;
ЦБ-00164674;;;;;;
РТ-00006688;;;;;;
РТ-00004848;;;;;;
РТ-00011295;;;;;;
ЦБ-00135610;;;;;;
ЦБ-00140710;;;;;;
ЦБ-00117947;;;;;;
ЦБ-00168162;;;;;;
ЦБ-00167030;;;;;;
РТ-00014380;;;;;;
РТ-00014243;;;;;;
ЦБ-00164814;;;;;;
РТ-00014379;;;;;;
ЦБ-00166335;;;;;;
ЦБ-00162030;;;;;;
ЦБ-00161837;;;;;;
ЦБ-00161627;;;;;;
ЦБ-00161838;;;;;;
ЦБ-00168245;;;;;;
ЦБ-00179056;;;;;;
ЦБ-00165497;;;;;;
ЦБ-00161623;;;;;;
ЦБ-00166437;;;;;;
ЦБ-00161786;;;;;;
ЦБ-00172140;;;;;;
ЦБ-00173511;;;;;;
ЦБ-00030557;;;;;;
ЦБ-00030558;;;;;;
ЦБ-00170336;;;;;;
ЦБ-00168228;;;;;;
ЦБ-00161970;;;;;;
ЦБ-00163789;;;;;;
ЦБ-00189599;;;;;;
ЦБ-00162180;;;;;;
ЦБ-00162181;;;;;;
ЦБ-00166159;;;;;;
ЦБ-00163408;;;;;;
ЦБ-00163596;;;;;;
ЦБ-00182870;;;;;;
ЦБ-00161971;;;;;;
ЦБ-00161835;;;;;;
ЦБ-00166120;;;;;;
ЦБ-00164026;;;;;;
ЦБ-00189580;;;;;;
ЦБ-00162719;;;;;;
ЦБ-00163877;;;;;;
ЦБ-00166161;;;;;;
ЦБ-00166384;;;;;;
ЦБ-00189581;;;;;;
ЦБ-00161746;;;;;;
ЦБ-00163725;;;;;;
ЦБ-00164742;;;;;;
ЦБ-00165421;;;;;;
ЦБ-00161972;;;;;;
ЦБ-00143234;;;;;;
ЦБ-00111233;;;;;;
ЦБ-00068084;;;;;;
ЦБ-00096565;;;;;;
ЦБ-00190944;;;;;;
ЦБ-00157332;;;;;;
ЦБ-00092334;;;;;;
ЦБ-00111249;;;;;;
ЦБ-00014824;;;;;;
ЦБ-00190368;;;;;;
26731;;;;;;
ЦБ-00162385;;;;;;
ЦБ-00154908;;;;;;
ЦБ-00159550;;;;;;
ЦБ-00123719;;;;;;
ЦБ-00193796;;;;;;
ЦБ-00165977;;;;;;
ЦБ-00161526;;;;;;
ЦБ-00161521;;;;;;
ЦБ-00121569;;;;;;
ЦБ-00157270;;;;;;
ЦБ-00158124;;;;;;
ЦБ-00162521;;;;;;
ЦБ-00068917;;;;;;
ЦБ-00017127;;;;;;
ЦБ-00171417;;;;;;
ЦБ-00134742;;;;;;
ЦБ-00155970;;;;;;
ЦБ-00169472;;;;;;
ЦБ-00014828;;;;;;
ЦБ-00156528;;;;;;
ЦБ-00023105;;;;;;
ЦБ-00037448;;;;;;
ЦБ-00014827;;;;;;
ЦБ-00018227;;;;;;
ЦБ-00022242;;;;;;
ЦБ-00030559;;;;;;
ЦБ-00017525;;;;;;
ЦБ-00017524;;;;;;
РТ-00006638;;;;;;
ЦБ-00033189;;;;;;
ЦБ-00025675;;;;;;
ЦБ-00124201;;;;;;
ЦБ-00017526;;;;;;
ЦБ-00122816;;;;;;
ЦБ-00150591;;;;;;
ЦБ-00033459;;;;;;
ЦБ-00121224;;;;;;
ЦБ-00126787;;;;;;
ЦБ-00149747;;;;;;
РТ-00000037;;;;;;
ЦБ-00037261;;;;;;
ЦБ-00037324;;;;;;
РТ-00009152;;;;;;
ЦБ-00026799;;;;;;
РТ-00003716;;;;;;
РТ-00003638;;;;;;
ЦБ-00033702;;;;;;
ЦБ-00024723;;;;;;
ЦБ-00014829;;;;;;
ЦБ-00161894;;;;;;
ЦБ-00036936;;;;;;
ЦБ-00033247;;;;;;
РТ-00004770;;;;;;
ЦБ-00021523;;;;;;
ЦБ-00025128;;;;;;
ЦБ-00017461;;;;;;
РТ-00007344;;;;;;
ЦБ-00017527;;;;;;
ЦБ-00017563;;;;;;
ЦБ-00017562;;;;;;
ЦБ-00017629;;;;;;
ЦБ-00034198;;;;;;
ЦБ-00034199;;;;;;
ЦБ-00026189;;;;;;
ЦБ-00026190;;;;;;
ЦБ-00034200;;;;;;
ЦБ-00017564;;;;;;
ЦБ-00017630;;;;;;
ЦБ-00024618;;;;;;
ЦБ-00034203;;;;;;
ЦБ-00033236;;;;;;
ЦБ-00035099;;;;;;
ЦБ-00018247;;;;;;
РТ-00003445;;;;;;
ЦБ-00037445;;;;;;
ЦБ-00017125;;;;;;
РТ-00003446;;;;;;
ЦБ-00034202;;;;;;
ЦБ-00030555;;;;;;
ЦБ-00018187;;;;;;
ЦБ-00034201;;;;;;
РТ-00003182;;;;;;
ЦБ-00018248;;;;;;
ЦБ-00017124;;;;;;
ЦБ-00027239;;;;;;
ЦБ-00037889;;;;;;
РТ-00000107;;;;;;
ЦБ-00035098;;;;;;
ЦБ-00030556;;;;;;
РТ-00002717;;;;;;
ЦБ-00159454;;;;;;
ЦБ-00157776;;;;;;
ЦБ-00157366;;;;;;
ЦБ-00142860;;;;;;
РТ-00005825;;;;;;
ЦБ-00018009;;;;;;
ЦБ-00019932;;;;;;
ЦБ-00024313;;;;;;
РТ-00008834;;;;;;
ЦБ-00147366;;;;;;
ЦБ-00134353;;;;;;
ЦБ-00033787;;;;;;
ЦБ-00025145;;;;;;
ЦБ-00192245;;;;;;
ЦБ-00019931;;;;;;
РТ-00010052;;;;;;
ЦБ-00121225;;;;;;
РТ-00009819;;;;;;
ЦБ-00032994;;;;;;
ЦБ-00147367;;;;;;
ЦБ-00017735;;;;;;
ЦБ-00147383;;;;;;
ЦБ-00022567;;;;;;
ЦБ-00017374;;;;;;
РТ-00011496;;;;;;
ЦБ-00020630;;;;;;
ЦБ-00033703;;;;;;
РТ-00009485;;;;;;
ЦБ-00032997;;;;;;
ЦБ-00033766;;;;;;
ЦБ-00027222;;;;;;
ЦБ-00028335;;;;;;
ЦБ-00032995;;;;;;
РТ-00008095;;;;;;
ЦБ-00032996;;;;;;
РТ-00012724;;;;;;
ЦБ-00014831;;;;;;
ЦБ-00033417;;;;;;
ЦБ-00037810;;;;;;
ЦБ-00020775;;;;;;
ЦБ-00156026;;;;;;
ЦБ-00017126;;;;;;
ЦБ-00034121;;;;;;
ЦБ-00038560;;;;;;
ЦБ-00018556;;;;;;
ЦБ-00193797;;;;;;
ЦБ-00037370;;;;;;
РТ-00008922;;;;;;
ЦБ-00024722;;;;;;
РТ-00002953;;;;;;
ЦБ-00161396;;;;;;
ЦБ-00162226;;;;;;
ЦБ-00167194;;;;;;
ЦБ-00168659;;;;;;
ЦБ-00167946;;;;;;
ЦБ-00189888;;;;;;
РТ-00009175;;;;;;
ЦБ-00121887;;;;;;
РТ-00014171;;;;;;
ЦБ-00184660;;;;;;
РТ-00003914;;;;;;
РТ-00009694;;;;;;
РТ-00008498;;;;;;
РТ-00008648;;;;;;
РТ-00008909;;;;;;
РТ-00006426;;;;;;
РТ-00008910;;;;;;
ЦБ-00014811;;;;;;
ЦБ-00014812;;;;;;
ЦБ-00014813;;;;;;
ЦБ-00014818;;;;;;
РТ-00015013;;;;;;
ЦБ-00154670;;;;;;
ЦБ-00167355;;;;;;
ЦБ-00131861;;;;;;
ЦБ-00130818;;;;;;
ЦБ-00147137;;;;;;
ЦБ-00154192;;;;;;
ЦБ-00022568;;;;;;
ЦБ-00178811;;;;;;
ЦБ-00161397;;;;;;
ЦБ-00161307;;;;;;
ЦБ-00161308;;;;;;
ЦБ-00161304;;;;;;
ЦБ-00161305;;;;;;
ЦБ-00161309;;;;;;
ЦБ-00161306;;;;;;
ЦБ-00035734;;;;;;
ЦБ-00023913;;;;;;
ЦБ-00035713;;;;;;
РТ-00008856;;;;;;
РТ-00008857;;;;;;
ЦБ-00021190;;;;;;
РТ-00008214;;;;;;
ЦБ-00037345;;;;;;
ЦБ-00097539;;;;;;
ЦБ-00027125;;;;;;
РТ-00010079;;;;;;
ЦБ-00025782;;;;;;
ЦБ-00026184;;;;;;
РТ-00001109;;;;;;
ЦБ-00154029;;;;;;
ЦБ-00023133;;;;;;
ЦБ-00141955;;;;;;
РТ-00006771;;;;;;
РТ-00006053;;;;;;
РТ-00005072;;;;;;
РТ-00007722;;;;;;
РТ-00000375;;;;;;
РТ-00004596;;;;;;
ЦБ-00149702;;;;;;
ЦБ-00142447;;;;;;
ЦБ-00014835;;;;;;
РТ-00008213;;;;;;
ЦБ-00131783;;;;;;
ЦБ-00014837;;;;;;
ЦБ-00014839;;;;;;
ЦБ-00060286;;;;;;
ЦБ-00014817;;;;;;
ЦБ-00014838;;;;;;
ЦБ-00020850;;;;;;
00-00016145;;;;;;
ЦБ-00014840;;;;;;
ЦБ-00014843;;;;;;
ЦБ-00014820;;;;;;
ЦБ-00014841;;;;;;
ЦБ-00014849;;;;;;
ЦБ-00014847;;;;;;
ЦБ-00014848;;;;;;
РТ-00013587;;;;;;
ЦБ-00014844;;;;;;
ЦБ-00039894;;;;;;
РТ-00013715;;;;;;
ЦБ-00014846;;;;;;
ЦБ-00160072;;;;;;
ЦБ-00036242;;;;;;
ЦБ-00031401;;;;;;
ЦБ-00014851;;;;;;
ЦБ-00014852;;;;;;
ЦБ-00014850;;;;;;
00-00007367;;;;;;
ЦБ-00014830;;;;;;
ЦБ-00014856;;;;;;
ЦБ-00023043;;;;;;
ЦБ-00014825;;;;;;
ЦБ-00014854;;;;;;
ЦБ-00014855;;;;;;
ЦБ-00014853;;;;;;
ЦБ-00022706;;;;;;
РТ-00005866;;;;;;
ЦБ-00023034;;;;;;
РТ-00001140;;;;;;
ЦБ-00036435;;;;;;
ЦБ-00014859;;;;;;
РТ-00007461;;;;;;
ЦБ-00020851;;;;;;
РТ-00014112;;;;;;
РТ-00004286;;;;;;
ЦБ-00141957;;;;;;
ЦБ-00033540;;;;;;
ЦБ-00015122;;;;;;
РТ-00006928;;;;;;
ЦБ-00014814;;;;;;
РТ-00011693;;;;;;
ЦБ-00014858;;;;;;
ЦБ-00014861;;;;;;
ЦБ-00014857;;;;;;
ЦБ-00166203;;;;;;
ЦБ-00014826;;;;;;
ЦБ-00153811;;;;;;
ЦБ-00127819;;;;;;
ЦБ-00014860;;;;;;
ЦБ-00036830;;;;;;
ЦБ-00039994;;;;;;
ЦБ-00155401;;;;;;
ЦБ-00123330;;;;;;
ЦБ-00123277;;;;;;
ЦБ-00166869;;;;;;
ЦБ-00165498;;;;;;
ЦБ-00164784;;;;;;
ЦБ-00016061;;;;;;
ЦБ-00018008;;;;;;
ЦБ-00033827;;;;;;
ЦБ-00020488;;;;;;
ЦБ-00031202;;;;;;
ЦБ-00032915;;;;;;
ЦБ-00031910;;;;;;
ЦБ-00040004;;;;;;
ЦБ-00014819;;;;;;
ЦБ-00031913;;;;;;
ЦБ-00017734;;;;;;
ЦБ-00018010;;;;;;
ЦБ-00033828;;;;;;
ЦБ-00014862;;;;;;
ЦБ-00032921;;;;;;
ЦБ-00031203;;;;;;
ЦБ-00014832;;;;;;
ЦБ-00014863;;;;;;
ЦБ-00035878;;;;;;
РТ-00007224;;;;;;
ЦБ-00014865;;;;;;
ЦБ-00014864;;;;;;
ЦБ-00014866;;;;;;
РТ-00014910;;;;;;
ЦБ-00179123;;;;;;
ЦБ-00182935;;;;;;
ЦБ-00175189;;;;;;
ЦБ-00173327;;;;;;
ЦБ-00164832;;;;;;
ЦБ-00167427;;;;;;
ЦБ-00162757;;;;;;
ЦБ-00190349;;;;;;
ЦБ-00172244;;;;;;
ЦБ-00190569;;;;;;
ЦБ-00171785;;;;;;
ЦБ-00171399;;;;;;
ЦБ-00172653;;;;;;
ЦБ-00169905;;;;;;
РТ-00002427;;;;;;
РТ-00003344;;;;;;
РТ-00002428;;;;;;
ЦБ-00163663;;;;;;
ЦБ-00174088;;;;;;
ЦБ-00174089;;;;;;
ЦБ-00173194;;;;;;
ЦБ-00186797;;;;;;
ЦБ-00174253;;;;;;
ЦБ-00177677;;;;;;
ЦБ-00034848;;;;;;
ЦБ-00034849;;;;;;
ЦБ-00034361;;;;;;
ЦБ-00036141;;;;;;
ЦБ-00034362;;;;;;
ЦБ-00034360;;;;;;
РТ-00009850;;;;;;
ЦБ-00179729;;;;;;
ЦБ-00154073;;;;;;
ЦБ-00155138;;;;;;
ЦБ-00155038;;;;;;
ЦБ-00160328;;;;;;
ЦБ-00181647;;;;;;
ЦБ-00023961;;;;;;
ЦБ-00178334;;;;;;
ЦБ-00123190;;;;;;
ЦБ-00023645;;;;;;
ЦБ-00027000;;;;;;
ЦБ-00154103;;;;;;
ЦБ-00177610;;;;;;
ЦБ-00181071;;;;;;
РТ-00009288;;;;;;
РТ-00009453;;;;;;
РТ-00010518;;;;;;
РТ-00010609;;;;;;
ЦБ-00127190;;;;;;
ЦБ-00119696;;;;;;
РТ-00010009;;;;;;
РТ-00010610;;;;;;
РТ-00012557;;;;;;
РТ-00009183;;;;;;
РТ-00010630;;;;;;
РТ-00000418;;;;;;
ЦБ-00040263;;;;;;
ЦБ-00193339;;;;;;
ЦБ-00193282;;;;;;
РТ-00000526;;;;;;
ЦБ-00052688;;;;;;
ЦБ-00170681;;;;;;
ЦБ-00180851;;;;;;
ЦБ-00169914;;;;;;
ЦБ-00190022;;;;;;
ЦБ-00175505;;;;;;
ЦБ-00169827;;;;;;
ЦБ-00174524;;;;;;
ЦБ-00171662;;;;;;
ЦБ-00168262;;;;;;
ЦБ-00176222;;;;;;
ЦБ-00185317;;;;;;
ЦБ-00026713;;;;;;
ЦБ-00014935;;;;;;
ЦБ-00014936;;;;;;
ЦБ-00141223;;;;;;
ЦБ-00036225;;;;;;
ЦБ-00145724;;;;;;
ЦБ-00139719;;;;;;
ЦБ-00189741;;;;;;
ЦБ-00190309;;;;;;
ЦБ-00175625;;;;;;
ЦБ-00179108;;;;;;
ЦБ-00192732;;;;;;
ЦБ-00039060;;;;;;
ЦБ-00040420;;;;;;
ЦБ-00039012;;;;;;
ЦБ-00014953;;;;;;
ЦБ-00004728;;;;;;
ЦБ-00038490;;;;;;
ЦБ-00168991;;;;;;
ЦБ-00174669;;;;;;
ЦБ-00170235;;;;;;
ЦБ-00194965;;;;;;
ЦБ-00032470;;;;;;
ЦБ-00032464;;;;;;
ЦБ-00160161;;;;;;
ЦБ-00014973;;;;;;
ЦБ-00014974;;;;;;
ЦБ-00014975;;;;;;
ЦБ-00014976;;;;;;
ЦБ-00014977;;;;;;
ЦБ-00014978;;;;;;
ЦБ-00014979;;;;;;
ЦБ-00014980;;;;;;
ЦБ-00014981;;;;;;
ЦБ-00014982;;;;;;
ЦБ-00194964;;;;;;
ЦБ-00177386;;;;;;
ЦБ-00177682;;;;;;
ЦБ-00004782;;;;;;
ЦБ-00004783;;;;;;
ЦБ-00033576;;;;;;
ЦБ-00158260;;;;;;
РТ-00004431;;;;;;
ЦБ-00175301;;;;;;
ЦБ-00033818;;;;;;
ЦБ-00027758;;;;;;
ЦБ-00025112;;;;;;
ЦБ-00025989;;;;;;
ЦБ-00025115;;;;;;
ЦБ-00175302;;;;;;
ЦБ-00173234;;;;;;
ЦБ-00169382;;;;;;
ЦБ-00145399;;;;;;
ЦБ-00014993;;;;;;
ЦБ-00103059;;;;;;
ЦБ-00021520;;;;;;
ЦБ-00021903;;;;;;
ЦБ-00170252;;;;;;
ЦБ-00150254;;;;;;
РТ-00000090;;;;;;
ЦБ-00127016;;;;;;
ЦБ-00175681;;;;;;
ЦБ-00136715;;;;;;
ЦБ-00162759;;;;;;
ЦБ-00173322;;;;;;
ЦБ-00023462;;;;;;
ЦБ-00023464;;;;;;
ЦБ-00023465;;;;;;
ЦБ-00023463;;;;;;
РТ-00004851;;;;;;
РТ-00002870;;;;;;
РТ-00007935;;;;;;
РТ-00012007;;;;;;
ЦБ-00163908;;;;;;
ЦБ-00163665;;;;;;
РТ-00004273;;;;;;
ЦБ-00038864;;;;;;
ЦБ-00186799;;;;;;
ЦБ-00189034;;;;;;
ЦБ-00183031;;;;;;
ЦБ-00189964;;;;;;
ЦБ-00184159;;;;;;
ЦБ-00191982;;;;;;
ЦБ-00174214;;;;;;
ЦБ-00171889;;;;;;
ЦБ-00193798;;;;;;
ЦБ-00177206;;;;;;
ЦБ-00184934;;;;;;
ЦБ-00189676;;;;;;
ЦБ-00193105;;;;;;
ЦБ-00134351;;;;;;
ЦБ-00145061;;;;;;
ЦБ-00175636;;;;;;
ЦБ-00028318;;;;;;
ЦБ-00187928;;;;;;
ЦБ-00186836;;;;;;
ЦБ-00186863;;;;;;
ЦБ-00028332;;;;;;
ЦБ-00004869;;;;;;
ЦБ-00035197;;;;;;
ЦБ-00128260;;;;;;
ЦБ-00128024;;;;;;
ЦБ-00138428;;;;;;
ЦБ-00155844;;;;;;
ЦБ-00157352;;;;;;
ЦБ-00193414;;;;;;
ЦБ-00189912;;;;;;
ЦБ-00190207;;;;;;
ЦБ-00189913;;;;;;
ЦБ-00147131;;;;;;
ЦБ-00181506;;;;;;
ЦБ-00038826;;;;;;
ЦБ-00016590;;;;;;
ЦБ-00004874;;;;;;
ЦБ-00004875;;;;;;
ЦБ-00015014;;;;;;
ЦБ-00015015;;;;;;
ЦБ-00037502;;;;;;
РТ-00002002;;;;;;
ЦБ-00018867;;;;;;
ЦБ-00018868;;;;;;
ЦБ-00032678;;;;;;
ЦБ-00028142;;;;;;
ЦБ-00028143;;;;;;
ЦБ-00006931;;;;;;
ЦБ-00006932;;;;;;
ЦБ-00006933;;;;;;
ЦБ-00006934;;;;;;
ЦБ-00029941;;;;;;
ЦБ-00017667;;;;;;
ЦБ-00028144;;;;;;
ЦБ-00028145;;;;;;
ЦБ-00006935;;;;;;
ЦБ-00001097;;;;;;
ЦБ-00006937;;;;;;
ЦБ-00006944;;;;;;
ЦБ-00006945;;;;;;
ЦБ-00001098;;;;;;
ЦБ-00027250;;;;;;
ЦБ-00016682;;;;;;
ЦБ-00017446;;;;;;
ЦБ-00017747;;;;;;
ЦБ-00017814;;;;;;
ЦБ-00006949;;;;;;
ЦБ-00017858;;;;;;
ЦБ-00019689;;;;;;
ЦБ-00022635;;;;;;
ЦБ-00028146;;;;;;
ЦБ-00023132;;Поливитамины;;;;
