Код;Наименование;Подкатегория;;Подкатегория;Допродажа. Код;Допродажа. Наименование
ЦБ-00123415;Навтекс салфетки марл.стер. 16х14 №20;Салфетки стерильные;;Витамин Д3;ЦБ-00037072;Эсслиал Форте капс 300мг №30
ЦБ-00191219;1Вин 3МА/В6 капс. №90;Поливитамины;;Витамин Д3;РТ-00002042;Витамир Магний + В6 форте таб. №30
ЦБ-00184878;1Вин 5-НТР+Магний+Вит. гр. В капс. №120;Препараты магния;;Витамин Д3;РТ-00012537;Омега-3 35% Полиен капс. 1400мг №30
ЦБ-00191966;1Вин 5-НТР+Магний+Вит. гр. В капс. №60;Препараты магния;;Витамин Д3;ЦБ-00166349;Аскорбинка 900мг таб. шип. №17
ЦБ-00188838;1Вин Вит. группы В капс. №120;Препараты группы В, нейропротекторы;;Витамин Д3;ЦБ-00166471;Витамир цинк актив с вит. С №50
ЦБ-00188419;1Вин Вит. группы В капс. №60;Препараты группы В, нейропротекторы;;Витамин Д3;ЦБ-00014932;Элеутерококк П драже 200мг №100
ЦБ-00192989;1Вин Вит. Д3 капс. №180;Витамин Д3;;Алаптогены;ЦБ-00154262;Коэнзим Q10 капс. №30
ЦБ-00188922;1Вин Вит. Д3/К2 капс. №120;Витамин Д3;;Алаптогены;РТ-00013921;Феррумтабс таб. п/о №30
ЦБ-00184844;1Вин Вит. С+ капс. №100;Витамин С;;Алаптогены;ЦБ-00174055;Витамир Ацетил-L-Карнитин капс. №30
ЦБ-00186542;1Вин К2+Д3 дабл эффект капс. №60;Витамин Д3;;Алаптогены;РТ-00002042;Витамир Магний + В6 форте таб. №30
ЦБ-00185761;1Вин Калий/Магний/Экстр. боярышника капс. №60;Витамины д/сердечно-сосудистой системы;;Алаптогены;РТ-00003948;Витамир Мульти В-комплекс табл. №30
ЦБ-00186588;1Вин Магний+В6 капс. №120;Препараты магния;;Алаптогены;ЦБ-00177058;Глицин форте таб. 300мг №60
ЦБ-00184790;1Вин Магний+В6 капс. №180;Препараты магния;;Алаптогены;ЦБ-00166349;Аскорбинка 900мг таб. шип. №17
ЦБ-00189260;1Вин Магний+В6 капс. №240;Препараты магния;;Алаптогены;ЦБ-00166471;Витамир цинк актив с вит. С №50
ЦБ-00186543;1Вин Таурин капс №90;Витамины д/сердечно-сосудистой системы;;Алаптогены;ЦБ-00166352;Витамин Д3 2000МЕ таб. шип. №20
ЦБ-00191543;2SN Магний глицинат с вит. В6 капс. №60;Препараты магния;;Алаптогены;РТ-00012537;Омега-3 35% Полиен капс. 1400мг №30
ЦБ-00190219;2SN Магния цитрат с вит. В6 капс. №90;Препараты магния;;Адаптогены настойки;ЦБ-00154262;Коэнзим Q10 капс. №30
ЦБ-00190786;2SN Цинка цитрат с вит. С капс. №120;Поливитамины;;Адаптогены настойки;РТ-00013921;Феррумтабс таб. п/о №30
ЦБ-00023684;36,6 ОЧКИ КОРРИГИР. +1.5 ЗОЛ. № 1;Очки готовые;;Адаптогены настойки;ЦБ-00174055;Витамир Ацетил-L-Карнитин капс. №30
ЦБ-00024989;36,6 ОЧКИ КОРРИГИРУЮЩИЕ +1,5 БОРДОВЫЙ;Очки готовые;;Адаптогены настойки;РТ-00002042;Витамир Магний + В6 форте таб. №30
ЦБ-00024987;36,6 ПРЕЗЕРВАТИВЫ АРОМАТ №12;Презервативы;;Адаптогены настойки;РТ-00003948;Витамир Мульти В-комплекс табл. №30
ЦБ-00019489;36.6 АЕВИТ 0.3 капс. №10;Поливитамины;;Адаптогены настойки;ЦБ-00177058;Глицин форте таб. 300мг №60
ЦБ-00021054;36.6 АКТИВ КОМЛЕКС 36Г ТАБ. №60;Поливитамины;;Адаптогены настойки;ЦБ-00166349;Аскорбинка 900мг таб. шип. №17
ЦБ-00018820;36.6 ВИТ. Д/ ИНТЕЛЛЕКТА №20;Поливитамины;;Адаптогены настойки;ЦБ-00166471;Витамир цинк актив с вит. С №50
ЦБ-00018821;36.6 ВИТ. Д/СЕРДЦА №20;Витамины д/сердечно-сосудистой системы;;Адаптогены настойки;ЦБ-00166352;Витамин Д3 2000МЕ таб. шип. №20
ЦБ-00018822;36.6 ВИТ. Д/ФИТНЕСА С Л-КАРНИТИНОМ №20;Поливитамины;;Адаптогены настойки;РТ-00012537;Омега-3 35% Полиен капс. 1400мг №30
ЦБ-00018825;36.6 ВИТ.Д/ФИТН.С Л-КАРНИТ. 4Г №5 ТАБ;Поливитамины;;Очки готовые;ЦБ-00003103;Офтолик капли гл. 10мл
ЦБ-00018829;36.6 ВИТАМИН С 200 МГ №20 ТАБ. ШИП. УП;Витамин С;;Очки готовые;ЦБ-00107500;Оптинол Глубокое увлажнение капли гл. 10мл
ЦБ-00018830;36.6 ВИТАМИН С 900 МГ №20;Витамин С;;Очки готовые;ЦБ-00169324;Оптинол Тетризолин капли гл. 10мл
ЦБ-00018832;36.6 ВИТАМИН С+ЦИНК ДЛЯ ДЕТЕЙ 4Г №5 ТАБ;Витамин С;;Очки готовые;ЦБ-00027556;Лютеин комплекс таб. 570мг №30
ЦБ-00018838;36.6 ВИТАМИНЫ ДЛЯ ЗУБОВ № 17 УП;Поливитамины;;Очки готовые;ЦБ-00013583;Тауфон капли гл. 4% 10мл  (фл-кап)
ЦБ-00018839;36.6 ВИТАМИНЫ ДЛЯ ИНТЕЛЛЕКТА 4Г №5 ТАБ;Поливитамины;;Пероральные контрацептивы;ЦБ-00037072;Эсслиал Форте капс 300мг №30
ЦБ-00018840;36.6 ВИТАМИНЫ ДЛЯ СЕРДЦА 4Г №5 ТАБ;Витамины д/сердечно-сосудистой системы;;Пероральные контрацептивы;ЦБ-00008160;Кардиомагнил таб. п/п/о 75мг+15.2мг №100
ЦБ-00018841;36.6 ВОДА АРОМАТ АПЕЛЬСИНА БЕЗ ГАЗА 0.5Л;Минеральная вода;;Пероральные контрацептивы;ЦБ-00122525;Витаминный комплекс А-Zn д/женщин таб.№30
ЦБ-00018842;36.6 ВОДА АРОМАТ АПЕЛЬСИНА С ГАЗОМ 0.5Л;Минеральная вода;;Пероральные контрацептивы;ЦБ-00175417;Витаспектрум Мультивитаминный комплекс д/женщин таб. №30
ЦБ-00018843;36.6 ВОДА АРОМАТ ЛИМОНА БЕЗ ГАЗА 0.5Л;Минеральная вода;;Пероральные контрацептивы;ЦБ-00009147;Лактацид средство д/интимной гигиены 200мл
ЦБ-00018844;36.6 ВОДА АРОМАТ ЛИМОНА С ГАЗОМ 0.5Л;Минеральная вода;;Пероральные контрацептивы;ЦБ-00003069;Почечный чай (ортосифон) ф/п 1.5г №20
ЦБ-00018845;36.6 ВОДА ПИТЬЕВАЯ СПОРТ НЕГАЗ 0.5Л;Минеральная вода;;Пероральные контрацептивы;РТ-00002042;Витамир Магний + В6 форте таб. №30
ЦБ-00023713;36.6 ВОДА ПИТЬЕВАЯ ТАЛАЯ 0.25Л;Минеральная вода;;Пероральные контрацептивы;ЦБ-00153234;Вагилак Проледи капс. №15
ЦБ-00023877;36.6 ВОДА ПИТЬЕВАЯ ТАЛАЯ 0.5Л;Минеральная вода;;Пероральные контрацептивы;РТ-00007187;Витамир Альфа-липоевая кислота Форте 100мг таб. №30
ЦБ-00018846;36.6 ВОДА ПРИР МИНЕР/ЛЕЧ СТОЛ 0.5Л 78332;Минеральная вода;;Витамин С;ЦБ-00032984;Оксолиновая мазь 0.25% 10г
ЦБ-00018847;36.6 ВОДА ПРИРОДНАЯ ПИТЬЕВАЯ 0.5Л;Минеральная вода;;Витамин С;ЦБ-00001266;Гриппферон капли наз. 10000 МЕ/мл 10мл
ЦБ-00018848;36.6 ВОДА ПРИРОДНАЯ ПИТЬЕВАЯ 1Л;Минеральная вода;;Витамин С;ЦБ-00166471;Витамир цинк актив с вит. С №50
ЦБ-00018882;36.6 ЖЕЛЕЗО № 30 ТАБ;Препараты железа;;Витамин С;ЦБ-00122565;Инозин Пранобекс таб. 500мг №30
ЦБ-00019459;36.6 МАГНИЙ В6 № 30 ТАБ;Препараты группы В, нейропротекторы;;Витамин С;ЦБ-00000763;Бронхо-мунал капс. 7мг №10
ЦБ-00018986;36.6 НОСОЧКИ КОСМЕТИЧЕСКИЕ УП.;Очки готовые;;Витамин С;ЦБ-00166352;Витамин Д3 2000МЕ таб. шип. №20
ЦБ-00023615;36.6 ОЧКИ КОРИГИР. +2.5 ЗОЛ. № 1;Очки готовые;;Витамин С;ЦБ-00177489;Тетралаб Витамин Д3 2000 диспергируемый таб. №120 
ЦБ-00019408;36.6 ОЧКИ КОРРИГИР. +1 ЗОЛ. № 1;Очки готовые;;Витамин С;ЦБ-00166348;Мультивитамины таб. шип. №17
ЦБ-00021110;36.6 ОЧКИ КОРРИГИР. +1.5 ЗОЛ. № 1;Очки готовые;;Витамин С;ЦБ-00026310;Эхинацея П таб. п/о №100
ЦБ-00023616;36.6 ОЧКИ КОРРИГИР. +2 ЗОЛ. № 1;Очки готовые;;Витамин С;ЦБ-00161917;Ливс Имунн комплекс бузина/прополис/эхинацея паст. мармелад. со вкусом фруктов и ягод №90
ЦБ-00018990;36.6 ОЧКИ КОРРИГИР. +3 ЗОЛ. № 1;Очки готовые;;Ср-ва при эректильной дисфункции, влияющие на либидо;ЦБ-00187947;Сенс оф Лайф Омега 3 кардио актив софтгель-капс. №30
ЦБ-00018991;36.6 ОЧКИ КОРРИГИР. +4 ЗОЛ. № 1;Очки готовые;;Ср-ва при эректильной дисфункции, влияющие на либидо;РТ-00012537;Омега-3 35% Полиен капс. 1400мг №30
ЦБ-00018992;36.6 ОЧКИ КОРРИГИРУЮЩИЕ +1 БОРДОВЫЙ;Очки готовые;;Ср-ва при эректильной дисфункции, влияющие на либидо;ЦБ-00006897;Контекс Вейв гель-смазка увлажн. 30мл
ЦБ-00018993;36.6 ОЧКИ КОРРИГИРУЮЩИЕ +1 ЧЕРНЫЙ;Очки готовые;;Ср-ва при эректильной дисфункции, влияющие на либидо;ЦБ-00006915;Контекс Вейв гель-смазка увлажн. 100мл
ЦБ-00023741;36.6 ОЧКИ КОРРИГИРУЮЩИЕ +1.5 БОРДОВЫЙ;Очки готовые;;Ср-ва при эректильной дисфункции, влияющие на либидо;ЦБ-00011987;Контекс Классик презервативы №3
ЦБ-00023685;36.6 ОЧКИ КОРРИГИРУЮЩИЕ +1.5 ЧЕРНЫЙ;Очки готовые;;Ср-ва при эректильной дисфункции, влияющие на либидо;ЦБ-00011986;Контекс Классик презервативы №12
ЦБ-00023617;36.6 ОЧКИ КОРРИГИРУЮЩИЕ +2 БОРДОВЫЙ;Очки готовые;;Ср-ва при эректильной дисфункции, влияющие на либидо;ЦБ-00121986;Витаминный комплекс А-Zn д/мужчин таб.№30
ЦБ-00023618;36.6 ОЧКИ КОРРИГИРУЮЩИЕ +2 ЧЕРНЫЙ;Очки готовые;;Ср-ва при эректильной дисфункции, влияющие на либидо;ЦБ-00175415;Витаспектрум Мультивитаминный комплекс д/мужчин таб. №30
ЦБ-00019409;36.6 ОЧКИ КОРРИГИРУЮЩИЕ +2.5 БОРДОВЫЙ;Очки готовые;;Шприцы;ЦБ-00017485;Асептика Салфетка спиртовая д/инъекций 60х100мм №10
ЦБ-00018994;36.6 ОЧКИ КОРРИГИРУЮЩИЕ +2.5 ЧЕРНЫЙ;Очки готовые;;Шприцы;ЦБ-00018385;Асептика Салфетка спиртовая д/инъекций 60х100мм №20
ЦБ-00019410;36.6 ОЧКИ КОРРИГИРУЮЩИЕ +3 БОРДОВЫЙ;Очки готовые;;Шприцы;РТ-00005599;Троксерутин гель 2% 40г
ЦБ-00019411;36.6 ОЧКИ КОРРИГИРУЮЩИЕ +3 ЧЕРНЫЙ;Очки готовые;;Презервативы;ЦБ-00006897;Контекс Вейв гель-смазка увлажн. 30мл
ЦБ-00018995;36.6 ОЧКИ КОРРИГИРУЮЩИЕ +4 БОРДОВЫЙ;Очки готовые;;Презервативы;ЦБ-00006915;Контекс Вейв гель-смазка увлажн. 100мл
ЦБ-00018996;36.6 ОЧКИ КОРРИГИРУЮЩИЕ +4 ЧЕРНЫЙ;Очки готовые;;Презервативы;00-00018814;Дива салфетки влажные д/интимной гигиены с экстрактом ромашки №20
ЦБ-00026405;36.6 ОЧКИ КОРРИГИРУЮЩИЕ 3.0 БОРД.;Очки готовые;;Презервативы;ЦБ-00031274;Эво Мыло жидкое д/интим гигиены Чувств.кожа с ромашкой 200мл
ЦБ-00019506;36.6 ПРЕЗЕРВАТИВ УЗИ №1;Презервативы;;Презервативы;ЦБ-00009147;Лактацид средство д/интимной гигиены 200мл
ЦБ-00019620;36.6 ПРЕЗЕРВАТИВЫ XL №12;Презервативы;;Препараты магния;РТ-00010941;Антистресс Стандарт здоровья таб. п/о №20
ЦБ-00019414;36.6 ПРЕЗЕРВАТИВЫ XL №3;Презервативы;;Препараты магния;ЦБ-00000805;Валериана Форте таб. п.о 40мг №50
ЦБ-00023723;36.6 ПРЕЗЕРВАТИВЫ АРОМАТ №12;Презервативы;;Препараты магния;ЦБ-00008727;Корвалол 25мл
ЦБ-00019507;36.6 ПРЕЗЕРВАТИВЫ АРОМАТИЗИРОВ.№3 НОВ.УП;Презервативы;;Препараты магния;РТ-00003948;Витамир Мульти В-комплекс табл. №30
ЦБ-00019508;36.6 ПРЕЗЕРВАТИВЫ КЛАССИЧЕСКИЕ №12;Презервативы;;Препараты магния;РТ-00008134;Мильгамма композитум таб. №30
ЦБ-00019022;36.6 ПРЕЗЕРВАТИВЫ КЛАССИЧЕСКИЕ №3 НОВ.УП;Презервативы;;Препараты магния;ЦБ-00177058;Глицин форте таб. 300мг №60
ЦБ-00019415;36.6 ПРЕЗЕРВАТИВЫ РЕБРИСТЫЕ N12;Презервативы;;Препараты магния;ЦБ-00169409;Глицин Форте Эвалар таб. №60+20
ЦБ-00019461;36.6 ПРЕЗЕРВАТИВЫ РЕБРИСТЫЕ №3;Презервативы;;Препараты магния;ЦБ-00157742;Глицин + Мелатонин табл. подъязычные 100мг + 3мг №20
ЦБ-00019023;36.6 ПРЕЗЕРВАТИВЫ СВЕРХТОНКИЕ №12;Презервативы;;Препараты магния;ЦБ-00141181;Мелатонин таб. п/п/о 3мг №30
ЦБ-00019024;36.6 ПРЕЗЕРВАТИВЫ СВЕРХТОНКИЕ №3 НОВ.УП;Презервативы;;Бактерицидный;ЦБ-00100223;Хлоргексидина биглюконат 0,05% 100мл
ЦБ-00019416;36.6 ПРЕЗЕРВАТИВЫ ТОЧЕЧНЫЕ №3;Презервативы;;Бактерицидный;РТ-00005598;Декспантенол мазь 5% 30г
ЦБ-00019065;36.6 САЛФЕТКИ МАРЛ. СТЕР.10Х10 СМ №5;Салфетки стерильные;;Бактерицидный;РТ-00004288;Левомикон мазь 40г
ЦБ-00012641;36.6 Салфетки марлевые стер Медикомп 7.5х7.5  25штх2;Салфетки стерильные;;Бактерицидный;ЦБ-00161690;Бацидерм пор. д/наруж. прим. 250 МЕ/г+5000 МЕ/г 10г
ЦБ-00030841;36.6 Салфетки марлевые стер. 45 х 29см №1;Салфетки стерильные;;Бактерицидный;ЦБ-00169182;Салфетки влажные антибактериальные №20
ЦБ-00000002;5-НОК таб. п/о 50мг №50;Уроантисептики;;Повязка раневая;РТ-00004288;Левомикон мазь 40г
ЦБ-00147890;ABC хэлси фуд Аскорбинка апельсин таб. №10;Витамин С;;Повязка раневая;ЦБ-00161690;Бацидерм пор. д/наруж. прим. 250 МЕ/г+5000 МЕ/г 10г
ЦБ-00151802;ABC хэлси фуд Аскорбинка вишня таб. №10;Витамин С;;Повязка раневая;РТ-00005598;Декспантенол мазь 5% 30г
ЦБ-00151800;ABC хэлси фуд Аскорбинка клубника таб. №10;Витамин С;;Повязка раневая;ЦБ-00005734;Бепантен мазь 5% 100г
ЦБ-00179601;ABC хэлси фуд аскорбинка с глюкозой/сахаром малина таб. №10;Витамин С;;Повязка раневая;ЦБ-00010042;Мирамистин р-р д/местн. прим. (с распыл.) 0,01% 150мл
ЦБ-00172656;ABC Хэлси фуд Аскорбинка форте с глюкозой б/ароматизатора таб. №70;Витамин С;;Повязка раневая;ЦБ-00100223;Хлоргексидина биглюконат 0,05% 100мл
ЦБ-00170032;ABC Хэлси фуд Аскорбинка форте с глюкозой клубника таб. №70;Витамин С;;Гинекологические п/воспалительные ср-ва наружные;ЦБ-00153234;Вагилак Проледи капс. №15
ЦБ-00179995;ABC хэлси фуд Вит. С+Цинк фрукты/ягоды марм. паст. №60;Поливитамины;;Гинекологические п/воспалительные ср-ва наружные;ЦБ-00002265;Лактонорм супп. ваг. 100млн КОЕ №14
ЦБ-00184621;ABC хэлси фуд Витамин С с глюкозой б/аромат. таб. жев. №14;Витамин С;;Гинекологические п/воспалительные ср-ва наружные;ЦБ-00031274;Эво Мыло жидкое д/интим гигиены Чувств.кожа с ромашкой 200мл
ЦБ-00193446;ABC хэлси фуд компл. иммун. бузина/прополис/эхинацей фрукты/ягоды жев. паст. №60;Поливитамины;;Гинекологические п/воспалительные ср-ва наружные;ЦБ-00009147;Лактацид средство д/интимной гигиены 200мл
ЦБ-00182056;ABC хэлси фуд компл. мультивит. д/жен. фрукты/ягоды паст. жев. №50;Поливитамины;;Гинекологические п/воспалительные ср-ва наружные;ЦБ-00145078;Эстрогиал гель интимн. 40мл
ЦБ-00177457;ABC хэлси фуд леденцовая карамель б/сахара с цинком и вит.С со вкус. эвкалипта/мяты 60г;Драже, леденцы;;Гинекологические п/воспалительные ср-ва наружные;ЦБ-00005664;Белла Панти прокладки ежедн. софт №20
ЦБ-00157135;ABC хэлси фуд леденцовая карамель с цинком и вит.С со вкус. ежевики и малины 3+ 17г;Драже, леденцы;;Поливитамины;ЦБ-00187947;Сенс оф Лайф Омега 3 кардио актив софтгель-капс. №30
ЦБ-00157136;ABC хэлси фуд леденцовая карамель с цинком и вит.С со вкус. клубники 3+ 17г;Драже, леденцы;;Поливитамины;РТ-00012537;Омега-3 35% Полиен капс. 1400мг №30
ЦБ-00154484;ABC хэлси фуд леденцовая карамель с цинком и вит.С со вкус. лимона и мяты 3+ 17г;Драже, леденцы;;Поливитамины;ЦБ-00184903;Витамир Коллаген морск. легкодост. с гиалурон. кисл. стик-пакет №15
ЦБ-00178603;ABC хэлси фуд леденцовая карамель с цинком и вит.С со вкусом апельсина 60г;Драже, леденцы;;Поливитамины;ЦБ-00014160;Феррогематоген пастилки 50г
ЦБ-00178604;ABC хэлси фуд леденцовая карамель с цинком и вит.С со вкусом шалфея/мяты 60г;Драже, леденцы;;Препараты железа;ЦБ-00166349;Аскорбинка 900мг таб. шип. №17
ЦБ-00185345;ABC хэлси фуд леденцы на основе трав с вит. С Альпийский мед 60г;Драже, леденцы;;Препараты железа;ЦБ-00177059;Янтарная кислота форте таб. 400мг №30
ЦБ-00182814;ABC хэлси фуд леденцы на основе трав с вит. С шалфей/мед 60г;Драже, леденцы;;Препараты железа;ЦБ-00089123;Бифицин капс. 5млрд. бактерий №10
ЦБ-00186859;ABC хэлси фуд леденцы на основе трав с вит. С эвкалипт/ментол 60г;Драже, леденцы;;Препараты железа;ЦБ-00166352;Витамин Д3 2000МЕ таб. шип. №20
ЦБ-00178825;ABC хэлси фуд мед твердый апельсин/облепиха 30г;Драже, леденцы;;Препараты железа;ЦБ-00117192;ДэТриФерол капли д/приема внутрь 15000 МЕ/мл 15мл банан
ЦБ-00179683;ABC хэлси фуд мед твердый имбирь/лимон 30г;Драже, леденцы;;Препараты железа;ЦБ-00176822;Фолиевая кислота таб. №100
ЦБ-00181686;ABC хэлси фуд мед твердый ментол/эвкалипт №10;Драже, леденцы;;Препараты железа;ЦБ-00018508;Благомин витамин В12 (цианокобаламин 9мкг) капс.200мг №90
ЦБ-00178795;ABC Хэлси фуд сироп облепихи с вит. С 250мл;Витамин С;;Препараты железа;ЦБ-00003545;Ретинола пальмитат (вит А) 100 тыс.МЕ р-р масляный 10мл
ЦБ-00178642;ABC Хэлси фуд сироп шиповника с вит. С 250мл;Витамин С;;Инфекции мочевого пузыря и почек;ЦБ-00040501;Доверин таб. 40мг №24
ЦБ-00161828;Angel салфетки мед. стер. 8 слож. 10*10;Салфетки стерильные;;Инфекции мочевого пузыря и почек;РТ-00013075;Нефростен таб. п/о №60
ЦБ-00172810;EAE 159 очки готовые (+0,75);Очки готовые;;Инфекции мочевого пузыря и почек;ЦБ-00089123;Бифицин капс. 5млрд. бактерий №10
ЦБ-00172811;EAE 159 очки готовые (+1,25);Очки готовые;;Инфекции мочевого пузыря и почек;ЦБ-00000771;Сбор Бруснивер ф/п 2г №20
ЦБ-00172812;EAE 159 очки готовые (+1,75);Очки готовые;;Инфекции мочевого пузыря и почек;ЦБ-00031274;Эво Мыло жидкое д/интим гигиены Чувств.кожа с ромашкой 200мл
ЦБ-00172813;EAE 159 очки готовые (+2,25);Очки готовые;;Инфекции мочевого пузыря и почек;ЦБ-00009147;Лактацид средство д/интимной гигиены 200мл
ЦБ-00172814;EAE 159 очки готовые (+2,75);Очки готовые;;Уроантисептики;ЦБ-00000771;Сбор Бруснивер ф/п 2г №20
ЦБ-00172816;EAE 159 очки готовые (+3,25);Очки готовые;;Уроантисептики;ЦБ-00040501;Доверин таб. 40мг №24
ЦБ-00172817;EAE 159 очки готовые (+3,50);Очки готовые;;Уроантисептики;ЦБ-00089123;Бифицин капс. 5млрд. бактерий №10
ЦБ-00172818;EAE 159 очки готовые (+3,75);Очки готовые;;Уроантисептики;ЦБ-00031274;Эво Мыло жидкое д/интим гигиены Чувств.кожа с ромашкой 200мл
ЦБ-00174956;GA 0180 очки готовые (+2,50);Очки готовые;;Уроантисептики;ЦБ-00009147;Лактацид средство д/интимной гигиены 200мл
ЦБ-00174949;GA 0184 очки готовые (+2,00);Очки готовые;;Гематоген;ЦБ-00167405;Черноголовская вода питьевая дет. н/газ 0,5л
ЦБ-00174952;GA 0184 очки готовые (+2,50);Очки готовые;;Гематоген;РТ-00009859;Аскорбинка таб. крутка с вит.С 25мг №10
ЦБ-00174947;GA 0451 очки готовые (+2,00);Очки готовые;;Гематоген;ЦБ-00045532;Батончик мюсли Клубника в йогурте 30г
ЦБ-00174953;GA 0451 очки готовые (+2,50);Очки готовые;;Минеральная вода;ЦБ-00169182;Салфетки влажные антибактериальные №20
ЦБ-00174948;GA 0483 очки готовые (+2,00);Очки готовые;;Минеральная вода;ЦБ-00014160;Феррогематоген пастилки 50г
ЦБ-00174954;GA 0483 очки готовые (+2,50);Очки готовые;;Минеральная вода;РТ-00009859;Аскорбинка таб. крутка с вит.С 25мг №10
ЦБ-00159808;GOLDICA Zn жидкий концентрат (Цинка пиколинат) фл. 50мл;Препараты группы В, нейропротекторы;;Минеральная вода;ЦБ-00045532;Батончик мюсли Клубника в йогурте 30г
ЦБ-00159809;GOLDICA Витамин D3+K2 фл. 20мл;Препараты группы В, нейропротекторы;;Инъекционные и инфузионные р-ры;ЦБ-00017330;Система инфузионная пластиковый шип (21G 0,8х40мм) д/пластиковых пакетов №1 зеленая (534001)
ЦБ-00159804;GOLDICA витаминный комплекс с L-таурином капс. №100;Препараты группы В, нейропротекторы;;Инъекционные и инфузионные р-ры;ЦБ-00017485;Асептика Салфетка спиртовая д/инъекций 60х100мм №10
ЦБ-00159805;GOLDICA Глюкозамин-Хондроитиновый комплекс с МСМ фл. 250мл;Препараты группы В, нейропротекторы;;Инъекционные и инфузионные р-ры;ЦБ-00018385;Асептика Салфетка спиртовая д/инъекций 60х100мм №20
ЦБ-00159806;GOLDICA Глюкозамин-Хондроитиновый комплекс таб. №100;Препараты группы В, нейропротекторы;;Инъекционные и инфузионные р-ры;ЦБ-00037299;Мастер Юни л/пласт 3х500см ткан
ЦБ-00159807;GOLDICA Глюкозамин-Хондроитиновый комплекс таб. №200;Препараты группы В, нейропротекторы;;Инъекционные и инфузионные р-ры;ЦБ-00008194;Катетер в/в 23G игла-бабочка  (d=0.6мм)
ЦБ-00159802;GOLDICA энергетический комплекс: витамины группы В+минералы таб.шип. №20;Препараты группы В, нейропротекторы;;Драже, леденцы;ЦБ-00167405;Черноголовская вода питьевая дет. н/газ 0,5л
ЦБ-00159803;GOLDICA энергетический комплекс: витамины группы В+минералы таб.шип. №40;Препараты группы В, нейропротекторы;;Драже, леденцы;РТ-00009859;Аскорбинка таб. крутка с вит.С 25мг №10
ЦБ-00183010;L-Аргинин капс. №120;Витамины д/сердечно-сосудистой системы;;Драже, леденцы;ЦБ-00045532;Батончик мюсли Клубника в йогурте 30г
ЦБ-00157952;L-Аргинин капс. №30;Витамины д/сердечно-сосудистой системы;;Драже, леденцы;ЦБ-00169182;Салфетки влажные антибактериальные №20
ЦБ-00182203;L-Аргинин капс. №90;Витамины д/сердечно-сосудистой системы;;Драже, леденцы;ЦБ-00014160;Феррогематоген пастилки 50г
ЦБ-00160521;L-Лизин таб. №30;Витамины д/сердечно-сосудистой системы;;Драже, леденцы;ЦБ-00166348;Мультивитамины таб. шип. №17
ЦБ-00156226;L-Метилфолат табл. №90;Витамины д/сердечно-сосудистой системы;;Драже, леденцы;ЦБ-00166349;Аскорбинка 900мг таб. шип. №17
ЦБ-00159810;OVIE Омега-3 35% с витамином Е капс. №80;Препараты группы В, нейропротекторы;;Антибактериальные средства инъекционные р-ры;ЦБ-00089123;Бифицин капс. 5млрд. бактерий №10
РТ-00005811;PL АЕ витамин с природными витаминами капс. №20;Поливитамины;;Антибактериальные средства инъекционные р-ры;ЦБ-00029497;Вода д/ин амп 5мл №10
ЦБ-00143590;SMART-VMN 2020 комплексный набор капс. №90 3 банки+бумаж. пакет;Поливитамины;;Антибактериальные средства инъекционные р-ры;ЦБ-00068043;Шприц 10мл 3-х комп. Паскаль с иглой 21G (0,8x40мм) №1
РТ-00011555;А+Е вит капс. №20 Реневал;Поливитамины;;Антибактериальные средства инъекционные р-ры;ЦБ-00018385;Асептика Салфетка спиртовая д/инъекций 60х100мм №20
ЦБ-00120818;А+Е вит капс. №30;Поливитамины;;Антибактериальные средства инъекционные р-ры;ЦБ-00017485;Асептика Салфетка спиртовая д/инъекций 60х100мм №10
ЦБ-00140812;А+Е вит капс. №30;Поливитамины;;Фиксирующие катушки;ЦБ-00012630;Салфетки марлевые стер. 2х слойн. (16х14см) №10
ЦБ-00186416;Аальфа-липоевоевая кислота капс. №30;Витамины д/сердечно-сосудистой системы;;Фиксирующие катушки;ЦБ-00012540;Салфетки Стерилюкс ЕС марлевые стерил. (7,5х7,5см) №10
ЦБ-00000016;Абактал конц. в/в 80мг/мл 5мл №10;Антибактериальные средства инъекционные р-ры;;Фиксирующие катушки;ЦБ-00029258;Бинт марлевый стер. 7мх14см
ЦБ-00090591;Авелокс р-р д/инф. 1,6мг/мл фл. 250мл №4;Антибактериальные средства инъекционные р-ры;;Фиксирующие катушки;ЦБ-00010042;Мирамистин р-р д/местн. прим. (с распыл.) 0,01% 150мл
ЦБ-00000020;Авелокс р-р д/инф. 1.6 мг/мл 250мл;Антибактериальные средства инъекционные р-ры;;Фиксирующие катушки;ЦБ-00100223;Хлоргексидина биглюконат 0,05% 100мл
ЦБ-00193800;Авиценна Железа Хелат таб. №90;Препараты железа;;Фиксирующие катушки;РТ-00005598;Декспантенол мазь 5% 30г
ЦБ-00192167;Авиценна Магнемакс с вит. В6/Д3 капс. №60;Препараты магния;;Фиксирующие катушки;ЦБ-00005734;Бепантен мазь 5% 100г
ЦБ-00182368;Авочактив L-лизин капс. №60;Витамины д/сердечно-сосудистой системы;;Фиксирующие катушки;РТ-00004288;Левомикон мазь 40г
ЦБ-00175503;Авочактив Аргинин альфа-кетоглутарат капс. №120;Витамины д/сердечно-сосудистой системы;;Фиксирующие катушки;ЦБ-00161690;Бацидерм пор. д/наруж. прим. 250 МЕ/г+5000 МЕ/г 10г
ЦБ-00185817;Авочактив Витамин В12 таб. №60;Препараты группы В, нейропротекторы;;Бинты;ЦБ-00037299;Мастер Юни л/пласт 3х500см ткан
ЦБ-00171802;Авочактив Витамин Д3+К2 таб. №60;Витамин Д3;;Бинты;ЦБ-00010042;Мирамистин р-р д/местн. прим. (с распыл.) 0,01% 150мл
ЦБ-00187059;Авочактив Витамин Д3+К2 таб. №90;Витамин Д3;;Бинты;ЦБ-00100223;Хлоргексидина биглюконат 0,05% 100мл
ЦБ-00175624;Авочактив ЗМА цинк+магний+аспаргиновая к-та капс. №60;Поливитамины;;Бинты;РТ-00005598;Декспантенол мазь 5% 30г
ЦБ-00177631;Авочактив Лецитин капс. №90;Поливитамины;;Бинты;ЦБ-00005734;Бепантен мазь 5% 100г
ЦБ-00176747;Авочактив Магне+В6 капс. №90;Препараты магния;;Бинты;РТ-00004288;Левомикон мазь 40г
ЦБ-00175932;Авочактив Магний капс. №60;Препараты магния;;Бинты;ЦБ-00161690;Бацидерм пор. д/наруж. прим. 250 МЕ/г+5000 МЕ/г 10г
ЦБ-00182911;Авочактив Магний/Калий Аспарагинат таб. №60;Поливитамины;;Витамины д/сердечно-сосудистой системы;ЦБ-00008160;Кардиомагнил таб. п/п/о 75мг+15.2мг №100
ЦБ-00172993;Авочактив Мультивитамины таб. №60;Поливитамины;;Витамины д/сердечно-сосудистой системы;ЦБ-00187947;Сенс оф Лайф Омега 3 кардио актив софтгель-капс. №30
ЦБ-00188923;Авочактив Селен/Цинк/Вит. С/Е/А таб. №60;Поливитамины;;Витамины д/сердечно-сосудистой системы;РТ-00012537;Омега-3 35% Полиен капс. 1400мг №30
ЦБ-00183656;Авочактив Таурин-актив капс. №60;Витамины д/сердечно-сосудистой системы;;Витамины д/сердечно-сосудистой системы;ЦБ-00154262;Коэнзим Q10 капс. №30
ЦБ-00179956;АВС Хэлси сироп калины кардионорм 250мл;Поливитамины;;Витамины д/сердечно-сосудистой системы;ЦБ-00008727;Корвалол 25мл
ЦБ-00152980;АВС Хэлси фуд аскорбиновая к-та таб. 2.7г №10 банан;Витамин С;;Витамины д/сердечно-сосудистой системы;РТ-00002042;Витамир Магний + В6 форте таб. №30
ЦБ-00152981;АВС Хэлси фуд аскорбиновая к-та таб. 2.7г №10 вишня;Витамин С;;Витамины д/сердечно-сосудистой системы;ЦБ-00160268;Магнепасит таб. п/п/о 48мг+5мг №60
ЦБ-00152982;АВС Хэлси фуд аскорбиновая к-та таб. 2.7г №10 дыня;Витамин С;;Витамины д/сердечно-сосудистой системы;ЦБ-00000729;Боярышник плоды 75г
ЦБ-00176837;АВС Хэлси фуд аскорбиновая к-та таб. клубника №10;Витамин С;;Заместительная гормональная терапия;ЦБ-00037072;Эсслиал Форте капс 300мг №30
ЦБ-00182589;АВС Хэлси Фуд гематоген иммунитет 50г;Гематоген;;Заместительная гормональная терапия;ЦБ-00008160;Кардиомагнил таб. п/п/о 75мг+15.2мг №100
ЦБ-00192014;АВС Хэлси Фуд гематоген марм. необыкн. 38г;Гематоген;;Заместительная гормональная терапия;ЦБ-00122525;Витаминный комплекс А-Zn д/женщин таб.№30
ЦБ-00178092;АВС Хэлси Фуд гематоген народн. детский 30г;Гематоген;;Заместительная гормональная терапия;ЦБ-00175417;Витаспектрум Мультивитаминный комплекс д/женщин таб. №30
ЦБ-00179141;АВС Хэлси Фуд гематоген народн. детский 50г;Гематоген;;Заместительная гормональная терапия;ЦБ-00009147;Лактацид средство д/интимной гигиены 200мл
ЦБ-00179996;АВС Хэлси Фуд гематоген народн. детский феррум плюс 50г;Гематоген;;Заместительная гормональная терапия;ЦБ-00003069;Почечный чай (ортосифон) ф/п 1.5г №20
ЦБ-00177246;АВС Хэлси Фуд гематоген с коллагеном 50г;Гематоген;;Заместительная гормональная терапия;РТ-00002042;Витамир Магний + В6 форте таб. №30
ЦБ-00184455;АВС Хэлси Фуд гематоген энерджи 50г;Гематоген;;Заместительная гормональная терапия;ЦБ-00153234;Вагилак Проледи капс. №15
ЦБ-00167512;АВС Хэлси фуд железо + вит.В12 таб. жеват. малина №10;Препараты железа;;Заместительная гормональная терапия;РТ-00007187;Витамир Альфа-липоевая кислота Форте 100мг таб. №30
ЦБ-00180682;АВС Хэлси фуд Железоплюс компл. мультивит. фрукты/ягоды жев. паст. №60;Препараты железа;;Бинты самофиксирующие;ЦБ-00012630;Салфетки марлевые стер. 2х слойн. (16х14см) №10
ЦБ-00174522;Агама Лаб Магний + В6 капс. №90;Препараты магния;;Бинты самофиксирующие;ЦБ-00012540;Салфетки Стерилюкс ЕС марлевые стерил. (7,5х7,5см) №10
ЦБ-00193593;Агоракс Ко-Энзим/В-комплекс таб. №60;Препараты группы В, нейропротекторы;;Бинты самофиксирующие;ЦБ-00010042;Мирамистин р-р д/местн. прим. (с распыл.) 0,01% 150мл
ЦБ-00189038;Агоракс Магний компл. таб. №60;Препараты магния;;Бинты самофиксирующие;ЦБ-00100223;Хлоргексидина биглюконат 0,05% 100мл
ЦБ-00024371;Агуша Вода детская 0.33л;Минеральная вода;;Бинты самофиксирующие;РТ-00005598;Декспантенол мазь 5% 30г
ЦБ-00028253;Агуша Вода детская 1,5л бутылка пластик;Минеральная вода;;Бинты самофиксирующие;ЦБ-00005734;Бепантен мазь 5% 100г
ЦБ-00028141;Агуша Вода детская 5л бутылка пластик;Минеральная вода;;Бинты самофиксирующие;РТ-00004288;Левомикон мазь 40г
ЦБ-00000044;Адреналин р-р д/ин. 1мг/мл 1мл №5;Инъекционные и инфузионные р-ры;;Бинты самофиксирующие;ЦБ-00161690;Бацидерм пор. д/наруж. прим. 250 МЕ/г+5000 МЕ/г 10г
ЦБ-00027666;Адреналин р-р д/ин. 1мг/мл 1мл №5;Инъекционные и инфузионные р-ры;;Препараты группы В, нейропротекторы;ЦБ-00187947;Сенс оф Лайф Омега 3 кардио актив софтгель-капс. №30
РТ-00013617;Адреналина гидрохлорид-Виал р-р д/ин. 1мг/мл 1мл №5;Инъекционные и инфузионные р-ры;;Препараты группы В, нейропротекторы;РТ-00012537;Омега-3 35% Полиен капс. 1400мг №30
РТ-00008114;Адреналин-СОЛОфарм р-р д/ин. 1мг/мл 1мл №5;Инъекционные и инфузионные р-ры;;Препараты группы В, нейропротекторы;ЦБ-00001015;Вольтарен пластырь трансдермальный 15мг/сут №2
РТ-00013926;АЕ витамин Мирролла с природными витаминами 50мл;Поливитамины;;Препараты группы В, нейропротекторы;ЦБ-00185462;Диклартис пласт. трансдерм. 15мг/сут. №7
ЦБ-00166447;АЕ витамин с природными витаминами капс. №30;Поливитамины;;Препараты группы В, нейропротекторы;ЦБ-00032753;Пластырь Нанопласт Форте обезболивающий (11х16см) №3
ЦБ-00037754;Ае витамины форте капс 0,35 №20;Поливитамины;;Препараты группы В, нейропротекторы;ЦБ-00011551;Пластырь Нанопласт Форте обезболивающий (7х9см) №3
ЦБ-00037371;АЕВИТ N400 КАПС;Поливитамины;;Препараты группы В, нейропротекторы;ЦБ-00171169;Мастер Юни л/пласт перцовый 10х18см в конверте №5
ЦБ-00036388;Аевит Автор капс N20;Поливитамины;;Препараты группы В, нейропротекторы;РТ-00002042;Витамир Магний + В6 форте таб. №30
ЦБ-00029955;Аевит капс. 200мг №10;Поливитамины;;Препараты группы В, нейропротекторы;ЦБ-00160268;Магнепасит таб. п/п/о 48мг+5мг №60
РТ-00000829;Аевит капс. 200мг №10;Поливитамины;;Препараты группы В, нейропротекторы;ЦБ-00177058;Глицин форте таб. 300мг №60
ЦБ-00039372;Аевит капс. 200мг №10;Поливитамины;;Препараты группы В, нейропротекторы;ЦБ-00169409;Глицин Форте Эвалар таб. №60+20
ЦБ-00000047;Аевит капс. 200мг №10;Поливитамины;;Препараты группы В, нейропротекторы;ЦБ-00157742;Глицин + Мелатонин табл. подъязычные 100мг + 3мг №20
ЦБ-00039836;Аевит капс. 200мг №20;Поливитамины;;Салфетки стерильные;ЦБ-00037299;Мастер Юни л/пласт 3х500см ткан
ЦБ-00038566;Аевит капс. 200мг №20;Поливитамины;;;;
ЦБ-00000048;Аевит капс. 200мг №20;Поливитамины;;;;
ЦБ-00000049;Аевит капс. 200мг №30;Поливитамины;;;;
ЦБ-00120017;Аевит капс. 200мг №30;Поливитамины;;;;
ЦБ-00036266;Аевит капс. N10;Поливитамины;;;;
ЦБ-00037388;Аевит капс. № 20;Поливитамины;;;;
ЦБ-00035852;Аевит капс. № 20;Поливитамины;;;;
ЦБ-00151870;Аевит капс. № 30;Поливитамины;;;;
РТ-00002947;Аевит капс. №10;Поливитамины;;;;
ЦБ-00163508;Аевит капс. №20;Поливитамины;;;;
РТ-00006609;Аевит капс. №20;Поливитамины;;;;
ЦБ-00039139;Аевит капс. №20 Реневал;Поливитамины;;;;
ЦБ-00141152;Аевит капс. №30;Поливитамины;;;;
ЦБ-00036665;Аевит капс. №40;Поливитамины;;;;
РТ-00005185;Аевит капс. №60 Реневал;Поливитамины;;;;
ЦБ-00122455;Аевит комплекс вит. А и Е капс. №20;Поливитамины;;;;
ЦБ-00170578;Аевит Мелиген капс. 200мг №30;Поливитамины;;;;
ЦБ-00068936;Аевит Мелиген капс. №10;Поливитамины;;;;
ЦБ-00034233;Аевит Мирролла капс. 200мг №10;Поливитамины;;;;
ЦБ-00035523;Аевит Мирролла капс. 200мг №20;Поливитамины;;;;
ЦБ-00036572;Аевит Мирролла капс. 200мг №30;Поливитамины;;;;
ЦБ-00039333;Аевит с природными витаминами капс. 200мг №30;Поливитамины;;;;
ЦБ-00124651;АЕвитамин капс. №20;Поливитамины;;;;
РТ-00007431;АЕвитамины капс. 300мг №30;Поливитамины;;;;
ЦБ-00039340;АЕвитамины-форте капс. 350мг №10;Поливитамины;;;;
ЦБ-00157938;АЕвитамины-форте капс. 350мг №30;Поливитамины;;;;
ЦБ-00190525;Азактер-АФ пор. д/р-ра в/в и в/м 0,5г №1;Антибактериальные средства инъекционные р-ры;;;;
ЦБ-00184273;Азактер-АФ пор. д/р-ра в/в и в/м 1г №1;Антибактериальные средства инъекционные р-ры;;;;
РТ-00002487;Азаран пор. д/ин. в/в и в/м 1г №10;Антибактериальные средства инъекционные р-ры;;;;
ЦБ-00025234;Азбука Здоровья Драже освежающие со вкусом апельсина 7 гр.;Драже, леденцы;;;;
ЦБ-00025235;Азбука Здоровья Драже освежающие со вкусом клубники 7 гр.;Драже, леденцы;;;;
ЦБ-00025236;Азбука Здоровья Драже освежающие со вкусом лесных ягод 7 гр.;Драже, леденцы;;;;
ЦБ-00025237;Азбука Здоровья Драже освежающие со вкусом мяты 7 гр.;Драже, леденцы;;;;
ЦБ-00172303;Азбукавит Витамин В12 Эрциг таб. №30;Препараты группы В, нейропротекторы;;;;
ЦБ-00133727;Азтреонам-ДЕКО  пор. д/приг. р-ра  для в/в и в/м введ. 1,0 фл. №1;Антибактериальные средства инъекционные р-ры;;;;
ЦБ-00176409;Ай лав ю презервативы ассорти №3;Презервативы;;;;
ЦБ-00173288;Айрон мен Д3 + цинк + В6 + магний таб. №60;Поливитамины;;;;
ЦБ-00172155;Айхерц вит.С 550мг таб. шип. №20;Витамин С;;;;
ЦБ-00172156;Айхерц Магний + В комплекс таб. шип. №20;Препараты магния;;;;
ЦБ-00168648;Айхерц мультивитаминс + биотин таб. шип. №20;Поливитамины;;;;
ЦБ-00171716;Айхерц мультивитамины д/взрослых и детей с 3-х лет леденцы апельсин №50;Поливитамины;;;;
ЦБ-00180775;Аква Мария вода минер. негазированная 1,5л;Минеральная вода;;;;
ЦБ-00140536;Аква Панна вода мин. негаз. 1л;Минеральная вода;;;;
ЦБ-00160598;Аквабинт Овал повязка гидрогелевая стерил. 5.5*11см;Повязка раневая;;;;
ЦБ-00150476;Аквабинт повязка гидрогелевая стерил. 10*12см;Повязка раневая;;;;
ЦБ-00153016;Аквабинт повязка раневая стер. круг D 6.5см №1;Повязка раневая;;;;
ЦБ-00000082;Аквадетрим (витамин Д3) р-р 15000 МЕ/мл 10мл;Витамин Д3;;;;
ЦБ-00147934;Аквадетрим (витамин Д3) таб. растворимые 1000МЕ №60;Витамин Д3;;;;
ЦБ-00153051;Аквадетрим (витамин Д3) таб. растворимые 2000МЕ №60;Витамин Д3;;;;
РТ-00012095;Аквадетрим (витамин Д3) таб. растворимые 500 МЕ №60;Витамин Д3;;;;
РТ-00012096;Аквадетрим (витамин Д3) таб. растворимые 500 МЕ №90;Витамин Д3;;;;
ЦБ-00154719;Аквадетрим кап. д/прием. внутрь 15000МЕ/мл 10мл;Витамин Д3;;;;
ЦБ-00151257;Аквадетрим капли д/приема внутрь 15000МЕ/мл 15мл;Витамин Д3;;;;
ЦБ-00171550;Аквадетрим капли д/приема внутрь 15000МЕ/мл 30мл;Витамин Д3;;;;
ЦБ-00163720;Аквадетрим таб. растворимые 2000МЕ №30;Витамин Д3;;;;
ЦБ-00184553;Аквион Вит. С д/детей таб. жев. №90;Витамин С;;;;
ЦБ-00159594;Аквион витамин Д3 2000 МЕ+пребиотик капс.№90;Витамин Д3;;;;
ЦБ-00193401;Аквион Витамин С 500 с рутином капс. №60;Витамин С;;;;
ЦБ-00159825;Аквион Витамин С 500 с рутином таб. №60;Витамин С;;;;
ЦБ-00170059;Аквион В-комплекс капс.№50;Препараты группы В, нейропротекторы;;;;
ЦБ-00161298;Аквион дейли витамин С + Цинк со вкусом мяты таб. №30;Поливитамины;;;;
ЦБ-00160704;Аквион дейли калий и магний таб. №30;Поливитамины;;;;
ЦБ-00129470;Аквион дейли мультикомплекс д/взр. таб. №30;Поливитамины;;;;
ЦБ-00162559;Аквион Дэйли витамин Д3 2000 МЕ табл. №30;Витамин Д3;;;;
ЦБ-00181215;Аквион Железа Хелат+Фолат капс. №90;Препараты железа;;;;
ЦБ-00185104;Аквион магния цитрат таб. №30;Препараты магния;;;;
ЦБ-00166240;Аквион магния цитрат таб. №60;Препараты магния;;;;
ЦБ-00078170;Аксетин пор. д/ра в/в в/м 750 мг флакон №1;Антибактериальные средства инъекционные р-ры;;;;
ЦБ-00069408;Аксетин пор. д/р-ра для в/в в/м 1,5г №1 фл.;Антибактериальные средства инъекционные р-ры;;;;
РТ-00010748;Аксосеф пор. д/р-ра в/в и в/м 750мг №1  (+вода д/ин 6мл);Антибактериальные средства инъекционные р-ры;;;;
РТ-00008453;Активтекс салфетк а/микробные стер. д/детей 10х15 ХФ №2 + ФЛ №3 + ФОМ №3;Повязка раневая;;;;
РТ-00011732;Активтекс салфетки д/леч ожогов комплект №7;Повязка раневая;;;;
РТ-00011733;Активтекс салфетки д/леч пролежней комплект №8;Повязка раневая;;;;
ЦБ-00119098;Активтекс салфетки д/лечения ожогов 10х15см ХЛ №4 + ФОМ №4;Повязка раневая;;;;
ЦБ-00005147;Активтекс ФЛ лечебное покрытие леч. ран/ожогов у детей 10х10см (фурагин/лидокаин) №1;Повязка раневая;;;;
ЦБ-00038564;Активтекс ФЛ салфетка безболез лечение ран/ожогов у детей 10Х10см №10;Повязка раневая;;;;
ЦБ-00177154;Активтекс ФОМ салфетка антимикроб. фурагин/масло облеп 10х10см №1;Повязка раневая;;;;
РТ-00014853;Активтекс ФОМ салфетка зажив б/рубцов фурагин/масло облеп 10х10см №1;Повязка раневая;;;;
РТ-00000624;Активтекс ФОМ салфетка зажив б/рубцов фурагин/масло облеп 10х10см №10;Повязка раневая;;;;
РТ-00012037;Активтекс ФХФ салф.д/леч. трудно-зажив ран  фурагин/мас.эвкалипта 10х10см №1;Повязка раневая;;;;
ЦБ-00022305;АКТИВТЕКС ХВИТ САЛФЕТКИ КОМПЛЕКС;Салфетки стерильные;;;;
ЦБ-00158820;Активтекс ХЛ салфетка антимикробн. с хлоргексидином и лидокаином 10смх10см №1;Повязка раневая;;;;
РТ-00000623;Активтекс ХЛ салфетка д/лечения ран/ушибов/гематом 10х10см №10;Повязка раневая;;;;
ЦБ-00036672;Активтекс ХФ салфетка а/микроб леч ран/ожогов 10х10см №2;Повязка раневая;;;;
РТ-00011632;Активтекс ХФ салфетка а/микробная 10х10см №1;Повязка раневая;;;;
РТ-00000421;Активтекс ХФ салфетка а/микробная 10х10см №10;Повязка раневая;;;;
РТ-00011314;Активтекс ХФЛ салфетка а/микроб леч ран/ожогов 3х5см №10;Повязка раневая;;;;
ЦБ-00000114;Актиферрин капли 30мл;Препараты железа;;;;
ЦБ-00000115;Актиферрин капс. 300мг №20;Препараты железа;;;;
ЦБ-00000116;Актиферрин капс. 300мг №50;Препараты железа;;;;
ЦБ-00000113;Актиферрин композитум капс. №30;Препараты железа;;;;
ЦБ-00000117;Актиферрин сироп 100мл;Препараты железа;;;;
РТ-00008786;Актифрукт леденцы Альпийский мед 60г;Драже, леденцы;;;;
РТ-00008787;Актифрукт леденцы Лимон и мята 60г;Драже, леденцы;;;;
РТ-00008788;Актифрукт леденцы Шиповник 60г;Драже, леденцы;;;;
РТ-00008789;Актифрукт леденцы Эвкалипт и ментол 60г;Драже, леденцы;;;;
ЦБ-00126837;Актифрут Аскорбиновая к-та таб. жев. апельсин №10;Витамин С;;;;
ЦБ-00107519;Актифрут леденцовая карамель с вит. С со вкусом липы с медом 60г;Драже, леденцы;;;;
ЦБ-00107517;Актифрут леденцовая карамель с вит. С шалфей мед 60г;Драже, леденцы;;;;
ЦБ-00132524;Актифрут петушок леденцовая карамель с вит. С вишня 17г;Драже, леденцы;;;;
ЦБ-00144056;Актифрут петушок леденцовая карамель с цинком и вит. С клубника 17г;Драже, леденцы;;;;
ЦБ-00083710;Актифрут петушок леденцовая карамель с цинком и вит. С лимон/мята 17г;Драже, леденцы;;;;
ЦБ-00134367;Актифрут петушок леденцовая карамель с цинком и вит. С малина/ежевика 17г;Драже, леденцы;;;;
ЦБ-00148031;Актовидерм жидкая аэрозольная повязка 50мл;Повязка раневая;;;;
ЦБ-00130042;Алвитта Мужское долголетие сироп иван-чая/красного корня/трибулуса 200мл;Ср-ва при эректильной дисфункции, влияющие на либидо;;;;
РТ-00012827;Алвовизан таб. п/о 2мг №28;Заместительная гормональная терапия;;;;
ЦБ-00034782;АЛИ Капс капс. 0.4г №12;Ср-ва при эректильной дисфункции, влияющие на либидо;;;;
ЦБ-00161876;Али Капс капс. 450мг №30;Ср-ва при эректильной дисфункции, влияющие на либидо;;;;
ЦБ-00122410;Али Капс капс. 450мг №4;Ср-ва при эректильной дисфункции, влияющие на либидо;;;;
ЦБ-00005203;АЛИ Капс капс. 490мг №12;Ср-ва при эректильной дисфункции, влияющие на либидо;;;;
ЦБ-00005204;АЛИ Капс капс. 490мг №4;Ср-ва при эректильной дисфункции, влияющие на либидо;;;;
ЦБ-00005205;АЛИ Капс капс. 490мг №8;Ср-ва при эректильной дисфункции, влияющие на либидо;;;;
ЦБ-00035754;Али капс Плюс капс. 0,4 №12;Ср-ва при эректильной дисфункции, влияющие на либидо;;;;
ЦБ-00035755;Али капс Плюс капс. 0,4 №8;Ср-ва при эректильной дисфункции, влияющие на либидо;;;;
ЦБ-00035756;Али капс Плюс капс.0,4 №4;Ср-ва при эректильной дисфункции, влияющие на либидо;;;;
ЦБ-00027761;Алказа порошок в саше-пакетах 15г №1;Поливитамины;;;;
ЦБ-00027762;Алказа порошок в саше-пакетах 15г №2;Поливитамины;;;;
ЦБ-00027763;Алказа порошок в саше-пакетах 15г №25;Поливитамины;;;;
ЦБ-00192423;Аллифол капс. №60;Витамины д/сердечно-сосудистой системы;;;;
ЦБ-00000148;Алоэ сироп с железом 100г;Препараты железа;;;;
ЦБ-00172415;Алпростадил лиоф. д/приг. р-ра д/инф. 20мкг №10;Инъекционные и инфузионные р-ры;;;;
ЦБ-00178986;Алпростадил лиоф. д/приг. р-ра д/инф. 60мкг №10;Инъекционные и инфузионные р-ры;;;;
ЦБ-00131963;Алтай Селигор Алтайский мараленок др. с железом 70г;Препараты железа;;;;
ЦБ-00136036;Алтай старовер сибирская ягода сироп шиповника 250мл;Витамины д/сердечно-сосудистой системы;;;;
ЦБ-00131693;Алтайвит АВС таб. №90;Поливитамины;;;;
ЦБ-00035895;Алтайские травы бальзам №2 (витаминный) 250мл;Поливитамины;;;;
ЦБ-00034454;Алтайский букет витаминный 250мл;Поливитамины;;;;
ЦБ-00182021;Алтайский нектар фитобальзам на фруктозе кардио плюс 100мл;Витамины д/сердечно-сосудистой системы;;;;
ЦБ-00000156;Алтайский эликсир 100мл;Поливитамины;;;;
ЦБ-00000157;Алтайский эликсир 100мл;Поливитамины;;;;
ЦБ-00000159;Алтайский эликсир 250мл;Поливитамины;;;;
РТ-00008907;Алтайфлора Живица кедровая 15% 100мл;Поливитамины;;;;
ЦБ-00157215;Алтайфлора Живица кедровая с прополисом 15% 100мл;Поливитамины;;;;
ЦБ-00005219;Алфавит 50+ таб. №120;Поливитамины;;;;
ЦБ-00005222;Алфавит в сезон простуд таб. 525мг №60;Поливитамины;;;;
ЦБ-00034784;Алфавит в сезон простуд таб. №60;Поливитамины;;;;
ЦБ-00005226;Алфавит Классик №120 таб.;Поливитамины;;;;
ЦБ-00005230;Алфавит Классик №120 таб.;Поливитамины;;;;
ЦБ-00005227;Алфавит Классик таб. №60;Поливитамины;;;;
ЦБ-00005231;Алфавит таб. №210;Поливитамины;;;;
ЦБ-00020943;Алфавит Эффект таб. №120;Поливитамины;;;;
ЦБ-00005234;Алфавит Эффект таб. №30;Поливитамины;;;;
ЦБ-00023291;АЛФАВИТ ЭФФЕКТ ТБ №120;Поливитамины;;;;
ЦБ-00159595;Алфакаст бинт ортопед. полимерный 5смх3,6см белый;Бинты;;;;
ЦБ-00179809;Альбумин человеческий р-р д/инф. 20% 100мл;Инъекционные и инфузионные р-ры;;;;
ЦБ-00193534;Альбумин человеческий р-р д/инф. 20% 50мл;Инъекционные и инфузионные р-ры;;;;
ЦБ-00116134;Альбумин человеческий р-р д/инф. 5% 250мл;Инъекционные и инфузионные р-ры;;;;
ЦБ-00157811;Альгипор-А покрытие д/ран/ожогов стерил. 60*100*10мм;Повязка раневая;;;;
ЦБ-00163300;Альгипор-А покрытие д/ран/ожогов стерил. 60х100х10мм №10;Повязка раневая;;;;
ЦБ-00165636;Альгипор-М покрытие д/ран/ожогов стерил. 50*50мм №1;Повязка раневая;;;;
ЦБ-00123056;Альгипор-М покрытие д/ран/ожогов стерил. 50*50мм №10;Повязка раневая;;;;
РТ-00000022;Альгипор-М покрытие д/ран/ожогов стерил. 60х100мм;Повязка раневая;;;;
ЦБ-00194908;Альгипран покрытие раневое стерильное с серебром 5х7,5см №5;Повязка раневая;;;;
ЦБ-00154535;Альпенол Олиосептил шалфей + чабрец + мальва леденцы №24;Драже, леденцы;;;;
ЦБ-00192200;Альпийское масло с вит. А/С/Е/Цинк капс. №30;Поливитамины;;;;
ЦБ-00023632;АЛЬПИКА ВОДА МИНЕРАЛЬНАЯ БЕЗ ГАЗА 1000МЛ;Минеральная вода;;;;
ЦБ-00023633;АЛЬПИКА ВОДА МИНЕРАЛЬНАЯ БЕЗ ГАЗА 500МЛ;Минеральная вода;;;;
РТ-00011071;Альпинола леденцы с ментолом, эфирными маслами трав, Вит.С б/сахара 75г;Драже, леденцы;;;;
РТ-00013610;Альпинола леденцы с ментолом, эфирными маслами трав, Вит.С б/сахара со стевией 75г;Драже, леденцы;;;;
РТ-00009903;Альпинола леденцы с ментолом, эфирными маслами трав, Вит.С и медом 75г;Драже, леденцы;;;;
ЦБ-00129592;Альфа-420 капс.№45;Ср-ва при эректильной дисфункции, влияющие на либидо;;;;
ЦБ-00167208;Альфадол капс. 0.25мкг №60;Витамин Д3;;;;
ЦБ-00166172;Альфадол капс. 1мкг №30;Витамин Д3;;;;
ЦБ-00159933;Альфакальцидол Канон капс. 0.25мкг №30;Витамин Д3;;;;
ЦБ-00173487;Альфакальцидол Канон капс. 0.25мкг №60;Витамин Д3;;;;
ЦБ-00160859;Альфакальцидол Канон капс. 1мкг №30;Витамин Д3;;;;
ЦБ-00159988;Альфакальцидол Канон капс. 1мкг №60;Витамин Д3;;;;
ЦБ-00110383;Альфарона лиоф.д/р-ра д/ин. и местн.прим. 3млн МЕ №5;Инъекционные и инфузионные р-ры;;;;
ЦБ-00187900;Амавуцин пор. д/р-ра в/в 1000мг+200мг №1;Антибактериальные средства инъекционные р-ры;;;;
ЦБ-00188855;Амавуцин пор. д/р-ра в/в 500мг+100мг №1;Антибактериальные средства инъекционные р-ры;;;;
ЦБ-00180979;Амбиарт Гамк с магнием/витамин./метабиотиками капс. №60;Поливитамины;;;;
ЦБ-00182057;Амбиарт Гиалурон. к-та с кремнием мсм вит. Д3 и С капс. №60;Поливитамины;;;;
ЦБ-00180868;Амбиарт Контрол Тайм Q10 капс. №60;Витамины д/сердечно-сосудистой системы;;;;
ЦБ-00185470;Амбрелла Магний В6 таб. №90;Препараты магния;;;;
ЦБ-00005799;Амелия Бинт мед. н/стер 7мх14см;Бинты;;;;
ЦБ-00005803;Амелия Бинт мед. н/стер 7мх14см (инд уп);Бинты;;;;
ЦБ-00005802;Амелия Бинт мед. н/стер 7мх14см (инд уп);Бинты;;;;
ЦБ-00005766;Амелия Бинт мед. стер 5мх10см;Бинты;;;;
ЦБ-00005812;Амелия Бинт мед. стер 5мх10см;Бинты;;;;
ЦБ-00005817;Амелия Бинт мед. стер 5мх10см;Бинты;;;;
ЦБ-00005828;Амелия Бинт мед. стер 7мх14см;Бинты;;;;
ЦБ-00009560;Амелия Марля медицинская 10м;Бинты;;;;
ЦБ-00009582;Амелия Марля медицинская 10м;Бинты;;;;
ЦБ-00009572;Амелия Марля медицинская 3м;Бинты;;;;
ЦБ-00009583;Амелия Марля медицинская 3м;Бинты;;;;
ЦБ-00009579;Амелия Марля медицинская 5м;Бинты;;;;
ЦБ-00159232;Амибактам пор. д/р-ра в/в и в/м 1000мг+500мг фл.№1;Антибактериальные средства инъекционные р-ры;;;;
ЦБ-00162272;Амикацин пор. д/приг. р-ра для в/в и в/м введ. 1,0г №25 (для ЛПУ);Инъекционные и инфузионные р-ры;;;;
РТ-00009726;Амикацин пор. д/р-р д/ин. 1000мг №1;Антибактериальные средства инъекционные р-ры;;;;
ЦБ-00000218;Амикацин пор. д/р-р д/ин. 1000мг №1;Антибактериальные средства инъекционные р-ры;;;;
РТ-00007850;Амикацин пор. д/р-р д/ин. 1000мг №1;Антибактериальные средства инъекционные р-ры;;;;
ЦБ-00025567;Амикацин пор. д/р-р д/ин. 1000мг №1;Антибактериальные средства инъекционные р-ры;;;;
ЦБ-00025872;Амикацин пор. д/р-р д/ин. 1000мг №10;Антибактериальные средства инъекционные р-ры;;;;
РТ-00001118;Амикацин пор. д/р-р д/ин. 1000мг №50;Антибактериальные средства инъекционные р-ры;;;;
ЦБ-00031666;Амикацин пор. д/р-р д/ин. 250мг/мл 2мг №10;Антибактериальные средства инъекционные р-ры;;;;
РТ-00001353;Амикацин пор. д/р-р д/ин. 250мг/мл 2мг №10;Антибактериальные средства инъекционные р-ры;;;;
ЦБ-00017215;Амикацин пор. д/р-р д/ин. 500мг №1;Антибактериальные средства инъекционные р-ры;;;;
ЦБ-00016635;Амикацин пор. д/р-р д/ин. 500мг №10;Антибактериальные средства инъекционные р-ры;;;;
ЦБ-00021634;Амикацин пор. д/р-р д/ин. 500мг №50;Антибактериальные средства инъекционные р-ры;;;;
ЦБ-00107969;Аминовен р-р д/инф. 15% 500мл №10 (для ЛПУ);Инъекционные и инфузионные р-ры;;;;
РТ-00008673;Аминокапроновая к-та р-р д/инф. 5% 100мл;Инъекционные и инфузионные р-ры;;;;
ЦБ-00000226;Аминокапроновая к-та р-р д/инф. 5% 100мл;Инъекционные и инфузионные р-ры;;;;
ЦБ-00000227;Аминокапроновая к-та р-р д/инф. 5% 100мл;Инъекционные и инфузионные р-ры;;;;
ЦБ-00000228;Аминокапроновая к-та р-р д/инф. 5% 100мл;Инъекционные и инфузионные р-ры;;;;
ЦБ-00000229;Аминокапроновая к-та р-р д/инф. 5% 100мл;Инъекционные и инфузионные р-ры;;;;
ЦБ-00000230;Аминокапроновая к-та р-р д/инф. 5% 100мл;Инъекционные и инфузионные р-ры;;;;
РТ-00001103;Аминокапроновая к-та р-р д/инф. 5% 100мл;Инъекционные и инфузионные р-ры;;;;
РТ-00014115;Аминокапроновая к-та р-р д/инф. 5% 100мл (для ЛПУ);Инъекционные и инфузионные р-ры;;;;
ЦБ-00024783;Аминокапроновая к-та р-р д/инф. 5% 100мл №48;Инъекционные и инфузионные р-ры;;;;
ЦБ-00024204;Аминокапроновая к-та р-р д/инф. 5% 200мл;Инъекционные и инфузионные р-ры;;;;
ЦБ-00154486;Аминокапроновая к-та р-р д/инф. 50мг/мл 100мл;Инъекционные и инфузионные р-ры;;;;
ЦБ-00165256;Аминокапроновая к-та р-р д/инф. 50мг/мл 100мл №35;Инъекционные и инфузионные р-ры;;;;
ЦБ-00085225;Аминокапроновая к-та-СОЛОфарм р-р д/инф. 50мг/мл 100мл фл. №36;Инъекционные и инфузионные р-ры;;;;
ЦБ-00194253;Аминокислотный комплекс капс. №90;Поливитамины;;;;
ЦБ-00156674;Аминокислотный Хелат кальция пор. 90г;Поливитамины;;;;
ЦБ-00180576;Аминостерил Н-Гепа р-р д/инф. 8% 500мл №10;Инъекционные и инфузионные р-ры;;;;
РТ-00009213;Аминтакс супп. ваг. №10;Гинекологические п/воспалительные ср-ва наружные;;;;
ЦБ-00016624;Амоксиклав пор. д/ин. 1000мг+200мг №5;Антибактериальные средства инъекционные р-ры;;;;
ЦБ-00000264;Амоксиклав пор. д/ин. 500мг+100мг №5;Антибактериальные средства инъекционные р-ры;;;;
ЦБ-00016526;Амоксиклав пор. д/инф. 1000мг+200мг №5;Антибактериальные средства инъекционные р-ры;;;;
ЦБ-00186605;Амоксиклав пор. д/приг. р-ра для в/в введ. фл.1000мг+200мг №10;Антибактериальные средства инъекционные р-ры;;;;
ЦБ-00025876;Амоксициллин+Клавулановая к-та пор. д/ин. 1000мг+200мг №1;Антибактериальные средства инъекционные р-ры;;;;
РТ-00012675;Амоксициллин+Клавулановая к-та пор. д/ин. 1000мг+500мг №1;Антибактериальные средства инъекционные р-ры;;;;
ЦБ-00163473;Амоктам пор. д/пригот. р-ра в/в/ и в/м введ. 1000мг+500мг №1;Антибактериальные средства инъекционные р-ры;;;;
ЦБ-00005250;Амписид пор. д/р-ра в/м 1000мг+500мг №1  (р-ль лидокаин);Антибактериальные средства инъекционные р-ры;;;;
ЦБ-00026777;АМПИСИД ПОР.Д/ИН.В/В И В/М ФЛ 1.5МГ С РАСТВОРИТЕЛЕМ;Антибактериальные средства инъекционные р-ры;;;;
ЦБ-00000283;Ампициллин пор д/р-р в/в в/м 1000мг;Антибактериальные средства инъекционные р-ры;;;;
ЦБ-00000284;Ампициллин пор д/р-р в/в в/м 1000мг;Антибактериальные средства инъекционные р-ры;;;;
ЦБ-00000281;Ампициллин пор д/р-р в/в в/м 1г №1;Антибактериальные средства инъекционные р-ры;;;;
ЦБ-00000285;Ампициллин пор д/р-р в/в в/м 1г №1;Антибактериальные средства инъекционные р-ры;;;;
ЦБ-00031667;Ампициллин пор д/р-р в/в в/м 1г №50;Антибактериальные средства инъекционные р-ры;;;;
РТ-00002965;Ампициллин пор д/р-р в/в в/м 1г №50;Антибактериальные средства инъекционные р-ры;;;;
ЦБ-00027082;Ампициллин пор д/р-р в/в в/м 2г №1;Антибактериальные средства инъекционные р-ры;;;;
ЦБ-00016643;Ампициллин пор д/р-р в/в в/м 500мг №1;Антибактериальные средства инъекционные р-ры;;;;
ЦБ-00033940;Ампициллин пор д/р-р в/в в/м 500мг №1;Антибактериальные средства инъекционные р-ры;;;;
ЦБ-00033941;Ампициллин пор д/р-р в/в в/м 500мг №1;Антибактериальные средства инъекционные р-ры;;;;
ЦБ-00015218;Ампициллин пор д/р-р в/в в/м 500мг №10;Антибактериальные средства инъекционные р-ры;;;;
ЦБ-00020112;Ампициллин пор д/р-р в/в в/м 500мг №50;Антибактериальные средства инъекционные р-ры;;;;
ЦБ-00000289;Ампициллин пор д/р-р в/в в/м 500мг №50;Антибактериальные средства инъекционные р-ры;;;;
ЦБ-00033939;Ампициллин пор д/р-р в/в в/м 500мг №50;Антибактериальные средства инъекционные р-ры;;;;
ЦБ-00139162;Ампициллин пор. 0,5г в/в, в/м №50 (для ЛПУ) Красфарма;Антибактериальные средства инъекционные р-ры;;;;
РТ-00014454;Ампициллин+сульбактам пор. д/р-ра в/в и в/м 1000мг+500мг №1;Антибактериальные средства инъекционные р-ры;;;;
ЦБ-00030228;Ампициллин-Акос пор в/в и в/м 1г №1;Антибактериальные средства инъекционные р-ры;;;;
РТ-00006655;Амфотерицин В лиоф. д/инф. 50000ЕД 10мл;Антибактериальные средства инъекционные р-ры;;;;
ЦБ-00110277;Анабелла таб. п/п/о 3мг+0.03мг №28;Пероральные контрацептивы;;;;
ЦБ-00110278;Анабелла таб. п/п/о 3мг+0.03мг №84;Пероральные контрацептивы;;;;
ЦБ-00118592;Ангиовит Магний капс. №60;Витамины д/сердечно-сосудистой системы;;;;
ЦБ-00000328;Ангиовит таб. п/о №60;Витамины д/сердечно-сосудистой системы;;;;
РТ-00001214;Андрогерон капс. №4;Ср-ва при эректильной дисфункции, влияющие на либидо;;;;
ЦБ-00163623;АндроДоз лайт таб. шип. №20;Ср-ва при эректильной дисфункции, влияющие на либидо;;;;
ЦБ-00175661;Анимал Креатин Паудер витаминно-минеральный комплекс пор. д/приема внутрь 500г;Поливитамины;;;;
ЦБ-00166364;Анимал Пак витаминно-минеральный комплекс пор. №30;Поливитамины;;;;
ЦБ-00179182;Анимал Пак витаминно-минеральный комплекс пор. апельсин 411г;Поливитамины;;;;
ЦБ-00175680;Анимал Пак таб. в пакетах №44;Поливитамины;;;;
ЦБ-00147575;Анкерманн В12 таб. п/о 1мг №50;Препараты группы В, нейропротекторы;;;;
ЦБ-00117907;Антиадгезин гель противоспаечный 3г шприц;Шприцы;;;;
ЦБ-00089132;Антиадгезин гель противоспаечный 5г шприц;Шприцы;;;;
ЦБ-00023480;АНТИКВА ВОДА МИНЕРАЛЬНАЯ НАТУРАЛЬНАЯ С ГАЗОМ ИЗ ТОСКАНО-ЭМИЛИАНСКИХ АППЕНИН 0.5 Л;Минеральная вода;;;;
ЦБ-00149712;Антиоксикапс капс. №20;Поливитамины;;;;
ЦБ-00154159;Антиоксикапс с йодом капс. №20;Поливитамины;;;;
ЦБ-00015796;Антип тб 500мг №6;Поливитамины;;;;
ЦБ-00161299;АнтиЭдж Биом порошок-саше №30;Поливитамины;;;;
РТ-00008058;Анти-Эйдж Железо Хелат таб. 250мг №60;Препараты железа;;;;
ЦБ-00149972;Анти-эйдж Магний хелат таб. №120;Препараты магния;;;;
РТ-00006522;Анти-Эйдж Магний Хелат таб. №60;Препараты магния;;;;
ЦБ-00000361;Апилак мазь 10мг/г 50г;Поливитамины;;;;
ЦБ-00000363;Апилак мазь 10мг/г 50г;Поливитамины;;;;
ЦБ-00024936;Апитонус П таб. №60;Поливитамины;;;;
РТ-00000146;Апротекс лиоф. д/ин. 10000АТРЕ №10;Инъекционные и инфузионные р-ры;;;;
ЦБ-00000367;Аралия настойка 25мл;Адаптогены настойки;;;;
ЦБ-00150569;Аралия настойка 25мл;Адаптогены настойки;;;;
ЦБ-00194455;Аралия настойка 25мл;Адаптогены настойки;;;;
ЦБ-00032424;Аралия настойка 50мл;Поливитамины;;;;
ЦБ-00176596;Аргинин ААКГ капс. №90;Витамины д/сердечно-сосудистой системы;;;;
ЦБ-00180634;Аргинин Реневал таб. №90;Витамины д/сердечно-сосудистой системы;;;;
ЦБ-00020709;АРДИАЛ КАПС. 0.35Г №30 УП;Витамины д/сердечно-сосудистой системы;;;;
ЦБ-00140814;Аркофарма Конфорт уринаре био мочевыводящий комфорт амп. 10мл №20;Уроантисептики;;;;
ЦБ-00187987;Арктикхелф вит. Д3 2000МЕ капс. №30;Витамин Д3;;;;
ЦБ-00136100;Арлетт презервативы XXL Увеличенные №12;Презервативы;;;;
ЦБ-00146504;Арлетт презервативы XXL увеличенные №3;Презервативы;;;;
ЦБ-00146505;Арлетт презервативы XXL увеличенные №6;Презервативы;;;;
ЦБ-00144408;Арлетт презервативы классические №3;Презервативы;;;;
ЦБ-00157522;Арлетт презервативы классические №6;Презервативы;;;;
ЦБ-00143192;Арлетт презервативы классический №12;Презервативы;;;;
ЦБ-00136098;Арлетт презервативы лайт ультратонкие №12;Презервативы;;;;
ЦБ-00145180;Арлетт презервативы продлевающие №3;Презервативы;;;;
ЦБ-00127991;Арлетт презервативы продлевающие №6;Презервативы;;;;
ЦБ-00130061;Арлетт презервативы стронг прочные №3;Презервативы;;;;
ЦБ-00146999;Арлетт презервативы стронг прочные №6;Презервативы;;;;
ЦБ-00144126;Арлетт презервативы точечные №12;Презервативы;;;;
ЦБ-00170835;Арлетт презервативы точечные №3;Презервативы;;;;
ЦБ-00136099;Арлетт презервативы ультра тонкие №3;Презервативы;;;;
ЦБ-00124656;Арлетт презервативы ультра тонкие №6;Презервативы;;;;
ЦБ-00147369;Арма презерватив д/УЗИ №1;Презервативы;;;;
ЦБ-00038804;Арнебия 24 комплекс табл №100;Поливитамины;;;;
ЦБ-00154095;Арнебия 24 комплекс табл №30;Поливитамины;;;;
ЦБ-00039531;Арнебия Бета-каротин+кальций таб шип №20;Препараты магния;;;;
ЦБ-00038265;Арнебия Витамин C таб.шип.№20;Поливитамины;;;;
ЦБ-00038266;Арнебия витамин C+Селен+Цинк таб.шип.№20;Поливитамины;;;;
ЦБ-00164133;Арнебия витамин Д3 таб. шип. N20;Витамин Д3;;;;
РТ-00009764;Арнебия Витамин С лимон пор. 5г №10;Витамин С;;;;
ЦБ-00036500;Арнебия Витамин С лимон пор. 5г №20;Витамин С;;;;
ЦБ-00121583;Арнебия витамин С малина  пор. 5г №10;Витамин С;;;;
ЦБ-00036501;Арнебия Витамин С малина  пор. 5г №20;Витамин С;;;;
РТ-00007587;Арнебия Витамин С пор. пак. Апельсин 5г №10;Витамин С;;;;
ЦБ-00038905;Арнебия Витамин С пор. пак. Апельсин 5г №20;Витамин С;;;;
ЦБ-00164132;Арнебия В-комплекс + йод таб. шип. №20;Поливитамины;;;;
ЦБ-00039275;Арнебия карнитин+витамин С таб. шипучие N20;Витамин С;;;;
ЦБ-00157312;Арнебия Магний + Витамин В таб. №60;Поливитамины;;;;
ЦБ-00153282;Арнебия Магний + Витамин С таб. рассас. №30;Препараты магния;;;;
РТ-00002233;Арнебия Магний + Витамин С таб. рассас. №60;Препараты магния;;;;
ЦБ-00038019;Арнебия Магний таб шип №20;Препараты магния;;;;
ЦБ-00039377;Арнебия мультивитамин ретард капс. №80;Поливитамины;;;;
ЦБ-00038020;Арнебия Мультивитамин таб шип №20;Поливитамины;;;;
ЦБ-00129537;Арнебия мультивитамин+минералы пор. вишня пак. №10;Поливитамины;;;;
ЦБ-00129538;Арнебия мультивитамин+минералы пор. лимон пак. №10;Поливитамины;;;;
ЦБ-00136101;Арнебия мультивитамин+минералы со вкусом яблока пакетики 5г №10;Поливитамины;;;;
ЦБ-00036026;Арнебия мультивитамин+минералы таб.шип. № 20;Поливитамины;;;;
ЦБ-00118795;Арнебия Ниацин+фолиевая кислота таб. шип №20;Поливитамины;;;;
ЦБ-00136102;Арнебия С 300 горячий напиток с ягодным вкусом пакетики 5,5г №10;Витамин С;;;;
ЦБ-00125399;Арнебия С горячий напиток пор.пак.№10 Лимон;Витамин С;;;;
ЦБ-00038379;Арнебия цинк депот капс N32;Поливитамины;;;;
ЦБ-00152261;Арнебия цинк+витамин С таб для рассас N30;Витамин С;;;;
ЦБ-00038186;Арнебия цинк+витамин С таб для рассас N60;Витамин С;;;;
ЦБ-00142800;Арум Витамин бленд витаминный комплекс таб. №30;Поливитамины;;;;
ЦБ-00144129;Арум витамин С таб. №75;Витамин С;;;;
ЦБ-00146536;Арум комплекс минералов капс. №60;Поливитамины;;;;
ЦБ-00193104;Архыз Вита вода минеральная дет. н/газ. 1,5л;Минеральная вода;;;;
ЦБ-00006740;Архыз вода минеральная газ. 0,5л;Минеральная вода;;;;
ЦБ-00006737;Архыз вода минеральная н/газ. 1,5л;Минеральная вода;;;;
ЦБ-00005395;Асвитол Солнышко таб. жев. 25мг №10;Витамин С;;;;
ЦБ-00000405;Асвитол таб. жев. 200мг №20;Витамин С;;;;
ЦБ-00187885;Асептисорб сорбент дренир. полим. пор. 1г №5;Повязка раневая;;;;
РТ-00005123;Асептисорб-ДТ сорбент пор. 1г №5;Повязка раневая;;;;
ЦБ-00033264;Асковит (Вит. С 1000мг) таб. шип. апельсин 1г №10;Витамин С;;;;
ЦБ-00005408;Асковит (Вит. С 1000мг) таб. шип. лимон 1г №10;Витамин С;;;;
ЦБ-00005406;Асковит пор. апельсин пак. 1г №10;Витамин С;;;;
ЦБ-00161666;Аскорбат натрия таб. №30;Витамин С;;;;
ЦБ-00036134;Аскорбин Ка форте таб. жеват. Апельсин №10;Витамин С;;;;
РТ-00000707;Аскорбин Ка форте таб. жеват. Брусника №10;Витамин С;;;;
ЦБ-00040242;Аскорбин Ка форте таб. жеват. Киви №10;Витамин С;;;;
ЦБ-00022576;Аскорбин Ка форте таб. жеват. Классик №10;Витамин С;;;;
ЦБ-00017651;Аскорбин Ка форте таб. жеват. Клюква №10;Витамин С;;;;
ЦБ-00022578;Аскорбин Ка форте таб. жеват. Лайм №10;Витамин С;;;;
ЦБ-00023117;Аскорбин Ка форте таб. жеват. Малина №10;Витамин С;;;;
ЦБ-00037203;Аскорбин Ка форте таб. жеват. Черн. смородина №10;Витамин С;;;;
ЦБ-00022577;Аскорбин Ка форте таб. жеват. Черника №10;Витамин С;;;;
РТ-00000706;Аскорбин Ка форте таб. жеват. Яблоко №10;Витамин С;;;;
ЦБ-00166353;Аскорбинка 900мг + калий + магний таб. шип. №17;Витамин С;;;;
ЦБ-00166351;Аскорбинка 900мг + цинк таб. шип. №17;Витамин С;;;;
ЦБ-00166350;Аскорбинка 900мг + янтарная к-та + глицин таб. шип. №17;Витамин С;;;;
ЦБ-00166349;Аскорбинка 900мг таб. шип. №17;Витамин С;;;;
РТ-00000330;Аскорбинка Ангри бердс таб. Клубника 3г №10;Витамин С;;;;
ЦБ-00174159;Аскорбинка вит.С с глюкозой малина таб. №14;Витамин С;;;;
ЦБ-00125400;Аскорбинка д/дет. таб.жев. №10;Витамин С;;;;
РТ-00003461;Аскорбинка д/детей и взрослых таб. жеват. №10;Витамин С;;;;
РТ-00003249;Аскорбинка д/детей с сахаром Ми-Ми-Мишки таб. 20мг №10;Витамин С;;;;
РТ-00003305;Аскорбинка д/детей таб. №10;Витамин С;;;;
РТ-00002492;Аскорбинка д/детей таб. Клубника №10;Витамин С;;;;
РТ-00002493;Аскорбинка д/детей таб. Малина №10;Витамин С;;;;
ЦБ-00134526;Аскорбинка дет. таб. апельсин №10;Витамин С;;;;
ЦБ-00134525;Аскорбинка дет. таб. клубника №10;Витамин С;;;;
ЦБ-00133878;Аскорбинка дет. таб. лимон №10;Витамин С;;;;
ЦБ-00134527;Аскорбинка дет. таб. малина №10;Витамин С;;;;
ЦБ-00086007;Аскорбинка детская апельсиновая фиксики 3г №10;Витамин С;;;;
ЦБ-00169314;Аскорбинка клубника таб. жев. №10;Витамин С;;;;
ЦБ-00017905;Аскорбинка крутка с сахаром таб. №10;Витамин С;;;;
ЦБ-00118385;Аскорбинка Кунг-Фу Панда таб. №10 клубника;Витамин С;;;;
ЦБ-00118165;Аскорбинка Мадагаскар таб. №10 детс.Апельсин;Витамин С;;;;
РТ-00010918;Аскорбинка Маша и медведь Клубника 3г №10;Витамин С;;;;
РТ-00003842;Аскорбинка Маша и медведь Клубника 3г №10;Витамин С;;;;
РТ-00004639;Аскорбинка Маша и медведь Малина 3г №10;Витамин С;;;;
РТ-00003841;Аскорбинка Миньоны 3г №10;Витамин С;;;;
ЦБ-00148182;Аскорбинка на фруктозе таб. №10;Витамин С;;;;
РТ-00005404;Аскорбинка Плюс  пор. пак. №1;Витамин С;;;;
РТ-00007551;Аскорбинка Плюс Мед/Липа/Лимон пор. пак. №10;Витамин С;;;;
РТ-00009834;Аскорбинка Плюс с калием и магнием таб. шип. №17;Витамин С;;;;
РТ-00009832;Аскорбинка Плюс с цинком таб. шип. №17;Витамин С;;;;
РТ-00009833;Аскорбинка Плюс с янтарной кислотой и глицином таб. шип. №17;Витамин С;;;;
ЦБ-00024687;Аскорбинка с глюкозой таб 2,9г №14;Витамин С;;;;
ЦБ-00024676;Аскорбинка с глюкозой таб 2,9г №14 апельсин;Витамин С;;;;
ЦБ-00024677;Аскорбинка с глюкозой таб 2,9г №14 виноград;Витамин С;;;;
ЦБ-00024678;Аскорбинка с глюкозой таб 2,9г №14 лимон;Витамин С;;;;
ЦБ-00024686;Аскорбинка с глюкозой таб 2,9г №14 черника;Витамин С;;;;
ЦБ-00034122;Аскорбинка с глюкозой таб. 0.025г №14 ананас;Витамин С;;;;
ЦБ-00034123;Аскорбинка с глюкозой таб. 0.025г №14 лесные ягоды;Витамин С;;;;
ЦБ-00034124;Аскорбинка с глюкозой таб. 0.025г №14 малина;Витамин С;;;;
ЦБ-00034125;Аскорбинка с глюкозой таб. 0.025г №14 смородина;Витамин С;;;;
ЦБ-00016543;Аскорбинка с глюкозой таб. 0.1г №10;Витамин С;;;;
РТ-00005267;Аскорбинка с глюкозой-плюс таб. №10;Витамин С;;;;
РТ-00009827;Аскорбинка с железом таб. №14;Витамин С;;;;
ЦБ-00172759;Аскорбинка с железом таб. жев. №14;Витамин С;;;;
РТ-00009829;Аскорбинка с калием и магнием таб. №14;Витамин С;;;;
РТ-00009828;Аскорбинка с кальцием таб. №14;Витамин С;;;;
ЦБ-00172835;Аскорбинка с магнием и калием таб. жеват. №14;Витамин С;;;;
ЦБ-00163782;Аскорбинка с рутином форте таб. №50;Витамин С;;;;
ЦБ-00017047;Аскорбинка с сахаром таб. 25мг №10;Витамин С;;;;
ЦБ-00146822;Аскорбинка с сахаром таб. 25мг №10;Витамин С;;;;
ЦБ-00035543;Аскорбинка с сахаром таб. 25мг №10 ваниль;Витамин С;;;;
РТ-00008340;Аскорбинка с сахаром таб. 25мг №10 клубника;Витамин С;;;;
ЦБ-00147617;Аскорбинка с сахаром таб. 25мг №10 лимон;Витамин С;;;;
ЦБ-00021198;Аскорбинка с сахаром таб. 25мг №10 мята;Витамин С;;;;
ЦБ-00125635;Аскорбинка с сахаром таб. малина 25мг №10;Витамин С;;;;
ЦБ-00038537;Аскорбинка с фруктозой №14 клубника;Витамин С;;;;
ЦБ-00172858;Аскорбинка с цинком таб. жеват. №14;Витамин С;;;;
РТ-00009830;Аскорбинка с янтарной кислотой и глицином таб. №14;Витамин С;;;;
РТ-00009831;Аскорбинка с янтарной кислотой таб. №14;Витамин С;;;;
ЦБ-00022304;Аскорбинка таб. 3г №10;Витамин С;;;;
РТ-00009859;Аскорбинка таб. крутка с вит.С 25мг №10;Витамин С;;;;
РТ-00009861;Аскорбинка таб. крутка с вит.С 25мг Апельсин №10;Витамин С;;;;
РТ-00009860;Аскорбинка таб. крутка с вит.С 25мг Клубника №10;Витамин С;;;;
ЦБ-00034126;Аскорбинка таб. крутка с сахаром 25мг №10;Витамин С;;;;
ЦБ-00033098;Аскорбинка таб. крутка с сахаром №10 ананас;Витамин С;;;;
ЦБ-00005410;Аскорбинка таб. крутка с сахаром №10 апельсин;Витамин С;;;;
ЦБ-00017967;Аскорбинка таб. крутка с сахаром №10 лимон;Витамин С;;;;
ЦБ-00017968;Аскорбинка таб. крутка с сахаром №10 малина;Витамин С;;;;
ЦБ-00017849;Аскорбинка таб. крутка с сахаром №10 мята;Витамин С;;;;
ЦБ-00005411;Аскорбинка таб. крутка с сахаром №10 ч.смородина;Витамин С;;;;
ЦБ-00005412;Аскорбинка таб. крутка с сахаром №10 яблоко;Витамин С;;;;
ЦБ-00140806;Аскорбинка таб. шип. 900мг №17;Витамин С;;;;
РТ-00005145;Аскорбинка Тролли Апельсин 3г №10;Витамин С;;;;
ЦБ-00164098;АскорбинКа форте таб. лайм №10;Витамин С;;;;
ЦБ-00118163;Аскорбинка Шрек таб. №10 детск. б/ароматиз.;Витамин С;;;;
ЦБ-00159756;Аскорбиновая  кислота 25 таб. со вкусом апельсина №10;Витамин С;;;;
ЦБ-00162005;Аскорбиновая  кислота 25 таб. со вкусом вишни №10;Витамин С;;;;
ЦБ-00159578;Аскорбиновая  кислота 25 таб. со вкусом клубники №10;Витамин С;;;;
ЦБ-00161383;Аскорбиновая  кислота витаниум таб. со вкусом апельсина №10;Витамин С;;;;
ЦБ-00161186;Аскорбиновая  кислота витаниум таб. со вкусом вишни №10;Витамин С;;;;
РТ-00009981;Аскорбиновая кислота + рутин таб. №50;Витамин С;;;;
РТ-00010953;Аскорбиновая кислота Ми-Ми-Мишки таб. 25мг Малина №10;Витамин С;;;;
ЦБ-00039787;Аскорбиновая кислота таб. 100мг №60 Эвалар;Витамин С;;;;
РТ-00003121;Аскорбиновая кислота таб. 25мг Апельсин №10;Витамин С;;;;
РТ-00003117;Аскорбиновая кислота таб. 25мг Арбуз №10;Витамин С;;;;
РТ-00003119;Аскорбиновая кислота таб. 25мг Клубника №10;Витамин С;;;;
РТ-00003118;Аскорбиновая кислота таб. 25мг Малина №10;Витамин С;;;;
РТ-00003116;Аскорбиновая кислота таб. 25мг Черная смородина №10;Витамин С;;;;
РТ-00003120;Аскорбиновая кислота таб. вишня 25мг №10;Витамин С;;;;
ЦБ-00136154;Аскорбиновая кислота+рутин таб. №50;Поливитамины;;;;
РТ-00002566;Аскорбиновая к-та (Крутка) Апельсин таб. №10;Витамин С;;;;
РТ-00002565;Аскорбиновая к-та (Крутка) Лимон таб. №10;Витамин С;;;;
ЦБ-00035720;Аскорбиновая к-та (Крутка) с сахаром таб. №10;Витамин С;;;;
ЦБ-00035560;Аскорбиновая к-та (Крутка) Черная сморода таб. №10;Витамин С;;;;
ЦБ-00030587;Аскорбиновая к-та б/сахара пор. 2.5г №10;Витамин С;;;;
ЦБ-00005415;Аскорбиновая к-та БАД крутка с сахаром таб. 25мг №10;Витамин С;;;;
ЦБ-00026019;Аскорбиновая к-та БАД пор. 2.5г;Витамин С;;;;
РТ-00003601;Аскорбиновая к-та др. 250мг №200 (БАД);Витамин С;;;;
РТ-00003473;Аскорбиновая к-та др. 50мг №200;Витамин С;;;;
ЦБ-00000420;Аскорбиновая к-та др. 50мг №200;Витамин С;;;;
ЦБ-00030235;Аскорбиновая к-та др. 50мг №200;Витамин С;;;;
ЦБ-00035188;Аскорбиновая к-та др. 50мг №200;Витамин С;;;;
ЦБ-00000411;Аскорбиновая к-та др. 50мг №200;Витамин С;;;;
ЦБ-00000419;Аскорбиновая к-та др. 50мг №200;Витамин С;;;;
ЦБ-00037501;Аскорбиновая к-та драже 250мг №200;Витамин С;;;;
ЦБ-00035987;Аскорбиновая к-та драже №100;Витамин С;;;;
ЦБ-00039092;Аскорбиновая к-та драже №150;Витамин С;;;;
РТ-00010088;Аскорбиновая к-та драже разноцветное №100;Витамин С;;;;
ЦБ-00170995;Аскорбиновая к-та Квадрат-С со вкусом апельсина пор. №20;Витамин С;;;;
ЦБ-00147325;Аскорбиновая к-та пор. 1г №10;Витамин С;;;;
ЦБ-00037521;Аскорбиновая к-та пор. 2,5 №10 БАД;Витамин С;;;;
РТ-00013518;Аскорбиновая к-та пор. 2,5 №10 ЛС;Витамин С;;;;
ЦБ-00154590;Аскорбиновая к-та пор. 2,5 №50;Витамин С;;;;
ЦБ-00147465;Аскорбиновая к-та пор. 2,5г №1;Витамин С;;;;
ЦБ-00147960;Аскорбиновая к-та пор. 2,5г №10;Витамин С;;;;
ЦБ-00185694;Аскорбиновая к-та пор. 2,5г №10;Витамин С;;;;
ЦБ-00033803;Аскорбиновая к-та пор. 2,5г №50;Витамин С;;;;
ЦБ-00033371;Аскорбиновая к-та пор. 2,5г №50;Витамин С;;;;
ЦБ-00016267;Аскорбиновая к-та пор. 2,5г Апельсин №1;Витамин С;;;;
ЦБ-00183235;Аскорбиновая к-та пор. 2,5г Апельсин №10;Витамин С;;;;
ЦБ-00183236;Аскорбиновая к-та пор. 2,5г Лимон №10;Витамин С;;;;
ЦБ-00183237;Аскорбиновая к-та пор. 2,5г Малина №10;Витамин С;;;;
ЦБ-00030236;Аскорбиновая к-та пор. 2.5 г №1;Витамин С;;;;
ЦБ-00028354;Аскорбиновая к-та пор. 2.5 г №1 БАД;Витамин С;;;;
РТ-00008975;Аскорбиновая к-та пор. 2.5 г №50 БАД;Витамин С;;;;
ЦБ-00029974;Аскорбиновая к-та пор. 2.5г;Витамин С;;;;
ЦБ-00005417;Аскорбиновая к-та пор. 2.5г №1;Витамин С;;;;
ЦБ-00028323;Аскорбиновая к-та пор. 2.5г №1;Витамин С;;;;
ЦБ-00000412;Аскорбиновая к-та пор. 2.5г №1;Витамин С;;;;
ЦБ-00036497;Аскорбиновая к-та пор. 2.5г №50;Витамин С;;;;
ЦБ-00016544;Аскорбиновая к-та пор. 2.5г Лимон №1;Витамин С;;;;
ЦБ-00162484;Аскорбиновая к-та пор. д/пригот. р-ра д/приема внутрь 2,5г №5;Витамин С;;;;
ЦБ-00189084;Аскорбиновая к-та с глюкоз. апельсин таб. жев. №40;Витамин С;;;;
ЦБ-00188953;Аскорбиновая к-та с глюкозой без аромат. таб. №40;Витамин С;;;;
ЦБ-00181204;Аскорбиновая к-та с глюкозой без ароматиз. таб. №30;Витамин С;;;;
ЦБ-00185182;Аскорбиновая к-та с глюкозой клубника таб. №40;Витамин С;;;;
ЦБ-00005418;Аскорбиновая к-та с глюкозой крутка апельсин таб. 25мг №10 БАД;Витамин С;;;;
ЦБ-00005422;Аскорбиновая к-та с глюкозой крутка таб. 25мг №10;Витамин С;;;;
ЦБ-00164040;Аскорбиновая к-та с глюкозой премиум таб. 100мг №10;Витамин С;;;;
ЦБ-00164135;Аскорбиновая к-та с глюкозой премиум таб. 100мг №20;Витамин С;;;;
ЦБ-00132567;Аскорбиновая к-та с глюкозой таб. 0,1 №30 Марбиофарм;Витамин С;;;;
ЦБ-00037342;Аскорбиновая к-та с глюкозой таб. 100мг №10;Витамин С;;;;
ЦБ-00036445;Аскорбиновая к-та с глюкозой таб. 100мг №10;Витамин С;;;;
ЦБ-00005413;Аскорбиновая к-та с глюкозой таб. 100мг №10;Витамин С;;;;
ЦБ-00005419;Аскорбиновая к-та с глюкозой таб. 100мг №10;Витамин С;;;;
ЦБ-00035466;Аскорбиновая к-та с глюкозой таб. 100мг №10;Витамин С;;;;
ЦБ-00000408;Аскорбиновая к-та с глюкозой таб. 100мг №10;Витамин С;;;;
ЦБ-00005420;Аскорбиновая к-та с глюкозой таб. 100мг №10;Витамин С;;;;
ЦБ-00036616;Аскорбиновая к-та с глюкозой таб. 100мг №20;Витамин С;;;;
ЦБ-00005421;Аскорбиновая к-та с глюкозой таб. 100мг №20 Реневал;Витамин С;;;;
РТ-00014867;Аскорбиновая к-та с глюкозой таб. 100мг №30;Витамин С;;;;
РТ-00012729;Аскорбиновая к-та с глюкозой таб. 100мг №40;Витамин С;;;;
ЦБ-00000409;Аскорбиновая к-та с глюкозой таб. 100мг №40;Витамин С;;;;
ЦБ-00037325;Аскорбиновая к-та с глюкозой таб. 500мг №40;Витамин С;;;;
ЦБ-00036755;Аскорбиновая к-та с глюкозой таб. 500мг №40 (клубника);Витамин С;;;;
ЦБ-00034185;Аскорбиновая к-та с глюкозой таб. 500мг №40 (черника);Витамин С;;;;
ЦБ-00187982;Аскорбиновая к-та с глюкозой таб. №30;Витамин С;;;;
ЦБ-00187983;Аскорбиновая к-та с глюкозой таб. №50;Витамин С;;;;
ЦБ-00173942;Аскорбиновая к-та с глюкозой таб. №60;Витамин С;;;;
ЦБ-00188559;Аскорбиновая к-та с глюкозой таб. малина №40;Витамин С;;;;
ЦБ-00040302;Аскорбиновая к-та с глюкозой Эко таб. 1г №10;Витамин С;;;;
ЦБ-00123215;Аскорбиновая к-та с сахаром ананас таб. 25мг №10 крутка;Витамин С;;;;
ЦБ-00005416;Аскорбиновая к-та с сахаром клубника таб. 25мг №10 крутка;Витамин С;;;;
ЦБ-00038296;Аскорбиновая к-та с сахаром таб. 2,9г №10 апельсин;Витамин С;;;;
РТ-00009410;Аскорбиновая к-та с сахаром таб. 2,9г №10 банан;Витамин С;;;;
ЦБ-00038297;Аскорбиновая к-та с сахаром таб. 2,9г №10 брусника;Витамин С;;;;
ЦБ-00038298;Аскорбиновая к-та с сахаром таб. 2,9г №10 вишня;Витамин С;;;;
ЦБ-00025174;Аскорбиновая к-та с сахаром таб. 2,9г №10 клубника;Витамин С;;;;
ЦБ-00028377;Аскорбиновая к-та с сахаром таб. 2,9г №10 клюква;Витамин С;;;;
ЦБ-00122855;Аскорбиновая к-та с сахаром таб. 2,9г №10 лимон;Витамин С;;;;
ЦБ-00038299;Аскорбиновая к-та с сахаром таб. 2,9г №10 малина;Витамин С;;;;
ЦБ-00037160;Аскорбиновая к-та с сахаром таб. 2,9г №10 малина;Витамин С;;;;
ЦБ-00038300;Аскорбиновая к-та с сахаром таб. 2,9г №10 смородина;Витамин С;;;;
ЦБ-00124583;Аскорбиновая к-та с сахаром таб. 2,9г №10 Яблоко;Витамин С;;;;
ЦБ-00024140;Аскорбиновая к-та с сахаром таб. 2.9г №10;Витамин С;;;;
ЦБ-00033275;Аскорбиновая к-та с сахаром таб. 2.9г. №10 (ананас) крутка. БАД;Витамин С;;;;
ЦБ-00033276;Аскорбиновая к-та с сахаром таб. 2.9г. №10 (апельсин) крутка. БАД;Витамин С;;;;
ЦБ-00033277;Аскорбиновая к-та с сахаром таб. 2.9г. №10 (клубника) крутка. БАД;Витамин С;;;;
ЦБ-00033278;Аскорбиновая к-та с сахаром таб. 2.9г. №10 (малина) крутка. БАД;Витамин С;;;;
ЦБ-00033279;Аскорбиновая к-та с сахаром таб. 2.9г. №10 (черника) крутка. БАД;Витамин С;;;;
ЦБ-00033280;Аскорбиновая к-та с сахаром таб. 2.9г. №10 крутка. БАД;Витамин С;;;;
ЦБ-00016303;Аскорбиновая к-та с сахаром таб. №10;Витамин С;;;;
ЦБ-00017715;Аскорбиновая к-та с сахаром таб. №10 арбуз;Витамин С;;;;
ЦБ-00017716;Аскорбиновая к-та с сахаром таб. №10 вишня;Витамин С;;;;
ЦБ-00017714;Аскорбиновая к-та с сахаром таб. Апельсин №10;Витамин С;;;;
РТ-00005317;Аскорбиновая к-та с сахаром таб. Арбуз №10;Витамин С;;;;
РТ-00003299;Аскорбиновая к-та с сахаром таб. Груша №10;Витамин С;;;;
ЦБ-00017717;Аскорбиновая к-та с сахаром таб. Дыня №10;Витамин С;;;;
ЦБ-00017718;Аскорбиновая к-та с сахаром таб. Клубника №10;Витамин С;;;;
ЦБ-00017719;Аскорбиновая к-та с сахаром таб. Лимон №10;Витамин С;;;;
ЦБ-00018530;Аскорбиновая к-та с сахаром таб. Малина №10;Витамин С;;;;
ЦБ-00017899;Аскорбиновая к-та с сахаром таб. Персик №10;Витамин С;;;;
ЦБ-00016268;Аскорбиновая к-та с сахаром таб. Черн. Смородина №10;Витамин С;;;;
ЦБ-00017720;Аскорбиновая к-та с сахаром таб. Черника №10;Витамин С;;;;
ЦБ-00016230;Аскорбиновая к-та с сахаром таб. Яблоко №10;Витамин С;;;;
ЦБ-00026632;Аскорбиновая к-та таб. 2.6г №10 (БАД);Витамин С;;;;
ЦБ-00026606;Аскорбиновая к-та таб. 2.6г №10 апельсин (БАД);Витамин С;;;;
ЦБ-00026607;Аскорбиновая к-та таб. 2.6г №10 банан (БАД);Витамин С;;;;
ЦБ-00026608;Аскорбиновая к-та таб. 2.6г №10 вишня (БАД);Витамин С;;;;
ЦБ-00026609;Аскорбиновая к-та таб. 2.6г №10 дыня (БАД);Витамин С;;;;
ЦБ-00026610;Аскорбиновая к-та таб. 2.6г №10 киви (БАД);Витамин С;;;;
ЦБ-00026611;Аскорбиновая к-та таб. 2.6г №10 клубника (БАД);Витамин С;;;;
ЦБ-00026612;Аскорбиновая к-та таб. 2.6г №10 лимон (БАД);Витамин С;;;;
ЦБ-00026613;Аскорбиновая к-та таб. 2.6г №10 малина (БАД);Витамин С;;;;
ЦБ-00026614;Аскорбиновая к-та таб. 2.6г №10 яблоко (БАД);Витамин С;;;;
ЦБ-00025367;Аскорбиновая к-та таб. жев. 50мг №10;Витамин С;;;;
ЦБ-00019710;Аскорбиновая к-та таб. жев. 75мг №10;Витамин С;;;;
ЦБ-00129474;Аскорбиновая к-та таб. жев. клубника 25мг №10;Витамин С;;;;
ЦБ-00134653;Аскорбиновая к-та таб. жев. лес. ягоды 25мг №10;Витамин С;;;;
ЦБ-00134654;Аскорбиновая к-та таб. жев. малина 25мг №10;Витамин С;;;;
ЦБ-00035124;Аскорбиновая к-та ЭКО пор. 2,5г БАД;Витамин С;;;;
ЦБ-00035153;Аскорбиновая к-та Эко пор. №1;Витамин С;;;;
ЦБ-00036027;Аскорбиновая к-та+рутин Эко таб. №50;Витамин С;;;;
ЦБ-00141966;Аскорбиновая к-та-Марбиофарм др. 50мг №200;Витамин С;;;;
ЦБ-00134712;Аскорбиновая к-та-Марбиофарм таб. 25мг клюква №10 крутка;Витамин С;;;;
ЦБ-00172219;Аскорбиновая к-та-УБФ др. №200;Витамин С;;;;
ЦБ-00162157;Аскорутилен таб. №60;Поливитамины;;;;
ЦБ-00195034;Аскорутин Реневал таб. №120;Поливитамины;;;;
ЦБ-00175502;Аскорутин таб. №100;Поливитамины;;;;
ЦБ-00000427;Аскорутин таб. №50;Поливитамины;;;;
ЦБ-00005425;Аскорутин таб. №50;Поливитамины;;;;
ЦБ-00005426;Аскорутин таб. №50;Поливитамины;;;;
ЦБ-00029978;Аскорутин таб. №50;Поливитамины;;;;
РТ-00001160;Аскорутин таб. №50;Поливитамины;;;;
ЦБ-00015540;Аскорутин таб. №50;Поливитамины;;;;
ЦБ-00120180;Аскорутин таб. №50;Поливитамины;;;;
ЦБ-00168392;Аскорутин таб. №50;Поливитамины;;;;
РТ-00003114;Аскорутин таб. №50;Витамины д/сердечно-сосудистой системы;;;;
ЦБ-00000428;Аскорутин таб. №50;Поливитамины;;;;
ЦБ-00000429;Аскорутин таб. №50;Поливитамины;;;;
ЦБ-00005427;Аскорутин таб. №50;Поливитамины;;;;
ЦБ-00153183;Аскорутин таблетки 50мг+50мг №50;Витамин С;;;;
ЦБ-00106765;Аскорутин-УБФ таб. 50мг+50мг №50;Витамины д/сердечно-сосудистой системы;;;;
ЦБ-00165499;АСПАРКАМ АВЕКСИМА таб. 175 мг+175 мг №100;Витамины д/сердечно-сосудистой системы;;;;
ЦБ-00030237;Аспаркам Авексима таб. №56;Витамины д/сердечно-сосудистой системы;;;;
ЦБ-00016647;Аспаркам таб. №10;Витамины д/сердечно-сосудистой системы;;;;
ЦБ-00030238;Аспаркам таб. №10;Витамины д/сердечно-сосудистой системы;;;;
ЦБ-00028424;Аспаркам таб. №10;Витамины д/сердечно-сосудистой системы;;;;
ЦБ-00173968;Аспаркам таб. №120;Витамины д/сердечно-сосудистой системы;;;;
ЦБ-00036538;Аспаркам таб. №20;Витамины д/сердечно-сосудистой системы;;;;
ЦБ-00131886;Аспаркам таб. №20;Витамины д/сердечно-сосудистой системы;;;;
РТ-00012744;Аспаркам таб. №24;Витамины д/сердечно-сосудистой системы;;;;
ЦБ-00173081;Аспаркам таб. №30;Витамины д/сердечно-сосудистой системы;;;;
ЦБ-00033774;Аспаркам таб. №50;Витамины д/сердечно-сосудистой системы;;;;
ЦБ-00033904;Аспаркам таб. №50;Витамины д/сердечно-сосудистой системы;;;;
ЦБ-00036028;Аспаркам таб. №50;Витамины д/сердечно-сосудистой системы;;;;
ЦБ-00178912;Аспаркам таб. №50;Витамины д/сердечно-сосудистой системы;;;;
ЦБ-00184675;Аспаркам таб. №50;Витамины д/сердечно-сосудистой системы;;;;
ЦБ-00035125;Аспаркам таб. №50;Витамины д/сердечно-сосудистой системы;;;;
ЦБ-00000432;Аспаркам таб. №50;Витамины д/сердечно-сосудистой системы;;;;
ЦБ-00000433;Аспаркам таб. №50;Витамины д/сердечно-сосудистой системы;;;;
ЦБ-00084891;Аспаркам таб. №56;Препараты магния;;;;
ЦБ-00032942;Аспаркам таб. №56 Реневал;Витамины д/сердечно-сосудистой системы;;;;
ЦБ-00173489;Аспаркам таб. №60;Витамины д/сердечно-сосудистой системы;;;;
ЦБ-00035740;Аспаркам таб. №60;Витамины д/сердечно-сосудистой системы;;;;
ЦБ-00168722;Аспаркам-УБФ таб. №50;Витамины д/сердечно-сосудистой системы;;;;
ЦБ-00016617;Аспаркам-Фармак р-р д/ин.в/в 5мл №10;Витамины д/сердечно-сосудистой системы;;;;
ЦБ-00154253;Аспармак таб. №60;Витамины д/сердечно-сосудистой системы;;;;
ЦБ-00157970;Аспармак Форте таб. №60;Витамины д/сердечно-сосудистой системы;;;;
ЦБ-00175275;Астаксантин 400мг капс. №30;Витамины д/сердечно-сосудистой системы;;;;
ЦБ-00182466;Астаксантин капс. №60;Витамины д/сердечно-сосудистой системы;;;;
ЦБ-00171365;Астрафлокс р-р д/инф. 100мл №1;Антибактериальные средства инъекционные р-ры;;;;
ЦБ-00185850;Астрацит-Асфарма саше №30;Поливитамины;;;;
ЦБ-00185615;Астрацит-Асфарма таб. №100;Поливитамины;;;;
ЦБ-00144419;Аструм В хорошее настроение таблетки №60;Поливитамины;;;;
ЦБ-00122691;Аструм сила витаминов и минералов таб.№45;Поливитамины;;;;
ЦБ-00122692;Аструм сила мужчины таб.№60;Поливитамины;;;;
ЦБ-00144420;Аструм Токоперол-Комплекс витамин молодости капсулы №60;Поливитамины;;;;
ЦБ-00181517;Асфамаг таб. №60;Препараты магния;;;;
ЦБ-00195232;Атеч Нутришн Аскорбат Натрия капс. №30;Витамин С;;;;
ЦБ-00185912;Атеч Нутришн Вит. В12 таб. №30;Препараты группы В, нейропротекторы;;;;
ЦБ-00192633;Атеч Нутришн Вит. В12 таб. №60;Препараты группы В, нейропротекторы;;;;
ЦБ-00190431;Атеч Нутришн Вит. Д3 Баланс капс. №30;Витамин Д3;;;;
ЦБ-00185763;Атеч Нутришн Вит. Д3 капс. №30;Витамин Д3;;;;
ЦБ-00184083;Атеч Нутришн Вит. Д3 капс. №60;Витамин Д3;;;;
ЦБ-00194927;Атеч Нутришн Вит. Д3+К2 Баланс капс. №30;Витамин Д3;;;;
ЦБ-00185473;Атеч Нутришн Вит. Д3+К2 капс. №30;Витамин Д3;;;;
ЦБ-00185313;Атеч Нутришн Вит. С капс. №30;Витамин С;;;;
ЦБ-00188905;Атеч Нутришн В-компл. капс. №30;Препараты группы В, нейропротекторы;;;;
ЦБ-00186993;Атеч Нутришн В-компл. капс. №60;Препараты группы В, нейропротекторы;;;;
ЦБ-00193887;Атеч Нутришн Железо Актив таб. №30;Препараты железа;;;;
ЦБ-00192992;Атеч Нутришн Кальций/Цинк/Магний/Д3/ таб. №30;Поливитамины;;;;
ЦБ-00192269;Атеч Нутришн Кальций/Цинк/Магний/Д3/В6 капс. №60;Поливитамины;;;;
ЦБ-00185064;Атеч Нутришн Магне+В6 капс. №30;Препараты магния;;;;
ЦБ-00180864;Атеч Нутришн Магний капс. №30;Препараты магния;;;;
ЦБ-00192993;Атеч Нутришн Магний капс. №60;Препараты магния;;;;
ЦБ-00190755;Атеч Нутришн Магний Форте с вит. В2/В6 таб. №30;Препараты магния;;;;
ЦБ-00186768;Атеч Нутришн Магний Хелат капс. №30;Препараты магния;;;;
ЦБ-00185455;Атеч Нутришн Магний Хелат капс. №60;Препараты магния;;;;
ЦБ-00188255;Атеч Нутришн Мультивитамины таб. №30;Поливитамины;;;;
ЦБ-00174022;Атеч Нутришн Премиум Мультивитамины таб. №60;Поливитамины;;;;
ЦБ-00174973;Атеч Нутришн Премиум Цинк + Селен капс. №60;Поливитамины;;;;
ЦБ-00186816;Атеч Нутришн Цинк/Селен/Вит. С/А/Е таб. №30;Поливитамины;;;;
ЦБ-00185065;Атеч Нутришн Цинк+Селен капс. №30;Поливитамины;;;;
ЦБ-00034947;Атропин р-р д/ин. 1мг/мл 1мл №5;Инъекционные и инфузионные р-ры;;;;
ЦБ-00016652;Атропина сульфат р-р д/ин. 0,1% 1мл №10;Инъекционные и инфузионные р-ры;;;;
ЦБ-00002746;АТФ аденозинтрифосфат Na р-р д/ин. 1% 1мл №10;Инъекционные и инфузионные р-ры;;;;
ЦБ-00005445;АТФ аденозинтрифосфат Na р-р д/ин. 1% 1мл №10;Инъекционные и инфузионные р-ры;;;;
РТ-00010367;АТФ аденозинтрифосфат Na р-р д/ин. 1% 1мл №10;Инъекционные и инфузионные р-ры;;;;
РТ-00002815;АТФ аденозинтрифосфат Na р-р д/ин. 1% 1мл №10;Инъекционные и инфузионные р-ры;;;;
ЦБ-00021652;Аугментин пор. д/ин. 1200мг №10;Антибактериальные средства инъекционные р-ры;;;;
ЦБ-00157529;Афапласт плюс с пантенолом жидк. пластырь спрей 60мл;Бактерицидный;;;;
ЦБ-00152253;Афапласт плюс с пантенолом и серебром жидк. пластырь спрей 60мл;Бактерицидный;;;;
РТ-00000801;Афлузозин таб. пролонг. 10мг №30;Уроантисептики;;;;
ЦБ-00035896;Ахтамар салфетки марлевые стер. мед. двухсл.45*29см №5;Салфетки стерильные;;;;
ЦБ-00122348;Ацерола Форте натур.вит.С силум таб. д/рассасывания №20;Витамин С;;;;
ЦБ-00020120;Ацесоль р-р д/инф. 200мл;Инъекционные и инфузионные р-ры;;;;
ЦБ-00000483;Ацесоль р-р д/инф. 200мл;Инъекционные и инфузионные р-ры;;;;
ЦБ-00121267;Ацесоль р-р д/инф. 200мл;Инъекционные и инфузионные р-ры;;;;
ЦБ-00149554;Ацесоль р-р д/инф. 200мл №20 (для ЛПУ);Инъекционные и инфузионные р-ры;;;;
ЦБ-00146229;Ацесоль р-р д/инф. 200мл №24;Инъекционные и инфузионные р-ры;;;;
РТ-00004185;Ацесоль р-р д/инф. 200мл №28;Инъекционные и инфузионные р-ры;;;;
ЦБ-00031673;Ацесоль р-р д/инф. 400мл;Инъекционные и инфузионные р-ры;;;;
ЦБ-00021654;Ацесоль р-р д/инф. 400мл;Инъекционные и инфузионные р-ры;;;;
ЦБ-00166509;Ацесоль р-р д/инф. 400мл №12 (для ЛПУ);Инъекционные и инфузионные р-ры;;;;
ЦБ-00031672;Ацесоль р-р д/инф. 400мл №15;Инъекционные и инфузионные р-ры;;;;
ЦБ-00166008;Ацесоль р-р д/инф. 400мл №15;Инъекционные и инфузионные р-ры;;;;
ЦБ-00113031;Ацесоль р-р д/инф. 400мл №20 (для ЛПУ);Инъекционные и инфузионные р-ры;;;;
ЦБ-00169728;Ацикловир лиоф. д/р-ра д/инф. 0,25 №1 Озон Фарм;Инъекционные и инфузионные р-ры;;;;
ЦБ-00146903;Аш-тау вода минеральная 1,5л ПЭТ;Минеральная вода;;;;
ЦБ-00146902;Аш-тау вода минеральная 500мл ПЭТ;Минеральная вода;;;;
ЦБ-00146517;Аш-тау вода минеральная 500мл стекло;Минеральная вода;;;;
ЦБ-00000519;Аэровит таб. п.о №30;Поливитамины;;;;
ЦБ-00037991;Бабушкино лукошко вода д/детей 0,5л;Минеральная вода;;;;
РТ-00005022;Бабушкино лукошко вода д/детей 1,5л;Минеральная вода;;;;
РТ-00005023;Бабушкино лукошко вода д/детей 5л;Минеральная вода;;;;
РТ-00001162;Бабырган фитобальзам 100 мл;Ср-ва при эректильной дисфункции, влияющие на либидо;;;;
РТ-00000156;Баета р-р п/к 250мкг/мл 1,2мл №1;Инъекционные и инфузионные р-ры;;;;
ЦБ-00000524;Баета р-р п/к 250мкг/мл 2.4мл №1;Инъекционные и инфузионные р-ры;;;;
ЦБ-00171987;Байдексан конц. д/приг. р-ра д/инф. 100мкг/мл 2мл амп. №5;Инъекционные и инфузионные р-ры;;;;
ЦБ-00185554;Байкал430 вода глубин. из озера Байкал негаз. 0,45л;Минеральная вода;;;;
ЦБ-00185552;Байкальские родники вода питьев. негаз. 0,5л;Минеральная вода;;;;
ЦБ-00168381;Байоник вит. Д3 2000МЕ капс. №120;Витамин Д3;;;;
ЦБ-00171583;Байоник Энерджи мультикомплекс д/повышения тонуса капс. №120;Поливитамины;;;;
ЦБ-00026810;Бакперазон пор. д/ин 1г+1г фл. в/в.в/м;Антибактериальные средства инъекционные р-ры;;;;
ЦБ-00029989;Бакперазон пор. д/ин. 500мг+500мг;Антибактериальные средства инъекционные р-ры;;;;
РТ-00011719;Бакцефорт пор. д/ин 1г+1г фл. в/в.в/м;Антибактериальные средства инъекционные р-ры;;;;
ЦБ-00084219;Бакцефорт пор. д/приг. р-ра в/в, в/м 0,5г+0,5г №1 фл.;Антибактериальные средства инъекционные р-ры;;;;
ЦБ-00084222;Бакцефорт пор. д/приг. р-ра в/в, в/м 1,5г+1,5г №1 фл.;Антибактериальные средства инъекционные р-ры;;;;
ЦБ-00084223;Бакцефорт пор. д/р-ра в/в, в/м 2г+2г №1 фл.;Антибактериальные средства инъекционные р-ры;;;;
ЦБ-00177946;Бальзам алтайский безалког. сердечный 200мл;Витамины д/сердечно-сосудистой системы;;;;
ЦБ-00003055;Бальзам Биттнера 250мл;Поливитамины;;;;
ЦБ-00037351;Бальзам Богатырская сила 250мл;Поливитамины;;;;
ЦБ-00037337;Бальзам Дар женщине 250мл;Поливитамины;;;;
РТ-00014194;Бальзам Кардиофит Плюс 250мл;Витамины д/сердечно-сосудистой системы;;;;
ЦБ-00037348;Бальзам Медведь 250мл;Поливитамины;;;;
ЦБ-00037349;Бальзам Соколиный глаз 250мл;Поливитамины;;;;
ЦБ-00178817;Бариабаланс ДжиБиПи утро + вечер капс. №30+30;Поливитамины;;;;
ЦБ-00185315;Бариабаланс ДС утро + вечер капс. №60+30;Поливитамины;;;;
ЦБ-00168299;Бариабаланс СиДжи утро + вечер капс. №30+30;Поливитамины;;;;
ЦБ-00184399;Барсукор Мультивитамины д/детей и взрослых клюква таб. №10;Поливитамины;;;;
ЦБ-00178563;Барсукор Мультивитамины д/детей и взрослых таб. №10;Поливитамины;;;;
ЦБ-00140658;Барсукор чупа-флю леденец на палочке при дискомфорте в горле апельсин 10г №22;Драже, леденцы;;;;
ЦБ-00146098;Барсукор чупа-флю леденец на палочке при дискомфорте в горле малина 10г №22;Драже, леденцы;;;;
ЦБ-00036619;Басиджен р-р д/инф 0,2% 100мл;Антибактериальные средства инъекционные р-ры;;;;
ЦБ-00150670;Баян презервативы муж. латексные увеличенного размера №3;Презервативы;;;;
ЦБ-00140479;Баян презервативы муж. латексные ультратонкие №3;Презервативы;;;;
ЦБ-00030364;Беби Вода питьевая 5л детская;Минеральная вода;;;;
ЦБ-00025344;Беби Вода питьевая Беби 5л детская(пэ);Минеральная вода;;;;
ЦБ-00006821;Беби Вода питьевая детская  0+мес 1л;Минеральная вода;;;;
ЦБ-00006822;Беби Вода питьевая детская 1л  (пэ);Минеральная вода;;;;
ЦБ-00006823;Беби Вода питьевая детская 500мл  (от 0+ мес);Минеральная вода;;;;
ЦБ-00006824;Беби Вода питьевая детская 500мл  (пэ);Минеральная вода;;;;
ЦБ-00006825;Беби Вода питьевая детская спорт 0м+ 500мл;Минеральная вода;;;;
ЦБ-00171654;Безболишка леденцы на палочке с соком черной смородины д/дет. с 3х лет №1;Драже, леденцы;;;;
ЦБ-00176439;Безболишка леденцы на палочке с соком черной смородины д/дет. с 3х лет №24;Драже, леденцы;;;;
ЦБ-00151045;Безболишка леденцы на палочке с соком черной смородины д/дет. с 3х лет №6;Драже, леденцы;;;;
ЦБ-00000555;Белара таб. №21;Пероральные контрацептивы;;;;
ЦБ-00029934;Белара таб. №63;Пероральные контрацептивы;;;;
ЦБ-00029991;Белара таб. №63;Пероральные контрацептивы;;;;
ЦБ-00038692;Белотеро Бейсик шприц №1 с 2 иглами;Шприцы;;;;
ЦБ-00000578;Бензилпенициллин Na-соль пор в/в и в/м 1млн ЕД №50;Антибактериальные средства инъекционные р-ры;;;;
ЦБ-00021665;Бензилпенициллин Na-соль пор в/в и в/м 1млн ЕД №50;Антибактериальные средства инъекционные р-ры;;;;
ЦБ-00000579;Бензилпенициллин Na-соль пор. в/м и п/к 1млн ЕД 10мл;Антибактериальные средства инъекционные р-ры;;;;
ЦБ-00000577;Бензилпенициллин пор в/в и в/м 1млн ЕД;Антибактериальные средства инъекционные р-ры;;;;
ЦБ-00016361;Бензилпенициллин пор. д/ин. 1млн ЕД №1;Антибактериальные средства инъекционные р-ры;;;;
ЦБ-00021664;БЕНЗИЛПЕНИЦИЛЛИНА НАТРИЕВАЯ СОЛЬ ФЛАК 1МЛН ЕД N50;Антибактериальные средства инъекционные р-ры;;;;
ЦБ-00155759;Бенс очки тренажеры метал.;Очки готовые;;;;
ЦБ-00155486;Бенсе очки тренажеры пласт.;Очки готовые;;;;
ЦБ-00025885;Бенфогамма драже 150мг №30;Препараты группы В, нейропротекторы;;;;
РТ-00014091;Бенфогамма таб. п/о 150мг №60;Препараты группы В, нейропротекторы;;;;
ЦБ-00001865;Береш Плюс капли внутр. 100мл;Поливитамины;;;;
ЦБ-00001866;Береш Плюс капли внутр. 30мл;Поливитамины;;;;
ЦБ-00000599;Берокка Плюс таб. п/о №30;Препараты группы В, нейропротекторы;;;;
ЦБ-00000601;Берокка Плюс таб. шип. №10;Поливитамины;;;;
ЦБ-00039192;Берокка Плюс таб. шип. №15;Препараты группы В, нейропротекторы;;;;
ЦБ-00000600;Берокка плюс таб. шип. №20;Поливитамины;;;;
ЦБ-00022631;Берокка плюс таб. шип. №20;Поливитамины;;;;
ЦБ-00020657;Берокка Плюс таб. шип. №20;Поливитамины;;;;
ЦБ-00039193;Берокка Плюс таб. шип. №30;Препараты группы В, нейропротекторы;;;;
ЦБ-00152766;Берривитс малина и Д3 пор. д/р-ра д/приема внутрь стик 5г №10;Витамин Д3;;;;
ЦБ-00139287;Берривитс малина и Д3 пор. д/р-ра д/приема внутрь стик 5г №20;Витамин Д3;;;;
РТ-00007064;Бестджек капс. 450мг №10;Ср-ва при эректильной дисфункции, влияющие на либидо;;;;
ЦБ-00000622;Бетадин супп. ваг. 200мг №14;Гинекологические п/воспалительные ср-ва наружные;;;;
ЦБ-00000623;Бетадин супп. ваг. 200мг №7;Гинекологические п/воспалительные ср-ва наружные;;;;
РТ-00003813;Бетаферон пор. д/р-ра 9,6ММЕ + шприцы №15;Инъекционные и инфузионные р-ры;;;;
ЦБ-00182658;Бетуланорм Кардио капс. №60;Витамины д/сердечно-сосудистой системы;;;;
ЦБ-00193893;Би Брейв Магний хелат бисглицинат пор. №30;Препараты магния;;;;
ЦБ-00171470;Биакон Йод+селен таб. №30;Поливитамины;;;;
ЦБ-00168395;Биакон Магний+В6 таб. №30;Препараты магния;;;;
ЦБ-00185971;Бианем-АФ пор. д/приг. р-ра д/инф. 600мг фл.;Антибактериальные средства инъекционные р-ры;;;;
ЦБ-00032482;Биение сердца капс. 0,35 г №30;Витамины д/сердечно-сосудистой системы;;;;
ЦБ-00032372;Биение сердца капс. 0.35 г №30;Витамины д/сердечно-сосудистой системы;;;;
ЦБ-00153286;Биласт бинт самофикс. 1,7м*6см;Бинты самофиксирующие;;;;
ЦБ-00182135;Биласт бинт самофикс. 1,7м*8см;Бинты самофиксирующие;;;;
ЦБ-00039548;Билинска Киселка вода минеральная 0,5л;Минеральная вода;;;;
ЦБ-00006743;Билинска Киселка вода минеральная 1л;Минеральная вода;;;;
ЦБ-00194760;Бинавит Д3+К2 В таб. шип. №20;Препараты группы В, нейропротекторы;;;;
ЦБ-00175736;Бинавит Мульти В таб. шип. №20;Препараты группы В, нейропротекторы;;;;
ЦБ-00157013;Бинавит форте таб. п/п/о 200мг+100мг+0,2мг №20;Препараты группы В, нейропротекторы;;;;
ЦБ-00147029;Бинавит форте таб. п/п/о 200мг+100мг+0,2мг №60;Препараты группы В, нейропротекторы;;;;
ЦБ-00189687;Бинефрон Клюквы экстракт с вит. С капс. №60;Уроантисептики;;;;
ЦБ-00165300;Бинефрон Уро капс. №60;Уроантисептики;;;;
ЦБ-00165301;Бинефрон Цисто пор. д/пригот. р-ра д/приема внутрь 3г №10;Уроантисептики;;;;
ЦБ-00161768;"Бинт ""Лаума""  медицинский эластичный 1,5м x 8см средней степ.растяж.";Бинты;;;;
ЦБ-00161773;"Бинт ""Лаума""  медицинский эластичный 3,0м x 10см средней степ.растяж.";Бинты;;;;
ЦБ-00161751;"Бинт ""Лаума""  медицинский эластичный 5,0м x 10см высок.степ.растяж.";Бинты;;;;
ЦБ-00161752;"Бинт ""Лаума""  медицинский эластичный 5,0м x 8см средней степ.растяж.";Бинты;;;;
ЦБ-00032425;Бинт гипсовый (3м х15см);Бинты;;;;
ЦБ-00016618;Бинт гипсовый 3мх20см;Бинты;;;;
ЦБ-00030268;Бинт гипсовый Сафикс плюс 3мх20см №2  (332745);Бинты;;;;
ЦБ-00005781;Бинт когезивный 4м*6см пеха-хафт;Бинты;;;;
ЦБ-00026540;Бинт когезивный ИдеалХАФТ (5м х10см);Бинты самофиксирующие;;;;
РТ-00001593;Бинт когезивный самофиксир. (4,5м х7,5м) №1 цветной Вариант;Бинты самофиксирующие;;;;
ЦБ-00037493;Бинт когезивный самофиксир. (4м х10см) №1 Вариант;Бинты самофиксирующие;;;;
ЦБ-00037494;Бинт когезивный самофиксир. (4м х10см) №1 красный Вариант;Бинты самофиксирующие;;;;
ЦБ-00036852;Бинт когезивный самофиксир. (4м х4см) №1 Вариант;Бинты самофиксирующие;;;;
ЦБ-00036855;Бинт когезивный самофиксир. (4м х4см) №1 красный Вариант;Бинты самофиксирующие;;;;
РТ-00007707;Бинт когезивный самофиксир. (4м х4см) №1 синий Вариант;Бинты самофиксирующие;;;;
РТ-00001592;Бинт когезивный самофиксир. (4м х4см) №1 цветной Вариант;Бинты самофиксирующие;;;;
ЦБ-00036853;Бинт когезивный самофиксир. (4м х6см) №1 Вариант;Бинты самофиксирующие;;;;
РТ-00007705;Бинт когезивный самофиксир. (4м х6см) №1 красный Вариант;Бинты самофиксирующие;;;;
ЦБ-00036856;Бинт когезивный самофиксир. (4м х6см) №1 синий Вариант;Бинты самофиксирующие;;;;
ЦБ-00036854;Бинт когезивный самофиксир. (4м х8см) №1 Вариант;Бинты самофиксирующие;;;;
РТ-00007706;Бинт когезивный самофиксир. (4м х8см) №1 красный Вариант;Бинты самофиксирующие;;;;
РТ-00007708;Бинт когезивный самофиксир. (4м х8см) №1 синий Вариант;Бинты самофиксирующие;;;;
ЦБ-00144438;Бинт когезивный самофиксир. б/латекса (10м х6см) №1 Вариант;Бинты самофиксирующие;;;;
РТ-00007709;Бинт когезивный самофиксир. Спорт (4,5м х2,5см) №1 бежевый Вариант;Бинты самофиксирующие;;;;
РТ-00007710;Бинт когезивный самофиксир. Спорт (4,5м х5см) №1 бежевый Вариант;Бинты самофиксирующие;;;;
РТ-00007711;Бинт когезивный самофиксир. Спорт (4,5м х7,5см) №1 бежевый Вариант;Бинты самофиксирующие;;;;
РТ-00007712;Бинт когезивный самофиксир. Спорт смайл (4,5м х5см) №1 желтый Вариант;Бинты самофиксирующие;;;;
ЦБ-00030285;Бинт когезивный самофиксир.Пеха-Хафт (4м х4см) б/латекса;Бинты;;;;
ЦБ-00005898;Бинт когезивный самофиксир.Пеха-Хафт (4м х6см) б/латекса;Бинты;;;;
ЦБ-00005782;Бинт когезивный самофиксир.Пеха-Хафт (4м х8см) б/латекса;Бинты;;;;
ЦБ-00122863;Бинт когезивный самофиксир.Пеха-Хафт б/лат (20м х4см) белый;Бинты самофиксирующие;;;;
ЦБ-00124447;Бинт когезивный самофиксир.Пеха-Хафт б/лат (20мх8см);Бинты самофиксирующие;;;;
ЦБ-00005834;Бинт когезивный самофиксир.Пеха-Хафт б/лат(20м х10см) белый;Бинты самофиксирующие;;;;
ЦБ-00030282;Бинт когезивный самофиксир.Пеха-Хафт б/лат(20м х4см);Бинты самофиксирующие;;;;
ЦБ-00030283;Бинт когезивный самофиксир.Пеха-Хафт б/лат(20м х6см);Бинты самофиксирующие;;;;
ЦБ-00131541;Бинт когезивный самофиксир.Пеха-Хафт б/лат(20м х6см) красный;Бинты самофиксирующие;;;;
ЦБ-00129568;Бинт когезивный самофиксир.Пеха-Хафт б/лат(20м*12см) белый;Бинты самофиксирующие;;;;
ЦБ-00030284;Бинт когезивный самофиксир.Пеха-Хафт б/лат(2м х10см);Бинты самофиксирующие;;;;
ЦБ-00005836;Бинт когезивный самофиксир.Пеха-Хафт б/лат(4м х10см) белый;Бинты самофиксирующие;;;;
ЦБ-00005835;Бинт когезивный самофиксир.Пеха-Хафт б/лат(4м х10см) красный;Бинты самофиксирующие;;;;
ЦБ-00005837;Бинт когезивный самофиксир.Пеха-Хафт б/лат(4м х10см) синий;Бинты самофиксирующие;;;;
ЦБ-00005894;Бинт когезивный самофиксир.Пеха-Хафт б/лат(4м х12см);Бинты самофиксирующие;;;;
ЦБ-00005895;Бинт когезивный самофиксир.Пеха-Хафт б/лат(4м х4см) белый;Бинты самофиксирующие;;;;
ЦБ-00005896;Бинт когезивный самофиксир.Пеха-Хафт б/лат(4м х4см) красный;Бинты самофиксирующие;;;;
ЦБ-00026014;Бинт когезивный самофиксир.Пеха-Хафт б/лат(4м х4см) синий;Бинты самофиксирующие;;;;
ЦБ-00005899;Бинт когезивный самофиксир.Пеха-Хафт б/лат(4м х6см) белый;Бинты самофиксирующие;;;;
ЦБ-00005900;Бинт когезивный самофиксир.Пеха-Хафт б/лат(4м х6см) красный;Бинты самофиксирующие;;;;
ЦБ-00005901;Бинт когезивный самофиксир.Пеха-Хафт б/лат(4м х6см) синий;Бинты самофиксирующие;;;;
ЦБ-00005903;Бинт когезивный самофиксир.Пеха-Хафт б/лат(4м х8см) белый;Бинты самофиксирующие;;;;
ЦБ-00005904;Бинт когезивный самофиксир.Пеха-Хафт б/лат(4м х8см) красный;Бинты самофиксирующие;;;;
ЦБ-00005905;Бинт когезивный самофиксир.Пеха-Хафт б/лат(4м х8см) синий;Бинты самофиксирующие;;;;
ЦБ-00187417;Бинт когезивный эласт. фикс. Пеха-Хафт (4м х4см) синий;Бинты самофиксирующие;;;;
ЦБ-00186667;Бинт когезивный эласт. фикс. Пеха-Хафт Колор (4м х10см) синий;Бинты самофиксирующие;;;;
ЦБ-00037593;Бинт липкий Бинтли-М мягкий 10м х15см неткан.;Бинты самофиксирующие;;;;
ЦБ-00005784;Бинт липкий Бинтли-М мягкий 2м х10см;Бинты самофиксирующие;;;;
ЦБ-00040146;Бинт липкий Бинтли-М мягкий 5м х15см неткан.;Бинты самофиксирующие;;;;
ЦБ-00125761;Бинт липкий Бинтли-Т 10мх25см;Бинты самофиксирующие;;;;
ЦБ-00038633;Бинт липкий Бинтли-Т твердый 10м х15см неткан.;Бинты самофиксирующие;;;;
ЦБ-00119533;Бинт липкий Бинтли-Т твердый 15м х15см неткан.;Бинты самофиксирующие;;;;
ЦБ-00033102;Бинт липкий Бинтли-Т твердый 2м х10см;Бинты самофиксирующие;;;;
ЦБ-00167902;Бинт марлев. мед. н/стер. ГОСТ 5мх10см №1;Бинты;;;;
РТ-00000961;Бинт марлевый Клинса н/стер. 5м х10см;Бинты;;;;
РТ-00000596;Бинт марлевый Клинса н/стер. 7м х10см;Бинты;;;;
РТ-00002611;Бинт марлевый Клинса н/стер. 7м х14см;Бинты;;;;
РТ-00006748;Бинт марлевый Клинса стер 7м х14см (высокой плотн.);Бинты;;;;
ЦБ-00036244;Бинт марлевый Клинса стер. 5м х10см;Бинты;;;;
ЦБ-00036245;Бинт марлевый Клинса стер. 7м х10см;Бинты;;;;
ЦБ-00173882;Бинт марлевый мед. н/стер. 5x10см;Бинты;;;;
ЦБ-00168982;Бинт марлевый мед. н/стер. 7мх10см;Бинты;;;;
ЦБ-00176064;Бинт марлевый мед. н/стер. 7смx14см;Бинты;;;;
ЦБ-00164710;Бинт марлевый мед. н/стерильный ГОСТ 5мх10см;Бинты;;;;
ЦБ-00168252;Бинт марлевый мед. н/стерильный ГОСТ 7мх14см;Бинты;;;;
ЦБ-00177031;Бинт марлевый мед. стер. 5x10см;Бинты;;;;
ЦБ-00174386;Бинт марлевый мед. стер. 7мx14см;Бинты;;;;
ЦБ-00167422;Бинт марлевый мед. стер. 7мх10см;Бинты;;;;
ЦБ-00168203;Бинт марлевый мед. стерильный 7мх14см;Бинты;;;;
ЦБ-00168080;Бинт марлевый мед. стерильный ГОСТ 5мх10см;Бинты;;;;
РТ-00013261;Бинт марлевый медицинский н/стер 5м х10см;Бинты;;;;
РТ-00014261;Бинт марлевый медицинский стер 5м х10см;Бинты;;;;
РТ-00014773;Бинт марлевый медицинский стер 7м х14см;Бинты;;;;
ЦБ-00005785;Бинт марлевый н/стер (10м х16см);Бинты;;;;
ЦБ-00005831;Бинт марлевый н/стер (10м х16см);Бинты;;;;
ЦБ-00040353;Бинт марлевый н/стер (10м х16см);Бинты;;;;
ЦБ-00022241;Бинт марлевый н/стер (10м х16см);Бинты;;;;
ЦБ-00005787;Бинт марлевый н/стер (10м х16см);Бинты;;;;
ЦБ-00016482;Бинт марлевый н/стер (10м х16см) Амелия;Бинты;;;;
ЦБ-00017067;Бинт марлевый н/стер (5м х10см);Бинты;;;;
ЦБ-00005789;Бинт марлевый н/стер (5м х10см);Бинты;;;;
ЦБ-00005790;Бинт марлевый н/стер (5м х10см);Бинты;;;;
ЦБ-00005791;Бинт марлевый н/стер (5м х10см);Бинты;;;;
ЦБ-00005830;Бинт марлевый н/стер (5м х10см);Бинты;;;;
ЦБ-00005832;Бинт марлевый н/стер (5м х10см);Бинты;;;;
ЦБ-00030270;Бинт марлевый н/стер (5м х10см);Бинты;;;;
РТ-00000877;Бинт марлевый н/стер (5м х10см);Бинты;;;;
РТ-00003400;Бинт марлевый н/стер (5м х10см);Бинты;;;;
ЦБ-00163302;Бинт марлевый н/стер (5м х10см);Бинты;;;;
ЦБ-00037618;Бинт марлевый н/стер (5м х10см);Бинты;;;;
ЦБ-00005794;Бинт марлевый н/стер (5м х10см) Амелия;Бинты;;;;
ЦБ-00005797;Бинт марлевый н/стер (5м х7см);Бинты;;;;
ЦБ-00030271;Бинт марлевый н/стер (5м х7см);Бинты;;;;
ЦБ-00025122;Бинт марлевый н/стер (5м х7см);Бинты;;;;
ЦБ-00025093;Бинт марлевый н/стер (5м х7см) №50;Бинты;;;;
ЦБ-00019629;Бинт марлевый н/стер (5м х7см) АППОЛО;Бинты;;;;
ЦБ-00017361;Бинт марлевый н/стер (7м х10см);Бинты;;;;
РТ-00000762;Бинт марлевый н/стер (7м х10см);Бинты;;;;
ЦБ-00024763;Бинт марлевый н/стер (7м х10см);Бинты;;;;
ЦБ-00026007;Бинт марлевый н/стер (7м х14см);Бинты;;;;
ЦБ-00016232;Бинт марлевый н/стер (7м х14см);Бинты;;;;
ЦБ-00036102;Бинт марлевый н/стер (7м х14см);Бинты;;;;
ЦБ-00024777;Бинт марлевый н/стер (7м х14см);Бинты;;;;
ЦБ-00005800;Бинт марлевый н/стер (7м х14см);Бинты;;;;
ЦБ-00005801;Бинт марлевый н/стер (7м х14см) Амелия;Бинты;;;;
ЦБ-00005788;Бинт марлевый н/стер 10м х16см;Бинты;;;;
ЦБ-00030269;Бинт марлевый н/стер 10м х16см;Бинты;;;;
ЦБ-00015459;Бинт марлевый н/стер 10м х16см;Бинты;;;;
ЦБ-00168465;Бинт марлевый н/стер 10мх16см;Бинты;;;;
ЦБ-00005786;Бинт марлевый н/стер 10мх16см  (б/уп);Бинты;;;;
ЦБ-00005795;Бинт марлевый н/стер 5м х10см;Бинты;;;;
ЦБ-00027036;Бинт марлевый н/стер 5м х10см;Бинты;;;;
ЦБ-00016231;Бинт марлевый н/стер 5м х10см;Бинты;;;;
РТ-00007724;Бинт марлевый н/стер 5м х10см Нью Лайф;Бинты;;;;
ЦБ-00027367;Бинт марлевый н/стер 5м х5см;Бинты;;;;
ЦБ-00027368;Бинт марлевый н/стер 5мх10см;Бинты;;;;
ЦБ-00005792;Бинт марлевый н/стер 5мх10см  (инд уп);Бинты;;;;
ЦБ-00005793;Бинт марлевый н/стер 5мх10см Амелия;Бинты;;;;
ЦБ-00005796;Бинт марлевый н/стер 5мх7см;Бинты;;;;
ЦБ-00030272;Бинт марлевый н/стер 5мх7см  (инд уп);Бинты;;;;
ЦБ-00005804;Бинт марлевый н/стер 7м х14см;Бинты;;;;
ЦБ-00022669;Бинт марлевый н/стер 7м х14см;Бинты;;;;
РТ-00007726;Бинт марлевый н/стер 7м х14см Нью Лайф;Бинты;;;;
ЦБ-00005798;Бинт марлевый н/стер 7мх14см;Бинты;;;;
ЦБ-00032808;Бинт марлевый н/стер 7мх14см;Бинты;;;;
ЦБ-00037759;Бинт марлевый н/стер 7мх14см;Бинты;;;;
ЦБ-00153489;Бинт марлевый н/стер. 5мх10см;Бинты;;;;
ЦБ-00005833;Бинт марлевый н/стер. 7мх14см;Бинты;;;;
ЦБ-00127205;Бинт марлевый н/стер.7м*14см;Бинты;;;;
ЦБ-00017068;Бинт марлевый стер (10м х16см);Бинты;;;;
ЦБ-00005808;Бинт марлевый стер (10м х16см);Бинты;;;;
ЦБ-00005842;Бинт марлевый стер (10м х16см);Бинты;;;;
ЦБ-00125762;Бинт марлевый стер (10м х16см);Бинты;;;;
ЦБ-00005807;Бинт марлевый стер (10м х16см);Бинты;;;;
РТ-00002475;Бинт марлевый стер (10м х16см) АППОЛО;Бинты;;;;
ЦБ-00005809;Бинт марлевый стер (5м х10см);Бинты;;;;
ЦБ-00005810;Бинт марлевый стер (5м х10см);Бинты;;;;
ЦБ-00005811;Бинт марлевый стер (5м х10см);Бинты;;;;
ЦБ-00026018;Бинт марлевый стер (5м х10см);Бинты;;;;
ЦБ-00015990;Бинт марлевый стер (5м х10см);Бинты;;;;
ЦБ-00016280;Бинт марлевый стер (5м х10см);Бинты;;;;
ЦБ-00125747;Бинт марлевый стер (5м х10см);Бинты;;;;
РТ-00002366;Бинт марлевый стер (5м х10см);Бинты;;;;
ЦБ-00005813;Бинт марлевый стер (5м х10см);Бинты;;;;
ЦБ-00005816;Бинт марлевый стер (5м х10см) Амелия;Бинты;;;;
РТ-00005315;Бинт марлевый стер (5м х10см) АППОЛО;Бинты;;;;
ЦБ-00017069;Бинт марлевый стер (5м х7см);Бинты;;;;
ЦБ-00005819;Бинт марлевый стер (5м х7см);Бинты;;;;
ЦБ-00035175;Бинт марлевый стер (5м х7см) АППОЛО;Бинты;;;;
ЦБ-00032901;Бинт марлевый стер (7м х10см);Бинты;;;;
ЦБ-00024010;Бинт марлевый стер (7м х10см);Бинты;;;;
ЦБ-00017671;Бинт марлевый стер (7м х14см);Бинты;;;;
ЦБ-00005821;Бинт марлевый стер (7м х14см);Бинты;;;;
ЦБ-00005825;Бинт марлевый стер (7м х14см);Бинты;;;;
ЦБ-00034990;Бинт марлевый стер (7м х14см);Бинты;;;;
ЦБ-00036857;Бинт марлевый стер (7м х14см);Бинты;;;;
ЦБ-00025471;Бинт марлевый стер (7м х14см);Бинты;;;;
ЦБ-00025556;Бинт марлевый стер (7м х14см);Бинты;;;;
РТ-00002365;Бинт марлевый стер (7м х14см);Бинты;;;;
ЦБ-00005823;Бинт марлевый стер (7м х14см);Бинты;;;;
ЦБ-00005827;Бинт марлевый стер (7м х14см) Амелия;Бинты;;;;
ЦБ-00005822;Бинт марлевый стер (7м х14см) АППОЛО;Бинты;;;;
ЦБ-00005805;Бинт марлевый стер 10м х16см;Бинты;;;;
ЦБ-00005806;Бинт марлевый стер 10м х16см;Бинты;;;;
ЦБ-00026965;Бинт марлевый стер 10м х16см;Бинты;;;;
РТ-00003009;Бинт марлевый стер 10м х16см;Бинты;;;;
ЦБ-00005815;Бинт марлевый стер 5м х10см;Бинты;;;;
ЦБ-00005818;Бинт марлевый стер 5м х10см;Бинты;;;;
ЦБ-00030273;Бинт марлевый стер 5м х10см;Бинты;;;;
РТ-00007723;Бинт марлевый стер 5м х10см Нью Лайф;Бинты;;;;
ЦБ-00024108;Бинт марлевый стер 5м х4,5см;Бинты;;;;
ЦБ-00005820;Бинт марлевый стер 5м х7см;Бинты;;;;
ЦБ-00025470;Бинт марлевый стер 5мх10см;Бинты;;;;
ЦБ-00022711;Бинт марлевый стер 7м х10см;Бинты;;;;
ЦБ-00005826;Бинт марлевый стер 7м х14см;Бинты;;;;
ЦБ-00005829;Бинт марлевый стер 7м х14см;Бинты;;;;
ЦБ-00030274;Бинт марлевый стер 7м х14см;Бинты;;;;
ЦБ-00015651;Бинт марлевый стер 7м х14см;Бинты;;;;
РТ-00007725;Бинт марлевый стер 7м х14см Нью Лайф;Бинты;;;;
ЦБ-00005824;Бинт марлевый стер 7мх14см;Бинты;;;;
ЦБ-00171011;Бинт марлевый стер. 5мх10см;Бинты;;;;
ЦБ-00005814;Бинт марлевый стер. 5мх10см;Бинты;;;;
ЦБ-00124135;Бинт марлевый стер. 5мх7см;Бинты;;;;
ЦБ-00150589;Бинт марлевый стер. 7м*14см;Бинты;;;;
ЦБ-00136338;Бинт марлевый стер. 7мх14см;Бинты;;;;
ЦБ-00029258;Бинт марлевый стер. 7мх14см;Бинты;;;;
РТ-00008790;Бинт марлевый Фиксайд стер. 5м х10см;Бинты;;;;
РТ-00008791;Бинт марлевый Фиксайд стер. 7м х14см;Бинты;;;;
ЦБ-00124426;Бинт мед. Матопат Матовис н/стерильный вискозный (10см х4м) №1;Бинты;;;;
ЦБ-00122700;Бинт мед. Матопат Матовис н/стерильный вискозный (5см х4м) №1;Бинты;;;;
ЦБ-00093543;"Бинт мед. н/с 10х16 инд.уп. ""Гарант"" №10";Бинты;;;;
ЦБ-00107245;Бинт мед. н/с 5х10 инд.уп.пл.36г/кв. м ГОСТ;Бинты;;;;
ЦБ-00153085;Бинт мед. н/с 7х14 ГОСТ;Бинты;;;;
ЦБ-00098471;Бинт мед. н/с 7х14 груп.уп.пл.36г/кв.м №480 ГОСТ;Бинты;;;;
ЦБ-00069841;"Бинт мед. н/с 7х14 инд.уп. ""Гарант""";Бинты;;;;
ЦБ-00025269;Бинт мед. н/с 7х14 инд.уп. Гарант;Бинты;;;;
ЦБ-00025116;Бинт мед. н/ст 10х16 инд/уп. Гарант;Бинты;;;;
ЦБ-00025119;Бинт мед. н/ст 5х10 инд/уп. Гарант;Бинты;;;;
ЦБ-00155525;Бинт мед. н/ст.7х14 Навтекс;Бинты;;;;
ЦБ-00174385;Бинт мед. н/ткан. н/стер (5м х10см);Бинты;;;;
ЦБ-00174303;Бинт мед. н/ткан. н/стер (7м х14см);Бинты;;;;
ЦБ-00069846;"Бинт мед. ст. 5х7 ""Гарант""";Бинты;;;;
ЦБ-00069848;"Бинт мед. ст. 7х14 ""Гарант""";Бинты;;;;
ЦБ-00152804;Бинт мед. ст.5х10 Навтекс;Бинты;;;;
ЦБ-00152805;Бинт мед. ст.7х14 Навтекс;Бинты;;;;
ЦБ-00142482;Бинт мед. эластичный ленточный перфорированный сред.раст. (1,5м х8см);Бинты самофиксирующие;;;;
ЦБ-00146055;Бинт мед. эластичный ленточный перфорированный сред.раст. (1м х8см);Бинты самофиксирующие;;;;
ЦБ-00121491;Бинт мед. эластичный ленточный перфорированный сред.раст. (2,5м х8см);Бинты самофиксирующие;;;;
ЦБ-00121247;Бинт мед. эластичный ленточный перфорированный сред.раст. (3м х8см);Бинты самофиксирующие;;;;
ЦБ-00120820;Бинт мед. эластичный ленточный перфорированный сред.раст. (5м х8см);Бинты самофиксирующие;;;;
ЦБ-00123988;Бинт мед. эластичный фиксир. ЕМ-Фикс Хафт (10мх4см) белый;Бинты самофиксирующие;;;;
ЦБ-00118431;Бинт мед. эластичный фиксир. ЕМ-Фикс Хафт (20мх10см) белый;Бинты самофиксирующие;;;;
РТ-00013242;Бинт мед. эластичный фиксир. ЕМ-Фикс Хафт (20мх6см) белый;Бинты самофиксирующие;;;;
ЦБ-00122522;Бинт мед. эластичный фиксир. ЕМ-Фикс Хафт (4мх6см) белый;Бинты самофиксирующие;;;;
ЦБ-00119538;Бинт мед.стер. 5х10 Емельянъ Савостинъ;Бинты;;;;
ЦБ-00119539;Бинт мед.стер. 7х14 Емельянъ Савостинъ;Бинты;;;;
ЦБ-00122624;Бинт мед.эластичный компрессионный Фикс-Крип 4,5м*5см бежевый;Бинты самофиксирующие;;;;
ЦБ-00152840;Бинт медицинский стер 5м х10см ГОСТ;Бинты;;;;
РТ-00014492;Бинт н/стер. когезивный стягивающий Kinexib (4,5м х5см) бежевый;Бинты;;;;
РТ-00014864;Бинт нестерильный Extra plus 7м х10см (Высок.плотн.);Бинты;;;;
ЦБ-00027037;БИНТ НЕСТЕРИЛЬНЫЙ LIFE 7МХ14СМ ИНД/УП;Бинты;;;;
ЦБ-00179910;Бинт неткан. н/стер. с неосып. краями 5мх10см;Бинты;;;;
ЦБ-00181205;Бинт неткан. с неосып. краями нестер. 7мх14см;Бинты;;;;
ЦБ-00023870;Бинт охлаждающий Дермапласт (4м х6см);Бинты;;;;
ЦБ-00165760;Бинт Пеха-Хафт самофик. 20м*6см Синий;Бинты самофиксирующие;;;;
ЦБ-00035119;Бинт Пеха-Хафт самофиксирующийся 6х4м;Бинты;;;;
ЦБ-00005838;Бинт резиновый Мартенса 3,5м;Бинты;;;;
ЦБ-00005839;Бинт резиновый Мартенса 3,5м;Бинты;;;;
ЦБ-00005840;Бинт резиновый Мартенса 5м;Бинты;;;;
ЦБ-00005841;Бинт резиновый Мартенса 5м;Бинты;;;;
ЦБ-00016451;Бинт самофиксир.Пеха-Хафт (4мх10см) когезивный синий;Бинты;;;;
ЦБ-00005897;Бинт самофиксир.Пеха-Хафт (4мх4см) когезивный синий;Бинты;;;;
ЦБ-00035583;Бинт Силкофикс Elastoband (4м х10см);Бинты самофиксирующие;;;;
РТ-00001361;Бинт Силкофикс Elastoband (4м х5см);Бинты самофиксирующие;;;;
ЦБ-00035582;Бинт Силкофикс сетч. Easy Band (4м х10см);Бинты самофиксирующие;;;;
РТ-00001360;Бинт Силкофикс сетч. Easy Band (4м х6см);Бинты самофиксирующие;;;;
ЦБ-00025557;Бинт стерильный  5мх10 см;Бинты;;;;
ЦБ-00027038;БИНТ СТЕРИЛЬНЫЙ 5МХ10СМ ИНД/УП;Бинты;;;;
ЦБ-00146281;Бинт стерильный Эверс лайф 16см*10м;Бинты самофиксирующие;;;;
ЦБ-00005848;Бинт трубчатый  tg fix Р5 (20м х5.5см);Бинты самофиксирующие;;;;
РТ-00001681;Бинт трубчатый  tg fix Р7 (5м х7см);Бинты самофиксирующие;;;;
РТ-00008986;Бинт трубчатый ТG №1 (1.4смх5м);Бинты самофиксирующие;;;;
РТ-00008987;Бинт трубчатый ТG №1 (2.3смх5м);Бинты самофиксирующие;;;;
ЦБ-00005844;Бинт трубчатый ТG №5 (5.5смх5м);Бинты самофиксирующие;;;;
ЦБ-00005845;Бинт трубчатый ТG №6 (6.5смх5м);Бинты самофиксирующие;;;;
ЦБ-00015450;Бинт фикс 14смx5м [4858Е];Бинты самофиксирующие;;;;
ЦБ-00026132;Бинт фиксир. LASTOTEL (4м х8см) из полиамида и вискозы (белый);Бинты самофиксирующие;;;;
ЦБ-00038177;Бинт фиксир. Фриласт (1,7м х4см);Бинты самофиксирующие;;;;
ЦБ-00037680;Бинт фиксир. Фриласт (1,7м х6см);Бинты самофиксирующие;;;;
РТ-00004630;Бинт фиксир. Фриласт (1,7м х8см);Бинты самофиксирующие;;;;
РТ-00012563;Бинт фиксирующий Клинса с неосыпающимися краями 1,7м х6см Фриласт;Бинты самофиксирующие;;;;
РТ-00012564;Бинт фиксирующий Клинса с неосыпающимися краями 1,7м х8см Фриласт;Бинты самофиксирующие;;;;
ЦБ-00026008;Бинт фиксирующий Пеха-Крепп (4мх10см) из крепированной ткани;Бинты самофиксирующие;;;;
ЦБ-00026015;Бинт фиксирующий Пеха-Крепп (4мх12см) из крепированной ткани;Бинты самофиксирующие;;;;
ЦБ-00026133;Бинт фиксирующий Пеха-Крепп (4мх4см) из крепированной ткани;Бинты самофиксирующие;;;;
ЦБ-00025555;Бинт фиксирующий Пеха-Крепп (4мх6см) из крепированной ткани;Бинты самофиксирующие;;;;
ЦБ-00025560;Бинт фиксирующий Пеха-Крепп (4мх8см) из крепированной ткани;Бинты самофиксирующие;;;;
ЦБ-00131540;Бинт эл.самоприлип. Matopat: Matofix Cohesive 4 М Х 12 СМ (картонная уп.);Бинты самофиксирующие;;;;
ЦБ-00005850;Бинт эласт трубчатый №1;Бинты самофиксирующие;;;;
ЦБ-00030275;Бинт эласт трубчатый №2;Бинты самофиксирующие;;;;
ЦБ-00030276;Бинт эласт трубчатый №3;Бинты самофиксирующие;;;;
ЦБ-00005859;Бинт эласт трубчатый интекс N1 латексно-полиэфирный;Бинты;;;;
ЦБ-00005861;Бинт эласт трубчатый интекс N2 латексно-полиэфирный;Бинты;;;;
ЦБ-00005863;Бинт эласт трубчатый интекс N3 латексно-полиэфирный;Бинты;;;;
ЦБ-00005865;Бинт эласт трубчатый интекс N4 латексно-полиэфирный;Бинты;;;;
ЦБ-00005868;Бинт эласт трубчатый интекс N6 латексно-полиэфирный;Бинты;;;;
ЦБ-00005860;Бинт эласт трубчатый Интекс Р1 латексно-полиэфирный (0.1м х1.5см);Бинты самофиксирующие;;;;
ЦБ-00005862;Бинт эласт трубчатый Интекс Р2 латексно-полиэфирный (0.1м х2см);Бинты самофиксирующие;;;;
ЦБ-00005864;Бинт эласт трубчатый Интекс Р3 латексно-полиэфирный (0.15м х2.5см);Бинты самофиксирующие;;;;
РТ-00012224;Бинт эласт трубчатый Интекс Р3 латексно-полиэфирный (0.15м х2.5см) №20;Бинты самофиксирующие;;;;
ЦБ-00149844;Бинт эласт трубчатый Интекс Р3 латексно-полиэфирный (3м*4см);Бинты самофиксирующие;;;;
ЦБ-00005866;Бинт эласт трубчатый Интекс Р4 латексно-полиэфирный (0.15м х3см);Бинты самофиксирующие;;;;
ЦБ-00005867;Бинт эласт трубчатый Интекс Р5 латексно-полиэфирный (0.15м х3.5см);Бинты самофиксирующие;;;;
РТ-00000345;Бинт эласт трубчатый Интекс Р5 латексно-полиэфирный (0.15м х3.5см) №20;Бинты самофиксирующие;;;;
ЦБ-00005869;Бинт эласт трубчатый Интекс Р6 латексно-полиэфирный (0.2м х4см);Бинты самофиксирующие;;;;
РТ-00000344;Бинт эласт трубчатый Интекс Р6 латексно-полиэфирный (0.2м х4см) №20;Бинты самофиксирующие;;;;
ЦБ-00136330;Бинт эласт трубчатый Интекс Р7 латексно-полиэфирный (25м);Бинты самофиксирующие;;;;
РТ-00014323;Бинт эласт трубчатый Клинса Интекс Р5 латексно-полиэфирный (0.15м х3.5см) №20;Бинты самофиксирующие;;;;
ЦБ-00123152;Бинт эласт трубчатый Р1;Бинты самофиксирующие;;;;
ЦБ-00005852;Бинт эласт трубчатый Р2;Бинты самофиксирующие;;;;
ЦБ-00034988;Бинт эласт трубчатый Р3;Бинты самофиксирующие;;;;
ЦБ-00005854;Бинт эласт трубчатый Р4;Бинты самофиксирующие;;;;
ЦБ-00005856;Бинт эласт трубчатый Р5;Бинты самофиксирующие;;;;
ЦБ-00005858;Бинт эласт трубчатый Р6;Бинты самофиксирующие;;;;
ЦБ-00029771;Бинт эласт трубчатый(сетч) 6м №5 (9701);Бинты самофиксирующие;;;;
ЦБ-00029772;Бинт эласт трубчатый(сетч) 6м №6 (9701);Бинты самофиксирующие;;;;
ЦБ-00005843;Бинт эласт трубчатый(сетч) н/стер N3  (0.6м max рабоч разм) 9701;Бинты самофиксирующие;;;;
ЦБ-00030286;Бинт эласт. ИдеалФлекс СР (5мх10см);Бинты;;;;
ЦБ-00025558;Бинт эласт. ИдеалФлекс СР (5мх10см);Бинты;;;;
ЦБ-00022089;Бинт эласт. ИдеалФлекс СР (5мх10см);Бинты;;;;
ЦБ-00030287;Бинт эласт. ИдеалФлекс СР (5мх12см);Бинты;;;;
ЦБ-00005918;Бинт эласт. ИдеалФлекс СР (5мх6см);Бинты;;;;
ЦБ-00026217;Бинт эласт. ИдеалФлекс СР (5мх6см);Бинты;;;;
ЦБ-00005919;Бинт эласт. ИдеалФлекс СР (5мх8см);Бинты;;;;
ЦБ-00022088;Бинт эласт. ИдеалФлекс СР (5мх8см);Бинты;;;;
РТ-00014370;Бинт эласт. компрес. СР (1,5м х8см);Бинты;;;;
РТ-00006205;Бинт эласт. компрес. СР (2м х8см);Бинты;;;;
РТ-00011726;Бинт эласт. компрес. СР (3,5м х8см);Бинты;;;;
РТ-00013012;Бинт эласт. компрес. СР (3м х10см);Бинты;;;;
РТ-00007774;Бинт эласт. компрес. СР (3м х8см);Бинты;;;;
ЦБ-00119489;Бинт эласт. компрес. СР (4м х10см);Бинты;;;;
РТ-00005530;Бинт эласт. компрес. СР (5м х8см);Бинты;;;;
ЦБ-00077965;Бинт эласт. Матопат фиксирующий Матостреч (10см х2м) с застежкой;Бинты самофиксирующие;;;;
ЦБ-00124448;Бинт эласт. Матопат фиксирующий Матостреч (12см х2м) с застежкой;Бинты самофиксирующие;;;;
ЦБ-00156311;Бинт эласт. Матопат фиксирующий Универсал (12см х2м) с застежкой;Бинты самофиксирующие;;;;
ЦБ-00136347;Бинт эласт. мед. Матопат Матобан вязанный (5м х10см) с застежкой;Бинты;;;;
РТ-00001153;Бинт эласт. мед. Матопат Матовис вискозный н/стерил. (4м х15см) №1;Бинты;;;;
ЦБ-00117833;Бинт эласт. мед. Матопат фиксирующий Matostretch (6см х2м) №1 б/застежки;Бинты самофиксирующие;;;;
ЦБ-00118695;Бинт эласт. мед. Матопат фиксирующий Матоласт (10см х2м) №1 б/застежки;Бинты самофиксирующие;;;;
ЦБ-00136350;Бинт эласт. мед. Матопат фиксирующий Матоласт (2м х12см) б/застежки;Бинты самофиксирующие;;;;
ЦБ-00157717;Бинт эласт. мед. Матопат фиксирующий Матоласт (2м х12см) с застежкой;Бинты самофиксирующие;;;;
ЦБ-00119632;Бинт эласт. мед. Матопат фиксирующий Матоласт (8см х2м) №1 б/застежки;Бинты самофиксирующие;;;;
ЦБ-00118550;Бинт эласт. мед. Матопат фиксирующий Матостреч (10см х2м) №1 б/застежки;Бинты самофиксирующие;;;;
ЦБ-00022183;Бинт эласт. мед. ЭЛАСТ  СР (5м х8см) 9512;Бинты;;;;
ЦБ-00017190;Бинт эласт. мед. ЭЛАСТ  трубчатый Р1 9605;Бинты самофиксирующие;;;;
ЦБ-00022438;Бинт эласт. мед. ЭЛАСТ  трубчатый Р1 9605-01;Бинты самофиксирующие;;;;
ЦБ-00026266;Бинт эласт. мед. ЭЛАСТ  трубчатый Р1 9605-03;Бинты самофиксирующие;;;;
ЦБ-00017191;Бинт эласт. мед. ЭЛАСТ  трубчатый Р2 9605;Бинты самофиксирующие;;;;
ЦБ-00026265;Бинт эласт. мед. ЭЛАСТ  трубчатый Р2 9605-01;Бинты самофиксирующие;;;;
ЦБ-00022177;Бинт эласт. мед. ЭЛАСТ  трубчатый Р3 9605;Бинты самофиксирующие;;;;
ЦБ-00022439;Бинт эласт. мед. ЭЛАСТ  трубчатый Р3 9605-02;Бинты самофиксирующие;;;;
ЦБ-00017192;Бинт эласт. мед. ЭЛАСТ  трубчатый Р4 9605;Бинты самофиксирующие;;;;
ЦБ-00027797;Бинт эласт. мед. ЭЛАСТ  трубчатый Р5 9605;Бинты самофиксирующие;;;;
ЦБ-00027799;Бинт эласт. мед. ЭЛАСТ  трубчатый Р6 9605;Бинты самофиксирующие;;;;
ЦБ-00136319;Бинт эласт. трубчатый д/фиксации голеностоп. сустава мед. (бежевый) №2;Бинты самофиксирующие;;;;
ЦБ-00160236;Бинт эласт. трубчатый д/фиксации коленного сустава мед. (бежевый) №2;Бинты самофиксирующие;;;;
РТ-00002287;Бинт эласт. трубчатый д/фиксации коленного сустава мед. (бежевый) №3;Бинты самофиксирующие;;;;
ЦБ-00136318;Бинт эласт. трубчатый д/фиксации коленного сустава мед. (бежевый) №4;Бинты самофиксирующие;;;;
ЦБ-00122701;Бинт эласт. трубчатый мед. ЛПП Фарм р.3;Бинты самофиксирующие;;;;
ЦБ-00032327;Бинт эласт. трубчатый медицинский бэтм-ЛПП Р1;Бинты;;;;
ЦБ-00005849;Бинт эласт. трубчатый Р1 АППОЛО;Бинты самофиксирующие;;;;
ЦБ-00005851;Бинт эласт. трубчатый Р2 АППОЛО;Бинты самофиксирующие;;;;
ЦБ-00020363;Бинт эласт. трубчатый Р3;Бинты самофиксирующие;;;;
ЦБ-00005853;Бинт эласт. трубчатый Р3 АППОЛО;Бинты самофиксирующие;;;;
ЦБ-00036178;Бинт эласт. трубчатый Р4 АППОЛО;Бинты самофиксирующие;;;;
ЦБ-00005855;Бинт эласт. трубчатый Р5 АППОЛО;Бинты самофиксирующие;;;;
ЦБ-00005857;Бинт эласт. трубчатый Р6 АППОЛО;Бинты самофиксирующие;;;;
ЦБ-00017727;Бинт эласт. Унга ВР (3м х8см) с застежк. (С-305);Бинты;;;;
РТ-00008793;Бинт эласт. Унга СР (3м х8см) (С-306);Бинты;;;;
РТ-00001576;Бинт эласт. фиксир. н/стер. Kinexib (3м х7,5см) белый;Бинты самофиксирующие;;;;
ЦБ-00015603;Бинт эласт. фиксир. трубчатый P1;Бинты самофиксирующие;;;;
ЦБ-00030949;Бинт эласт. фиксир. трубчатый P2;Бинты самофиксирующие;;;;
ЦБ-00030951;Бинт эласт. фиксир. трубчатый P4;Бинты самофиксирующие;;;;
ЦБ-00030950;Бинт эласт. фиксир. трубчатый P6;Бинты самофиксирующие;;;;
ЦБ-00016032;Бинт эласт. фиксир. трубчатый P7;Бинты самофиксирующие;;;;
ЦБ-00022090;Бинт эласт. хлопк. ХАРТМАН белый (4м х6см) ЛАСТОТЕЛ 931623/5;Бинты самофиксирующие;;;;
ЦБ-00024038;БИНТ ЭЛАСТ.КОМП.СР.РАС.ИНТ.10СМ*5М/10М;Бинты;;;;
ЦБ-00026010;Бинт эластич. Интекс СР (2мх10см);Бинты;;;;
ЦБ-00005917;Бинт эластич. Интекс СР (5мх8см);Бинты;;;;
ЦБ-00017070;Бинт эластичный 1.5мх8см  (застежка);Бинты;;;;
ЦБ-00016235;Бинт эластичный 10смx5м;Бинты;;;;
ЦБ-00016233;Бинт эластичный 3мх10см  (застежка);Бинты;;;;
ЦБ-00015064;Бинт эластичный 8смx3м + застеж;Бинты;;;;
ЦБ-00117067;Бинт Эластичный Компрессионный Фикс-Крип/рисунок 4,5МХ5СМ;Бинты самофиксирующие;;;;
ЦБ-00005893;Бинт эластичный Пеха-хафт 4мх10см когезивный самофиксир  (9324256);Бинты;;;;
ЦБ-00005902;Бинт эластичный Пеха-хафт 4мх8см когезивный самофиксир  (9324247);Бинты;;;;
ЦБ-00005906;Бинт эластичный Пеха-хафт 6мх4см когезивный самофиксир  (9324219);Бинты;;;;
ЦБ-00005921;Бинт эластичный трубчатый n2 /интекс;Бинты;;;;
ЦБ-00170006;Бинтли-М бинт липкий мягкий н/ткан. 10смх10м;Бинты самофиксирующие;;;;
ЦБ-00170033;Бинтли-М бинт липкий мягкий н/ткан. 10смх25см;Бинты самофиксирующие;;;;
ЦБ-00172089;Бинтли-М бинт липкий мягкий н/ткан. 15смх50м;Бинты самофиксирующие;;;;
ЦБ-00170389;Бинтли-М бинт липкий мягкий н/ткан. 5смх10м;Бинты самофиксирующие;;;;
ЦБ-00170136;Бинтли-М бинт липкий мягкий н/ткан. 5смх2м;Бинты самофиксирующие;;;;
ЦБ-00169713;Бинтли-М бинт липкий мягкий неткан. 15мх15см;Бинты самофиксирующие;;;;
ЦБ-00180549;Бинтли-Т бинт липкий н/ткан. 5смх10м;Бинты самофиксирующие;;;;
ЦБ-00170653;Бинтли-Т бинт липкий н/ткан. твердый 5смх15м;Бинты самофиксирующие;;;;
ЦБ-00170633;Бинтли-Т бинт липкий н/ткан. твердый 5смх2м;Бинты самофиксирующие;;;;
ЦБ-00175883;Бинтли-Т бинт липкий н/ткан. твердый телесный 2мх10см;Бинты самофиксирующие;;;;
ЦБ-00175985;Бинтли-Т бинт липкий н/ткан. твердый телесный 5смх2м;Бинты самофиксирующие;;;;
ЦБ-00177525;Бинтли-Т бинт липкий неткан. 10мх10см;Бинты самофиксирующие;;;;
ЦБ-00169371;Биоамикус Витамин Д3+К2 фл. жид. 10мл;Витамин Д3;;;;
РТ-00005117;Биоастин Астаксантин капс. №30;Поливитамины;;;;
РТ-00003467;Биоастин Астаксантин капс. №60;Поливитамины;;;;
ЦБ-00161983;Биовита вода питьевая дет. структур. б/газ 3+ 5л;Минеральная вода;;;;
ЦБ-00161938;Биовита вода питьевая дет. структур. н/газ. 3+ 0,6л;Минеральная вода;;;;
ЦБ-00161982;Биовита вода питьевая дет. структур. н/газ. 3+ 1,5л;Минеральная вода;;;;
ЦБ-00156262;Биолайн магнилайн пор. д/приг. р-ра д/внутр. прим. пак. 20г №1;Препараты магния;;;;
ЦБ-00035485;Биолектра магнезиум директ апельсин микрогран. саше №20;Препараты магния;;;;
ЦБ-00035486;Биолектра магнезиум директ лимон микрогран. саше №20;Препараты магния;;;;
ЦБ-00195124;Биолем Магния Глицинат капс. №60;Препараты магния;;;;
ЦБ-00145750;Биолит биолитики леденцы витаминные с экстр. ягод и трав 32г;Драже, леденцы;;;;
ЦБ-00165891;Биологически активная добавка к пище Аскорбинка 900мг, №17 БЧЗ;Витамин С;;;;
ЦБ-00165889;Биологически активная добавка к пище Аскорбинка плюс с цинком 900 мг, №17;Витамин С;;;;
ЦБ-00178415;Биологически активная добавка к пище Аскорбинка-плюс с глицином и янтарной кислотой 900мг №17 БЕЗ ЧЗ;Витамин С;;;;
ЦБ-00165892;Биологически активная добавка к пище Аскорбинка-плюс с глицином и янтарной кислотой 900мг, №17;Витамин С;;;;
ЦБ-00165888;Биологически активная добавка к пище Аскорбинка-плюс с калием и магнием 900мг, №17;Витамин С;;;;
ЦБ-00165887;Биологически активная добавка к пище Витамин D3 2000 ме, №20;Витамин Д3;;;;
ЦБ-00165886;Биологически активная добавка к пище Мультивитамин, №17;Поливитамины;;;;
ЦБ-00147723;Био-магний таб. №60;Препараты магния;;;;
ЦБ-00000659;Био-Макс таб. п.о №30;Поливитамины;;;;
ЦБ-00000660;Био-Макс таб. п.о №60;Поливитамины;;;;
ЦБ-00021493;Био-Макс таб. шип. №16;Поливитамины;;;;
ЦБ-00024535;БИО-МАКС ТАБЛ.ШИПУЧ. N16;Поливитамины;;;;
ЦБ-00006008;Бион 3 Кидс таб. жев. 1.05г №30  (малина);Поливитамины;;;;
ЦБ-00000665;Бион 3 таб. 1.05г №10;Поливитамины;;;;
ЦБ-00000666;Бион 3 таб. 1.05г №30;Поливитамины;;;;
ЦБ-00006023;Биоритм Антистресс 24 день/ночь таб. комплект №32;Поливитамины;;;;
ЦБ-00025785;Биоритм Поливитамины день/ночь таб N64;Поливитамины;;;;
ЦБ-00006025;Биоритм Поливитамины таб. комплект №32;Поливитамины;;;;
ЦБ-00162704;Биостандарт вит. Д3 флак.-дозатор 20мл;Витамин Д3;;;;
ЦБ-00178785;Биотек ААКГ 1000 таб. №100;Витамины д/сердечно-сосудистой системы;;;;
ЦБ-00162321;Биотела Витамин Д3 таб. №1000;Витамин Д3;;;;
ЦБ-00157727;Биотела Витамин Д3 таб. №120;Витамин Д3;;;;
ЦБ-00162696;Биотела Витамин Д3 таб. №360;Витамин Д3;;;;
ЦБ-00166959;Биотела Мультивитамин капс. №30;Поливитамины;;;;
ЦБ-00185914;Биотела Таурин капс. №120;Витамины д/сердечно-сосудистой системы;;;;
ЦБ-00184711;Биотела Таурин капс. №60;Витамины д/сердечно-сосудистой системы;;;;
ЦБ-00159828;Биотерра Д3 2000МЕ+Цинк+вит.С в сезон простуд таб. №30;Поливитамины;;;;
ЦБ-00175999;Биотеч ЮЭсЭй витаминный комплекс капс. №60;Поливитамины;;;;
ЦБ-00186928;Биотеч ЮЭсЭй Л-Аргинин капс. №90;Поливитамины;;;;
ЦБ-00161313;Биотин б/сах. со вкусом вишни таб. шип. №20;Препараты группы В, нейропротекторы;;;;
ЦБ-00155240;Биотин и фолиевая кислота с омега-3 капс №60;Поливитамины;;;;
ЦБ-00158514;Биофарма вит.С таб. 800мг №120;Витамин С;;;;
ЦБ-00031677;Биофер таб. жеват. №30;Препараты железа;;;;
ЦБ-00161759;Биофер таб. жеват. №60;Препараты железа;;;;
ЦБ-00186228;Биофорте Аскориновая кислота таб. апельсин 3г;Витамин С;;;;
ЦБ-00170108;Биофорте Боярышник премиум капс. №40;Витамины д/сердечно-сосудистой системы;;;;
ЦБ-00186779;Биофорте Вит. АЕ капс. №30;Поливитамины;;;;
ЦБ-00183165;Биофорте Вит. Д3 2000МЕ капс. №30;Витамин Д3;;;;
ЦБ-00182891;Биофорте Вит. Д3 Премиум 2000МЕ таб. №50;Витамин Д3;;;;
ЦБ-00171119;Биофорте Железо + вит.В12 капс. №30;Препараты железа;;;;
ЦБ-00166453;Биофорте магний В6 премиум капс. №50;Препараты магния;;;;
ЦБ-00167210;Биофорте магний В6 форте премиум капс. №60;Препараты магния;;;;
ЦБ-00185897;Биофорте Мульти-В паст. марм. жев. слива №60;Препараты группы В, нейропротекторы;;;;
ЦБ-00188707;Биофорте мультивитамины капс. №30;Поливитамины;;;;
ЦБ-00187096;Биофорте мультивитамины капс. №60;Поливитамины;;;;
ЦБ-00169615;Биофорте сироп черники витаминизированный премиум 250мл;Поливитамины;;;;
ЦБ-00171389;Биофорте сироп шиповника премиум 250мл;Поливитамины;;;;
ЦБ-00189040;Биофорте солнышко аскорбиновая к-та с сахаром вишня 3г;Витамин С;;;;
ЦБ-00189507;Биофорте солнышко аскорбиновая к-та с сахаром лимон 3г;Витамин С;;;;
ЦБ-00174468;Биофорте Уробиотик пор. д/приема внутрь №7;Уроантисептики;;;;
ЦБ-00140219;Бите сироп агавы 200г;Поливитамины;;;;
ЦБ-00032105;Бициллин-1 пор. д/сусп.в/м 1.2млн ЕД №50;Антибактериальные средства инъекционные р-ры;;;;
ЦБ-00037463;Бициллин-3 пор д/сусп в/м 1'200'000ЕД №1*50;Антибактериальные средства инъекционные р-ры;;;;
ЦБ-00015866;Бициллин-3 пор д/сусп в/м 600'000ЕД №1*50;Антибактериальные средства инъекционные р-ры;;;;
ЦБ-00023370;Бициллин-3 пор д/сусп в/м 600т ЕД №50;Антибактериальные средства инъекционные р-ры;;;;
ЦБ-00006035;Бициллин-3 пор. д/сусп.в/м 1.2млн ЕД №1;Антибактериальные средства инъекционные р-ры;;;;
РТ-00007892;Бициллин-3 пор. д/сусп.в/м 1.2млн ЕД №50;Антибактериальные средства инъекционные р-ры;;;;
ЦБ-00006036;Бициллин-3 пор. д/сусп.в/м 600т ЕД №1;Антибактериальные средства инъекционные р-ры;;;;
ЦБ-00000712;Бициллин-5 пор. д/сусп.в/м 1.5млн ЕД 10мл №1;Антибактериальные средства инъекционные р-ры;;;;
ЦБ-00018302;Бициллин-5 пор. д/сусп.в/м 1.5млн ЕД. №50;Антибактериальные средства инъекционные р-ры;;;;
ЦБ-00165996;Благомакс витамины группы В капс. №30;Препараты группы В, нейропротекторы;;;;
ЦБ-00167175;Благомакс комплекс вит. группы В капс. №40;Препараты группы В, нейропротекторы;;;;
ЦБ-00027283;Благомакс Комплекс витаминов группы В капс. №90;Препараты группы В, нейропротекторы;;;;
ЦБ-00180622;Благомакс Комплекс д/больных диабетом капс. №30;Поливитамины;;;;
РТ-00000312;Благомакс Комплекс д/больных диабетом капс. №90;Поливитамины;;;;
ЦБ-00180908;Благомакс комплекс от А до Zn с маточным молочком капс. №30;Поливитамины;;;;
ЦБ-00134919;Благомакс комплекс от А до Zn с маточным молочком капс. №60;Поливитамины;;;;
ЦБ-00182258;Благомакс красота и сияние вит. д/волос/кожи/ногтей капс. №30;Поливитамины;;;;
ЦБ-00173970;Благомакс Магний В6 капс. №30;Препараты магния;;;;
ЦБ-00031571;Благомакс Магний В6 капс. №90;Препараты магния;;;;
ЦБ-00188756;Благомакс Мультивит. компл. гр. В с холином капс. №30;Препараты группы В, нейропротекторы;;;;
ЦБ-00180282;Благомакс Нутриент Премиум 3 набор капс. №30+№60;Поливитамины;;;;
ЦБ-00179735;Благомакс Селен и цинк с вит. А/Е/С/В6 капс. №30;Поливитамины;;;;
ЦБ-00026646;Благомакс Селен и цинк с вит. А/Е/С/В6 капс.№90;Поливитамины;;;;
ЦБ-00146515;Благомакс Спорт витаминно-минер. комплекс капс. №60;Поливитамины;;;;
ЦБ-00027094;Благомакс Спорт витаминно-минер. комплекс капс. №90;Поливитамины;;;;
ЦБ-00026647;Благомакс Фолиевая кислота и рутин с вит. В6/В12 капс. №90;Препараты группы В, нейропротекторы;;;;
ЦБ-00026648;Благомакс Цинк селен рутин с вит. С капс. 0.3г №90;Поливитамины;;;;
ЦБ-00167813;Благомин вит. В2 (рибофлавин) капс. №40;Препараты группы В, нейропротекторы;;;;
ЦБ-00157695;Благомин витамин В1 (тиамин) капс. №40;Препараты группы В, нейропротекторы;;;;
ЦБ-00018507;Благомин витамин В1 (тиамин) капс. №90;Препараты группы В, нейропротекторы;;;;
ЦБ-00178096;Благомин витамин В12 (цианкобаламин) капс. №30;Препараты группы В, нейропротекторы;;;;
ЦБ-00018508;Благомин витамин В12 (цианокобаламин 9мкг) капс.200мг №90;Препараты группы В, нейропротекторы;;;;
ЦБ-00006042;Благомин витамин В2 (рибофлавин) капс. №90;Препараты группы В, нейропротекторы;;;;
ЦБ-00033281;Благомин Витамин В6 (пиридоксин) капс. 2мг №90;Препараты группы В, нейропротекторы;;;;
ЦБ-00157738;Благомин витамин В6 (пиридоксин) капс. №40;Препараты группы В, нейропротекторы;;;;
ЦБ-00033017;Благомин Витамин В9 капс. №90;Препараты группы В, нейропротекторы;;;;
ЦБ-00155684;Благомин Витамин Д3 2000МЕ капс. №60;Витамин Д3;;;;
ЦБ-00157190;Благомин Витамин Д3 500МЕ капс. №60;Витамин Д3;;;;
ЦБ-00025587;Благомин Витамин Н (биотин 150мкг) капс. 250мг №90;Препараты группы В, нейропротекторы;;;;
ЦБ-00026923;Благомин Витамин С (аскорбиновая кислота) капс. N90;Витамин С;;;;
ЦБ-00017673;Блок Глюкоза с вит. С таб. Ананас №18;Витамин С;;;;
ЦБ-00017441;Блок Глюкоза с вит. С таб. Апельсин №18;Витамин С;;;;
ЦБ-00017811;Блок Глюкоза с вит. С таб. Груша №18;Витамин С;;;;
ЦБ-00017765;Блок Глюкоза с вит. С таб. Дикая вишня №18;Витамин С;;;;
ЦБ-00036772;Блок Глюкоза с вит. С таб. Дикая вишня №18;Поливитамины;;;;
ЦБ-00020646;Блок Глюкоза с вит. С таб. Клубника в йогурте №18;Витамин С;;;;
ЦБ-00017674;Блок Глюкоза с вит. С таб. Кола №18;Витамин С;;;;
ЦБ-00017786;Блок Глюкоза с вит. С таб. Кола/Лимон №18;Витамин С;;;;
ЦБ-00017766;Блок Глюкоза с вит. С таб. Лесные ягоды №18;Витамин С;;;;
ЦБ-00017444;Блок Глюкоза с вит. С таб. Лимон №18;Витамин С;;;;
ЦБ-00017442;Блок Глюкоза с вит. С таб. Малина №18;Витамин С;;;;
ЦБ-00017443;Блок Глюкоза с вит. С таб. Персик №18;Витамин С;;;;
ЦБ-00017759;Блок Глюкоза с вит. С таб. Черная смородина №18;Витамин С;;;;
ЦБ-00017806;Блок Глюкоза с вит. С таб. Яблоко №18;Витамин С;;;;
ЦБ-00020677;Блок Декстроза с вит. С таб. Лимон №18;Поливитамины;;;;
ЦБ-00194713;Блу Игл очки арт. 201 (+2,25);Очки готовые;;;;
ЦБ-00194714;Блу Игл очки арт. 201 (+2,5);Очки готовые;;;;
ЦБ-00194715;Блу Игл очки арт. 201 (+2,75);Очки готовые;;;;
ЦБ-00194716;Блу Игл очки арт. 201 (+3,0);Очки готовые;;;;
ЦБ-00194717;Блу Игл очки арт. 201 (+3,5);Очки готовые;;;;
ЦБ-00194718;Блу Игл очки арт. 201 (+4,0);Очки готовые;;;;
ЦБ-00194719;Блу Игл очки арт. 201 (+4,5);Очки готовые;;;;
ЦБ-00194720;Блу Игл очки арт. 201 (+5,0);Очки готовые;;;;
ЦБ-00194710;Блу Игл очки арт. 201 (-0,5);Очки готовые;;;;
ЦБ-00194711;Блу Игл очки арт. 201 (-3,5);Очки готовые;;;;
ЦБ-00194712;Блу Игл очки арт. 201 (-4,5);Очки готовые;;;;
ЦБ-00194721;Блу Игл очки арт. 207 (+2,0);Очки готовые;;;;
ЦБ-00194741;Блу Игл очки арт. 207 (+2,5);Очки готовые;;;;
ЦБ-00194722;Блу Игл очки арт. 207 (+2,75);Очки готовые;;;;
ЦБ-00194723;Блу Игл очки арт. 207 (+3,0);Очки готовые;;;;
ЦБ-00194724;Блу Игл очки арт. 207 (+3,5);Очки готовые;;;;
ЦБ-00194725;Блу Игл очки арт. 207 (+4,0);Очки готовые;;;;
ЦБ-00194726;Блу Игл очки арт. 207 (+4,5);Очки готовые;;;;
ЦБ-00194744;Блу Игл очки арт. 207 (-4,5);Очки готовые;;;;
ЦБ-00145574;Бобс леденцы дыня с мятными кристалами №10;Драже, леденцы;;;;
ЦБ-00146008;Бобс леденцы зеленый чай с мятными кристалами №10;Драже, леденцы;;;;
ЦБ-00146062;Бобс леденцы клубника с мятными кристалами №10;Драже, леденцы;;;;
ЦБ-00146009;Бобс леденцы ледяная свежесть ментол №10;Драже, леденцы;;;;
ЦБ-00146010;Бобс леденцы экстра ментол №10;Драже, леденцы;;;;
РТ-00013067;БобсГрин карамель леденцовая Пихта и Ментол №10;Драже, леденцы;;;;
ЦБ-00122223;БобсГрин карамель леденцовая прополис мята №10;Драже, леденцы;;;;
ЦБ-00127181;Бодигард презервативы классические гладкие №3;Презервативы;;;;
РТ-00006815;Бодигард Презервативы ребристые №12;Презервативы;;;;
РТ-00008031;Бодигард Презервативы ребристые №3;Презервативы;;;;
РТ-00008032;Бодигард Презервативы с точками №12;Презервативы;;;;
РТ-00008033;Бодигард Презервативы с точками №3;Презервативы;;;;
РТ-00008034;Бодигард Презервативы ультратонкие №12;Презервативы;;;;
РТ-00008035;Бодигард Презервативы ультратонкие №3;Презервативы;;;;
ЦБ-00193174;Бон Дижон Вит. С паст. жеват. апельсин №60;Витамин С;;;;
ЦБ-00028130;Бонадэ таб. п/о №21;Пероральные контрацептивы;;;;
ЦБ-00028131;Бонадэ таб. п/о №63;Пероральные контрацептивы;;;;
ЦБ-00166073;Боноферлат капс. №30;Препараты железа;;;;
ЦБ-00006735;Боржоми вода минеральная 0,75л;Минеральная вода;;;;
ЦБ-00018459;Боржоми вода минеральная стекло 0,33л;Минеральная вода;;;;
ЦБ-00006746;Боржоми вода минеральная стекло 0,5л;Минеральная вода;;;;
ЦБ-00147010;Бортезомиб Канон лиофил. для приг. р-ра для в/в и подкож.введ. 3,5мг №1;Инъекционные и инфузионные р-ры;;;;
ЦБ-00162900;Б-райт капс. №100;Препараты группы В, нейропротекторы;;;;
ЦБ-00157548;Британия очки арт. 3031 (+1.50);Очки готовые;;;;
ЦБ-00155746;Британия очки арт. 3031 (+1.75);Очки готовые;;;;
ЦБ-00155747;Британия очки арт. 3031 (+2.00);Очки готовые;;;;
ЦБ-00156611;Британия очки арт. 3031 (+2.25);Очки готовые;;;;
ЦБ-00156155;Британия очки арт. 3031 (+2.50);Очки готовые;;;;
ЦБ-00156156;Британия очки арт. 3031 (+2.75);Очки готовые;;;;
ЦБ-00156157;Британия очки арт. 3031 (+3.00);Очки готовые;;;;
ЦБ-00156158;Британия очки арт. 3031 (+3.50);Очки готовые;;;;
ЦБ-00156159;Британия очки арт. 3031 (+4.00);Очки готовые;;;;
ЦБ-00120687;Брусника+хвощ здоровые почки таб. №40;Уроантисептики;;;;
ЦБ-00025325;Будь Здоров! Аскорбинка с железом таб жев БАД №20;Витамин С;;;;
ЦБ-00025331;Будь Здоров! Аскорбинка с магнием таб жев БАД №20;Витамин С;;;;
ЦБ-00025334;Будь Здоров! Аскорбинка с цинком таб жев БАД №20;Витамин С;;;;
ЦБ-00177522;Будь Здоров! Аскорбиновая кислота пор. б/сах. малина №30;Витамин С;;;;
ЦБ-00191940;Будь Здоров! Вит. группы В апельсин таб. шип. №20;Препараты группы В, нейропротекторы;;;;
ЦБ-00188115;Будь Здоров! вит. группы В капс. №30;Препараты группы В, нейропротекторы;;;;
ЦБ-00194948;Будь Здоров! Вит. Д3+К2 компл. капс. №60;Витамин Д3;;;;
ЦБ-00179059;Будь Здоров! Вит. С капс. №60;Витамин С;;;;
ЦБ-00171680;Будь Здоров! Витамин Д3 2000МЕ жид. с дозатором 30мл;Витамин Д3;;;;
ЦБ-00171175;Будь Здоров! Витамин Д3 2000МЕ капс. №120;Витамин Д3;;;;
ЦБ-00169624;Будь Здоров! Витамин Д3 2000МЕ капс. №30;Витамин Д3;;;;
ЦБ-00192310;Будь Здоров! Витамин Д3 2000МЕ капс. №60;Витамин Д3;;;;
ЦБ-00025282;Будь Здоров! Витамин С с лимонным вкусом таб шип БАД №20;Витамин С;;;;
ЦБ-00172839;Будь Здоров! Витамин С таб. 500мг №30;Витамин С;;;;
ЦБ-00179563;Будь Здоров! Витамин С цитрусовый вкус таб. шип. №20;Витамин С;;;;
ЦБ-00180984;Будь Здоров! Витаминно-минер. комплекс от А до Zn таб. №30;Поливитамины;;;;
ЦБ-00194107;Будь Здоров! Витаминно-минер. комплекс от А до Zn таб. №60;Поливитамины;;;;
ЦБ-00025485;Будь Здоров! Витаминный комплекс Витамины группы В таб №30 БАД;Поливитамины;;;;
ЦБ-00025746;Будь Здоров! Витаминный комплекс для детей с малиновым вкусом таб шип БАД №20;Поливитамины;;;;
ЦБ-00168046;Будь Здоров! Глицин Форте с вит. группы В таб №60;Поливитамины;;;;
ЦБ-00181101;Будь Здоров! Грин Келп йод из водорослей с селеном таб. №60;Витамин С;;;;
ЦБ-00170935;Будь Здоров! Железо капс. №60;Препараты железа;;;;
ЦБ-00192285;Будь Здоров! Железо липосомальное капс. №60;Препараты железа;;;;
ЦБ-00025486;Будь Здоров! Железо со вкусом черной смородины таб шип №20 БАД;Поливитамины;;;;
ЦБ-00180162;Будь Здоров! Железо/Вит. С/Вит. В6/Вит. В12/Фолиев. к-та таб. шип. №20;Поливитамины;;;;
ЦБ-00184461;Будь Здоров! Калий/Магний с вит. В6 таб. №60;Препараты магния;;;;
ЦБ-00184053;Будь Здоров! Калий+Магний Аспарагинат таб. №60;Препараты магния;;;;
ЦБ-00180812;Будь Здоров! Кальций Д3 витаминно-минер. комплекс яблоко таб. жев. №30;Поливитамины;;;;
ЦБ-00179576;Будь Здоров! Комплекс экстр. золототысячника/любистка капс. №60;Уроантисептики;;;;
ЦБ-00189642;Будь Здоров! Липосомальный вит. Д3 капс. №60;Витамин Д3;;;;
ЦБ-00184088;Будь Здоров! Липосомальный вит. С капс. №60;Витамин С;;;;
ЦБ-00079587;Будь Здоров! Магний В6  Витаминно-минеральный комплекс таб БАД №30;Препараты магния;;;;
ЦБ-00185783;Будь Здоров! Магний В6 форте таб. №90;Препараты магния;;;;
ЦБ-00168253;Будь Здоров! Магний таб. №60;Препараты магния;;;;
ЦБ-00182592;Будь Здоров! Магний цитрат форте стик-пакет №20;Препараты магния;;;;
ЦБ-00179285;Будь Здоров! Магний+В6 р-р вишня 100мл;Препараты магния;;;;
ЦБ-00179817;Будь Здоров! Магний+В6 таб. шип. №20;Препараты магния;;;;
ЦБ-00025446;Будь Здоров! Мультивитамин с апельсиновым вкусом таб шип БАД №20;Витамин С;;;;
ЦБ-00169443;Бэби Формула Мишки Железо пастилки жеват. №60;Препараты железа;;;;
ЦБ-00152413;Бэбифер сироп флак. с мерным стаканчиком 120мл;Препараты железа;;;;
ЦБ-00061764;БэндЛайн л/пластырь 1х500см ткан;Фиксирующие катушки;;;;
ЦБ-00061763;БэндЛайн л/пластырь 2х500см ткан;Фиксирующие катушки;;;;
ЦБ-00061762;БэндЛайн л/пластырь 3х500см ткан;Фиксирующие катушки;;;;
ЦБ-00061761;БэндЛайн л/пластырь 5х500см ткан;Фиксирующие катушки;;;;
ЦБ-00024189;В/М СЕЛИВАНОВСКАЯ НЕГАЗ.0.5 Л БУТ;Минеральная вода;;;;
ЦБ-00147486;В12 Анкреманн таб. №50;Препараты группы В, нейропротекторы;;;;
ЦБ-00000787;Вагинорм-С таб. ваг. 250мг №6;Гинекологические п/воспалительные ср-ва наружные;;;;
РТ-00007623;Вагисепт супп. ваг. 250мг+150мг №10;Гинекологические п/воспалительные ср-ва наружные;;;;
ЦБ-00033323;Вагиферон супп №10;Гинекологические п/воспалительные ср-ва наружные;;;;
ЦБ-00000788;Ваготил р-р местн. 36% 50мл;Гинекологические п/воспалительные ср-ва наружные;;;;
ЦБ-00172921;Вазаламин Про капс. №30;Витамины д/сердечно-сосудистой системы;;;;
ЦБ-00006177;Вазаламин таб. 10мг №40;Витамины д/сердечно-сосудистой системы;;;;
ЦБ-00006191;Вазотон (L-аргинин) капс. 500мг №30;Витамины д/сердечно-сосудистой системы;;;;
ЦБ-00006190;Вазотон (L-аргинин) капс. 500мг №60;Витамины д/сердечно-сосудистой системы;;;;
ЦБ-00006192;Вазотон (L-аргинин) капс. 500мг №60;Витамины д/сердечно-сосудистой системы;;;;
ЦБ-00174011;Вайсман бинт н/ткан. стер. с неосып. краями 5мх10см;Бинты;;;;
ЦБ-00162747;Вайсман бинт неткан. н/стер. с неосып. краями 5мх10см;Бинты;;;;
ЦБ-00167476;Вайсман бинт неткан. с неосып. краями стер. 7мх14см;Бинты;;;;
ЦБ-00157565;Вайтал Д3 500МЕ фл. с капельницей 20мл;Витамин Д3;;;;
ЦБ-00187888;ВанВин Железа хелат+вит.С+В3 капс. №60;Препараты железа;;;;
ЦБ-00187887;ВанВин Магния хелат+В6 капс. №120;Препараты магния;;;;
ЦБ-00078481;Ванкомицин лиоф. д/приг. р-ра д/инф. и приема внутрь 1г №1;Антибактериальные средства инъекционные р-ры;;;;
ЦБ-00149784;Ванкомицин лиоф. д/приг. р-ра д/инф. и приема внутрь 500мг №1;Антибактериальные средства инъекционные р-ры;;;;
ЦБ-00150547;Ванкомицин лиоф. д/р-ра д/инф. 1,0 №1;Антибактериальные средства инъекционные р-ры;;;;
РТ-00002927;Ванкомицин пор. д/инф. 500мг №1;Антибактериальные средства инъекционные р-ры;;;;
ЦБ-00037318;Ванкомицин пор. д/приг инф. 1г №1;Антибактериальные средства инъекционные р-ры;;;;
ЦБ-00166386;Ванкомицин пор. д/приг. р-ра д/инф. и приема внутрь 1000 мг фл. №1;Инъекционные и инфузионные р-ры;;;;
РТ-00003949;Ванкомицин Эльфа пор. р-р д/инф. 1000мг 20мл №1;Антибактериальные средства инъекционные р-ры;;;;
РТ-00006715;Ванкорус лиоф. д/р-ра д/инф. 0,5мг №1;Инъекционные и инфузионные р-ры;;;;
РТ-00000766;Ванкорус пор. д/приг. р-ра д/инф. и приема внутрь 1,0г №1;Инъекционные и инфузионные р-ры;;;;
ЦБ-00146644;Ванкорус пор. д/р-ра д/инф. и приема внутрь 0,5г №1;Антибактериальные средства инъекционные р-ры;;;;
ЦБ-00186992;Ванкотер-АФ пор. д/приг. конц. д/приг.р-ра д/инф. и р-ра д/приема внутрь 1000мг №5 фл.;Антибактериальные средства инъекционные р-ры;;;;
ЦБ-00035935;Ваньтун артиплас пластырь 7х10 № 6;Бактерицидный;;;;
ЦБ-00162421;Варденафил Канон таб. п/п/о 20мг №4;Ср-ва при эректильной дисфункции, влияющие на либидо;;;;
ЦБ-00193975;Вариант салфетки мед. сорбционные стер. марлевые 8слож. 5*5см №5;Салфетки стерильные;;;;
ЦБ-00195152;Вариант салфетки мед. сорбционные стер. марлевые 8слож. 7,5*7,5см №5;Салфетки стерильные;;;;
ЦБ-00123268;Вариант салфетки стерильные 45х29см №5;Салфетки стерильные;;;;
ЦБ-00136336;Вариант Спорт бинт когезивный самофиксир. 4,5м х10см бежевый;Бинты самофиксирующие;;;;
ЦБ-00127805;Вароласт бинт с мазью на осн. окиси цинка 10м*10см;Бинты;;;;
ЦБ-00136324;Вароласт бинт с мазью на осн. окиси цинка 5м*10см;Бинты;;;;
ЦБ-00126879;Вароласт бинт с мазью на осн. окиси цинка 7м*10см;Бинты;;;;
ЦБ-00170634;Васкулар чистые сосуды таб. №40;Витамины д/сердечно-сосудистой системы;;;;
ЦБ-00159636;Вау витамин Д3 масляный р-р 10мл;Витамин Д3;;;;
ЦБ-00159599;Вау формула витамин Д3 2000МЕ+К2 20мкг масл. р-р 20мл;Витамин Д3;;;;
ЦБ-00150131;Вау формула Фемили эдишн витамин Д3 2000МЕ 50мл;Витамин Д3;;;;
ЦБ-00151815;В-Вит комплекс вит. группы В таб. №60 БАД;Препараты группы В, нейропротекторы;;;;
ЦБ-00016675;Везилют таб. №60;Уроантисептики;;;;
ЦБ-00111155;Велпенем пор. д/приг. р-р д/в/в 1000мг №1;Антибактериальные средства инъекционные р-ры;;;;
ЦБ-00085836;Вельфоро 500 таб. жев. №90;Препараты железа;;;;
ЦБ-00192664;Вендиол таб. п/п/о 0,06мг+0,015мг №28;Пероральные контрацептивы;;;;
ЦБ-00031684;Венофер р-р в/в 20мг/мл 5мл №5;Препараты железа;;;;
ЦБ-00108086;Венофундин 6%  250мл №20 пласт.конт. (для ЛПУ);Инъекционные и инфузионные р-ры;;;;
17817;Венофундин 6%  500мл №10 п/э бут. (для ЛПУ);Инъекционные и инфузионные р-ры;;;;
ЦБ-00155424;Верофарм лейкопластырь бактер. баланс набор №20 белые;Фиксирующие катушки;;;;
ЦБ-00146711;Верофарм лейкопластырь набор баланс бел.основа  №20;Бактерицидный;;;;
ЦБ-00146826;Верофарм лейкопластырь набор баланс телесн. основа  №20;Бактерицидный;;;;
ЦБ-00169230;Верофарм лейкопластырь набор единорог плен. основа  №20;Бактерицидный;;;;
ЦБ-00168216;Верофарм лейкопластырь набор эконом белый №20;Бактерицидный;;;;
ЦБ-00168059;Верофарм лейкопластырь набор эконом телесн. основа  №20;Бактерицидный;;;;
ЦБ-00162699;Веррум Вит витаминно-минерал. комплекс при диабете от А до Zn таб. №30;Поливитамины;;;;
РТ-00012291;Веррум Вит витамины группы В таб. №30;Препараты группы В, нейропротекторы;;;;
РТ-00012288;Веррум Вит Комплекс витаминно-минерал. от А до Zn таб. №30;Поливитамины;;;;
ЦБ-00161231;Веррум Вит Комплекс витаминно-минерал. от А до Zn таб. №60;Поливитамины;;;;
РТ-00006871;Виагра таб. дисперг. 50мг №4;Ср-ва при эректильной дисфункции, влияющие на либидо;;;;
ЦБ-00000888;Виагра таб. п/о 100мг №1;Ср-ва при эректильной дисфункции, влияющие на либидо;;;;
РТ-00002288;Виагра таб. п/о 100мг №12;Ср-ва при эректильной дисфункции, влияющие на либидо;;;;
ЦБ-00000889;Виагра таб. п/о 100мг №2;Ср-ва при эректильной дисфункции, влияющие на либидо;;;;
ЦБ-00000890;Виагра таб. п/о 100мг №4;Ср-ва при эректильной дисфункции, влияющие на либидо;;;;
ЦБ-00000891;Виагра таб. п/о 25мг №1;Ср-ва при эректильной дисфункции, влияющие на либидо;;;;
ЦБ-00000892;Виагра таб. п/о 50мг №1;Ср-ва при эректильной дисфункции, влияющие на либидо;;;;
ЦБ-00006436;Виагра таб. п/о 50мг №12;Ср-ва при эректильной дисфункции, влияющие на либидо;;;;
ЦБ-00000893;Виагра таб. п/о 50мг №2;Ср-ва при эректильной дисфункции, влияющие на либидо;;;;
ЦБ-00000894;Виагра таб. п/о 50мг №4;Ср-ва при эректильной дисфункции, влияющие на либидо;;;;
ЦБ-00021460;ВИАГРА ТАБЛ.П.О. 50МГ N12;Ср-ва при эректильной дисфункции, влияющие на либидо;;;;
ЦБ-00024322;ВИАГРА ТАБЛ.П.О. 50МГ N12;Ср-ва при эректильной дисфункции, влияющие на либидо;;;;
РТ-00005643;Виалис капс. №30;Ср-ва при эректильной дисфункции, влияющие на либидо;;;;
РТ-00005015;Виатайл таб. п/о 100мг №1;Ср-ва при эректильной дисфункции, влияющие на либидо;;;;
РТ-00002387;Виатайл таб. п/о 100мг №4;Ср-ва при эректильной дисфункции, влияющие на либидо;;;;
РТ-00004652;Виатайл таб. п/о 50мг №1;Ср-ва при эректильной дисфункции, влияющие на либидо;;;;
РТ-00005455;Виатайл таб. п/о 50мг №10;Ср-ва при эректильной дисфункции, влияющие на либидо;;;;
РТ-00002388;Виатайл таб. п/о 50мг №4;Ср-ва при эректильной дисфункции, влияющие на либидо;;;;
ЦБ-00022846;ВИВА ПРЕЗЕРВАТИВЫ РЕБРИСТЫЕ N3;Презервативы;;;;
ЦБ-00022847;ВИВА ПРЕЗЕРВАТИВЫ ЦВЕТНЫЕ АРОМАТИЗИРОВАННЫЕ N3;Презервативы;;;;
ЦБ-00193507;Вивайра таб. жев. 50мг №1;Ср-ва при эректильной дисфункции, влияющие на либидо;;;;
ЦБ-00173117;ВиваМен+ спрей наз. 15мл;Ср-ва при эректильной дисфункции, влияющие на либидо;;;;
РТ-00000120;Вивасекс таб. 700мг №1;Ср-ва при эректильной дисфункции, влияющие на либидо;;;;
ЦБ-00040145;Вивасекс таб. 700мг №10;Ср-ва при эректильной дисфункции, влияющие на либидо;;;;
ЦБ-00000903;Вигантол р-р масл. внутр 0.5мг/мл 10мл;Витамин Д3;;;;
ЦБ-00155892;Вигралекс капс. №20;Ср-ва при эректильной дисфункции, влияющие на либидо;;;;
ЦБ-00035767;Видора микро таб. п/о №21+7;Пероральные контрацептивы;;;;
РТ-00008373;Видора микро таб. п/о №24+4;Пероральные контрацептивы;;;;
ЦБ-00035766;Видора таб. п/о № 21+7;Пероральные контрацептивы;;;;
ЦБ-00027351;Визанна таб. 2мг №168;Заместительная гормональная терапия;;;;
ЦБ-00000906;Визанна таб. 2мг №28;Заместительная гормональная терапия;;;;
ЦБ-00025893;Визанна таб. 2мг №84;Заместительная гормональная терапия;;;;
ЦБ-00036356;Визарсин Ку-таб таб дисперг. 100мг №1;Ср-ва при эректильной дисфункции, влияющие на либидо;;;;
РТ-00009224;Визарсин Ку-таб таб дисперг. 100мг №12;Ср-ва при эректильной дисфункции, влияющие на либидо;;;;
ЦБ-00035763;Визарсин Ку-таб таб дисперг. 100мг №4;Ср-ва при эректильной дисфункции, влияющие на либидо;;;;
ЦБ-00036944;Визарсин Ку-таб таб дисперг. 50мг №1;Ср-ва при эректильной дисфункции, влияющие на либидо;;;;
ЦБ-00037873;Визарсин Ку-таб таб дисперг. 50мг №4;Ср-ва при эректильной дисфункции, влияющие на либидо;;;;
ЦБ-00024648;Визарсин таб. п/о 100мг №1;Ср-ва при эректильной дисфункции, влияющие на либидо;;;;
РТ-00005164;Визарсин таб. п/о 100мг №12;Ср-ва при эректильной дисфункции, влияющие на либидо;;;;
ЦБ-00024698;Визарсин таб. п/о 100мг №4;Ср-ва при эректильной дисфункции, влияющие на либидо;;;;
ЦБ-00024699;Визарсин таб. п/о 25мг №1;Ср-ва при эректильной дисфункции, влияющие на либидо;;;;
ЦБ-00024700;Визарсин таб. п/о 50мг №1;Ср-ва при эректильной дисфункции, влияющие на либидо;;;;
ЦБ-00024701;Визарсин таб. п/о 50мг №4;Ср-ва при эректильной дисфункции, влияющие на либидо;;;;
ЦБ-00190698;Визит презервативы классические №100;Презервативы;;;;
ЦБ-00023688;Визит презервативы классические №12;Презервативы;;;;
ЦБ-00189960;Визит презервативы классические №15;Презервативы;;;;
ЦБ-00153117;Визит презервативы классические №18;Презервативы;;;;
ЦБ-00021211;Визит презервативы классические №3;Презервативы;;;;
ЦБ-00160943;Визит презервативы классические №50;Презервативы;;;;
ЦБ-00170542;Визит презервативы точечные №18;Презервативы;;;;
ЦБ-00181868;Визит презервативы ультра лайт №100;Презервативы;;;;
ЦБ-00017603;Визит презервативы ультра лайт №12;Презервативы;;;;
ЦБ-00189078;Визит презервативы ультра лайт №15;Презервативы;;;;
ЦБ-00012006;Визит презервативы ультра лайт №3;Презервативы;;;;
ЦБ-00128259;Визит презервативы ультра лайт ультратонкие №12;Презервативы;;;;
ЦБ-00170543;Визит презервативы ультратонкие №18;Презервативы;;;;
ЦБ-00128327;Визит Хай-тек презервативы ультра лайт CPR №12;Презервативы;;;;
ЦБ-00128071;Визит Хай-тек презервативы ультра лайт CPR №3;Презервативы;;;;
00-00024706;Вилдегра таб. п/о 100мг №1;Ср-ва при эректильной дисфункции, влияющие на либидо;;;;
00-00012659;Вилдегра таб. п/о 100мг №30;Ср-ва при эректильной дисфункции, влияющие на либидо;;;;
00-00021719;Вилдегра таб. п/о 100мг №4;Ср-ва при эректильной дисфункции, влияющие на либидо;;;;
00-00024865;Вилдегра таб. п/о 50мг №10;Ср-ва при эректильной дисфункции, влияющие на либидо;;;;
ЦБ-00051739;Вилдегра таб. п/о 50мг №30;Ср-ва при эректильной дисфункции, влияющие на либидо;;;;
ЦБ-00050500;Вилдегра таб. п/о 50мг №4;Ср-ва при эректильной дисфункции, влияющие на либидо;;;;
ЦБ-00118542;Вилдегра таб. п/п/о 100мг №10;Ср-ва при эректильной дисфункции, влияющие на либидо;;;;
ЦБ-00078852;Вилдегра таб. пролонг. п/п/о 50мг №1;Ср-ва при эректильной дисфункции, влияющие на либидо;;;;
ЦБ-00036448;Вилимиксин пор. д/ин. 50мг в/в,в/м №1;Антибактериальные средства инъекционные р-ры;;;;
ЦБ-00185851;ВиллаФита Цитровиталь жидк. 100мл;Витамин С;;;;
РТ-00002570;Вимакс Супер Форте капс. №30;Ср-ва при эректильной дисфункции, влияющие на либидо;;;;
ЦБ-00144028;Вимицин капс. №60;Поливитамины;;;;
ЦБ-00074454;Вимпат р-р для инф. 10мг/мл 20мл фл.;Инъекционные и инфузионные р-ры;;;;
ЦБ-00038751;Винни питьевая вода 500мл;Минеральная вода;;;;
ЦБ-00006747;Винцентка вода минеральная 0,7л;Минеральная вода;;;;
ЦБ-00168296;Винцентка вода минеральная газ. 0.7л;Минеральная вода;;;;
ЦБ-00025895;ВИРОЛЕКС ПОР.Д/ИН. 250МГ N5;Инъекционные и инфузионные р-ры;;;;
РТ-00003082;Вирусактив Комплекс витаминно-минеральный Осень/Весна таб. №30;Поливитамины;;;;
ЦБ-00194822;Вистерра В-комплекс капс. №60;Препараты группы В, нейропротекторы;;;;
ЦБ-00195142;Вистерра Магний/В6 капс. №120;Препараты магния;;;;
ЦБ-00180214;Вит. В12 капс. №90;Препараты группы В, нейропротекторы;;;;
ЦБ-00190759;Вит. Д3 2000МЕ Премиум капс. №60;Витамин Д3;;;;
ЦБ-00189839;Вит. Д3 2000МЕ+вит. К2 таб. жеват. №120;Поливитамины;;;;
ЦБ-00180813;Вит. Д3 капли д/приема внутрь 30мл;Витамин Д3;;;;
ЦБ-00187688;Вит. Д3 капс. №180;Витамин Д3;;;;
ЦБ-00177231;Вит. Д3+К2 форте жидк. 15мл;Витамин Д3;;;;
ЦБ-00181620;Вит. С липосомальный капс. №30;Витамин С;;;;
ЦБ-00127403;Вита Д3 р-р водн.мицеллированный 500МЕ/мл 10мл банан;Витамин Д3;;;;
ЦБ-00119484;Вита Д3 р-р водн.мицеллированный 500МЕ/мл 10мл лимон №1;Витамин Д3;;;;
ЦБ-00123054;Вита Д3 р-р водн.мицеллированный 500МЕ/мл 30мл анис;Витамин Д3;;;;
ЦБ-00119585;Вита Д3 р-р водн.мицеллированный 500МЕ/мл 30мл банан;Витамин Д3;;;;
ЦБ-00126898;Вита Д3 р-р водный 500МЕ/мл 10мл анис;Витамин Д3;;;;
ЦБ-00120473;Вита Д3 р-р водный 500МЕ/мл 10мл апельсин;Витамин Д3;;;;
ЦБ-00123510;Вита Д3 р-р водный 500МЕ/мл 10мл банан;Витамин Д3;;;;
ЦБ-00122524;Вита Д3 р-р водный 500МЕ/мл 30мл апельсин;Витамин Д3;;;;
ЦБ-00121960;Вита Д3 р-р водный 500МЕ/мл 30мл лимон;Витамин Д3;;;;
ЦБ-00164820;Витаболик таб. №30;Поливитамины;;;;
ЦБ-00160922;Витаботаника Олива капс. №60;Витамины д/сердечно-сосудистой системы;;;;
ЦБ-00142984;ВитаВалис повязка раневая а/микроб. сорбционная стер. 10*10см №1;Повязка раневая;;;;
ЦБ-00146145;ВитаВалис повязка раневая а/микроб. сорбционная стер. 14*10см №1;Повязка раневая;;;;
ЦБ-00165327;Витайм Эксперт вумен утро/день/вечер №32+32+32;Поливитамины;;;;
ЦБ-00129643;Витайр вит. Д3 600МЕ паст. №10;Витамин Д3;;;;
ЦБ-00124086;Витайр вит.Д3 паст. №10;Витамин Д3;;;;
ЦБ-00142940;Витакадил таб. №30;Витамин Д3;;;;
РТ-00014041;Витакард таб. №60;Витамины д/сердечно-сосудистой системы;;;;
ЦБ-00170365;Витакидс вит.С пастилки апельсин №60;Витамин С;;;;
ЦБ-00037704;Виталина Архыз киви/лемонграсс 0,5л негаз спорт;Минеральная вода;;;;
ЦБ-00037703;Виталина Архыз клубника 0,5л негаз спорт;Минеральная вода;;;;
ЦБ-00170490;Виталипид Н взрослый конц. д/эмульс. д/инф.10мл №10;Поливитамины;;;;
ЦБ-00070101;Виталипид Н взрослый эмул. амп. 10мл №10 в/в;Поливитамины;;;;
ЦБ-00070102;Виталипид Н детский конц. д/эмульсии д/инф. 10мл №10;Поливитамины;;;;
РТ-00005652;Виталипид Н детский эмульсия д/инф. амп. №10;Поливитамины;;;;
ЦБ-00146560;Виталис премиум комфорт плюс презервативы анатом. формы №12;Презервативы;;;;
ЦБ-00142137;Виталис премиум комфорт плюс презервативы анатом. формы №3;Презервативы;;;;
ЦБ-00142983;Виталис премиум натурал презервативы классические №12;Презервативы;;;;
ЦБ-00148845;Виталис премиум супер тин презервативы супер тонкие №12;Презервативы;;;;
ЦБ-00127209;Виталор карамель леденцовая лимон/мята+вит.С 60г;Драже, леденцы;;;;
ЦБ-00158955;Виталор карамель леденцовая малина/ежевика+вит.С 60г;Драже, леденцы;;;;
ЦБ-00023062;Виталор карамель леденцовая шалфей/мед+вит.С 60г;Драже, леденцы;;;;
ЦБ-00158954;Виталор карамель леденцовая шиповник+вит.С 60г;Драже, леденцы;;;;
ЦБ-00123067;Виталор карамель леденцовая эвкалипт/ментол+вит.С 60г;Драже, леденцы;;;;
ЦБ-00157813;Витамин 22 мультивитамин паст. жев. №60;Поливитамины;;;;
РТ-00012804;Витамин В12 таб. п/о 100мг №30;Препараты группы В, нейропротекторы;;;;
ЦБ-00145139;Витамин В12 таб. п/о 100мг №60;Препараты группы В, нейропротекторы;;;;
ЦБ-00165289;Витамин В12 Цианкобаламин ВИТАМИР таб. №30;Препараты группы В, нейропротекторы;;;;
ЦБ-00162706;Витамин В5 (пантотеновая к-та) капс. №90;Препараты группы В, нейропротекторы;;;;
ЦБ-00173293;Витамин Гарден Витамин С капс. 500мг №90;Витамин С;;;;
ЦБ-00178020;Витамин Гарден В-комплекс капс. №90;Препараты группы В, нейропротекторы;;;;
ЦБ-00173411;Витамин Гарден Железо капс. №90;Препараты железа;;;;
ЦБ-00180030;Витамин Гарден Мульти Вумен капс. №90;Поливитамины;;;;
ЦБ-00177956;Витамин Гарден Мульти Мен капс. №90;Поливитамины;;;;
ЦБ-00171326;Витамин Гарден Мультивитамин и минералы капс №90;Поливитамины;;;;
ЦБ-00155410;Витамин Д3 (холекальциферол) 1000МЕ капс. №30;Витамин Д3;;;;
ЦБ-00155818;Витамин Д3 (холекальциферол) 1000МЕ капс. №90;Витамин Д3;;;;
ЦБ-00117929;Витамин Д3 (холекальциферол) 2000МЕ капс. №30;Витамин Д3;;;;
РТ-00014403;Витамин Д3 (холекальциферол) 600 МЕ капс. №60;Витамин Д3;;;;
ЦБ-00140687;Витамин Д3 (холекальциферол) 600МЕ таб. д/рас. мята №90;Витамин Д3;;;;
ЦБ-00131722;Витамин Д3 (холекальциферол) 600МЕ таб. д/рас. черн. смородина №90;Витамин Д3;;;;
ЦБ-00129751;Витамин Д3 (холекальциферол) 600МЕ таб. клубника №90;Витамин Д3;;;;
ЦБ-00120629;Витамин Д3 (холекальциферол) капс. №120;Витамин Д3;;;;
ЦБ-00120927;Витамин Д3 (холекальциферол) капс. №90;Витамин Д3;;;;
ЦБ-00181605;Витамин Д3 2000 капс. №180;Витамин Д3;;;;
ЦБ-00163117;Витамин Д3 2000 МЕ таб. шип. №20;Витамин Д3;;;;
ЦБ-00155730;Витамин Д3 2000 таб. №60;Витамин Д3;;;;
ЦБ-00165043;Витамин Д3 2000 таб. дисперг. №120;Витамин Д3;;;;
ЦБ-00180109;Витамин Д3 2000 таб. дисперг. №150;Витамин Д3;;;;
ЦБ-00156471;Витамин Д3 2000 таб. шип. №20;Витамин Д3;;;;
ЦБ-00160463;Витамин Д3 2000МЕ капли 10мл;Витамин Д3;;;;
ЦБ-00165572;Витамин Д3 2000МЕ капс. №30;Витамин Д3;;;;
ЦБ-00165522;Витамин Д3 2000МЕ капс. №60;Витамин Д3;;;;
ЦБ-00182419;Витамин Д3 2000МЕ капс. №60;Витамин Д3;;;;
ЦБ-00150469;Витамин Д3 2000МЕ спрей 30мл;Витамин Д3;;;;
ЦБ-00160533;Витамин Д3 2000МЕ таб. №100;Витамин Д3;;;;
ЦБ-00163580;Витамин Д3 2000МЕ таб. №100;Витамин Д3;;;;
ЦБ-00191463;Витамин Д3 2000МЕ таб. №50;Витамин Д3;;;;
ЦБ-00181062;Витамин Д3 2000МЕ таб. №60;Витамин Д3;;;;
ЦБ-00158241;Витамин Д3 2000МЕ таб. жев. №60;Витамин Д3;;;;
ЦБ-00166352;Витамин Д3 2000МЕ таб. шип. №20;Витамин Д3;;;;
ЦБ-00153779;Витамин Д3 2000МЕ+К2 100мкг таб. №60;Витамин Д3;;;;
ЦБ-00151289;Витамин Д3 2400МЕ+К2 таб.шип. №15;Витамин Д3;;;;
РТ-00014029;Витамин Д3 500 таб. №60;Витамин Д3;;;;
ЦБ-00180454;Витамин Д3 500МЕ капли 15мл;Витамин Д3;;;;
ЦБ-00168444;Витамин Д3 500МЕ капли 30мл;Витамин Д3;;;;
ЦБ-00179265;Витамин Д3 500МЕ р-р маслян. дозатор-капельн. банан 30мл;Витамин Д3;;;;
ЦБ-00152668;Витамин Д3 500МЕ флак. дозатор спрей 30мл;Поливитамины;;;;
ЦБ-00117912;Витамин Д3 500МЕ/мл 10мл флак.-кап.;Витамин Д3;;;;
ЦБ-00122320;Витамин Д3 500МЕ/мл 20мл флак.-кап.;Витамин Д3;;;;
ЦБ-00146772;Витамин Д3 500МЕ+К2 10мл флак.-кап.;Витамин Д3;;;;
ЦБ-00140730;Витамин Д3 600МЕ капс. №30;Витамин Д3;;;;
ЦБ-00154537;Витамин Д3 600МЕ таб. №30;Витамин Д3;;;;
ЦБ-00151568;Витамин Д3 для всей семьи 850мг таб. жев. №30;Витамин Д3;;;;
ЦБ-00158738;Витамин Д3 капли 10мл;Витамин Д3;;;;
РТ-00013066;Витамин Д3 капс 2000МЕ №120;Витамин Д3;;;;
РТ-00013065;Витамин Д3 капс 2000МЕ №30;Витамин Д3;;;;
ЦБ-00149158;Витамин Д3 капс 2000МЕ №30;Витамин Д3;;;;
ЦБ-00161536;Витамин Д3 капс 2000МЕ №30;Витамин Д3;;;;
ЦБ-00117589;Витамин Д3 капс 2000МЕ №300;Витамин Д3;;;;
РТ-00013319;Витамин Д3 капс 2000МЕ №60;Витамин Д3;;;;
ЦБ-00161667;Витамин Д3 капс 2000МЕ №60;Витамин Д3;;;;
РТ-00013516;Витамин Д3 капс 2000МЕ №90;Витамин Д3;;;;
ЦБ-00134716;Витамин Д3 капс 2000МЕ фл. 30мл;Витамин Д3;;;;
ЦБ-00133859;Витамин Д3 капс. 1200МЕ+К2 таб. жев. №60;Витамин Д3;;;;
ЦБ-00134812;Витамин Д3 капс. 1800МЕ №90;Витамин Д3;;;;
ЦБ-00174186;Витамин Д3 капс. 2000МЕ+ №30;Витамин Д3;;;;
ЦБ-00134938;Витамин Д3 капс. 2000МЕ+К2 таб. жев. №60;Витамин Д3;;;;
ЦБ-00155010;Витамин Д3 капс. 400мг №60;Витамин Д3;;;;
РТ-00014943;Витамин Д3 капс. 400мг №60;Витамин Д3;;;;
ЦБ-00141243;Витамин Д3 капс. 500МЕ №30;Витамин Д3;;;;
РТ-00013016;Витамин Д3 капс. 600мг №60;Витамин Д3;;;;
ЦБ-00165732;Витамин Д3 капс. 600МЕ №30;Витамин Д3;;;;
ЦБ-00165829;Витамин Д3 капс. 600МЕ №60;Витамин Д3;;;;
ЦБ-00122872;Витамин Д3 капс. №30;Витамин Д3;;;;
ЦБ-00189279;Витамин Д3 Макси таб. №60;Витамин Д3;;;;
ЦБ-00188314;Витамин Д3 Макси+К2 таб. №60;Витамин Д3;;;;
ЦБ-00165954;Витамин Д3 Максимум капс. 2000МЕ №120;Витамин Д3;;;;
ЦБ-00155011;Витамин Д3 Максимум капс. 2000МЕ №60;Витамин Д3;;;;
ЦБ-00194419;Витамин Д3 Максимум капс. 600МЕ №120;Витамин Д3;;;;
ЦБ-00194335;Витамин Д3 Максимум капс. 600МЕ №60;Витамин Д3;;;;
ЦБ-00120964;Витамин Д3 максимум таб. №30;Витамин Д3;;;;
ЦБ-00139260;Витамин Д3 Миофарм капли 30мл;Витамин Д3;;;;
ЦБ-00139192;Витамин Д3 мицеллированный 600МЕ капс. №120;Витамин Д3;;;;
ЦБ-00130861;Витамин Д3 мицеллированный капс. 2000МЕ №120;Витамин Д3;;;;
ЦБ-00131090;Витамин Д3 мицеллированный капс. 2000МЕ №60;Витамин Д3;;;;
ЦБ-00139332;Витамин Д3 мицеллированный капс. 600МЕ №60;Витамин Д3;;;;
ЦБ-00135490;Витамин Д3 оптимум 1000 таб. №60;Витамин Д3;;;;
ЦБ-00164756;Витамин Д3 Реневал таб. п/п/о 240мг №30;Витамин Д3;;;;
ЦБ-00156113;Витамин Д3 Реневал таб. п/п/о №60;Витамин Д3;;;;
ЦБ-00173103;Витамин Д3 Реневал таб. п/п/о №90;Витамин Д3;;;;
ЦБ-00000945;Витамин Д3 р-р масл. внутр 20000 МЕ/мл 10мл;Витамин Д3;;;;
ЦБ-00038922;Витамин Д3 Солнце таб. №60;Витамин Д3;;;;
ЦБ-00124225;Витамин Д3 спрей фл.8мл;Витамин Д3;;;;
ЦБ-00184612;Витамин Д3 Стронг таб. №30;Витамин Д3;;;;
ЦБ-00150562;Витамин Д3 таб. 1000МЕ №60;Витамин Д3;;;;
ЦБ-00151372;Витамин Д3 таб. 2000МЕ №50;Витамин Д3;;;;
ЦБ-00142534;Витамин Д3 таб. 2000МЕ №60;Витамин Д3;;;;
ЦБ-00151324;Витамин Д3 таб. 2000МЕ+К2 таб. №60;Витамин Д3;;;;
ЦБ-00121646;Витамин Д3 таб.шип. 2000 МЕ №20;Витамин Д3;;;;
ЦБ-00187007;Витамин Д3 флак. 30мл;Витамин Д3;;;;
ЦБ-00161334;Витамин Д3 Форте 2000МЕ таб. №60;Витамин Д3;;;;
ЦБ-00162657;Витамин Д3 Форте капс. №60;Витамин Д3;;;;
ЦБ-00184998;Витамин Д3 Форте таб. №120;Витамин Д3;;;;
ЦБ-00162007;Витамин Д3 Форте таб. №60;Витамин Д3;;;;
ЦБ-00193241;Витамин Д3/К2 флак. с доз. 30мл;Витамин Д3;;;;
ЦБ-00188325;Витамин Д3+К2 таб. №60;Витамин Д3;;;;
ЦБ-00160419;Витамин ДЗ 2000МЕ капс. №180;Витамин Д3;;;;
ЦБ-00173029;Витамин ДЗ 2000МЕ капс. №360;Витамин Д3;;;;
ЦБ-00173195;Витамин ДЗ 2000МЕ капс. №60;Витамин Д3;;;;
ЦБ-00038614;Витамин ДЗ капс №40;Витамин Д3;;;;
ЦБ-00154538;Витамин ДЗ капс №60;Витамин Д3;;;;
ЦБ-00026754;Витамин Е (токоферола ацетат) капс 100мг №20;Поливитамины;;;;
ЦБ-00122242;Витамин К1 Д3 капс.№40;Витамин Д3;;;;
ЦБ-00128049;Витамин К1 Д3 капс.№40;Витамин Д3;;;;
ЦБ-00147030;Витамин К2 Д3 капс.№40;Витамин Д3;;;;
ЦБ-00171746;Витамин С + цинк капс. пролонг. №30;Витамин С;;;;
ЦБ-00142867;Витамин С + шиповник + биофлаваноиды таб. №30;Витамин С;;;;
ЦБ-00148959;Витамин С + шиповник + биофлаваноиды таб. №60;Витамин С;;;;
ЦБ-00167480;Витамин С 1000мг пор. №1;Витамин С;;;;
ЦБ-00165252;Витамин С 1000мг таб. №100;Витамин С;;;;
ЦБ-00165094;Витамин С 1000мг таб. №250;Витамин С;;;;
ЦБ-00164768;Витамин С 1000мг таб. №30;Витамин С;;;;
ЦБ-00163121;Витамин С 1000мг таб. шип. №10;Витамин С;;;;
ЦБ-00184150;Витамин С 1000мг таб. шип. №12;Витамин С;;;;
ЦБ-00162816;Витамин С 1200мг таб. шип. №20;Витамин С;;;;
ЦБ-00163120;Витамин С 500 мг+Цинк 25 мг таб. шип. №20;Витамин С;;;;
ЦБ-00162379;Витамин С 500мг + Цинк 25мг таб. шип. №22;Витамин С;;;;
ЦБ-00179312;Витамин С 500мг таб. п/п/о №20;Витамин С;;;;
ЦБ-00157973;Витамин С 500мг таб. шип со вкусом апельсина №20;Витамин С;;;;
ЦБ-00153393;Витамин С 700мг с хелатным цинком/2-хвалентным селеном таб. шип. №15;Витамин С;;;;
ЦБ-00181471;Витамин С 700мг с хелатным цинком/2-хвалентным селеном таб. шип. №20;Витамин С;;;;
ЦБ-00169552;Витамин С 900мг таб. п/п/о №20;Витамин С;;;;
ЦБ-00156482;Витамин С 900мг таб.№20;Витамин С;;;;
ЦБ-00117356;Витамин С GIGAFARM таб.п/о 900мг №10;Витамин С;;;;
ЦБ-00194073;Витамин С аскорбат кальция капс. №60;Витамин С;;;;
ЦБ-00147377;Витамин С аскорбат кальция таб. 100мг №100;Витамин С;;;;
ЦБ-00181817;Витамин С Аскорбат натрия капс. №60;Витамин С;;;;
ЦБ-00175378;Витамин С Аскорбат натрия таб. 500мг №30;Витамин С;;;;
ЦБ-00171369;Витамин С драже №200;Витамин С;;;;
ЦБ-00170445;Витамин С капс 600мг №90;Витамин С;;;;
РТ-00007391;Витамин С капс 800мг №30;Витамин С;;;;
ЦБ-00160443;Витамин С капс 800мг №90;Витамин С;;;;
ЦБ-00155006;Витамин С капс. 700мг №30;Витамин С;;;;
ЦБ-00165523;Витамин С капс. №60;Витамин С;;;;
ЦБ-00182858;Витамин С капс. №60;Витамин С;;;;
ЦБ-00193537;Витамин С комплекс св капс. №30;Витамин С;;;;
ЦБ-00143370;Витамин С максимум комплекс св капс. №60;Витамин С;;;;
ЦБ-00132544;Витамин С мармеладные пастилки жев. №60;Витамин С;;;;
ЦБ-00030601;Витамин С пор. 2.5 мг;Витамин С;;;;
ЦБ-00143927;Витамин С пор. 800мг пак. №10;Витамин С;;;;
ЦБ-00144030;Витамин С пор. 800мг пак. №20;Витамин С;;;;
ЦБ-00159718;Витамин С пор. 800мг пак. №30;Витамин С;;;;
ЦБ-00153625;Витамин С пор. 900мг 121г;Витамин С;;;;
ЦБ-00149127;Витамин С пор. д/приема внутрь б/аромат. 900мг №20;Витамин С;;;;
ЦБ-00150223;Витамин С пор. д/приема внутрь клубника 900мг №20;Витамин С;;;;
ЦБ-00148036;Витамин С пор. д/приема внутрь лимон 900мг №20;Витамин С;;;;
ЦБ-00172455;Витамин С пор. шип. 900мг №30;Витамин С;;;;
ЦБ-00006485;Витамин С пор.2.5 гр;Витамин С;;;;
ЦБ-00162008;Витамин С Реневал таб. шип. 1000мг №20;Витамин С;;;;
ЦБ-00151957;Витамин С Реневал таб. шип. 1г №10;Витамин С;;;;
ЦБ-00151665;Витамин С р-р д/приема внутрь амп. 2мл №10;Витамин С;;;;
ЦБ-00127450;Витамин С р-р д/приема внутрь амп. 5мл №10;Витамин С;;;;
РТ-00009862;Витамин С с глюкозой Апельсин таб. №10;Витамин С;;;;
РТ-00009836;Витамин С с глюкозой Аскорбинка со вкусом ананас таб. №14;Витамин С;;;;
ЦБ-00025445;Витамин С с глюкозой Аскорбинка со вкусом дыни таб. №14;Витамин С;;;;
РТ-00009835;Витамин С с глюкозой Аскорбинка со вкусом лесных ягод таб. №14;Витамин С;;;;
ЦБ-00025231;Витамин С с глюкозой Аскорбинка со вкусом малины таб. №14;Витамин С;;;;
ЦБ-00025232;Витамин С с глюкозой Аскорбинка со вкусом черной смородины таб. №14;Витамин С;;;;
ЦБ-00025233;Витамин С с глюкозой Аскорбинка со вкусом яблока таб. №14;Витамин С;;;;
РТ-00009864;Витамин С с глюкозой Клубника таб. №10;Витамин С;;;;
РТ-00009863;Витамин С с глюкозой Лимон таб. №10;Витамин С;;;;
ЦБ-00127994;Витамин С с сахаром таб. №10;Витамин С;;;;
РТ-00003956;Витамин С с сахаром таб. Клубника №10;Витамин С;;;;
РТ-00003501;Витамин С с сахаром таб. Малина №10;Витамин С;;;;
ЦБ-00147797;Витамин С супер комплекс капс. 500мг №60;Витамин С;;;;
ЦБ-00142208;Витамин С таб. 100мг №40;Витамин С;;;;
ЦБ-00183030;Витамин С таб. 500мг №120;Витамин С;;;;
ЦБ-00141986;Витамин С таб. 500мг №20;Витамин С;;;;
ЦБ-00154256;Витамин С таб. 500мг №30;Витамин С;;;;
ЦБ-00149037;Витамин С таб. 900мг №20;Витамин С;;;;
ЦБ-00149832;Витамин С таб. п/о 900мг №20;Витамин С;;;;
ЦБ-00191893;Витамин С таб. шип. 1000мг №10;Витамин С;;;;
ЦБ-00148989;Витамин С таб. шип. 1200мг №10;Витамин С;;;;
ЦБ-00191810;Витамин С таб. шип. 1200мг №20;Витамин С;;;;
ЦБ-00000943;Витамин С таб. шип. 1г №20;Витамин С;;;;
ЦБ-00000944;Витамин С таб. шип. 250мг №20;Витамин С;;;;
ЦБ-00148035;Витамин С таб. шип. 900мг №15;Витамин С;;;;
ЦБ-00180509;Витамин С таб. шип. 900мг №20;Витамин С;;;;
ЦБ-00016257;Витамин С таб. шип. 900мг №20 (БАД);Витамин С;;;;
РТ-00012759;Витамин С таб. шипучие 1000мг №20;Витамин С;;;;
РТ-00003428;Витамин С таб. шипучие 1200мг №10;Витамин С;;;;
ЦБ-00040050;Витамин С таб. шипучие 1200мг №10;Витамин С;;;;
ЦБ-00177974;Витамин С таб. шипучие 1200мг №20;Витамин С;;;;
РТ-00004850;Витамин С таб. шипучие 1200мг №20;Витамин С;;;;
ЦБ-00147818;Витамин С таб. шипучие 2000мг №15;Витамин С;;;;
ЦБ-00149739;Витамин С таб. шипучие 200мг №20;Витамин С;;;;
РТ-00011343;Витамин С таб. шипучие 250мг №20;Витамин С;;;;
РТ-00009279;Витамин С таб. шипучие 900мг №20;Витамин С;;;;
ЦБ-00135553;Витамин С таб. шипучие 900мг №20;Витамин С;;;;
ЦБ-00187903;Витамин С усиленный капс. №30;Витамин С;;;;
ЦБ-00174764;Витамин С Форте капс. №30;Витамин С;;;;
ЦБ-00171997;Витамин С Форте капс. №60;Витамин С;;;;
ЦБ-00148791;Витамин С+бета-каротин+витамин Д таб. шип. №15;Витамин С;;;;
ЦБ-00145753;Витамин С+Д+цинк+селен таб. шип. №20;Витамин С;;;;
ЦБ-00143371;Витамин С+селен+цинк капс. №10;Витамин С;;;;
ЦБ-00145422;Витамин С+селен+цинк капс. №30;Витамин С;;;;
ЦБ-00149166;Витамин С+цинк капс. пролонг. №30;Витамин С;;;;
ЦБ-00157780;Витамин С-Актив со вкусом апельсина таб. №150;Витамин С;;;;
ЦБ-00161819;Витамин С-Актив со вкусом вишни таб. №150;Витамин С;;;;
ЦБ-00193098;Витамин Технолоджи Вит. С/Цинк/Селен таб. №120;Поливитамины;;;;
ЦБ-00193780;Витамин Технолоджи Магний л-треонат капс. №60;Препараты магния;;;;
ЦБ-00194653;Витамин Технолоджи Магния Глицинат капс. №60;Препараты магния;;;;
ЦБ-00142272;Витамин-В-комплекс Салюс капс. №60;Препараты группы В, нейропротекторы;;;;
ЦБ-00017032;Витаминерал таб. №40;Поливитамины;;;;
ЦБ-00177982;Витаминно-Минеральный компл. от А до Цинка таб. шип. №20;Поливитамины;;;;
РТ-00004884;Витаминно-минеральный комплекс ЗдравСити от А до ZN таб. №30;Поливитамины;;;;
ЦБ-00176821;Витаминно-минеральный комплекс от А до Zn таб. №60;Поливитамины;;;;
ЦБ-00163126;Витаминно-минеральный комплекс от А до Zn таб. шип. №20;Поливитамины;;;;
ЦБ-00174992;Витаминно-минеральный комплекс от А до Zn таб.№60, ВТФ ООО;Поливитамины;;;;
ЦБ-00123598;Витаминно-минеральный комплекс от А до цинка таб.п/о №30;Поливитамины;;;;
ЦБ-00162064;Витаминный комплекс А+Е капс. №10;Поливитамины;;;;
ЦБ-00192738;Витаминный комплекс А-Zn таб. №60;Поливитамины;;;;
ЦБ-00120570;Витаминный комплекс А-Zn таб.№30;Поливитамины;;;;
ЦБ-00167121;Витаминов С максимум капс. 900мг №30;Витамин С;;;;
РТ-00009044;Витамины А+Е капс N20;Поливитамины;;;;
ЦБ-00171195;Витамины А+Е капс. №30;Поливитамины;;;;
ЦБ-00146525;Витамины гр. В Эвалар таб. шип. №15;Препараты группы В, нейропротекторы;;;;
ЦБ-00161091;Витамины группы В капс. №30;Препараты группы В, нейропротекторы;;;;
ЦБ-00172681;Витамины группы В капс. №30;Препараты группы В, нейропротекторы;;;;
ЦБ-00172178;Витамины группы В капс. №90;Препараты группы В, нейропротекторы;;;;
ЦБ-00039348;Витамины группы В таб. №30;Препараты группы В, нейропротекторы;;;;
ЦБ-00167363;Витамины группы В таб. п/о №90;Препараты группы В, нейропротекторы;;;;
ЦБ-00160436;Витамины группы В таб. шип. №20;Препараты группы В, нейропротекторы;;;;
ЦБ-00163190;Витамины группы В таб. шип. №20;Препараты группы В, нейропротекторы;;;;
ЦБ-00160984;Витамины группы В таб. шип. №30;Препараты группы В, нейропротекторы;;;;
ЦБ-00191524;Витамины группы В+ капс. №30;Препараты группы В, нейропротекторы;;;;
РТ-00000870;Витамир Аевит таб. п/о №30;Поливитамины;;;;
ЦБ-00165290;Витамир Витамин В12 цианкобаламин таб. №60;Препараты группы В, нейропротекторы;;;;
ЦБ-00185452;Витамир Витамины гр. В компл. супер стик-пак. №20;Препараты группы В, нейропротекторы;;;;
ЦБ-00118742;Витамир Глутаминовая кислота таб. п.о 500мг №30;Поливитамины;;;;
РТ-00002042;Витамир Магний + В6 форте таб. №30;Препараты магния;;;;
ЦБ-00175819;Витамир Магний В6 Максимум таб. №30;Препараты магния;;;;
РТ-00000619;Витамир Магний В6 таб. №30;Препараты магния;;;;
ЦБ-00122904;Витамир Магний В6 таб. №60;Препараты магния;;;;
ЦБ-00186264;Витамир магния оротат комплекс таб. №50;Препараты магния;;;;
ЦБ-00121561;Витамир магния оротат таб. №30;Препараты магния;;;;
РТ-00003948;Витамир Мульти В-комплекс табл. №30;Препараты группы В, нейропротекторы;;;;
ЦБ-00171252;Витаниум аскорбиновая к-та со вкусом клубники таб. №10;Витамин С;;;;
ЦБ-00168721;Витаниум аскорбиновая к-та со вкусом черной смородины таб. №10;Витамин С;;;;
ЦБ-00168486;Витаниум аскорбиновая к-та таб. со вкусом арбуза №10;Витамин С;;;;
ЦБ-00163343;Витаниум аскорбиновая к-та таб. со вкусом малины №10;Витамин С;;;;
ЦБ-00171717;Витаниум вит.С 500 таб. №30;Витамин С;;;;
ЦБ-00123068;Витаниум витамины гр.В таб. №30;Препараты группы В, нейропротекторы;;;;
ЦБ-00162473;Витаниум магний В6 таб. №30;Препараты магния;;;;
ЦБ-00172508;Витаниум магний В6 таб. №90;Препараты магния;;;;
ЦБ-00123856;Витаниум магний В6 форте таб. №30;Препараты магния;;;;
ЦБ-00169691;Витаниум Магний В6 форте таб. №90;Препараты магния;;;;
ЦБ-00152841;Витанов Д3 капс. 0.11г №120;Витамин Д3;;;;
ЦБ-00160923;Витанов С стики №20;Витамин С;;;;
ЦБ-00176753;Витасмарт Железо флак. с пипетк. 30мл;Препараты железа;;;;
ЦБ-00175413;Витаспектрум Адванс Мультивитаминный комплекс д/всей семьи таб. №30;Поливитамины;;;;
ЦБ-00175414;Витаспектрум Адванс Мультивитаминный комплекс д/всей семьи таб. №60;Поливитамины;;;;
ЦБ-00157569;Витатека VMC Форте витаминно-мин. комплекс капс. №30;Поливитамины;;;;
ЦБ-00123380;Витатека аква Д3 капли д/приема внутрь 10мл;Витамин Д3;;;;
ЦБ-00194074;Витатека Аскорбинка Доброты кислота аскорбиновая с фруктозой малина таб.№10;Витамин С;;;;
ЦБ-00189307;Витатека Аскорбинка Доброты кислота аскорбиновая с фруктозой таб.№10;Витамин С;;;;
ЦБ-00146623;Витатека аскорбинка крутка с сахаром детская таб. №10;Витамин С;;;;
ЦБ-00131737;Витатека аскорбинка крутка с сахаром малина таб.№10;Витамин С;;;;
ЦБ-00126870;Витатека аскорбинка крутка с сахаром таб. клубника №10;Витамин С;;;;
ЦБ-00123926;Витатека аскорбинка крутка с сахаром таб.№10;Витамин С;;;;
ЦБ-00124582;Витатека аскорбинка крутка с сахаром таб.№10 Яблоко;Витамин С;;;;
ЦБ-00124223;Витатека аскорбинка крутка с сахаром таб.№14 Малина;Витамин С;;;;
ЦБ-00164917;Витатека вит. группы В таб. шип. апельсин №20;Препараты группы В, нейропротекторы;;;;
ЦБ-00164648;Витатека вит.C 500мг + цинк 25мг таб. шип. со вкусом апельсина №20;Витамин С;;;;
ЦБ-00150964;Витатека Витамин C капс. 900мг №100;Витамин С;;;;
ЦБ-00150704;Витатека Витамин C капс. 900мг №30;Витамин С;;;;
ЦБ-00149787;Витатека Витамин C таб. 500мг №30;Витамин С;;;;
ЦБ-00164015;Витатека витамин C табл. шип. со вкусом апельсина №20;Витамин С;;;;
ЦБ-00153339;Витатека Витамин C шип.саше-пакеты №10;Витамин С;;;;
ЦБ-00153460;Витатека Витамин C шип.саше-пакеты №30;Витамин С;;;;
ЦБ-00149672;Витатека Витамин Д3 2000МЕ капс. №120;Витамин Д3;;;;
ЦБ-00160220;Витатека Витамин Д3 2000МЕ капс. №180;Витамин Д3;;;;
ЦБ-00119433;Витатека Витамин Д3 2000МЕ капс. №30;Витамин Д3;;;;
ЦБ-00151389;Витатека Витамин Д3 2000МЕ капс. №60;Витамин Д3;;;;
ЦБ-00148146;Витатека Витамин Д3 2000МЕ таб. №60;Витамин Д3;;;;
ЦБ-00148087;Витатека Витамин Д3 2000МЕ+К2 100мкг таб. №60;Витамин Д3;;;;
ЦБ-00174828;Витатека Витамин Д3 таб. шип. 2000МЕ апельсин №20;Витамин Д3;;;;
ЦБ-00165454;Витатека Витамин С 900мг таб. шип. апельсин №20;Витамин С;;;;
ЦБ-00127024;Витатека гематоген дет. с вит. С 40г;Гематоген;;;;
РТ-00013386;Витатека Гематоген детский 40г;Гематоген;;;;
ЦБ-00123529;Витатека гематоген доброты детский 40г;Гематоген;;;;
ЦБ-00183577;Витатека Железа Хелат таб. №30;Препараты железа;;;;
ЦБ-00168877;Витатека комплекс янтарная к-та/таурин/витамины ананас таб шип. №10;Поливитамины;;;;
ЦБ-00166250;Витатека магний В6 + В9 таб. шип. ягодный микс №20;Препараты магния;;;;
ЦБ-00171612;Витатека Мультивитамин + Д3 таб. шип. апельсин №20;Витамин С;;;;
РТ-00012817;Витатека Почечный комплекс капс. №60;Уроантисептики;;;;
ЦБ-00000954;Витатресс таб. п.о №30;Поливитамины;;;;
ЦБ-00170477;Витафанта вит.С 1000мг гран. №10;Витамин С;;;;
ЦБ-00145713;Витаферр Хелатное Железо с вит. В6/В12/С/фолиев. к-той капс. №30;Препараты железа;;;;
ЦБ-00173734;Витаферр Экспресс стики №20;Препараты железа;;;;
ЦБ-00147355;Вита-Энерджи витаминно-мин. комплекс конфеты жев. апельсин №90;Поливитамины;;;;
ЦБ-00147356;Вита-Энерджи витаминно-мин. комплекс конфеты жев. клубника №90;Поливитамины;;;;
ЦБ-00157911;Вита-Энерджи Витамины гр. В таб. №30;Препараты группы В, нейропротекторы;;;;
ЦБ-00170414;ВиТерапи Магний В6 р-р д/приема внутрь 10мл №10;Препараты магния;;;;
ЦБ-00169625;Вити вит. Д3 5000МЕ таб. жеват. малина №60;Витамин Д3;;;;
ЦБ-00167855;Вити вит.Д3 5000МЕ таб. №60;Витамин Д3;;;;
ЦБ-00168543;Витим Q10 паст. жеват. мармелад. со вкус. апельсина №15;Витамины д/сердечно-сосудистой системы;;;;
ЦБ-00156478;Витим Кидзо железо таб. жев. №60 клубника;Препараты железа;;;;
ЦБ-00161232;Витим Классик Витаминно-минеральный комплекс таб. №30;Поливитамины;;;;
ЦБ-00168200;Витим Классик железо капс. №60;Препараты железа;;;;
ЦБ-00165944;Витим Классик магний таб. №90;Препараты магния;;;;
ЦБ-00155680;Витим пастилки мармеладные жев. с вит. С №30 клубника;Витамин С;;;;
ЦБ-00000956;Витрум Антиоксидант таб. п/о №60;Поливитамины;;;;
ЦБ-00158797;Витрум Витамин Аква Д3 капли 520МЕ 15мл;Витамин Д3;;;;
ЦБ-00158800;Витрум Витамин Д3 Актив спрей 10мл;Витамин Д3;;;;
ЦБ-00158792;Витрум Витамин Д3 Макс таб. №30;Витамин Д3;;;;
ЦБ-00158794;Витрум Витамин Д3 Макс таб. №60;Витамин Д3;;;;
ЦБ-00160022;Витрум Витамин С жеват. таб. п/о №30 апельсин;Витамин С;;;;
ЦБ-00155850;Витрум Витамин С шипучий таб. шип. №20;Витамин С;;;;
ЦБ-00006511;Витрум Кальциум Д3 таб. п/о №30;Поливитамины;;;;
ЦБ-00006512;Витрум Кальциум Д3 таб. п/о №30;Поливитамины;;;;
ЦБ-00173606;Витрум Легкодоступное железо сироп 120мл;Препараты железа;;;;
ЦБ-00158801;Витрум Магний В6 таб.п/о №60;Препараты магния;;;;
ЦБ-00158802;Витрум Магний В6 таб.п/о №90;Препараты магния;;;;
РТ-00007243;Витрум Мемори Плюс таб. №60;Поливитамины;;;;
ЦБ-00000969;Витрум Мемори таб. п/о 60мг №60;Поливитамины;;;;
ЦБ-00000973;Витрум Перфоменс таб. п/о №30;Поливитамины;;;;
ЦБ-00000972;Витрум Перфоменс таб. п/о №60;Поливитамины;;;;
РТ-00005541;Витрум Плюс таб. п/о №30;Поливитамины;;;;
РТ-00005542;Витрум Плюс таб. п/о №60;Поливитамины;;;;
РТ-00007936;Витрум Суперстресс Плюс таб. п.п.о. №30;Поливитамины;;;;
ЦБ-00000979;Витрум Суперстресс таб. п.п.о. №60;Поливитамины;;;;
ЦБ-00000978;Витрум Суперстресс таб. п/о №30;Поливитамины;;;;
ЦБ-00006514;Витрум таб. п/о №100;Поливитамины;;;;
ЦБ-00000986;Витрум таб. п/о №130;Поливитамины;;;;
ЦБ-00000987;Витрум таб. п/о №30;Поливитамины;;;;
ЦБ-00000988;Витрум таб. п/о №60;Поливитамины;;;;
ЦБ-00154214;Витрум Энерджи таб. №30;Поливитамины;;;;
ЦБ-00155851;Витрум Энерджи шипучий таб. шип. №20;Поливитамины;;;;
ЦБ-00139718;Виттель вода минерал. негаз. 700мл ПЭТ;Минеральная вода;;;;
ЦБ-00171210;Витус 10 витаминов таб. шип. №20;Поливитамины;;;;
ЦБ-00169796;Витусфарм Витамин Д3 2000МЕ таб. шип. дыня №20;Витамин Д3;;;;
ЦБ-00156950;Витусфарм Витус энергия таб. шип. №20;Поливитамины;;;;
ЦБ-00020072;Витэндмин таб. конфета морковь и апельсин с витаминами и цинком. декстроза ролл 39г;Поливитамины;;;;
ЦБ-00176940;Витэра В капс. №30;Препараты группы В, нейропротекторы;;;;
ЦБ-00178291;Витэра С капс. №60;Витамин С;;;;
ЦБ-00166942;Виумксидин р-р д/инф. и наруж.прим.  5мг/мл 10мл №10;Антибактериальные средства инъекционные р-ры;;;;
РТ-00013160;Виумксидин р-р д/инф. и наруж.применения  0,5% 5мл №10;Антибактериальные средства инъекционные р-ры;;;;
ЦБ-00150138;Виумксидин р-р для внутриполостного введ. и наруж. применения 10 мг/мл 5мл №10;Антибактериальные средства инъекционные р-ры;;;;
ЦБ-00149262;Виумксидин® р-р для внутриполостного введ. и наруж. применения 10 мг/мл 10мл №10;Антибактериальные средства инъекционные р-ры;;;;
ЦБ-00015500;Вишня сироп 380г 300мл;Поливитамины;;;;
ЦБ-00165133;В-комплекс капс. №60;Препараты группы В, нейропротекторы;;;;
ЦБ-00192737;В-комплекс капс. №60;Препараты группы В, нейропротекторы;;;;
ЦБ-00148936;В-комплекс Эвалар легкодоступные витамины таб. п/о №20;Препараты группы В, нейропротекторы;;;;
ЦБ-00134395;Вобэкеа витамин Д3 спрей подъязычный дозирован. вкус мяты №90;Витамин Д3;;;;
ЦБ-00179389;Вогт Медикал шприц 3-х комп 2мл 23G №100;Шприцы;;;;
ЦБ-00175500;Вогт Медикал шприц 3-х комп 3мл 23G №100;Шприцы;;;;
ЦБ-00170203;Вогт Медикал шприц 3-х комп 5мл 22G (0,7х40мм) №100;Шприцы;;;;
ЦБ-00031049;Вода Voss 0.375л (газ) стекло;Минеральная вода;;;;
ЦБ-00031048;Вода Аква Панна 0.75л;Минеральная вода;;;;
ЦБ-00027563;Вода Биба 0.5л (газ) ПЭТ;Минеральная вода;;;;
ЦБ-00027486;Вода Биба 0.5л*12  стекло;Минеральная вода;;;;
ЦБ-00027562;Вода Биба 1.5л (сл/газ);Минеральная вода;;;;
ЦБ-00035408;Вода Буратино 0.5л (газ) ПЭТ;Минеральная вода;;;;
ЦБ-00036926;Вода ВIONATIONAL питьевая  детская высшей кат. 0,33л (н/газ) ПЭТ;Минеральная вода;;;;
ЦБ-00031330;Вода Виттель 0.33л ПЭТ;Минеральная вода;;;;
РТ-00005583;Вода Виттель 0.5л ПЭТ;Минеральная вода;;;;
ЦБ-00129041;Вода Виттель 1.5л;Минеральная вода;;;;
ЦБ-00136788;Вода д/детей АОС питьевая н/газ. 500мл;Минеральная вода;;;;
ЦБ-00037811;Вода д/ин амп 10мл №10;Инъекционные и инфузионные р-ры;;;;
ЦБ-00001000;Вода д/ин амп 2мл №10;Инъекционные и инфузионные р-ры;;;;
ЦБ-00001001;Вода д/ин амп 2мл №10;Инъекционные и инфузионные р-ры;;;;
ЦБ-00001002;Вода д/ин амп 2мл №10;Инъекционные и инфузионные р-ры;;;;
ЦБ-00001003;Вода д/ин амп 2мл №10;Инъекционные и инфузионные р-ры;;;;
ЦБ-00032785;Вода д/ин амп 2мл №10;Инъекционные и инфузионные р-ры;;;;
РТ-00001110;Вода д/ин амп 2мл №10;Инъекционные и инфузионные р-ры;;;;
РТ-00001218;Вода д/ин амп 2мл №10;Инъекционные и инфузионные р-ры;;;;
РТ-00000359;Вода д/ин амп 2мл №10;Инъекционные и инфузионные р-ры;;;;
РТ-00011660;Вода д/ин амп 2мл №10;Инъекционные и инфузионные р-ры;;;;
ЦБ-00040314;Вода д/ин амп 2мл №10;Инъекционные и инфузионные р-ры;;;;
ЦБ-00001004;Вода д/ин амп 5мл №10;Инъекционные и инфузионные р-ры;;;;
ЦБ-00001005;Вода д/ин амп 5мл №10;Инъекционные и инфузионные р-ры;;;;
ЦБ-00001006;Вода д/ин амп 5мл №10;Инъекционные и инфузионные р-ры;;;;
ЦБ-00001008;Вода д/ин амп 5мл №10;Инъекционные и инфузионные р-ры;;;;
ЦБ-00001009;Вода д/ин амп 5мл №10;Инъекционные и инфузионные р-ры;;;;
ЦБ-00030000;Вода д/ин амп 5мл №10;Инъекционные и инфузионные р-ры;;;;
ЦБ-00030361;Вода д/ин амп 5мл №10;Инъекционные и инфузионные р-ры;;;;
ЦБ-00131945;Вода д/ин амп 5мл №10;Инъекционные и инфузионные р-ры;;;;
ЦБ-00039610;Вода д/ин амп 5мл №10;Инъекционные и инфузионные р-ры;;;;
ЦБ-00021682;Вода д/ин амп 5мл №10;Инъекционные и инфузионные р-ры;;;;
ЦБ-00029497;Вода д/ин амп 5мл №10;Инъекционные и инфузионные р-ры;;;;
ЦБ-00001010;Вода д/ин амп 5мл №8;Инъекционные и инфузионные р-ры;;;;
ЦБ-00000999;Вода д/ин буфус амп 2мл №10 Реневал;Инъекционные и инфузионные р-ры;;;;
ЦБ-00040194;Вода д/ин буфус амп 2мл №100;Инъекционные и инфузионные р-ры;;;;
ЦБ-00015242;Вода д/ин буфус амп 5мл №10 Реневал;Инъекционные и инфузионные р-ры;;;;
РТ-00003398;Вода д/ин буфус амп 5мл №100;Инъекционные и инфузионные р-ры;;;;
ЦБ-00015243;Вода д/ин Виал (ЛФ) амп 5мл №10;Инъекционные и инфузионные р-ры;;;;
ЦБ-00030360;Вода д/ин Виал 2мл №10 амп;Инъекционные и инфузионные р-ры;;;;
ЦБ-00016680;Вода д/ин Виал амп 2мл №10;Инъекционные и инфузионные р-ры;;;;
ЦБ-00148088;Вода д/ин. амп 2мл №8;Инъекционные и инфузионные р-ры;;;;
ЦБ-00126919;Вода д/ин. амп. 2мл 10;Инъекционные и инфузионные р-ры;;;;
ЦБ-00124707;Вода д/ин. фл. 500мл №1 Ист-Фарм (Для ЛПУ);Инъекционные и инфузионные р-ры;;;;
ЦБ-00001007;Вода д/ин-Виал (ЛФ) амп 5мл №10;Инъекционные и инфузионные р-ры;;;;
ЦБ-00173354;Вода д/инъекций 10мл №10;Инъекционные и инфузионные р-ры;;;;
ЦБ-00179894;Вода д/инъекций 10мл №10;Инъекционные и инфузионные р-ры;;;;
ЦБ-00175791;Вода д/инъекций 2мл №10;Инъекционные и инфузионные р-ры;;;;
ЦБ-00168548;Вода для инъекций 500мл №20;Инъекционные и инфузионные р-ры;;;;
ЦБ-00132965;Вода Заповедник Здоровья №17 450мл стекло;Минеральная вода;;;;
ЦБ-00029643;Вода Заповедник Здоровья №17 ГОСТ стекло 0.5л;Минеральная вода;;;;
ЦБ-00152886;Вода Заповедник Здоровья №4  0.45л;Минеральная вода;;;;
ЦБ-00122506;Вода Заповедник Здоровья №4 ГОСТ стекло 0.45л;Минеральная вода;;;;
ЦБ-00045577;Вода Заповедник Здоровья №4 ГОСТ стекло 0.5л евро;Минеральная вода;;;;
ЦБ-00035413;Вода Ледяная жемчужина пэт газ.0,5;Минеральная вода;;;;
ЦБ-00035414;Вода Ледяная жемчужина пэт н/газ.0,5;Минеральная вода;;;;
ЦБ-00035409;Вода Лимонад пэт.газ. 0.5;Минеральная вода;;;;
ЦБ-00035762;Вода Лимон-лайм пэт.газ. 0.5;Минеральная вода;;;;
РТ-00007050;Вода мин. Бештау газ. 500мл;Минеральная вода;;;;
РТ-00006546;Вода мин. лечебно-столовая Арджи стекло газ 500мл;Минеральная вода;;;;
ЦБ-00031050;Вода мин. Пэт Вольвик 1.5л;Минеральная вода;;;;
ЦБ-00152669;Вода мин. СанАторио лечебно-столовая 1,5л;Минеральная вода;;;;
РТ-00006547;Вода мин. столовая Арджи стекло н/газ 500мл;Минеральная вода;;;;
ЦБ-00038404;Вода мин. Сулинка Бэби Вотер 0,5л;Минеральная вода;;;;
ЦБ-00038405;Вода мин. Сулинка Бэби Вотер 1,25л;Минеральная вода;;;;
ЦБ-00031051;Вода минер. Сан Пеллигрино 0.75л;Минеральная вода;;;;
РТ-00006544;Вода минеральная Акваника газ 1.5л;Минеральная вода;;;;
РТ-00006540;Вода минеральная Акваника газ 250мл;Минеральная вода;;;;
РТ-00006542;Вода минеральная Акваника газ 618мл;Минеральная вода;;;;
РТ-00008737;Вода минеральная Акваника Кидс н/газ 1.5л;Минеральная вода;;;;
РТ-00008736;Вода минеральная Акваника Кидс н/газ 250мл;Минеральная вода;;;;
РТ-00006545;Вода минеральная Акваника н/газ 1.5л;Минеральная вода;;;;
РТ-00006541;Вода минеральная Акваника н/газ 250мл;Минеральная вода;;;;
РТ-00006543;Вода минеральная Акваника н/газ 618мл;Минеральная вода;;;;
ЦБ-00025343;Вода минеральная Аллея источников Ессентуки №17 0.5л стекло;Минеральная вода;;;;
ЦБ-00192777;Вода минеральная Аллея Источников Ессентуки №17 1,5л;Минеральная вода;;;;
РТ-00007272;Вода минеральная Аллея Источников Ессентуки №17 газ евро 500мл;Минеральная вода;;;;
РТ-00007049;Вода минеральная Аллея источников Ессентуки №4 газ. 0.5л;Минеральная вода;;;;
ЦБ-00025342;Вода минеральная Аллея источников Славяновская 0.5л стекло;Минеральная вода;;;;
ЦБ-00032385;Вода минеральная Аллея источников Славяновская 0.5л элит;Минеральная вода;;;;
ЦБ-00032782;Вода минеральная Аллея источников Славяновская 1.5л пэт;Минеральная вода;;;;
ЦБ-00032386;Вода минеральная Аллея источников Смирновская 0.5л элит;Минеральная вода;;;;
ЦБ-00037699;Вода минеральная Архыз 0,25л газ стекло;Минеральная вода;;;;
ЦБ-00037700;Вода минеральная Архыз 0,25л негаз стекло;Минеральная вода;;;;
ЦБ-00037690;Вода минеральная Архыз 0,33л газ;Минеральная вода;;;;
ЦБ-00037691;Вода минеральная Архыз 0,33л негаз;Минеральная вода;;;;
ЦБ-00037692;Вода минеральная Архыз 0,33л ПЭТ б/газ Спорт;Минеральная вода;;;;
ЦБ-00037701;Вода минеральная Архыз 0,5л газ стекло;Минеральная вода;;;;
ЦБ-00006739;Вода минеральная Архыз 0,5л негаз;Минеральная вода;;;;
ЦБ-00116858;Вода минеральная Архыз 0,5л негаз ПЭТ НДС10%;Минеральная вода;;;;
ЦБ-00037702;Вода минеральная Архыз 0,5л негаз стекло;Минеральная вода;;;;
ЦБ-00037693;Вода минеральная Архыз 0,5л ПЭТ б/газ Спорт;Минеральная вода;;;;
ЦБ-00037694;Вода минеральная Архыз 1л газ;Минеральная вода;;;;
ЦБ-00037695;Вода минеральная Архыз 1л негаз;Минеральная вода;;;;
ЦБ-00037696;Вода минеральная Архыз 5л негаз;Минеральная вода;;;;
ЦБ-00037709;Вода минеральная Архыз антиоксидант/живица 0,33л негаз;Минеральная вода;;;;
ЦБ-00006741;Вода минеральная Архыз вита 500мл  (б/газ пэ);Минеральная вода;;;;
ЦБ-00006742;Вода минеральная Архыз вита 500мл (газ пэ);Минеральная вода;;;;
ЦБ-00006738;Вода минеральная Архыз газ. 1,5л;Минеральная вода;;;;
ЦБ-00037705;Вода минеральная Архыз клубника 0,5л газ;Минеральная вода;;;;
ЦБ-00037706;Вода минеральная Архыз клубника 1л газ;Минеральная вода;;;;
ЦБ-00037707;Вода минеральная Архыз лимон 0,5л газ;Минеральная вода;;;;
ЦБ-00037708;Вода минеральная Архыз лимон 1л газ;Минеральная вода;;;;
ЦБ-00035960;Вода минеральная Архызик 0,33л негаз спорт;Минеральная вода;;;;
ЦБ-00037697;Вода минеральная Архызик 1,5л негаз;Минеральная вода;;;;
ЦБ-00037698;Вода минеральная Архызик 5л негаз;Минеральная вода;;;;
ЦБ-00119552;Вода минеральная Архызская 0,5л ПЭТ (б/газ);Минеральная вода;;;;
ЦБ-00116609;Вода минеральная БЖНИ газ. 1л;Минеральная вода;;;;
РТ-00011384;Вода минеральная БЖНИ лимон 1л;Минеральная вода;;;;
РТ-00013681;Вода минеральная Биовита 5л;Минеральная вода;;;;
ЦБ-00116893;Вода минеральная Биовита Плюс. б/газ 1,5л;Минеральная вода;;;;
ЦБ-00006744;Вода минеральная Биовита структур. б/газ 1,5л;Минеральная вода;;;;
ЦБ-00006745;Вода минеральная Биовита структур. б/газ 600мл;Минеральная вода;;;;
РТ-00014615;Вода минеральная Боржоми 1л стекло;Минеральная вода;;;;
ЦБ-00019894;Вода минеральная Боржоми 500мл газ. ПЭТ;Минеральная вода;;;;
ЦБ-00037682;Вода минеральная Вера 0,5л газ;Минеральная вода;;;;
ЦБ-00037683;Вода минеральная Вера 0,5л негаз;Минеральная вода;;;;
ЦБ-00037685;Вода минеральная Вера 1,5л газ;Минеральная вода;;;;
ЦБ-00037684;Вода минеральная Вера 1,5л негаз;Минеральная вода;;;;
ЦБ-00037686;Вода минеральная Вера 5л негаз;Минеральная вода;;;;
ЦБ-00192779;Вода минеральная Добрый доктор Нагутская №4 газ. 0,45л;Минеральная вода;;;;
ЦБ-00006749;Вода минеральная Донат 1л;Минеральная вода;;;;
ЦБ-00030362;Вода минеральная Донат 500мл;Минеральная вода;;;;
ЦБ-00006751;Вода минеральная Донат Магний (пэ) газ 1л;Минеральная вода;;;;
ЦБ-00023426;Вода минеральная Донат Магний стекло 1л;Минеральная вода;;;;
ЦБ-00006754;Вода минеральная Ессентуки N17 1.5л  (пэ);Минеральная вода;;;;
ЦБ-00006755;Вода минеральная Ессентуки N17 500мл;Минеральная вода;;;;
ЦБ-00006756;Вода минеральная Ессентуки N17 500мл;Минеральная вода;;;;
ЦБ-00030363;Вода минеральная Ессентуки N17 500мл  (газ);Минеральная вода;;;;
ЦБ-00006760;Вода минеральная Ессентуки N17 новая 1.5л  (вимм-билль-данн);Минеральная вода;;;;
ЦБ-00006761;Вода минеральная Ессентуки N17 новая 540мл  (вимм-билль-данн);Минеральная вода;;;;
ЦБ-00006763;Вода минеральная Ессентуки N17 элита 500мл  (газ);Минеральная вода;;;;
ЦБ-00006764;Вода минеральная Ессентуки N17 элита 500мл  (стекло);Минеральная вода;;;;
ЦБ-00006767;Вода минеральная Ессентуки N4 1.5л  (пэ);Минеральная вода;;;;
ЦБ-00006768;Вода минеральная Ессентуки N4 500мл;Минеральная вода;;;;
ЦБ-00006770;Вода минеральная Ессентуки N4 500мл;Минеральная вода;;;;
ЦБ-00006771;Вода минеральная Ессентуки N4 500мл;Минеральная вода;;;;
ЦБ-00034538;Вода минеральная Ессентуки N4 500мл;Минеральная вода;;;;
ЦБ-00006774;Вода минеральная Ессентуки N4 новая 1.5л  (вимм-билль-данн);Минеральная вода;;;;
ЦБ-00006775;Вода минеральная Ессентуки N4 новая 540мл  (вимм-билль-данн);Минеральная вода;;;;
ЦБ-00006777;Вода минеральная Ессентуки N4 элита 500мл  (стекло);Минеральная вода;;;;
ЦБ-00031167;Вода минеральная Ессентуки №17  ГОСТ ПЭТ 1.5л *6;Минеральная вода;;;;
ЦБ-00034537;Вода минеральная Ессентуки №17 0.5л;Минеральная вода;;;;
ЦБ-00036649;Вода минеральная Ессентуки №17 1,5 пэт(Эльбрус);Минеральная вода;;;;
ЦБ-00117323;Вода минеральная Ессентуки №17 450мл (стекло);Минеральная вода;;;;
РТ-00000434;Вода минеральная Ессентуки №17 500мл;Минеральная вода;;;;
ЦБ-00006758;Вода минеральная Ессентуки №17 500мл;Минеральная вода;;;;
ЦБ-00006757;Вода минеральная Ессентуки №17 500мл;Минеральная вода;;;;
ЦБ-00031588;Вода минеральная Ессентуки №17 газ  0.54 л *20 ГОСТ  (Пепсико Холдинг) стекло;Минеральная вода;;;;
РТ-00007273;Вода минеральная Ессентуки №17 газ ПЭТ 1,5л;Минеральная вода;;;;
РТ-00014204;Вода минеральная Ессентуки №17 газ ПЭТ 1,5л Холдинг-Аква;Минеральная вода;;;;
ЦБ-00031166;Вода минеральная Ессентуки №17 ГОСТстекло 0.5л *12;Минеральная вода;;;;
РТ-00001990;Вода минеральная Ессентуки №17 Премиум 1,5л;Минеральная вода;;;;
РТ-00004012;Вода минеральная Ессентуки №17 ПЭТ 1,5л;Минеральная вода;;;;
ЦБ-00122088;Вода минеральная Ессентуки №17 ПЭТ 500мл;Минеральная вода;;;;
ЦБ-00034426;Вода минеральная Ессентуки №17 Родной бювет стекло 500мл;Минеральная вода;;;;
ЦБ-00006762;Вода минеральная Ессентуки №17 стандарт 500мл  (стекло);Минеральная вода;;;;
ЦБ-00006765;Вода минеральная Ессентуки №4 (газ. стекло) 500мл;Минеральная вода;;;;
ЦБ-00036648;Вода минеральная Ессентуки №4 1,5 пэт(Эльбрус);Минеральная вода;;;;
ЦБ-00117325;Вода минеральная Ессентуки №4 450мл (стекло);Минеральная вода;;;;
ЦБ-00146729;Вода минеральная Ессентуки №4 450мл (стекло);Минеральная вода;;;;
РТ-00000435;Вода минеральная Ессентуки №4 500мл;Минеральная вода;;;;
ЦБ-00006769;Вода минеральная Ессентуки №4 500мл;Минеральная вода;;;;
ЦБ-00031589;Вода минеральная Ессентуки №4 газ ГОСТ  0.54 л *20  (Пепсико Холдинг) стекло;Минеральная вода;;;;
РТ-00007271;Вода минеральная Ессентуки №4 газ ПЭТ 1,5л;Минеральная вода;;;;
РТ-00014428;Вода минеральная Ессентуки №4 ПЭТ 1,0л;Минеральная вода;;;;
РТ-00010801;Вода минеральная Ессентуки №4 Родной бювет стекло 500мл;Минеральная вода;;;;
ЦБ-00006776;Вода минеральная Ессентуки №4 стандарт 500мл  (стекло);Минеральная вода;;;;
ЦБ-00031165;Вода минеральная Ессентуки №4 стекло 500мл;Минеральная вода;;;;
ЦБ-00116281;Вода минеральная Ессентуки №4 Целебная 0,5л Стекло;Минеральная вода;;;;
ЦБ-00034427;Вода минеральная Ессентуки ВИТА №4 0,5л газ (стекло);Минеральная вода;;;;
ЦБ-00035958;Вода минеральная Ессентуки ВИТА №4 1,25л газ;Минеральная вода;;;;
ЦБ-00006748;Вода минеральная Ессентуки ВИТА №4 1.5л  (газ);Минеральная вода;;;;
ЦБ-00036492;Вода минеральная Ессентуки ВИТА №7 0,5л газ (стекло);Минеральная вода;;;;
ЦБ-00036867;Вода минеральная Ессентуки ВИТА №7 1,25л газ;Минеральная вода;;;;
ЦБ-00006759;Вода минеральная Ессентуки Доктор Вассер №17 500мл  (стекло евро);Минеральная вода;;;;
ЦБ-00037933;Вода минеральная Ессентуки Доктор Вассер №2 500мл стекло;Минеральная вода;;;;
ЦБ-00038396;Вода минеральная Ессентуки Доктор Вассер №2 500мл(стекло);Минеральная вода;;;;
ЦБ-00038423;Вода минеральная Ессентуки Доктор Вассер №2 500мл(стекло);Минеральная вода;;;;
ЦБ-00006772;Вода минеральная Ессентуки Доктор Вассер №4 1.5л газ  (пэ);Минеральная вода;;;;
ЦБ-00006773;Вода минеральная Ессентуки Доктор Вассер №4 500мл  (стекло евро);Минеральная вода;;;;
ЦБ-00036169;Вода минеральная Ессентуки Др. Ессент №4 стекло евро-винт 0,5л/20;Минеральная вода;;;;
РТ-00011454;Вода минеральная Ессентуки Нагутская Родникофф N17 500мл;Минеральная вода;;;;
РТ-00011455;Вода минеральная Ессентуки Нагутская Родникофф N4 500мл;Минеральная вода;;;;
ЦБ-00035937;Вода минеральная Ессентуки ОВК №17 ПЭТ 1.5л газ;Минеральная вода;;;;
РТ-00002337;Вода минеральная Ессентуки Целебная 1,5л ПЭТ;Минеральная вода;;;;
ЦБ-00119575;Вода минеральная Ессентукская горная н/газ ГОСТ 0,5л;Минеральная вода;;;;
РТ-00013077;Вода минеральная Ессентукский бювет №17 1,5л;Минеральная вода;;;;
РТ-00010832;Вода минеральная Ессентукский бювет №17 500мл (стекло);Минеральная вода;;;;
РТ-00010808;Вода минеральная Ессентукский бювет №4 1,5л (пэ);Минеральная вода;;;;
ЦБ-00149540;Вода минеральная Ессентукский источник №17 450мл (стекло);Минеральная вода;;;;
ЦБ-00006778;Вода минеральная Заечицкая горькая 1л;Минеральная вода;;;;
ЦБ-00034899;Вода минеральная Лечива  карловарская соль 0,6мл;Минеральная вода;;;;
ЦБ-00034134;Вода минеральная Липецкий Бювет артез. б/газ 0.5л №12;Минеральная вода;;;;
ЦБ-00032112;Вода минеральная Липецкий Бювет артез. б/газ.0.5л;Минеральная вода;;;;
ЦБ-00029655;Вода минеральная Липецкий Бювет газ 0.5л п/б*12;Минеральная вода;;;;
ЦБ-00016197;Вода минеральная Липецкий Бювет леч-стл б/газ 1.5л №6;Минеральная вода;;;;
ЦБ-00016196;Вода минеральная Липецкий Бювет леч-стл газ 1.5л №1*6;Минеральная вода;;;;
ЦБ-00017187;ВОДА МИНЕРАЛЬНАЯ МИРГОРОДСКАЯ ГАЗ. 0.5Л ПЭТ;Минеральная вода;;;;
ЦБ-00171964;Вода минеральная Мисс Минерал Детокс 1л;Минеральная вода;;;;
РТ-00014611;Вода минеральная Нагутская-17 0.5л Стекло;Минеральная вода;;;;
РТ-00014612;Вода минеральная Нагутская-17 1.5л ПЭТ;Минеральная вода;;;;
ЦБ-00022538;Вода минеральная Нагутская-26 0.5л стекло;Минеральная вода;;;;
ЦБ-00032388;Вода минеральная Нагутская-26 1.5л пэт;Минеральная вода;;;;
РТ-00014613;Вода минеральная Нагутская-4 0.5л Стекло;Минеральная вода;;;;
РТ-00014614;Вода минеральная Нагутская-4 1.5л ПЭТ;Минеральная вода;;;;
ЦБ-00006779;Вода минеральная Нарзан 1л  (природн. газ);Минеральная вода;;;;
ЦБ-00015070;Вода минеральная Нарзан 330мл пэт (газ);Минеральная вода;;;;
ЦБ-00006780;Вода минеральная Нарзан 500мл;Минеральная вода;;;;
РТ-00002336;Вода минеральная Нарзан газ. 500мл;Минеральная вода;;;;
РТ-00005841;Вода минеральная Нарзан золотой 500мл;Минеральная вода;;;;
ЦБ-00033331;Вода минеральная Нарзан элит 330мл (стекло);Минеральная вода;;;;
ЦБ-00006782;Вода минеральная Нарзан элит 500мл  (стекло);Минеральная вода;;;;
ЦБ-00006784;Вода минеральная Новотерская целебная 1.5л (б/газ) ПЭТ;Минеральная вода;;;;
ЦБ-00006785;Вода минеральная Новотерская целебная 1.5л (газ) ПЭТ;Минеральная вода;;;;
ЦБ-00015071;Вода минеральная Новотерская целебная 330мл (газ) ПЭТ;Минеральная вода;;;;
РТ-00014342;Вода минеральная Новотерская целебная 330мл Кавминводы стекло;Минеральная вода;;;;
ЦБ-00006787;Вода минеральная Новотерская целебная 500мл (б/газ) ПЭТ;Минеральная вода;;;;
ЦБ-00006786;Вода минеральная Новотерская целебная 500мл (газ) ПЭТ;Минеральная вода;;;;
РТ-00007387;Вода минеральная Новотерская целебная Элита 500мл (газ) стекло;Минеральная вода;;;;
ЦБ-00028386;Вода минеральная питьевая лечебно-столовая Меркурий газ.0.5лСИНИЙ;Минеральная вода;;;;
ЦБ-00033556;Вода минеральная питьевая лечебно-столовая Меркурий газ.1.5л СИНИЙ;Минеральная вода;;;;
ЦБ-00038551;Вода минеральная питьевая столовая Семь ручьев б/газ.пэт 0,5л;Минеральная вода;;;;
ЦБ-00036063;Вода минеральная питьевая столовая Семь ручьев б/газ.пэт 1,5л;Минеральная вода;;;;
ЦБ-00036062;Вода минеральная питьевая столовая Семь ручьев газ.пэт 1,5л;Минеральная вода;;;;
ЦБ-00032862;Вода минеральная Принцесса Ольденбургская газированная 0,6л;Минеральная вода;;;;
ЦБ-00032380;Вода минеральная Принцесса Ольденбургская газированная 0.6л;Минеральная вода;;;;
ЦБ-00032383;Вода минеральная Принцесса Ольденбургская газированная 1.5л;Минеральная вода;;;;
ЦБ-00032867;Вода минеральная Принцесса Ольденбургская негазированная 0,6л;Минеральная вода;;;;
ЦБ-00032381;Вода минеральная Принцесса Ольденбургская негазированная 0.6л;Минеральная вода;;;;
ЦБ-00032861;Вода минеральная Принцесса Ольденбургская негазированная 1,5л;Минеральная вода;;;;
ЦБ-00032382;Вода минеральная Принцесса Ольденбургская негазированная 1.5л;Минеральная вода;;;;
ЦБ-00032868;Вода минеральная Принцесса Ольденбургская негазированная 5,0л;Минеральная вода;;;;
ЦБ-00032384;Вода минеральная Принцесса Ольденбургская негазированная 5.0л;Минеральная вода;;;;
ЦБ-00016217;Вода минеральная Рычал-су 1л;Минеральная вода;;;;
ЦБ-00006788;Вода минеральная Рычал-су 1л  (пэ);Минеральная вода;;;;
ЦБ-00010009;Вода минеральная Рычал-су 500мл стекло;Минеральная вода;;;;
ЦБ-00016243;Вода минеральная Рычал-су 500мл стекло;Минеральная вода;;;;
ЦБ-00037259;Вода минеральная Светла б/газа 1,5л;Минеральная вода;;;;
ЦБ-00031424;Вода минеральная Святой источник 0.33  (газ);Минеральная вода;;;;
ЦБ-00006789;Вода минеральная Святой источник 1.5л ПЭТ б/газ;Минеральная вода;;;;
ЦБ-00006790;Вода минеральная Святой источник 1.5л ПЭТ газ;Минеральная вода;;;;
ЦБ-00038958;Вода минеральная Святой источник 1л  (б/газ ПЭ);Минеральная вода;;;;
ЦБ-00006792;Вода минеральная Святой источник 330мл  (б/газ);Минеральная вода;;;;
РТ-00002351;Вода минеральная Святой источник 400мл (б/газ стекло);Минеральная вода;;;;
ЦБ-00006793;Вода минеральная Святой источник 500мл  (б/газ ПЭ);Минеральная вода;;;;
ЦБ-00006794;Вода минеральная Святой источник 500мл ПЭТ газ;Минеральная вода;;;;
ЦБ-00006795;Вода минеральная Святой источник 750мл  (б/газ спорт);Минеральная вода;;;;
РТ-00000655;Вода минеральная Святой источник лимон/мята 500мл;Минеральная вода;;;;
РТ-00000820;Вода минеральная Святой источник малина/клюква 500мл;Минеральная вода;;;;
ЦБ-00038221;Вода минеральная Святой источник с соком малины 500 мл.  (б/газ спорт);Минеральная вода;;;;
РТ-00014616;Вода минеральная Святой источник Спорт 500мл ПЭТ б/газ;Минеральная вода;;;;
ЦБ-00006791;Вода минеральная Святой Источник Спортик б/газа 330мл;Минеральная вода;;;;
ЦБ-00122217;Вода минеральная Святой источник спортик детская б/газ 330мл;Минеральная вода;;;;
РТ-00014617;Вода минеральная Синеборье 0,6л ПЭТ б/газ;Минеральная вода;;;;
РТ-00014618;Вода минеральная Синеборье 1,5л ПЭТ б/газ;Минеральная вода;;;;
ЦБ-00120836;Вода минеральная Славяновская 1л;Минеральная вода;;;;
ЦБ-00035164;Вода минеральная Славянская 1,25л газ;Минеральная вода;;;;
ЦБ-00032389;Вода минеральная Смирновская 1.5л Пэт;Минеральная вода;;;;
ЦБ-00032387;Вода минеральная Смирновская минер. 1.5л пэт;Минеральная вода;;;;
ЦБ-00192778;Вода минеральная Старый Источник Нагутская №17 стекло 0,5л;Минеральная вода;;;;
ЦБ-00006797;Вода минеральная Стэлмас 1.5л  (газ) ПЭ;Минеральная вода;;;;
ЦБ-00006798;Вода минеральная Стэлмас 500мл  (б/газ ПЭ);Минеральная вода;;;;
ЦБ-00006799;Вода минеральная Стэлмас 500мл  (б/газ);Минеральная вода;;;;
ЦБ-00006801;Вода минеральная Стэлмас 500мл  (газ ПЭ);Минеральная вода;;;;
ЦБ-00006800;Вода минеральная Стэлмас 500мл  (газ);Минеральная вода;;;;
ЦБ-00006803;Вода минеральная Стэлмас Mg-SO4 1.5л  (газ ПЭ);Минеральная вода;;;;
ЦБ-00006802;Вода минеральная Стэлмас Mg-SO4 1.5л (б/газ);Минеральная вода;;;;
ЦБ-00006804;Вода минеральная Стэлмас Mg-SO4 1л;Минеральная вода;;;;
РТ-00014000;Вода минеральная Стэлмас б/газ. 0,6л ПЭТ;Минеральная вода;;;;
РТ-00014001;Вода минеральная Стэлмас б/газ. 1,5л ПЭТ;Минеральная вода;;;;
РТ-00011024;Вода минеральная Стэлмас детск спорт 0,6л;Минеральная вода;;;;
ЦБ-00192780;Вода минеральная Стэлмас Кремнистая газ. 1л;Минеральная вода;;;;
ЦБ-00006809;Вода минеральная Сулинка 500мл  (газ);Минеральная вода;;;;
ЦБ-00006810;Вода минеральная Сулинка кремниевая 1.25 газ;Минеральная вода;;;;
ЦБ-00006812;Вода минеральная Сулинка кремниевая 500мл б/газ;Минеральная вода;;;;
ЦБ-00006813;Вода минеральная Сулинка кремниевая 500мл газ  (пэ);Минеральная вода;;;;
ЦБ-00037687;Вода минеральная Урочище долины нарзанов 0,5л газ;Минеральная вода;;;;
ЦБ-00037688;Вода минеральная Урочище долины нарзанов 0,5л газ стекло;Минеральная вода;;;;
ЦБ-00037689;Вода минеральная Урочище долины нарзанов 1,25л газ;Минеральная вода;;;;
ЦБ-00006783;Вода минеральная Фьюджи б/газ 1л;Минеральная вода;;;;
ЦБ-00040522;Вода минеральная Шишкин лес 1,75л  (б/газ);Минеральная вода;;;;
ЦБ-00006814;Вода минеральная Шишкин лес 1л  (б/газ);Минеральная вода;;;;
ЦБ-00117012;Вода минеральная Шишкин лес 1л  (б/газ/спорт);Минеральная вода;;;;
ЦБ-00006815;Вода минеральная Шишкин лес 1л  (газ);Минеральная вода;;;;
ЦБ-00006816;Вода минеральная Шишкин лес 400мл  (б/газ);Минеральная вода;;;;
ЦБ-00006817;Вода минеральная Шишкин лес 400мл  (б/газ/спорт);Минеральная вода;;;;
ЦБ-00033467;Вода минеральная Шишкин лес 400мл (газ);Минеральная вода;;;;
ЦБ-00015072;Вода минеральная Шишкин лес 5л  (б/газ);Минеральная вода;;;;
ЦБ-00031302;Вода минеральная Эдельвейс  Naturelle 1.5 л ПЭТ н/газ;Минеральная вода;;;;
ЦБ-00015073;Вода минеральная Эдельвейс натурель 1.5л  (б/газ);Минеральная вода;;;;
ЦБ-00006818;Вода минеральная Эдельвейс натурель 500мл  (б/газ) ПЭ;Минеральная вода;;;;
РТ-00012866;Вода минеральная Эльбрус ПЭТ газ.;Минеральная вода;;;;
РТ-00012867;Вода минеральная Эльбрус ПЭТ негаз.;Минеральная вода;;;;
РТ-00014341;Вода Новотерская целебная Евро 500мл Кавминводы стекло;Минеральная вода;;;;
ЦБ-00035411;Вода Обуховская-1 пэт.газ. 0.5;Минеральная вода;;;;
ЦБ-00035412;Вода Обуховская-1 пэт.газ. 1,25;Минеральная вода;;;;
ЦБ-00027564;Вода Пилигрим 0.25л б/газа;Минеральная вода;;;;
ЦБ-00027565;Вода Пилигрим 0.5л б/газа;Минеральная вода;;;;
ЦБ-00027566;Вода Пилигрим 0.5л газ;Минеральная вода;;;;
ЦБ-00027569;Вода Пилигрим 0.5л н/газ (спортлок);Минеральная вода;;;;
ЦБ-00027572;Вода Пилигрим 0.5л н/газ грейпфрут (спортлок);Минеральная вода;;;;
ЦБ-00027570;Вода Пилигрим 0.5л н/газ лимон (спортлок);Минеральная вода;;;;
ЦБ-00027571;Вода Пилигрим 0.5л н/газ малина (спортлок);Минеральная вода;;;;
ЦБ-00027567;Вода Пилигрим 1.5л б/г;Минеральная вода;;;;
ЦБ-00027568;Вода Пилигрим 5л;Минеральная вода;;;;
ЦБ-00034894;Вода питьевая Бионациональ артезианская 0.33л  (б/газ) ПЭТ;Минеральная вода;;;;
ЦБ-00006819;Вода питьевая Бионациональ артезианская 0.6л  (б/газ) ПЭТ;Минеральная вода;;;;
ЦБ-00006820;Вода питьевая Бионациональ артезианская 1.5л  (б/газ) ПЭТ;Минеральная вода;;;;
ЦБ-00119788;Вода питьевая газированная «БонАква» 0,5л;Минеральная вода;;;;
ЦБ-00028387;Вода питьевая газированная сл/минер Меркурий-1 0.5лЗЕЛЕНЫЙ;Минеральная вода;;;;
РТ-00002125;Вода питьевая д/детей Святой источник Игрушка 330мл (б/газ);Минеральная вода;;;;
РТ-00002352;Вода питьевая д/детей Святой источник Игрушка 500мл (б/газ);Минеральная вода;;;;
ЦБ-00147063;Вода питьевая д/детского питания Оранжевая корова негаз. 0+ 330мл;Минеральная вода;;;;
ЦБ-00031476;Вода питьевая детская Наша Няня 0.5л;Минеральная вода;;;;
ЦБ-00031477;Вода питьевая детская Наша Няня 1.5л;Минеральная вода;;;;
РТ-00006424;Вода питьевая детская Святой Источник Спортик н/газ 330мл;Минеральная вода;;;;
РТ-00012084;Вода питьевая Кнежица 1,5л (газ);Минеральная вода;;;;
РТ-00011441;Вода питьевая Кнежица 1,5л (н/газ);Минеральная вода;;;;
РТ-00011439;Вода питьевая Кнежица 600мл (газ);Минеральная вода;;;;
РТ-00011440;Вода питьевая Кнежица 600мл (н/газ);Минеральная вода;;;;
РТ-00006032;Вода питьевая минеральная Черноголовская 330мл газ ПЭТ;Минеральная вода;;;;
РТ-00006033;Вода питьевая минеральная Черноголовская 500мл газ ПЭТ;Минеральная вода;;;;
ЦБ-00151663;Вода питьевая негазированная «АкваМария» 0,5 л;Минеральная вода;;;;
ЦБ-00119789;Вода питьевая негазированная «БонАква» 0,5 л;Минеральная вода;;;;
ЦБ-00040154;Вода питьевая природная Куказар б/газ 1,5л;Минеральная вода;;;;
ЦБ-00040153;Вода питьевая природная Куказар б/газ 500мл;Минеральная вода;;;;
ЦБ-00177142;Вода питьевая Рус негаз. 1,5л;Минеральная вода;;;;
ЦБ-00038962;Вода питьевая Светла 0,5л (б/газ) ПЭТ;Минеральная вода;;;;
РТ-00011023;Вода питьевая Светла 1,5л (газ) ПЭТ;Минеральная вода;;;;
РТ-00001212;Вода питьевая Светла Краинская 0,5л газ;Минеральная вода;;;;
ЦБ-00040156;Вода питьевая Светла Краинская 1,5л (газ) ПЭТ;Минеральная вода;;;;
ЦБ-00040437;Вода питьевая Светлячок д/детей 1.5л ПЭТ б/газ;Минеральная вода;;;;
РТ-00001794;Вода питьевая Светлячок д/детей 5л б/газ;Минеральная вода;;;;
РТ-00013571;Вода питьевая Святой Источник Спорт н/газ 750мл;Минеральная вода;;;;
ЦБ-00034470;Вода питьевая Сказочный лес н/газ 0.4л;Минеральная вода;;;;
РТ-00012865;Вода питьевая Славяновская 1,5л Тэсти;Минеральная вода;;;;
ЦБ-00006796;Вода питьевая Стэлмас Воды здоровья 1.5л  (б/газ) ПЭ;Минеральная вода;;;;
РТ-00009397;Вода питьевая Стэлмас Воды здоровья 5л  (б/газ);Минеральная вода;;;;
РТ-00001874;Вода питьевая Стэлмас Воды здоровья 600мл  (газ);Минеральная вода;;;;
РТ-00011181;Вода питьевая Стэлмас детская Воды здоровья 5л  (б/газ);Минеральная вода;;;;
ЦБ-00006806;Вода питьевая СТЭЛМАС кислород 0,6л (б/газ спорт ПЭТ) Воды Здоровья;Минеральная вода;;;;
РТ-00001229;Вода питьевая Стэлмас кислород б/газ Спорт 500мл;Минеральная вода;;;;
РТ-00013734;Вода питьевая Черноголовская 500мл б/газа ПЭТ;Минеральная вода;;;;
РТ-00006031;Вода питьевая Черноголовская д/детей 1,5л ПЭТ;Минеральная вода;;;;
РТ-00005864;Вода питьевая Черноголовская д/детей 330мл ПЭТ;Минеральная вода;;;;
РТ-00005128;Вода питьевая Черноголовская д/детей 500мл б/газа ПЭТ;Минеральная вода;;;;
ЦБ-00128297;Вода питьевая Черноголовская д/детей МиМиМишки б/газа 330мл;Минеральная вода;;;;
ЦБ-00021091;Вода питьевая Эдельвейс лечебно-столовая газ. 500мл;Минеральная вода;;;;
РТ-00004546;Вода питьевая Эльбрус малышка (пэт) 1,5л;Минеральная вода;;;;
РТ-00004689;Вода питьевая Эльбрус малышка (пэт) 500мл;Минеральная вода;;;;
ЦБ-00153002;Вода растворитель д/лек форм д/ин амп 3мл №10;Инъекционные и инфузионные р-ры;;;;
ЦБ-00153220;Вода р-ль д/приг. лек. форм д/ин. 10мл №10;Инъекционные и инфузионные р-ры;;;;
ЦБ-00153188;Вода р-ль д/приг. лек. форм д/ин. амп. 5мл №10;Инъекционные и инфузионные р-ры;;;;
ЦБ-00135094;Вода Черноголовская мин. питьевая столовая н/газ ПЭТ 0,33л;Минеральная вода;;;;
ЦБ-00135093;Вода Черноголовская мин. питьевая столовая скв №2 газ ПЭТ 1,5л;Минеральная вода;;;;
ЦБ-00135092;Вода Черноголовская мин. питьевая столовая скв №2 н/газ ПЭТ 1,5л;Минеральная вода;;;;
ЦБ-00193106;Водавода питьевая н/газ. 0,33л;Минеральная вода;;;;
ЦБ-00040192;Волювен р-р д/ин. 6% 500мл №10;Инъекционные и инфузионные р-ры;;;;
ЦБ-00108087;Волювен р-р д/инф. 6% 250мл №30 кор.карт. (для ЛПУ);Инъекционные и инфузионные р-ры;;;;
РТ-00005649;Волюлайт р-р д/инф. 500мл;Инъекционные и инфузионные р-ры;;;;
ЦБ-00095907;Волюлайт р-р д/инф. 500мл №20 (для ЛПУ);Инъекционные и инфузионные р-ры;;;;
ЦБ-00167178;Вориконазол лиоф. д/приг. конц. д/приг. р-ра д/инф. 200мг №1;Инъекционные и инфузионные р-ры;;;;
ЦБ-00153533;Воскопран повязка мазевая атравмат. стер. с левометилом 10х10см №10;Повязка раневая;;;;
ЦБ-00154167;Воскопран повязка мазевая атравмат. стер. с левометилом 7,5х5см №5;Повязка раневая;;;;
ЦБ-00106707;Воскопран повязка раневая диоксидин 10*10см №10;Повязка раневая;;;;
ЦБ-00106706;Воскопран повязка раневая левомеколь 7,5*10см №30;Повязка раневая;;;;
ЦБ-00106711;Воскопран-Пов повязка мазевая повидон-йод 10*10см №10;Повязка раневая;;;;
ЦБ-00192421;Воу Витаминс Антипохмельный компл. таб. шип. №10;Поливитамины;;;;
ЦБ-00194607;Воу Витаминс Витамин С 900мг таб. шип. цитрусовый вкус №20;Витамин С;;;;
ЦБ-00193592;Воу Витаминс Витамин С 900мг таб. шип. ягодн. вкус №20;Витамин С;;;;
ЦБ-00190281;Воу Витаминс Витамины гр. В таб. шип. апельсин №20;Препараты группы В, нейропротекторы;;;;
ЦБ-00186591;Воу Витаминс Железо+вит.С, В6, В12+фолиевая к-та таб. шипучие Апельсин №20;Поливитамины;;;;
ЦБ-00186682;Воу Витаминс Кальций/Вит. Д3/Вит. К таб. шипучие Апельсин №20;Поливитамины;;;;
ЦБ-00191555;Воу Витаминс Магний/Вит. В6 таб. шип. лимон №20;Препараты магния;;;;
ЦБ-00191227;Воу Витаминс паст. б/сах с вит. С иммуно малина №12;Витамин С;;;;
ЦБ-00191827;Воу Витаминс паст. б/сах с вит. С иммуно манго-лайм №12;Витамин С;;;;
ЦБ-00191228;Воу Витаминс паст. б/сах с вит. С иммуно мята №12;Витамин С;;;;
ЦБ-00187416;Воу Витаминс Энергетич. с витамин. таб. шипучие лесные ягоды №10;Поливитамины;;;;
ЦБ-00124350;Вплаб L-лизин капс. №90;Витамины д/сердечно-сосудистой системы;;;;
ЦБ-00129483;Вплаб L-лизин таб. п/о №90;Витамины д/сердечно-сосудистой системы;;;;
ЦБ-00134718;Вплаб ААКГ L-аргинин кетоглуторат таб. №90;Витамины д/сердечно-сосудистой системы;;;;
ЦБ-00165042;Вплаб вит. Д3 2000МЕ капс.№240;Витамин Д3;;;;
ЦБ-00168919;Вплаб вит.Д3 + вит.К2 + Омега-3 капс. №60;Витамин Д3;;;;
ЦБ-00125462;Вплаб Дейли 1 витаминно-минерал. комплекс капс. №100;Поливитамины;;;;
ЦБ-00168494;Вплаб Дейли 1 Спорт таб. №100;Поливитамины;;;;
ЦБ-00124252;ВПЛАБ Железо капс.№60;Препараты железа;;;;
РТ-00007736;Вплаб Кла + L-карнитин капс. 1355мг №90;Поливитамины;;;;
ЦБ-00122706;Вплаб магния цитрат капс.№90;Препараты магния;;;;
ЦБ-00121178;Вплаб фит актив изотоник дринк манго 500гр;Поливитамины;;;;
ЦБ-00170090;ВР В-комплекс капс. №30;Препараты группы В, нейропротекторы;;;;
ЦБ-00037533;Вука Актив капс №60;Ср-ва при эректильной дисфункции, влияющие на либидо;;;;
ЦБ-00123858;Вука Вука таб. 550мг №120;Ср-ва при эректильной дисфункции, влияющие на либидо;;;;
ЦБ-00001023;Вука Вука таб. 550мг №20;Ср-ва при эректильной дисфункции, влияющие на либидо;;;;
ЦБ-00006848;Вука Вука таб. 550мг №60;Ср-ва при эректильной дисфункции, влияющие на либидо;;;;
ЦБ-00023205;ВУКА ДРАЙВ КАПС. 0,35Г N2;Ср-ва при эректильной дисфункции, влияющие на либидо;;;;
ЦБ-00020899;Вука Драйв капс. 350мг №10;Ср-ва при эректильной дисфункции, влияющие на либидо;;;;
ЦБ-00020898;Вука Драйв капс. 350мг №2;Ср-ва при эректильной дисфункции, влияющие на либидо;;;;
ЦБ-00165449;Вука Форте таб. п/о №30;Ср-ва при эректильной дисфункции, влияющие на либидо;;;;
ЦБ-00040564;Вука Энерджи капс. №20;Ср-ва при эректильной дисфункции, влияющие на либидо;;;;
ЦБ-00165989;Вука Энерджи пор. пак. №30;Ср-ва при эректильной дисфункции, влияющие на либидо;;;;
ЦБ-00165590;Гайномакс плюс супп. ваг. 100мг+300мг+200мг №3;Гинекологические п/воспалительные ср-ва наружные;;;;
ЦБ-00036246;Гайномакс супп.ваг. 150мг+100мг №7;Гинекологические п/воспалительные ср-ва наружные;;;;
ЦБ-00175988;Гамифрон капли д/приема внутрь 100мл;Уроантисептики;;;;
ЦБ-00187966;Ганзо Инвизибл презервативы №12;Презервативы;;;;
ЦБ-00187965;Ганзо Инвизибл презервативы №3;Презервативы;;;;
ЦБ-00188543;Ганзо Лонг Лав презервативы с анест. №12;Презервативы;;;;
ЦБ-00122781;Ганзо Лонг Лав презервативы с анест. №3;Презервативы;;;;
РТ-00007763;Ганзо презервативы №12 джус;Презервативы;;;;
ЦБ-00037267;Ганзо презервативы №12 классик;Презервативы;;;;
РТ-00007765;Ганзо презервативы №12 рибс;Презервативы;;;;
ЦБ-00037268;Ганзо презервативы №12 сенс;Презервативы;;;;
ЦБ-00175585;Ганзо презервативы №12 увелич. размера;Презервативы;;;;
ЦБ-00037271;Ганзо презервативы №12 ультра;Презервативы;;;;
ЦБ-00037272;Ганзо презервативы №12 экстаз;Презервативы;;;;
РТ-00007764;Ганзо презервативы №3 джус;Презервативы;;;;
ЦБ-00037266;Ганзо презервативы №3 классик;Презервативы;;;;
РТ-00007766;Ганзо презервативы №3 рибс;Презервативы;;;;
ЦБ-00037269;Ганзо презервативы №3 сенс;Презервативы;;;;
ЦБ-00175584;Ганзо презервативы №3 увелич. размера;Презервативы;;;;
ЦБ-00037270;Ганзо презервативы №3 ультра;Презервативы;;;;
ЦБ-00037273;Ганзо презервативы №3 экстаз;Презервативы;;;;
ЦБ-00159591;Гардасил сусп. для /в/м введ. 0,5мл/доза 0,5 мл (1 доза);Инъекционные и инфузионные р-ры;;;;
ЦБ-00001079;Гексавит др. №50;Поливитамины;;;;
ЦБ-00001080;Гексавит др. №50;Поливитамины;;;;
ЦБ-00030002;Гексавит др. №50;Поливитамины;;;;
ЦБ-00028428;Гексавит др. №50;Поливитамины;;;;
ЦБ-00172683;Гексавит драже №50;Поливитамины;;;;
ЦБ-00001083;Гексикон Д супп. ваг. 8мг №10;Гинекологические п/воспалительные ср-ва наружные;;;;
ЦБ-00001084;Гексикон р-р наруж. 0.05% 100мл;Гинекологические п/воспалительные ср-ва наружные;;;;
ЦБ-00001085;Гексикон супп. ваг. 16мг №1;Гинекологические п/воспалительные ср-ва наружные;;;;
ЦБ-00001086;Гексикон супп. ваг. 16мг №10;Гинекологические п/воспалительные ср-ва наружные;;;;
ЦБ-00001087;Гексикон таб. ваг. 16мг №10;Гинекологические п/воспалительные ср-ва наружные;;;;
ЦБ-00158112;Гексимистин супп. ваг. 16мг №10;Гинекологические п/воспалительные ср-ва наружные;;;;
ЦБ-00141254;Гелепран покрытие с лидокаином 5х7,5см №2;Повязка раневая;;;;
ЦБ-00001096;Гемаза лиоф д/ин 5000МЕ 1мл №5;Инъекционные и инфузионные р-ры;;;;
ЦБ-00154727;Гематоген - Лен плитка 40г;Гематоген;;;;
ЦБ-00149129;Гематоген 25г;Гематоген;;;;
ЦБ-00027402;Гематоген 40г;Гематоген;;;;
ЦБ-00033977;Гематоген АБВГДейка 40г;Гематоген;;;;
ЦБ-00121961;Гематоген аппетитный плюс 50г;Гематоген;;;;
ЦБ-00017465;Гематоген Аппетитный с лизином 40г;Гематоген;;;;
ЦБ-00154726;Гематоген в темной глазури 40г;Гематоген;;;;
ЦБ-00017668;Гематоген Витамин С 30г;Поливитамины;;;;
ЦБ-00028444;Гематоген Витамин С 40г;Поливитамины;;;;
ЦБ-00026615;Гематоген Витамины Плюс 40г (Экзон);Гематоген;;;;
РТ-00002793;Гематоген Витатека Детский 40г;Гематоген;;;;
РТ-00002289;Гематоген Витатека Кедровый орех 40г;Гематоген;;;;
РТ-00010480;Гематоген Витатека Кокос в шоколаде 40г;Гематоген;;;;
РТ-00013482;Гематоген Витатека Лесной орех 40г;Гематоген;;;;
РТ-00006156;Гематоген Витатека с семечками 40г;Гематоген;;;;
ЦБ-00179962;Гематоген детский 40г;Гематоген;;;;
РТ-00011498;Гематоген детский люкс 40г;Гематоген;;;;
ЦБ-00017447;Гематоген детский люкс 50г;Гематоген;;;;
РТ-00003137;Гематоген Детский Ми-ми-мишки 40г;Гематоген;;;;
ЦБ-00028431;Гематоген Детский пастилки 25г;Гематоген;;;;
ЦБ-00028429;Гематоген Детский пастилки 50г;Гематоген;;;;
ЦБ-00120062;Гематоген детский плюс 50г;Гематоген;;;;
ЦБ-00149298;Гематоген детский реневал 25г;Гематоген;;;;
ЦБ-00161954;Гематоген детский реневал 40г;Гематоген;;;;
РТ-00009098;Гематоген Детский сливочный Ми-ми-мишки 5 конфет 75г;Гематоген;;;;
РТ-00006454;Гематоген детский Традиционный плюс с вит. С  35г;Гематоген;;;;
РТ-00010410;Гематоген детский Традиционный плюс Семейка вампиров 35г;Гематоген;;;;
ЦБ-00161286;Гематоген классический реневаг 60г;Гематоген;;;;
ЦБ-00148120;Гематоген классический реневал 50г;Гематоген;;;;
РТ-00010383;Гематоген Мармеладный необыкновенный 38г;Гематоген;;;;
РТ-00010382;Гематоген Медовый 40г;Гематоген;;;;
ЦБ-00017474;Гематоген Медовый 50г;Гематоген;;;;
ЦБ-00033291;Гематоген молочный Клубника 2,5г №10;Гематоген;;;;
ЦБ-00033292;Гематоген молочный Малина 2,5г №10;Гематоген;;;;
ЦБ-00033293;Гематоген молочный Черника 2,5г №10;Гематоген;;;;
ЦБ-00015770;Гематоген Народный Витаминизированный 40г;Гематоген;;;;
ЦБ-00160924;Гематоген Народный Витаминизированный 40г;Гематоген;;;;
РТ-00008845;Гематоген Народный детский Маша и Медведь плитка 25г;Гематоген;;;;
РТ-00003229;Гематоген Народный Детский плитка 25г;Гематоген;;;;
ЦБ-00015535;Гематоген Народный Детский плитка 40г;Гематоген;;;;
РТ-00014871;Гематоген Народный детский плюс 25г Шрек;Гематоген;;;;
ЦБ-00167521;Гематоген Народный детский феррум плюс 35г;Гематоген;;;;
ЦБ-00162425;Гематоген Народный детский феррум плюс 50г;Гематоген;;;;
ЦБ-00015771;Гематоген Народный Йодированный плитка 40г;Гематоген;;;;
ЦБ-00015536;Гематоген Народный Кедровый Орех плитка 40г;Гематоген;;;;
ЦБ-00015402;Гематоген Народный Кокос плитка 40г;Гематоген;;;;
РТ-00011407;Гематоген Народный Кокос плитка в глазури 40г;Гематоген;;;;
РТ-00012244;Гематоген Народный Курага в глазури 40г;Гематоген;;;;
ЦБ-00120965;Гематоген Народный с арахисом 40г;Гематоген;;;;
ЦБ-00167522;Гематоген Народный с арахисом в глазури 35г;Гематоген;;;;
ЦБ-00121051;Гематоген Народный с арахисом в глазури 40г;Гематоген;;;;
ЦБ-00150792;Гематоген Народный с вит. С 40г;Гематоген;;;;
РТ-00000074;Гематоген Народный с витамином С 40г;Гематоген;;;;
ЦБ-00034473;Гематоген Народный с лесным орехом 40г;Гематоген;;;;
ЦБ-00017770;ГЕМАТОГЕН НАРОДНЫЙ С ПОДСОЛНЕЧНИКОМ 40Г;Поливитамины;;;;
РТ-00005257;Гематоген Народный с черносливом 40г;Гематоген;;;;
РТ-00007451;Гематоген Народный с яблоком 40г;Гематоген;;;;
РТ-00004313;Гематоген Народный Спортивный 40г;Гематоген;;;;
ЦБ-00017907;Гематоген Народный Школьный 40г;Гематоген;;;;
ЦБ-00027207;Гематоген Новый с лесными орехами 50г;Гематоген;;;;
РТ-00000516;Гематоген плитка 30г;Гематоген;;;;
ЦБ-00169801;Гематоген плитка в белой глазури 10г №5;Гематоген;;;;
ЦБ-00162798;Гематоген плитка в шоколодной глазури  №5;Гематоген;;;;
РТ-00000515;Гематоген плитка Витамины 30г;Гематоген;;;;
РТ-00001473;Гематоген плитка Малина 30г;Гематоген;;;;
ЦБ-00159486;Гематоген плитка с клюквой в шоколодной глазури  №5;Гематоген;;;;
ЦБ-00159243;Гематоген плитка с черносливом с шоколадной глазури №5;Гематоген;;;;
ЦБ-00037200;Гематоген Просто плитка 25г;Гематоген;;;;
ЦБ-00006947;Гематоген Русский Витамин С 40г;Гематоген;;;;
ЦБ-00006938;Гематоген Русский Детский 40г;Гематоген;;;;
ЦБ-00186740;Гематоген Русский Детский 40г;Гематоген;;;;
ЦБ-00017507;Гематоген Русский Детский 40г;Поливитамины;;;;
ЦБ-00006939;Гематоген Русский Изюм в шоколаде 40г;Гематоген;;;;
ЦБ-00038848;Гематоген Русский Кедровый орех 40г;Гематоген;;;;
ЦБ-00006941;Гематоген Русский Кедровый орех в шоколаде 40г;Гематоген;;;;
ЦБ-00022559;Гематоген Русский Кокос в шоколаде 40г;Поливитамины;;;;
ЦБ-00006942;Гематоген Русский Кокос в шоколадной глазури 40г;Гематоген;;;;
ЦБ-00006946;Гематоген Русский Лесной орех 40г;Гематоген;;;;
ЦБ-00006943;Гематоген Русский Медовый 40г;Гематоген;;;;
ЦБ-00027404;Гематоген Русский новый с лесным орехом 40г;Гематоген;;;;
ЦБ-00006940;Гематоген Русский с йодом 40г;Гематоген;;;;
ЦБ-00160737;Гематоген Русский с какао 40г;Гематоген;;;;
РТ-00004314;Гематоген Русский с семечками 40г;Гематоген;;;;
ЦБ-00191974;Гематоген С 40г;Гематоген;;;;
ЦБ-00026579;Гематоген с арахисом 40г;Гематоген;;;;
ЦБ-00145539;Гематоген с вит. С 40г;Гематоген;;;;
ЦБ-00022740;Гематоген С Вита плитка 50г;Гематоген;;;;
ЦБ-00130988;Гематоген с детства любимый экстра 40г;Гематоген;;;;
ЦБ-00163964;Гематоген с клюквой и вит.С 40г;Гематоген;;;;
ЦБ-00026580;Гематоген с кокосом 40г;Гематоген;;;;
ЦБ-00024350;Гематоген с курагой 40г;Гематоген;;;;
РТ-00012056;Гематоген С Люкс 40г;Гематоген;;;;
ЦБ-00006948;Гематоген С Люкс 50г;Гематоген;;;;
ЦБ-00141304;Гематоген С люкс 50г;Гематоген;;;;
ЦБ-00121399;Гематоген С плюс 50г;Гематоген;;;;
ЦБ-00026581;Гематоген с черносливом 40г;Гематоген;;;;
ЦБ-00155123;Гематоген с черносливом в тёмной глазури 45г;Гематоген;;;;
ЦБ-00164076;Гематоген с яблоком 40г;Гематоген;;;;
ЦБ-00164077;Гематоген с яблоком и корицей 40г;Гематоген;;;;
РТ-00013203;Гематоген сливочный плитки №5;Гематоген;;;;
ЦБ-00030607;Гематоген Супер Кокос 35г;Гематоген;;;;
ЦБ-00127808;Гематоген Супер ореховый с джемом 35г;Гематоген;;;;
РТ-00008889;Гематоген Супер ореховый со сгущ. молоком в шокол. глазури 35г;Гематоген;;;;
ЦБ-00166886;Гематоген Супер финиковый с клюквой 40г;Гематоген;;;;
ЦБ-00167270;Гематоген Супер финиковый с кокосом 40г;Гематоген;;;;
ЦБ-00172063;Гематоген Табс Реневал таб. п/п/о №60;Гематоген;;;;
ЦБ-00172935;Гематоген Табс Реневал таб. п/п/о №90;Гематоген;;;;
ЦБ-00171955;Гематоген Табс таб. №30;Гематоген;;;;
РТ-00006532;Гематоген Традиционный плюс с возд. кукурузой 35г;Гематоген;;;;
РТ-00006533;Гематоген Традиционный плюс с цедрой апельсина 35г;Гематоген;;;;
РТ-00004869;Гематоген Традиционный+ с вит. С 35г;Гематоген;;;;
РТ-00005031;Гематоген Форте детский 25г;Гематоген;;;;
РТ-00005027;Гематоген Форте детский 40г;Гематоген;;;;
ЦБ-00135563;Гематоген Форте премиум мультикомплекс 35г;Гематоген;;;;
РТ-00012830;Гематоген Форте Премиум с L-карнитином, 35 г;Гематоген;;;;
РТ-00005032;Гематоген Форте с витамином С 25г;Гематоген;;;;
РТ-00005028;Гематоген Форте с витамином С 40г;Гематоген;;;;
РТ-00007670;Гематоген Форте с Кедровым орехом 40г;Гематоген;;;;
РТ-00005029;Гематоген Форте с кокосом 40г;Гематоген;;;;
РТ-00005030;Гематоген Форте с лесным орехом 40г;Гематоген;;;;
ЦБ-00038200;Гематоген Шоколадный 40г;Гематоген;;;;
ЦБ-00006950;Гематогенка Витаминная 40г;Гематоген;;;;
ЦБ-00006951;Гематогенка Витаминная в глазури 40г;Поливитамины;;;;
ЦБ-00030608;Гематогенка Классическая 40г;Гематоген;;;;
ЦБ-00006953;Гематогенка Классическая 40г;Поливитамины;;;;
ЦБ-00006954;Гематогенка Классическая в глазури 40г;Поливитамины;;;;
ЦБ-00006956;Гематогенка Кокосовая 40г;Гематоген;;;;
ЦБ-00006955;Гематогенка Кокосовая 40г;Поливитамины;;;;
ЦБ-00006958;Гематогенка Орех в глазури 40г;Поливитамины;;;;
ЦБ-00006957;Гематогенка Ореховая 40г;Гематоген;;;;
ЦБ-00064311;Гематогенка с йодом 40г;Поливитамины;;;;
ЦБ-00182817;Гематогеша 30г;Гематоген;;;;
ЦБ-00188912;Гематогеша школьный 40г;Гематоген;;;;
ЦБ-00156955;Гематогеша шоколадный 30г;Гематоген;;;;
ЦБ-00169881;Гематоферол-СР таб. №30;Препараты железа;;;;
ЦБ-00166082;Гематоша батончик желейный вишня 20,5г;Гематоген;;;;
ЦБ-00161446;Гематоша пастилки мармеладные клубника №12;Гематоген;;;;
ЦБ-00164649;Гематоша пастилки мармеладные кола №12;Гематоген;;;;
ЦБ-00136726;Гематоша таб. жев. вишня №10;Гематоген;;;;
ЦБ-00130866;Гематоша таб. жев. корица №10;Гематоген;;;;
ЦБ-00022341;Гемодез-8000 р-р д/инф. 200мл;Инъекционные и инфузионные р-ры;;;;
ЦБ-00006959;Гемодез-8000 р-р д/инф. 400мл;Инъекционные и инфузионные р-ры;;;;
ЦБ-00006960;Гемодез-Н 400мл №15;Инъекционные и инфузионные р-ры;;;;
ЦБ-00035859;Гемодез-Н р-р д/инф 200мл бут д/крови и кровезам;Инъекционные и инфузионные р-ры;;;;
ЦБ-00006961;Гемодез-Н р-р д/инф. 200мл;Инъекционные и инфузионные р-ры;;;;
ЦБ-00022192;Гемодез-Н р-р д/инф. 200мл;Инъекционные и инфузионные р-ры;;;;
ЦБ-00023434;Гемодез-Н р-р д/инф. 200мл №20;Инъекционные и инфузионные р-ры;;;;
ЦБ-00006962;Гемодез-Н р-р д/инф. 250мл;Инъекционные и инфузионные р-ры;;;;
ЦБ-00017219;Гемодез-Н р-р д/инф. 400мл;Инъекционные и инфузионные р-ры;;;;
ЦБ-00151595;Гемодез-Н р-р д/инф. 400мл;Инъекционные и инфузионные р-ры;;;;
ЦБ-00166207;Гемодез-Н р-р для инф. 200мл №20 (для ЛПУ);Инъекционные и инфузионные р-ры;;;;
ЦБ-00165733;Гемолен пор. 2,5г №10;Препараты железа;;;;
ЦБ-00021691;Гемофер Пролонгатум драже 325мг №30;Препараты железа;;;;
ЦБ-00001099;Гендевит др. №50;Поливитамины;;;;
ЦБ-00015025;Гендевит др. №50;Поливитамины;;;;
ЦБ-00152795;Гендевит др. №50 БАД;Поливитамины;;;;
РТ-00010529;Гендевитмар др. №50;Поливитамины;;;;
ЦБ-00034132;Гентамицин р-р в/в и в/м 40мг/мл 2мл №10;Антибактериальные средства инъекционные р-ры;;;;
ЦБ-00001105;Гентамицин р-р в/в и в/м 40мг/мл 2мл №10;Антибактериальные средства инъекционные р-ры;;;;
ЦБ-00001106;Гентамицин р-р в/в и в/м 40мг/мл 2мл №10;Антибактериальные средства инъекционные р-ры;;;;
ЦБ-00001107;Гентамицин р-р в/в и в/м 40мг/мл 2мл №10;Антибактериальные средства инъекционные р-ры;;;;
ЦБ-00032005;Гентамицин р-р в/в и в/м 40мг/мл 2мл №10;Антибактериальные средства инъекционные р-ры;;;;
ЦБ-00036696;Гентамицин р-р в/в и в/м 40мг/мл 2мл №10;Антибактериальные средства инъекционные р-ры;;;;
РТ-00014131;Гентамицин р-р в/в и в/м 40мг/мл 2мл №5;Антибактериальные средства инъекционные р-ры;;;;
ЦБ-00001103;Гентамицин-К р-р в/в и в/м 40мг/мл 1мл №10;Антибактериальные средства инъекционные р-ры;;;;
ЦБ-00001104;Гентамицин-К р-р в/в и в/м 40мг/мл 2мл №10;Антибактериальные средства инъекционные р-ры;;;;
ЦБ-00001108;Гентос капли гомеопат 20мл;Ср-ва при эректильной дисфункции, влияющие на либидо;;;;
ЦБ-00001109;Гентос капли гомеопат 50мл;Ср-ва при эректильной дисфункции, влияющие на либидо;;;;
ЦБ-00001110;Гентос таб. гомеопат. №20;Ср-ва при эректильной дисфункции, влияющие на либидо;;;;
РТ-00000726;Гепар композитум р-р д/ин. 2.2мл №100;Инъекционные и инфузионные р-ры;;;;
ЦБ-00006975;Гепон пор. лиофилизир. д/р-ра для приема внутрь и наружн. прим. 2мг  (шприц);Инъекционные и инфузионные р-ры;;;;
ЦБ-00021694;ГЕПОН ПОР.ЛИОФ.Д/Р-РА №1+2 ШПРИЦ 2МГ;Инъекционные и инфузионные р-ры;;;;
ЦБ-00006978;Геримакс 45+ таб. №40;Поливитамины;;;;
ЦБ-00006979;Геримакс 45+ таб. №90;Поливитамины;;;;
ЦБ-00006980;Геримакс Драйв р-р д/внутр пр. Кола 150мл;Поливитамины;;;;
ЦБ-00017034;Геримакс Драйв р-р д/внутр пр.Черная смородина 150мл;Поливитамины;;;;
ЦБ-00017033;ГЕРИМАКС ДРАЙВ ЭЛИКСИР ВКУС КОЛЫ 150МЛ;Поливитамины;;;;
ЦБ-00020661;Геримакс Женьшень таб. №10;Поливитамины;;;;
ЦБ-00006981;Геримакс Женьшень Экстра таб. №10;Поливитамины;;;;
ЦБ-00017048;Геримакс Жень-шень Экстра таб. №30;Поливитамины;;;;
ЦБ-00001148;Геримакс Энерджи таб. 1170мг №10;Поливитамины;;;;
ЦБ-00015722;Геримакс Энерджи тб 1.17г №60;Поливитамины;;;;
ЦБ-00001506;Геровитал эликсир д/приема внутрь 200мл;Поливитамины;;;;
ЦБ-00028321;Гестарелла таб. п/о 75+20мкг №21;Пероральные контрацептивы;;;;
ЦБ-00028322;Гестарелла таб. п/о 75+20мкг №63;Пероральные контрацептивы;;;;
РТ-00010698;Гета-сорб р-р д/инф 6% 500мл;Инъекционные и инфузионные р-ры;;;;
ЦБ-00190914;ГидроКлин Мини повязки гидроактивные стер. 3см №10;Повязка раневая;;;;
ЦБ-00135450;ГидроКлин плюс повязка активная с р-ром Рингера с ПГМБ круглые 4см №10;Повязка раневая;;;;
ЦБ-00192670;ГидроКлин повязка гидроактивн. стер. д/зажив. ран во влажн. среде 4см №10;Повязка раневая;;;;
ЦБ-00193067;ГидроКлин повязка гидроактивн. стер. д/зажив. ран во влажн. среде 4см №3;Повязка раневая;;;;
ЦБ-00191477;ГидроКлин повязка гидроактивн. стер. д/зажив. ран во влажн. среде 4х8см №10;Повязка раневая;;;;
ЦБ-00192386;ГидроКлин повязка гидроактивн. стер. д/зажив. ран во влажн. среде 7,5х7,5см №10;Повязка раневая;;;;
ЦБ-00190915;ГидроКлин повязки гидроактивные стер. 4см №10;Повязка раневая;;;;
ЦБ-00138015;Гидроколл Тин повязка гидроколлоидная 15х15см №5;Повязка раневая;;;;
ЦБ-00001160;Гидрокортизон сусп.в/м и в/сустав 2.5% амп. 2мл №10;Инъекционные и инфузионные р-ры;;;;
ЦБ-00165392;Гидрокортизон+Лидокаин-Бинергия сусп. д/в/сустав и около сустав. введ. 25 мг+5 мг/мл 5мл №1;Инъекционные и инфузионные р-ры;;;;
ЦБ-00001153;Гидрокортизон-Рихтер сусп. д/суст. и околосуст. введ. 25+5мг/мл флак. 5мл №1;Инъекционные и инфузионные р-ры;;;;
ЦБ-00124395;ГидроТак комфорт повязка самоклеящ.с гидрогелевым покрытием 12,5*12,5см №10;Повязка раневая;;;;
ЦБ-00122591;ГидроТак комфорт повязка самоклеящ.с гидрогелевым покрытием 6,5*10см №10;Повязка раневая;;;;
ЦБ-00168561;ГидроТак повязка губчатая с гидрогелевым покрытием 10х10см №1;Повязка раневая;;;;
ЦБ-00001165;Гиналгин таб. ваг. №10;Гинекологические п/воспалительные ср-ва наружные;;;;
ЦБ-00131160;Гинджалелинг капс. №75;Уроантисептики;;;;
ЦБ-00001166;Гинезол 7 супп. ваг. 100мг №7;Гинекологические п/воспалительные ср-ва наружные;;;;
РТ-00014434;Гинокапс капс. ваг. 100мг №10;Гинекологические п/воспалительные ср-ва наружные;;;;
ЦБ-00006997;Гино-Певарил супп. ваг. 150мг №3;Гинекологические п/воспалительные ср-ва наружные;;;;
ЦБ-00001175;Гино-Певарил супп. ваг. 50мг №15;Гинекологические п/воспалительные ср-ва наружные;;;;
ЦБ-00153828;Гино-Тардиферон таб. с модиф. высвоб. п/п/о 80мг+0.35мг №30;Препараты железа;;;;
ЦБ-00001177;Гинофорт крем ваг. 2% 5г;Гинекологические п/воспалительные ср-ва наружные;;;;
ЦБ-00001188;Гистохром р-р д/ин. 0.2мг/мл 1мл №10;Инъекционные и инфузионные р-ры;;;;
ЦБ-00131787;Глатион лиоф. для р-ра в/в в/м 600мг №5;Инъекционные и инфузионные р-ры;;;;
РТ-00007486;Гленвитол аскорбинка с глюкозой таб. 100мг №10 клубника;Витамин С;;;;
ЦБ-00032863;Гленвитол аскорбинка с глюкозой таб. 25мг №10;Витамин С;;;;
ЦБ-00032871;Гленвитол аскорбинка с глюкозой таб. 25мг №10 апельсин;Витамин С;;;;
ЦБ-00032872;Гленвитол аскорбинка с глюкозой таб. 25мг №10 арбуз/дыня;Витамин С;;;;
РТ-00010040;Гленвитол аскорбинка с глюкозой таб. 25мг №10 банан;Витамин С;;;;
ЦБ-00032866;Гленвитол аскорбинка с глюкозой таб. 25мг №10 вишня;Витамин С;;;;
РТ-00006922;Гленвитол аскорбинка с глюкозой таб. 25мг №10 гранат;Витамин С;;;;
РТ-00005139;Гленвитол аскорбинка с глюкозой таб. 25мг №10 гранат/черная смородина;Витамин С;;;;
ЦБ-00040016;Гленвитол аскорбинка с глюкозой таб. 25мг №10 груша;Витамин С;;;;
ЦБ-00032864;Гленвитол аскорбинка с глюкозой таб. 25мг №10 клубника;Витамин С;;;;
РТ-00002864;Гленвитол аскорбинка с глюкозой таб. 25мг №10 клубника/банан;Витамин С;;;;
РТ-00007169;Гленвитол аскорбинка с глюкозой таб. 25мг №10 лимон;Витамин С;;;;
ЦБ-00032746;Гленвитол аскорбинка с глюкозой таб. 25мг №10 малина;Витамин С;;;;
ЦБ-00032744;Гленвитол аскорбинка с глюкозой таб. 25мг №10 персик;Витамин С;;;;
РТ-00007305;Гленвитол аскорбинка с глюкозой таб. 25мг №10 смородины;Витамин С;;;;
ЦБ-00032865;Гленвитол аскорбинка с глюкозой таб. 25мг №10 яблоко;Витамин С;;;;
РТ-00013496;Гленвитол аскорбинка с глюкозой таб. №10 дыня;Витамин С;;;;
РТ-00008116;Гленвитол аскорбинка с глюкозой таб. жев. 1000мг №10;Витамин С;;;;
РТ-00009192;Гленвитол аскорбинка с глюкозой таб. жев. 1000мг №10 апельсин;Витамин С;;;;
РТ-00012730;Гленвитол аскорбинка с глюкозой таб. жев. 1000мг №10 дыня;Витамин С;;;;
РТ-00007823;Гленвитол аскорбинка с глюкозой таб. жев. 1000мг №10 клубника;Витамин С;;;;
РТ-00012055;Гленвитол аскорбинка с глюкозой таб. жев. 3000мг №10 клюква;Витамин С;;;;
ЦБ-00152705;Глирикум+витамины группы B таб. д/рассас. №30;Препараты группы В, нейропротекторы;;;;
ЦБ-00157703;Глицивит пор. шип. со вкусом ананаса саше-пакеты 5г №10;Препараты группы В, нейропротекторы;;;;
ЦБ-00169595;Глобифер Форте таб. №20;Препараты железа;;;;
ЦБ-00158155;Глобифер Форте таб. №40;Препараты железа;;;;
ЦБ-00169988;Глодиатр очки арт. 1355 (-2.50);Очки готовые;;;;
ЦБ-00169989;Глодиатр очки арт. 1510 (-2.75);Очки готовые;;;;
ЦБ-00168862;ГЛС Аминокислотный комплекс пор. лесные ягоды 156г;Поливитамины;;;;
ЦБ-00191093;ГЛС Аминокислотный комплекс пор. пина колада 210г;Поливитамины;;;;
ЦБ-00191094;ГЛС Аминокислотный комплекс пор. цитрусовый микс 210г;Поливитамины;;;;
ЦБ-00161984;ГЛС Аргинин капс. 1000мг №90;Витамины д/сердечно-сосудистой системы;;;;
ЦБ-00194743;ГЛС Аспарагиновая к-та капс. №120;Ср-ва при эректильной дисфункции, влияющие на либидо;;;;
ЦБ-00176691;ГЛС Вит. Д3 таб. шип. без сах. апельсин №20;Витамин Д3;;;;
ЦБ-00177394;ГЛС Вит. Д3 таб. шип. без сах. вишня №20;Витамин Д3;;;;
ЦБ-00182963;ГЛС Вит. Д3 таб. шип. без сах. мультифрукт №20;Витамин Д3;;;;
ЦБ-00160827;ГЛС Витамин В12 капс. №60;Препараты группы В, нейропротекторы;;;;
ЦБ-00185239;ГЛС Витамин В12 капс. №90;Препараты группы В, нейропротекторы;;;;
ЦБ-00184449;ГЛС Витамин В5 капс. №60;Препараты группы В, нейропротекторы;;;;
ЦБ-00185478;ГЛС Витамин Д3 2000 капс. №90;Витамин Д3;;;;
ЦБ-00161180;ГЛС Витамин Д3 2000МЕ капс. №120;Витамин Д3;;;;
ЦБ-00192930;ГЛС Витамин Д3 500МЕ нейтр. вкус 30мл;Витамин Д3;;;;
ЦБ-00190838;ГЛС Витамин Д3 600 капс. №60;Витамин Д3;;;;
ЦБ-00172369;ГЛС Витамин Д3 паст. жеват. д/детей вишня/клубника/лимон капс. №90;Витамин Д3;;;;
ЦБ-00177476;ГЛС Витамин Д3+К2 капс. №60;Витамин Д3;;;;
ЦБ-00162580;ГЛС Витамин С 900 мг капс. №60;Витамин С;;;;
ЦБ-00161570;ГЛС Витамин С 900 мг таб. шип. без сахара апельсин №20;Витамин С;;;;
ЦБ-00161571;ГЛС Витамин С 900 мг таб. шип. без сахара лимон №20;Витамин С;;;;
ЦБ-00161572;ГЛС Витамин С 900 мг таб. шип. без сахара цитрус №20;Витамин С;;;;
ЦБ-00189811;ГЛС Витамин С паст. марм. жеват. д/детей апельсин №90;Витамин С;;;;
ЦБ-00162581;ГЛС В-комплекс капс. №60;Препараты группы В, нейропротекторы;;;;
ЦБ-00184713;ГЛС В-комплекс капс. №90;Препараты группы В, нейропротекторы;;;;
ЦБ-00167806;ГЛС Гинавис капс. №30;Витамины д/сердечно-сосудистой системы;;;;
ЦБ-00180608;ГЛС Железо Фумариат капс. №60;Препараты железа;;;;
ЦБ-00178819;ГЛС Железо Хелат капс. №60;Препараты железа;;;;
ЦБ-00182964;ГЛС Железо Хелат капс. №90;Препараты железа;;;;
ЦБ-00168861;ГЛС ЗМА комплекс капс. №90;Поливитамины;;;;
ЦБ-00157748;ГЛС Кордицепс Комплекс капс. №60;Поливитамины;;;;
ЦБ-00147497;ГЛС Лизин 1000 капс. №90;Витамины д/сердечно-сосудистой системы;;;;
ЦБ-00168710;ГЛС Магний В6 д/беременных капс.№180;Препараты магния;;;;
ЦБ-00164238;ГЛС Магний таб. шип. б/сахара апельсин №20;Препараты магния;;;;
ЦБ-00174325;ГЛС Магний таб. шип. б/сахара малина №20;Препараты магния;;;;
ЦБ-00192049;ГЛС Магний хелат капс. №120;Препараты магния;;;;
ЦБ-00172245;ГЛС Магний хелат капс. №180;Препараты магния;;;;
ЦБ-00182201;ГЛС Магний хелат капс. №200;Препараты магния;;;;
ЦБ-00182456;ГЛС Магния цитрат с вит. В6 капс.№100;Препараты магния;;;;
ЦБ-00194564;ГЛС Магния цитрат с вит. В6 капс.№120;Препараты магния;;;;
ЦБ-00160896;ГЛС Магния цитрат с вит. В6 капс.№180;Препараты магния;;;;
ЦБ-00193814;ГЛС Магния цитрат с вит. В6 капс.№300;Препараты магния;;;;
ЦБ-00174504;ГЛС Мультивитамины Актив таб. шип. мультифрукт №20;Поливитамины;;;;
ЦБ-00172082;ГЛС Ресвератрол капс. №60;Витамины д/сердечно-сосудистой системы;;;;
ЦБ-00184765;ГЛС Таурин 1000 капс. №120;Витамины д/сердечно-сосудистой системы;;;;
ЦБ-00143632;ГЛС Таурин 1000 капс. №90;Витамины д/сердечно-сосудистой системы;;;;
ЦБ-00174923;ГЛС Хлорелла капс. №90;Поливитамины;;;;
ЦБ-00162325;ГЛС Холин капс. №120;Препараты группы В, нейропротекторы;;;;
ЦБ-00033287;Глюкоза 5% 100мл Б.Браун (для ЛПУ);Инъекционные и инфузионные р-ры;;;;
ЦБ-00033056;Глюкоза 5% 200мл (2 порта);Инъекционные и инфузионные р-ры;;;;
ЦБ-00031385;Глюкоза 5% 250мл (2 порта);Инъекционные и инфузионные р-ры;;;;
ЦБ-00035458;Глюкоза 5% 500мл КП-1пп (для ЛПУ);Инъекционные и инфузионные р-ры;;;;
ЦБ-00127460;Глюкоза Браун р-р д/инф. 5% 1000мл №10 (для ЛПУ);Инъекционные и инфузионные р-ры;;;;
ЦБ-00001219;Глюкоза Браун р-р д/инф. 5% 250мл №1;Инъекционные и инфузионные р-ры;;;;
ЦБ-00037863;Глюкоза Браун р-р д/инф. 5% 250мл №10;Инъекционные и инфузионные р-ры;;;;
ЦБ-00032006;Глюкоза буфус р-р д/ин. 40% 10мл №10 Реневал;Инъекционные и инфузионные р-ры;;;;
РТ-00006404;Глюкоза буфус р-р д/ин. 40% 10мл №100;Инъекционные и инфузионные р-ры;;;;
ЦБ-00001230;Глюкоза р-р в/в 40% 10мл №10;Инъекционные и инфузионные р-ры;;;;
ЦБ-00001231;Глюкоза р-р в/в 40% 10мл №10;Инъекционные и инфузионные р-ры;;;;
ЦБ-00030010;Глюкоза р-р в/в 40% 10мл №10;Инъекционные и инфузионные р-ры;;;;
ЦБ-00030612;Глюкоза р-р в/в 40% 10мл №10;Инъекционные и инфузионные р-ры;;;;
ЦБ-00030928;Глюкоза р-р в/в 40% 10мл №10;Инъекционные и инфузионные р-ры;;;;
РТ-00001612;Глюкоза р-р в/в 40% 10мл №10;Инъекционные и инфузионные р-ры;;;;
ЦБ-00027043;Глюкоза р-р в/в 40% 10мл №10;Инъекционные и инфузионные р-ры;;;;
ЦБ-00033777;Глюкоза р-р в/в 40% 10мл №10;Инъекционные и инфузионные р-ры;;;;
ЦБ-00038919;Глюкоза р-р в/в 40% 10мл №10;Инъекционные и инфузионные р-ры;;;;
ЦБ-00029178;Глюкоза р-р в/в 40% 10мл №10;Инъекционные и инфузионные р-ры;;;;
ЦБ-00172664;Глюкоза р-р д/в/в введ. 400мг/мл 10мл амп. №10 Биосинтез;Инъекционные и инфузионные р-ры;;;;
ЦБ-00030008;Глюкоза р-р д/инф 5% 200 мл;Инъекционные и инфузионные р-ры;;;;
ЦБ-00160684;Глюкоза р-р д/инф 5% 200мл №30;Инъекционные и инфузионные р-ры;;;;
РТ-00010813;Глюкоза р-р д/инф. (инд. уп.) 5% 200мл №20;Инъекционные и инфузионные р-ры;;;;
ЦБ-00031695;Глюкоза р-р д/инф. 10% 200 мл;Инъекционные и инфузионные р-ры;;;;
ЦБ-00001224;Глюкоза р-р д/инф. 10% 200мл;Инъекционные и инфузионные р-ры;;;;
ЦБ-00001234;Глюкоза р-р д/инф. 10% 200мл;Инъекционные и инфузионные р-ры;;;;
ЦБ-00027243;Глюкоза р-р д/инф. 10% 200мл;Инъекционные и инфузионные р-ры;;;;
ЦБ-00015028;Глюкоза р-р д/инф. 10% 200мл;Инъекционные и инфузионные р-ры;;;;
ЦБ-00082207;Глюкоза р-р д/инф. 10% 200мл №28 (для ЛПУ);Инъекционные и инфузионные р-ры;;;;
ЦБ-00169951;Глюкоза р-р д/инф. 10% 250 мл №10 (для ЛПУ)Фармасинтез;Инъекционные и инфузионные р-ры;;;;
ЦБ-00160825;Глюкоза р-р д/инф. 10% 250мл №10;Инъекционные и инфузионные р-ры;;;;
ЦБ-00125490;Глюкоза р-р д/инф. 10% 250мл пакет;Инъекционные и инфузионные р-ры;;;;
ЦБ-00001235;Глюкоза р-р д/инф. 10% 400мл;Инъекционные и инфузионные р-ры;;;;
ЦБ-00015027;Глюкоза р-р д/инф. 10% 400мл;Инъекционные и инфузионные р-ры;;;;
ЦБ-00030006;Глюкоза р-р д/инф. 10% 400мл №12;Инъекционные и инфузионные р-ры;;;;
РТ-00014576;Глюкоза р-р д/инф. 10% 400мл №12;Инъекционные и инфузионные р-ры;;;;
ЦБ-00030007;Глюкоза р-р д/инф. 10% 500мл;Инъекционные и инфузионные р-ры;;;;
ЦБ-00150237;Глюкоза р-р д/инф. 10% 500мл;Инъекционные и инфузионные р-ры;;;;
ЦБ-00104905;Глюкоза р-р д/инф. 10% 500мл №10 (для ЛПУ);Инъекционные и инфузионные р-ры;;;;
ЦБ-00001225;Глюкоза р-р д/инф. 20% 250мл;Инъекционные и инфузионные р-ры;;;;
РТ-00008667;Глюкоза р-р д/инф. 20% 250мл №1 (для ЛП);Инъекционные и инфузионные р-ры;;;;
ЦБ-00001229;Глюкоза р-р д/инф. 5% 1000мл;Инъекционные и инфузионные р-ры;;;;
ЦБ-00021703;ГЛЮКОЗА Р-Р Д/ИНФ. 5% 200 МЛ №24;Инъекционные и инфузионные р-ры;;;;
ЦБ-00001226;Глюкоза р-р д/инф. 5% 200мл;Инъекционные и инфузионные р-ры;;;;
ЦБ-00001236;Глюкоза р-р д/инф. 5% 200мл;Инъекционные и инфузионные р-ры;;;;
ЦБ-00030009;Глюкоза р-р д/инф. 5% 200мл;Инъекционные и инфузионные р-ры;;;;
ЦБ-00021701;ГЛЮКОЗА Р-Р Д/ИНФ. 5% 200МЛ N28;Инъекционные и инфузионные р-ры;;;;
РТ-00006677;Глюкоза р-р д/инф. 5% 200мл №1;Инъекционные и инфузионные р-ры;;;;
ЦБ-00001227;Глюкоза р-р д/инф. 5% 200мл №28;Инъекционные и инфузионные р-ры;;;;
ЦБ-00038567;Глюкоза р-р д/инф. 5% 200мл №28;Инъекционные и инфузионные р-ры;;;;
ЦБ-00165598;Глюкоза р-р д/инф. 5% 200мл №32 (для ЛПУ);Инъекционные и инфузионные р-ры;;;;
ЦБ-00016687;Глюкоза р-р д/инф. 5% 250мл;Инъекционные и инфузионные р-ры;;;;
ЦБ-00027147;Глюкоза р-р д/инф. 5% 250мл;Инъекционные и инфузионные р-ры;;;;
РТ-00010089;Глюкоза р-р д/инф. 5% 250мл №1;Инъекционные и инфузионные р-ры;;;;
РТ-00002595;Глюкоза р-р д/инф. 5% 250мл №10;Инъекционные и инфузионные р-ры;;;;
ЦБ-00016688;Глюкоза р-р д/инф. 5% 400мл;Инъекционные и инфузионные р-ры;;;;
ЦБ-00001228;Глюкоза р-р д/инф. 5% 400мл;Инъекционные и инфузионные р-ры;;;;
ЦБ-00021704;ГЛЮКОЗА Р-Р Д/ИНФ. 5% 400МЛ N12;Инъекционные и инфузионные р-ры;;;;
ЦБ-00165599;Глюкоза р-р д/инф. 5% 400мл №16 (для ЛПУ) Мосфарм;Инъекционные и инфузионные р-ры;;;;
ЦБ-00021702;Глюкоза р-р д/инф. 5% 500мл;Инъекционные и инфузионные р-ры;;;;
РТ-00012533;Глюкоза р-р д/инф. 5% 500мл №1;Инъекционные и инфузионные р-ры;;;;
РТ-00008665;Глюкоза р-р д/инф. 5% 500мл №10 (для ЛПУ);Инъекционные и инфузионные р-ры;;;;
РТ-00001659;Глюкоза р-р д/инф. 5% 500мл №12;Инъекционные и инфузионные р-ры;;;;
ЦБ-00021700;ГЛЮКОЗА Р-Р Д/ИНФ. 5%-400МЛ N15;Инъекционные и инфузионные р-ры;;;;
ЦБ-00021697;Глюкоза р-р д/инф. амп. 40% 5мл №10;Инъекционные и инфузионные р-ры;;;;
РТ-00012545;Глюкоза р-р д/инф. полифлак Домус (инд. уп.) 5% 1000мл №10;Инъекционные и инфузионные р-ры;;;;
РТ-00003715;Глюкоза р-р д/инф. полифлак Домус (инд. уп.) 5% 200мл №1;Инъекционные и инфузионные р-ры;;;;
ЦБ-00035562;Глюкоза р-р д/инф. полифлак Домус (инд. уп.) 5% 400мл №1;Инъекционные и инфузионные р-ры;;;;
РТ-00003919;Глюкоза р-р д/инф. полифлак Домус (инд. уп.) 5% 500мл №1;Инъекционные и инфузионные р-ры;;;;
ЦБ-00104078;Глюкоза-Солофарм р-р д/инф. 5% 200мл №20 (для ЛПУ);Инъекционные и инфузионные р-ры;;;;
ЦБ-00097859;Глюкоза-Солофарм р-р д/инф. 5% 400мл №20 (для ЛПУ);Инъекционные и инфузионные р-ры;;;;
ЦБ-00001220;Глюкоза-Э р-р д/инф. 10% 200мл;Инъекционные и инфузионные р-ры;;;;
ЦБ-00001223;Глюкоза-Э р-р д/инф. 40% 10мл №10;Инъекционные и инфузионные р-ры;;;;
ЦБ-00025152;Глюкоза-Э р-р д/инф. 5% 100мл;Инъекционные и инфузионные р-ры;;;;
ЦБ-00001221;Глюкоза-Э р-р д/инф. 5% 200мл;Инъекционные и инфузионные р-ры;;;;
ЦБ-00001222;Глюкоза-Э р-р д/инф. 5% 400мл;Инъекционные и инфузионные р-ры;;;;
ЦБ-00021698;ГЛЮКОЗЫ Р-Р Д/ИНФ 100МГ/МЛ 200МЛ №28;Инъекционные и инфузионные р-ры;;;;
ЦБ-00021699;ГЛЮКОЗЫ Р-Р Д/ИНФ 100МГ/МЛ 400МЛ №15;Инъекционные и инфузионные р-ры;;;;
ЦБ-00108044;Глюкостерил р-р д/инф. 20% 500мл №10 (для ЛПУ);Инъекционные и инфузионные р-ры;;;;
ЦБ-00153139;Гозерелин-лонг имплантат 3.6 мг шприц-аппликаторы №1;Инъекционные и инфузионные р-ры;;;;
ЦБ-00177393;Голден Апотека Актив витаминс капс. №60;Поливитамины;;;;
ЦБ-00189522;Голден Апотека Антиоксидант капс. №60;Витамины д/сердечно-сосудистой системы;;;;
ЦБ-00178451;Голден Апотека Блюм Бьюти Эсспенс Дэй таб. №60;Поливитамины;;;;
ЦБ-00180379;Голден Апотека Блюм Бьюти Эсспенс Найт таб. №14;Поливитамины;;;;
ЦБ-00179467;Голден Апотека Брейнлайт капс. №60;Препараты группы В, нейропротекторы;;;;
ЦБ-00177302;Голден Апотека Бьюти Комплекс капс. №60;Поливитамины;;;;
ЦБ-00180570;Голден Апотека Вит. Д3 2000МЕ капс. №60;Витамин Д3;;;;
ЦБ-00180216;Голден Апотека вит. Д3/К2 капс. №60;Витамин Д3;;;;
ЦБ-00181610;Голден Апотека Вит. С капс. №60;Витамин С;;;;
ЦБ-00178157;Голден Апотека Вит. С таб. жеват. лимон №60;Витамин С;;;;
ЦБ-00176933;Голден Апотека Вит. С/имбирь таб. жеват. лимон №60;Витамин С;;;;
ЦБ-00172060;Голден Апотека витамин Д3 капс. №60;Витамин Д3;;;;
ЦБ-00185930;Голден Апотека В-компл.+Вит. С капс. №60;Препараты группы В, нейропротекторы;;;;
ЦБ-00178048;Голден Апотека Воркаут Буст капс. №60;Поливитамины;;;;
ЦБ-00182544;Голден Апотека Железо капс. №60;Препараты железа;;;;
ЦБ-00181849;Голден Апотека Магне В6 таб. №60;Препараты магния;;;;
ЦБ-00159787;Голдика Энергетический комплекс таб. №20;Поливитамины;;;;
ЦБ-00159788;Голдика Энергетический комплекс таб. №40;Поливитамины;;;;
ЦБ-00136746;Горная сибирь бальзам почечный б/алкогольный 250мл;Уроантисептики;;;;
ЦБ-00173184;Гороскоп любви презервативы с ароматом клубники №3;Презервативы;;;;
ЦБ-00192977;Гразолинд повязка мазев. нейтр. 10х20см №30;Повязка раневая;;;;
ЦБ-00194341;Гразолинд повязка мазев. нейтр. 20х20см №10;Повязка раневая;;;;
ЦБ-00168762;Гранд Фемели индовум капс. №30;Поливитамины;;;;
ЦБ-00192017;Граноген р-р для в/в и п/к введ. 300мкг/мл (30 млн МЕ/мл) 1,6мл фл. №5;Инъекционные и инфузионные р-ры;;;;
ЦБ-00174242;Граноген р-р для в/в и п/к введ. 300мкг/мл (30 млн МЕ/мл) 1мл фл. №5;Инъекционные и инфузионные р-ры;;;;
ЦБ-00154313;Грассберг Альфа липоевая к-та капс. №60;Поливитамины;;;;
ЦБ-00193452;Грассберг Антиоксидантная защита капс. №60;Поливитамины;;;;
ЦБ-00152019;Грассберг Витамин Д3 10мкг 400МЕ капли 50мл;Витамин Д3;;;;
ЦБ-00161315;Грассберг Витамин Д3 15мкг 600МЕ капс. №90;Витамин Д3;;;;
ЦБ-00190629;Грассберг Витамин Д3/К2 таб. №60;Витамин Д3;;;;
ЦБ-00162960;Грассберг Витамин С капс. 500мг №60;Витамин С;;;;
ЦБ-00153461;Грассберг Имму Буст витаминно-минеральный комплекс капс. №60;Поливитамины;;;;
ЦБ-00158131;Грассберг Кальциум 600 + Д3 + Цинк + Витамин К таб. №60;Поливитамины;;;;
ЦБ-00155639;Грассберг Кальциум 600 + Д3 + Цинк + Витамин К таб. №90;Поливитамины;;;;
ЦБ-00167481;Грассберг Комплекс железа капс. №60;Препараты железа;;;;
ЦБ-00152032;Грассберг Магний премиум+B6 капс. №60;Поливитамины;;;;
ЦБ-00163736;Грассберг мультивитамины и минералы капс. №60;Поливитамины;;;;
ЦБ-00166721;Грассберг мультивитамины и минералы капс. №90;Поливитамины;;;;
ЦБ-00176956;Грассберг поддержка суставов капс. №60;Поливитамины;;;;
ЦБ-00167841;Гринтор вит.С 900мг таб. №20;Витамин С;;;;
ЦБ-00169916;Гринтор Витус энергия таб. №20;Витамин С;;;;
ЦБ-00122550;Гриповита имуно леденец 10гр №1;Драже, леденцы;;;;
ЦБ-00176273;Гросс Хелф Витамин Д3 капс.№60;Витамин Д3;;;;
ЦБ-00175773;Гросс Хелф Витамин С таб. шип. 1000мг №20;Витамин С;;;;
ЦБ-00194644;Гросс Хелф витаминно-минеральный компл. с антиоксид. в сезон простуд д/дет. таб. №50;Поливитамины;;;;
ЦБ-00175937;Гросс Хелф витамины и минералы от А до цинка таб. п/о №30;Поливитамины;;;;
ЦБ-00164972;Гроссхертц вит. Д3 + вит. К1 и К2 таб. шип. лимон №20;Витамин Д3;;;;
ЦБ-00178490;Гроссхертц Вит. С/Вит. Д/Цинк/Селен таб. шип. №20;Поливитамины;;;;
ЦБ-00162294;Гроссхертц вит.Д3 2000МЕ + вит. К2 таб. жеват. №60;Поливитамины;;;;
ЦБ-00155672;Гроссхертц Витамин С таб. шип. 1000мг №20;Витамин С;;;;
ЦБ-00154407;Гроссхертц Витамин С таб. шип. 200мг №20;Витамин С;;;;
ЦБ-00169933;Гроссхертц Витамины группы В таб. шип. апельсин №20;Препараты группы В, нейропротекторы;;;;
ЦБ-00171243;Гроссхертц Витамины группы В форте таб. п/о №30;Препараты группы В, нейропротекторы;;;;
ЦБ-00162937;Гроссхертц железо + вит. С/В6/В12/В9 таб. шип. апельсин №20;Поливитамины;;;;
ЦБ-00164619;Гроссхертц магний с вит.В6 таб. шип. лимон №20;Препараты магния;;;;
ЦБ-00166918;Гроссхертц Магний форте таб. №60;Препараты магния;;;;
ЦБ-00166879;Гроссхертц Магний форте таб. №90;Препараты магния;;;;
ЦБ-00179666;Гроссхертц Магний+В6 таб. №40;Препараты магния;;;;
ЦБ-00163385;Гроссхертц Премиум вит.Д3 2000МЕ капс. №60;Витамин Д3;;;;
ЦБ-00180543;Гроссхертц Селен/Цинк Актив таб. №60;Поливитамины;;;;
ЦБ-00182005;Гроссхертц Цинк/Вит. С таб. №50;Поливитамины;;;;
ЦБ-00154628;Гроссхерц Витамин Д3 2000МЕ капс. №30;Витамин Д3;;;;
ЦБ-00160846;Гроссхерц Витамин Д3 2000МЕ капс. №90;Витамин Д3;;;;
ЦБ-00155865;Гроссхерц Витамин С 1200МЕ таб. шип.  №20;Витамин С;;;;
ЦБ-00179986;Гроссхерц Витамин С 200мг таб. №20;Витамин С;;;;
ЦБ-00187682;Гроссхерц Витамин.- минер. компл. д/подростков  таб. шип. №18;Поливитамины;;;;
ЦБ-00162838;Гроссхерц витамины и минералы от А до Zn таб. №30;Поливитамины;;;;
ЦБ-00158295;Гроссхерц В-комплекс таб. п/о №30;Препараты группы В, нейропротекторы;;;;
ЦБ-00160315;Гроссхерц Магний+Вит. В6 р-р 100мл;Препараты магния;;;;
ЦБ-00185575;Гроссхерц Мультивит. Актив таб. шип. №20;Поливитамины;;;;
ЦБ-00136754;Губка Боб Леденцы б/сахара барбарис 55г;Драже, леденцы;;;;
ЦБ-00136756;Губка Боб Леденцы б/сахара малина 55г;Драже, леденцы;;;;
ЦБ-00151905;Гуслица леденцы д/горла вит. С + черн. смородина №9;Драже, леденцы;;;;
ЦБ-00153369;Гуслица леденцы д/горла вит. С лимон/мята №9;Драже, леденцы;;;;
ЦБ-00023650;Д3 ВИТ БЭБИ КАПС. 366МГ N20;Витамин Д3;;;;
ЦБ-00195190;Д3 Кроно 2000МЕ капс. №30;Витамин Д3;;;;
ЦБ-00194950;Д3 Кроно 2000МЕ капс. №60;Витамин Д3;;;;
ЦБ-00036866;Д3вит беби капс. 366 мг №30;Витамин Д3;;;;
ЦБ-00171553;Д3-Трмлонг 500МЕ капс. жеват. банан №30;Витамин Д3;;;;
ЦБ-00070423;Дакарбазин Медак лиоф. пригот. р-ра д/в/в 200мг №10;Инъекционные и инфузионные р-ры;;;;
ЦБ-00017112;Далацин крем ваг. 2% 20г  (+3 апплик);Гинекологические п/воспалительные ср-ва наружные;;;;
ЦБ-00001287;Далацин крем ваг. 2% 20г  (+3 апплик);Гинекологические п/воспалительные ср-ва наружные;;;;
ЦБ-00007140;Далацин крем ваг. 2% 40г  (+7апплик);Гинекологические п/воспалительные ср-ва наружные;;;;
ЦБ-00001288;Далацин супп. ваг. 100мг №3;Гинекологические п/воспалительные ср-ва наружные;;;;
ЦБ-00168686;Дансон вит.С + цинк таб. шип. №20;Витамин С;;;;
ЦБ-00160810;Даптомицин ПСК лиоф. д/р-ра в/в 350мг №1;Антибактериальные средства инъекционные р-ры;;;;
ЦБ-00159664;Даптомицин ПСК лиоф. д/р-ра в/в 500мг №1;Антибактериальные средства инъекционные р-ры;;;;
ЦБ-00182221;Девилам таб. п/п/о 10000МЕ №30;Витамин Д3;;;;
ЦБ-00173305;Девилам таб. п/п/о 50000МЕ №8;Витамин Д3;;;;
ЦБ-00173613;Девилам таб. п/п/о 5000МЕ №30;Витамин Д3;;;;
ЦБ-00150301;Дегидрокверцитин таб. п/о №30;Витамины д/сердечно-сосудистой системы;;;;
ЦБ-00190267;Дезерия таб. п/п/о 75мкг №28;Пероральные контрацептивы;;;;
РТ-00010616;Дейли 1 таб. п/о 1060мг №100;Поливитамины;;;;
ЦБ-00026508;ДЕЙЛИ УАН N30;Поливитамины;;;;
ЦБ-00179357;Дексел Витамин Д3 1000МЕ спрей 15мл;Витамин Д3;;;;
ЦБ-00191229;Дексмедетомидин конц. д/приг.р-ра д/инф.100мкг/мл 2мл фл. №5;Инъекционные и инфузионные р-ры;;;;
ЦБ-00150314;Дексмедетомидин ЭВЕР Фарма  конц.д/р-ра д/инф.100мкг/мл 2мл №5;Инъекционные и инфузионные р-ры;;;;
РТ-00006407;Делсия таб. п/о №21;Пероральные контрацептивы;;;;
ЦБ-00120118;Делсия таб. п/о №21*3;Пероральные контрацептивы;;;;
ЦБ-00187773;Дельфанто салф. влажн. стер. д/ухода за веками без аромат./консерв. №28;Салфетки стерильные;;;;
ЦБ-00174906;Деметодин конц. д/приг. р-ра д/инф. 100 мкг/мл 2 мл амп. №5;Инъекционные и инфузионные р-ры;;;;
ЦБ-00001321;Демидовский эликсир 250мл;Поливитамины;;;;
ЦБ-00001332;Депантол супп. ваг. №10;Гинекологические п/воспалительные ср-ва наружные;;;;
ЦБ-00159131;Депантол супп.ваг. 100мг+16мг №20;Гинекологические п/воспалительные ср-ва наружные;;;;
ЦБ-00176483;Депетра таб. шип. №20;Уроантисептики;;;;
ЦБ-00127038;Дермапласт пластырь инъекционный 4*1,6см №250;Бактерицидный;;;;
РТ-00010934;Дерматикс повязка силикон на ткан. основе 4х13см №1;Повязка раневая;;;;
ЦБ-00023270;Дерматикс повязка силикон прозрачная 4х13см №1;Повязка раневая;;;;
ЦБ-00024993;ДЕРМАТИКС ПОВЯЗКА ТКАНЕВАЯ 13*25СМ;Повязка раневая;;;;
ЦБ-00122719;Детрилан витамин Д3 капли д/приема внутрь 50мл;Витамин Д3;;;;
ЦБ-00119613;Детримакс 1000 Витамин Д3 таб. п/о №30;Витамин Д3;;;;
РТ-00014774;Детримакс 1000 Витамин Д3 таб. п/о №60;Витамин Д3;;;;
РТ-00014582;Детримакс 2000 Витамин Д3 таб. п/о 240мг №60;Витамин Д3;;;;
ЦБ-00066307;Детримакс Актив р-р 30мл;Витамин Д3;;;;
РТ-00006776;Детримакс Витамин Д3 таб. п/о 230мг №30;Витамин Д3;;;;
РТ-00006204;Детримакс Витамин Д3 таб. п/о 230мг №60;Витамин Д3;;;;
ЦБ-00193018;Детримакс Д3 форте таб. №60;Витамин Д3;;;;
ЦБ-00166726;Детримакс Нейчрал Витамин Д3 2000МЕ капс. №60;Витамин Д3;;;;
ЦБ-00187418;Детримакс Остео таб. №60;Витамин Д3;;;;
ЦБ-00156878;Детримакс Тетра таб. п/о №60;Витамин Д3;;;;
ЦБ-00148858;Детримарин капс. №60;Витамин Д3;;;;
ЦБ-00128302;Детримед Д3 витамин Д3 500МЕ 10мл;Витамин Д3;;;;
ЦБ-00132960;Детримед Д3 витамин Д3 капли д/приема внутрь взросл. 10мл;Витамин Д3;;;;
ЦБ-00154396;Детромбин® р-р д/подкожн. введ. 9500 анти-Ха МЕ/мл шприц 0,3 №10;Инъекционные и инфузионные р-ры;;;;
РТ-00000971;Детская оправа 2265 синий;Очки готовые;;;;
РТ-00000972;Детская оправа 8803 с2;Очки готовые;;;;
РТ-00000973;Детская оправа Kaidi 004 c2;Очки готовые;;;;
РТ-00000974;Детская оправа Kaidi 005 c1702;Очки готовые;;;;
РТ-00000975;Детская оправа Kids 8811 c7;Очки готовые;;;;
РТ-00000976;Детская оправа o-Happy;Очки готовые;;;;
РТ-00000977;Детская оправа o-титан y627 с02;Очки готовые;;;;
РТ-00000978;Детская оправа антивандал L- 1015 белый;Очки готовые;;;;
РТ-00000979;Детская оправа пластмассовая Nikitana;Очки готовые;;;;
ЦБ-00165744;Децефим пор. д/приг. р-ра д/в/в и в/м введ. 1 г фл. №10 Фармасинтез;Антибактериальные средства инъекционные р-ры;;;;
ЦБ-00118909;Джадену таб. п/п/о 180 мг № 90;Препараты железа;;;;
ЦБ-00131564;Джейк Витаминкэнди леденцы Виноград 18г;Драже, леденцы;;;;
ЦБ-00142693;Джейк Витаминкэнди леденцы зеленый чай 18г;Драже, леденцы;;;;
ЦБ-00131463;Джейк Витаминкэнди леденцы Кокос 18г;Драже, леденцы;;;;
ЦБ-00131484;Джейк Витаминкэнди леденцы Малина 18г;Драже, леденцы;;;;
ЦБ-00131461;Джейк Витаминкэнди леденцы Манго 18г;Драже, леденцы;;;;
ЦБ-00131462;Джейк Витаминкэнди леденцы Мандарин 18г;Драже, леденцы;;;;
ЦБ-00131410;Джейк Витаминкэнди леденцы Персик 18г;Драже, леденцы;;;;
ЦБ-00129659;Джейк Витаминкэнди леденцы яблоко 18г;Драже, леденцы;;;;
ЦБ-00137564;Джейк Минтс Пепперм леденцы 18г;Драже, леденцы;;;;
ЦБ-00163815;Джейна таб. п/п/о 3 мг+0,02 мг №28;Пероральные контрацептивы;;;;
ЦБ-00016553;Дженем 1000мг №1;Антибактериальные средства инъекционные р-ры;;;;
ЦБ-00131893;Джент спрей д/приема внутрь доз. 12,5мг/доза 5мл (32 доза);Ср-ва при эректильной дисфункции, влияющие на либидо;;;;
ЦБ-00185568;Джермук минер. вода стекло 0,5л;Минеральная вода;;;;
ЦБ-00001351;Джес плюс таб. №28;Пероральные контрацептивы;;;;
РТ-00002621;Джес плюс таб. №84;Пероральные контрацептивы;;;;
ЦБ-00001352;Джес таб. №28;Пероральные контрацептивы;;;;
ЦБ-00039909;Джес флекс-картридж таб. п/о №30;Пероральные контрацептивы;;;;
ЦБ-00179226;Джойер Премиум Витамин Д3 2000МЕ капс. №90;Витамин Д3;;;;
ЦБ-00177433;Джойер Премиум Магний В6 капс. №120;Препараты магния;;;;
ЦБ-00183008;Джэрроу Формулас Л-Лизин 500мг №100;Витамины д/сердечно-сосудистой системы;;;;
ЦБ-00186215;Джэрроу Формулас Магнезум Оптимайзер таб. №200;Препараты магния;;;;
ЦБ-00169070;Джэрроу Формулас Таурин капс. №100;Витамины д/сердечно-сосудистой системы;;;;
ЦБ-00030941;Диавит.Апельсин пор д/напитк б/сах 15г №3 ПК [Аванта];Поливитамины;;;;
ЦБ-00030944;Диавит.Малина пор д/напитк б/сах 15г №3 ПК [Аванта];Поливитамины;;;;
ЦБ-00030942;Диавит.Черная Смородина пор д/напитк б/сах 15г №3 ПК [Аванта];Поливитамины;;;;
ЦБ-00001366;Диане-35 др. №21;Пероральные контрацептивы;;;;
ЦБ-00186748;Дивиа бинт стер. мед. неткан. с неосып. краями 5мх10см;Бинты;;;;
ЦБ-00176128;Дивиа отрез мед. н/ткан. н/стер. 0,9х10м;Бинты;;;;
ЦБ-00168827;Дивиа отрез мед. н/ткан. н/стер. 0,9х5м;Бинты;;;;
ЦБ-00171727;Дивиа салфет. н/ткан. стер. 4 сложения 10х10см №10;Салфетки стерильные;;;;
ЦБ-00186270;Дивиа салфет. н/ткан. стер. 4 сложения 7,5х7,5см №2;Салфетки стерильные;;;;
ЦБ-00148940;Дигестол повязка биологическая 10*10см;Повязка раневая;;;;
ЦБ-00164789;Дигестол повязка биологическая 10х10см №10;Повязка раневая;;;;
ЦБ-00142947;Дигестол повязка биологическая 5*5см;Повязка раневая;;;;
ЦБ-00188913;Дидроменс таб. п/п/о 10мг №20;Заместительная гормональная терапия;;;;
ЦБ-00188691;Дидроменс таб. п/п/о 10мг №28;Заместительная гормональная терапия;;;;
ЦБ-00191514;Диетелле НМН+Коэнзим  капс. №30;Поливитамины;;;;
ЦБ-00172433;Диетелле Супер В-комплекс капс. №30;Препараты группы В, нейропротекторы;;;;
ЦБ-00193888;Диетелли Ватамин Д3 500МЕ фл. 30мл;Витамин Д3;;;;
ЦБ-00192411;Диетелли Магния Л-треонат капс. №90;Препараты магния;;;;
ЦБ-00193233;Диетелли Магния Малат/В6  капс. №60;Препараты магния;;;;
ЦБ-00189807;Диетелли Эксперт Супер Магний компл. таб. №60;Препараты магния;;;;
ЦБ-00035764;Диециклен таб. п/о № 21;Пероральные контрацептивы;;;;
ЦБ-00035765;Диециклен таб. п/о № 21*3;Пероральные контрацептивы;;;;
РТ-00007029;Диксин р-р д/ин. 1% 10мл №10;Антибактериальные средства инъекционные р-ры;;;;
ЦБ-00001442;Димиа таб. 3мг+0.02мг №28;Пероральные контрацептивы;;;;
ЦБ-00021716;Димиа таб. 3мг+0.02мг №84;Пероральные контрацептивы;;;;
ЦБ-00165920;Динадекс р-р д/инф. 10% 200мл №1;Инъекционные и инфузионные р-ры;;;;
ЦБ-00007254;Динамизан таб. №30;Поливитамины;;;;
РТ-00006745;Динамико Лонг таб. п/о 20мг №1;Ср-ва при эректильной дисфункции, влияющие на либидо;;;;
РТ-00005775;Динамико Лонг таб. п/о 20мг №2;Ср-ва при эректильной дисфункции, влияющие на либидо;;;;
ЦБ-00161336;Динамико Лонг таб. п/о 20мг №8;Ср-ва при эректильной дисфункции, влияющие на либидо;;;;
РТ-00006992;Динамико Лонг таб. п/о 5мг №14;Ср-ва при эректильной дисфункции, влияющие на либидо;;;;
РТ-00009500;Динамико Лонг таб. п/о 5мг №28;Ср-ва при эректильной дисфункции, влияющие на либидо;;;;
ЦБ-00161347;Динамико Лонг таб. п/п/о 20мг №4;Ср-ва при эректильной дисфункции, влияющие на либидо;;;;
ЦБ-00001444;Динамико таб.  п/о 100мг №4;Ср-ва при эректильной дисфункции, влияющие на либидо;;;;
ЦБ-00001443;Динамико таб. п.о 100мг №1;Ср-ва при эректильной дисфункции, влияющие на либидо;;;;
ЦБ-00007255;Динамико таб. п.о 25мг №1;Ср-ва при эректильной дисфункции, влияющие на либидо;;;;
ЦБ-00001445;Динамико таб. п.о 50мг №1;Ср-ва при эректильной дисфункции, влияющие на либидо;;;;
ЦБ-00001446;Динамико таб. п.о 50мг №4;Ср-ва при эректильной дисфункции, влияющие на либидо;;;;
ЦБ-00142114;Динамико таб. п/п/о 100мг №12;Ср-ва при эректильной дисфункции, влияющие на либидо;;;;
ЦБ-00142790;Динамико таб. п/п/о 50мг №12;Ср-ва при эректильной дисфункции, влияющие на либидо;;;;
РТ-00002208;Динамико Форвард пленки 100мг №1;Ср-ва при эректильной дисфункции, влияющие на либидо;;;;
РТ-00002209;Динамико Форвард пленки 100мг №2;Ср-ва при эректильной дисфункции, влияющие на либидо;;;;
РТ-00002211;Динамико Форвард пленки 50мг №1;Ср-ва при эректильной дисфункции, влияющие на либидо;;;;
РТ-00002210;Динамико Форвард пленки 50мг №2;Ср-ва при эректильной дисфункции, влияющие на либидо;;;;
РТ-00013546;Динамико Форвард пленки 50мг №4;Ср-ва при эректильной дисфункции, влияющие на либидо;;;;
ЦБ-00185559;Дио вода питьевая 0,5л;Минеральная вода;;;;
ЦБ-00185560;Дио вода питьевая 0,7л;Минеральная вода;;;;
ЦБ-00185558;Дио вода питьевая 1,5л;Минеральная вода;;;;
ЦБ-00151242;Диоксидилар р-р в/полост. введ. и наруж. прим. 1% 5мл №10;Антибактериальные средства инъекционные р-ры;;;;
ЦБ-00150384;Диоксидилар р-р для внутриполостного введ. и наруж. применения 5 мг/мл 5мл №10;Антибактериальные средства инъекционные р-ры;;;;
ЦБ-00151809;Диоксидин р-р д/внутриполост. введ. мест., наруж. прим. 0,5% буфус 10мл №10;Антибактериальные средства инъекционные р-ры;;;;
ЦБ-00148038;Диоксидин р-р д/внутриполост. введ. мест., наруж. прим. 1% буфус 10мл №10;Антибактериальные средства инъекционные р-ры;;;;
ЦБ-00019933;Диоксидин р-р д/ин. 0,5% 10мл №10;Антибактериальные средства инъекционные р-ры;;;;
ЦБ-00007256;Диоксидин р-р д/ин. 0,5% 10мл №10;Антибактериальные средства инъекционные р-ры;;;;
ЦБ-00007257;Диоксидин р-р д/ин. 0,5% 10мл №10;Антибактериальные средства инъекционные р-ры;;;;
ЦБ-00017459;Диоксидин р-р д/ин. 0,5% 5мл №10;Антибактериальные средства инъекционные р-ры;;;;
ЦБ-00001450;Диоксидин р-р д/ин. 0,5% 5мл №10;Антибактериальные средства инъекционные р-ры;;;;
ЦБ-00024320;Диоксидин р-р д/ин. 0,5% 5мл №10;Антибактериальные средства инъекционные р-ры;;;;
ЦБ-00007258;Диоксидин р-р д/ин. 1% 10мл №1;Антибактериальные средства инъекционные р-ры;;;;
ЦБ-00001452;Диоксидин р-р д/ин. 1% 10мл №10;Антибактериальные средства инъекционные р-ры;;;;
ЦБ-00001453;Диоксидин р-р д/ин. 1% 10мл №10;Антибактериальные средства инъекционные р-ры;;;;
ЦБ-00001455;Диоксидин р-р д/ин. 1% 10мл №10;Антибактериальные средства инъекционные р-ры;;;;
ЦБ-00001451;Диоксидин р-р д/ин. 1% 10мл №10;Антибактериальные средства инъекционные р-ры;;;;
ЦБ-00039327;Диоксидин р-р д/ин. 1% 10мл №3;Антибактериальные средства инъекционные р-ры;;;;
ЦБ-00016699;Диоксидин р-р д/ин. 1% 5мл №10;Антибактериальные средства инъекционные р-ры;;;;
ЦБ-00015708;Диоксидин р-р д/ин. 1% 5мл №10;Антибактериальные средства инъекционные р-ры;;;;
РТ-00008038;Диоксидин р-р д/ин. 1% 5мл №10;Антибактериальные средства инъекционные р-ры;;;;
ЦБ-00001454;Диоксидин р-р д/ин. 1% 5мл №10;Антибактериальные средства инъекционные р-ры;;;;
РТ-00000800;Диоксидин р-р д/ин. 1% 5мл №3;Антибактериальные средства инъекционные р-ры;;;;
ЦБ-00147674;Диоксидин р-р д/инф. и наруж. прим. 0,5% 10мл №10;Антибактериальные средства инъекционные р-ры;;;;
ЦБ-00106737;Диоксисепт р-р в/полостн., наружн. 10мг/мл 10мл №10 амп.;Антибактериальные средства инъекционные р-ры;;;;
ЦБ-00093144;Дисоль р-ор д/инф. 200мл №24 (для ЛПУ);Инъекционные и инфузионные р-ры;;;;
ЦБ-00016700;Дисоль р-р д/ин. 200мл;Инъекционные и инфузионные р-ры;;;;
ЦБ-00149414;Дисоль р-р д/инф. 200мл №20;Инъекционные и инфузионные р-ры;;;;
ЦБ-00169075;Дисоль р-р д/инф. 400мл №12 (для ЛПУ);Инъекционные и инфузионные р-ры;;;;
ЦБ-00150365;Дисоль р-р д/инф. 400мл №20;Инъекционные и инфузионные р-ры;;;;
РТ-00001607;Дисоль р-р ин. 200мл №28;Инъекционные и инфузионные р-ры;;;;
ЦБ-00016046;Дисоль р-р инф 200мл;Инъекционные и инфузионные р-ры;;;;
ЦБ-00039770;Дисоль р-р инф 400мл №15;Инъекционные и инфузионные р-ры;;;;
ЦБ-00145815;Дисоль р-р инф. 200мл;Инъекционные и инфузионные р-ры;;;;
ЦБ-00133741;Дисоль р-р инф. 400мл;Инъекционные и инфузионные р-ры;;;;
ЦБ-00143226;Диунорм капс. №30;Уроантисептики;;;;
ЦБ-00183512;ДляЖенс дюфа таб.п/п/о 10мг №28;Заместительная гормональная терапия;;;;
ЦБ-00157744;ДляЖенс метри таб. 2мг №28;Заместительная гормональная терапия;;;;
ЦБ-00158244;ДляЖенс про капс. 100мг №28;Заместительная гормональная терапия;;;;
ЦБ-00158273;ДляЖенс про капс. 200мг №14;Заместительная гормональная терапия;;;;
РТ-00013828;ДНЦ дрожжи д/роста волос 100мл;Поливитамины;;;;
ЦБ-00021302;ДОБРЫЕ ТРАДИЦИИ ЛЕДЕНЕЦ ПЕТУШОК №50;Драже, леденцы;;;;
ЦБ-00024096;ДОБРЫЕ ТРАДИЦИИ ЛЕДЕНЕЦ ПЕТУШОК №50;Драже, леденцы;;;;
ЦБ-00168338;Добрый доктор Ессентуки №17 вода минеральная стекло 450мл;Минеральная вода;;;;
ЦБ-00176186;Докапласт лейкопластырь без лек. аппликаций 8х15см №25;Бактерицидный;;;;
ЦБ-00144085;Докапласт лейкопластырь стер. а/микроб. глазной дет. с мирамистином 5*6,7см №50;Бактерицидный;;;;
ЦБ-00142362;Докапласт лейкопластырь стер. а/микроб. глазной с мирамистином 5,9*8,5см №50;Бактерицидный;;;;
ЦБ-00138479;Докапласт лейкопластырь стер. а/микроб. с мирамистином 10*20см №25;Бактерицидный;;;;
ЦБ-00127703;Докапласт лейкопластырь стер. а/микроб. с мирамистином 10*20см №5;Бактерицидный;;;;
ЦБ-00182660;Докапласт повязка пласт. типа впит. стер. 10х20см подуш. 5,5х15см №25;Бактерицидный;;;;
ЦБ-00190403;Доктор Бэст Железа хелат таб. №120;Препараты железа;;;;
ЦБ-00159527;Доктор Бэст Магния хелат таб. №120;Препараты магния;;;;
ЦБ-00157442;Доктор Животов витамин Д3 1000 МЕ фл. 30мл;Витамин Д3;;;;
ЦБ-00153782;Доктор Животов витамин Д3 2000 МЕ капс. №120;Витамин Д3;;;;
ЦБ-00176726;Доктор Зубарева вит. Д3/вит. К2 5000МЕ капс. №90;Витамин Д3;;;;
ЦБ-00179687;Доктор Зубарева вит. С капс. №60;Витамин С;;;;
ЦБ-00172125;Доктор Зубарева вит.Д3 + вит.К2 10000МЕ капс. №90;Витамин Д3;;;;
ЦБ-00173012;Доктор Зубарева вит.Д3 + вит.К2 2000МЕ капс. №90;Витамин Д3;;;;
ЦБ-00178818;Доктор Зубарева вит.Д3 500МЕ флак. дозатор 30мл;Витамин Д3;;;;
ЦБ-00173457;Доктор Зубарева Витамины группы В капс. №60;Препараты группы В, нейропротекторы;;;;
ЦБ-00176221;Доктор Зубарева железо бисглицинат хелат капс. №60;Препараты железа;;;;
ЦБ-00179135;Доктор Зубарева Магний хелат+В6 капс. №60;Препараты магния;;;;
ЦБ-00179542;Доктор Зубарева Магний цитрат+В6 капс. №60;Препараты магния;;;;
ЦБ-00172706;Доктор Зубарева Магний+ капс. №60;Препараты магния;;;;
ЦБ-00192637;Доктор Зубарева НМН Сиртумид капс. №60;Витамины д/сердечно-сосудистой системы;;;;
ЦБ-00007412;Доктор Конфеткин драже в шоколаде обогащенное с черникой и витамином А 100г;Драже, леденцы;;;;
ЦБ-00007411;Доктор Конфеткин с железом драже 100,0;Драже, леденцы;;;;
ЦБ-00176886;Доктор маг таб. №20;Препараты магния;;;;
ЦБ-00164066;Доктор Майбо вит. Д3 таб. №120;Витамин Д3;;;;
ЦБ-00168819;Доктор Майбо магний + В6 капс. №90;Препараты магния;;;;
ЦБ-00171815;Доктор Море вит. Д3 + К2 капс. №60;Витамин Д3;;;;
ЦБ-00181065;Доктор Море В-комплекс оптимум капс. №60;Препараты группы В, нейропротекторы;;;;
ЦБ-00189845;Доктор Море Глуатион/Селен/вит. Е капс. №30;Поливитамины;;;;
ЦБ-00178772;Доктор Море Железа Хелат капс. №90;Препараты железа;;;;
ЦБ-00194290;Доктор Море жиросжигатель максимум капс. №60;Поливитамины;;;;
ЦБ-00120182;Доктор Море кардиозащита капс.№30;Витамины д/сердечно-сосудистой системы;;;;
ЦБ-00171258;Доктор Море Магне + В6 капс.№60;Препараты магния;;;;
ЦБ-00180915;Доктор Море магний хелат оптимум тверд. жел. капс. №60;Препараты магния;;;;
ЦБ-00187558;Доктор Море магний цитрат+В6 оптимум капс. №120;Препараты магния;;;;
ЦБ-00177255;Доктор Море магний цитрат+В6 оптимум капс. №60;Препараты магния;;;;
ЦБ-00189573;Доктор Море Экстра молодость капс 500мг №120;Поливитамины;;;;
ЦБ-00038190;Доктор Море Экстра молодость капс 500мг №40;Поливитамины;;;;
ЦБ-00038736;Доктор Море Экстра сила капс  500мг №30;Поливитамины;;;;
ЦБ-00194580;Доктор Мясников дигидрокверцитин с калием/магнием/вит. В6 капс. №30;Поливитамины;;;;
ЦБ-00195238;Доктор Мясников Железа Хелат биодоступное капс. №30;Препараты железа;;;;
ЦБ-00195008;Доктор Мясников Комплекс вит. гр. В/глицин капс. №30;Препараты группы В, нейропротекторы;;;;
ЦБ-00168025;Доктор Скални Лаборатори био-калий капс. №60;Витамины д/сердечно-сосудистой системы;;;;
ЦБ-00153613;Доктор Столетов леднцы мед шалфей 60г;Драже, леденцы;;;;
ЦБ-00153095;Доктор Столетов леднцы ментол-эвкалипт 60г;Драже, леденцы;;;;
ЦБ-00157028;Доктор Тайсс леденцы 75г (Швейцарские травы с медом/вит. С);Драже, леденцы;;;;
ЦБ-00191421;Доктор Томсон Вит. Д3/К2 жидк. с дозат.-кап. 20мл;Витамин Д3;;;;
ЦБ-00001520;Долголет таб. 500мг №160;Поливитамины;;;;
ЦБ-00015783;Долголет тб 500мг №40;Поливитамины;;;;
ЦБ-00006750;Донат Магний вода минеральная газ.1л;Минеральная вода;;;;
ЦБ-00006752;Донат Магний вода минеральная н/газ. 0,5л;Минеральная вода;;;;
ЦБ-00154826;Доппельгерц B-комплекс таб. №30;Препараты группы В, нейропротекторы;;;;
РТ-00012450;Доппельгерц Актив L-карнитин + Витамин В2 таб.шип со вкусом лимона №15;Поливитамины;;;;
ЦБ-00001531;Доппельгерц Актив L-карнитин + Магний таб. №30;Поливитамины;;;;
ЦБ-00016256;Доппельгерц Актив Антиоксидантный Комплекс с Зеленым Чаем капс 600мг №30;Поливитамины;;;;
ЦБ-00001553;Доппельгерц Актив Антиоксидантный чай Бузина Витамин С+ Цинк саше15г№10;Поливитамины;;;;
ЦБ-00007339;Доппельгерц Актив Антистресс таб. 375мг №30;Поливитамины;;;;
ЦБ-00176644;Доппельгерц Актив Вит. В12 таб. для рассасывания №60;Препараты группы В, нейропротекторы;;;;
ЦБ-00165112;Доппельгерц Актив вит. Д3 500МЕ капли фл. с капельницей-дозатором 9,2мл;Витамин Д3;;;;
ЦБ-00007341;Доппельгерц Актив вит.С + цинк таб. шип. красный апельсин/гранат №15;Поливитамины;;;;
ЦБ-00131099;Доппельгерц Актив Витамин D 1000МЕ таб. №30;Витамин Д3;;;;
ЦБ-00134632;Доппельгерц Актив Витамин Д 1000МЕ таб. №30;Витамин Д3;;;;
ЦБ-00038548;Доппельгерц Актив Витамин Д 400МЕ таб. №45;Витамин Д3;;;;
ЦБ-00159045;Доппельгерц Актив Витамин С+Д3 таб. №30;Поливитамины;;;;
ЦБ-00155411;Доппельгерц Актив Витамин С+Д3 таб. шипучие со вкус. лимона №15;Поливитамины;;;;
ЦБ-00039288;Доппельгерц Актив витамины д/вегатарианцев таб. №30;Поливитамины;;;;
ЦБ-00016255;Доппельгерц Актив Глицин+Вит. группы В капс 610мг №30;Препараты группы В, нейропротекторы;;;;
ЦБ-00150224;Доппельгерц Актив железо+витамин С+гистидин+фолиевая кислота таб. №30;Препараты железа;;;;
ЦБ-00001539;Доппельгерц Актив Капилляр капс. №60;Витамины д/сердечно-сосудистой системы;;;;
ЦБ-00141264;Доппельгерц Актив Капилляр форте капс. №30;Витамины д/сердечно-сосудистой системы;;;;
ЦБ-00001542;Доппельгерц Актив Магний+Вит. группы B таб. №30;Препараты магния;;;;
РТ-00003526;Доппельгерц Актив Магний+Вит. группы B таб. шипучие Лимон/Грейпфрут №15;Препараты магния;;;;
ЦБ-00001543;Доппельгерц Актив Магний+Калий таб. №30;Витамины д/сердечно-сосудистой системы;;;;
ЦБ-00015880;Доппельгерц Актив Магний+Калий таб. шипучие Грейпфрут/Лимон №15;Витамины д/сердечно-сосудистой системы;;;;
ЦБ-00015197;Доппельгерц Актив Магний+Калий тб шпч грейпфр/лимон 6г №15;Поливитамины;;;;
ЦБ-00001547;Доппельгерц Актив от А до Цинка таб. №30;Поливитамины;;;;
ЦБ-00025372;Доппельгерц Актив от А до Цинка таб. шипучие Персик/Маракуйя №15;Поливитамины;;;;
ЦБ-00037606;Доппельгерц Актив Уринорм фитокомплекс таб. №30;Поливитамины;;;;
ЦБ-00007344;Доппельгерц Актив Эссенциалиум форте №60;Поливитамины;;;;
ЦБ-00007349;Доппельгерц Венотоник эликсир 250мл;Поливитамины;;;;
ЦБ-00038505;Доппельгерц Вип L-Аргинин капс. №120;Витамины д/сердечно-сосудистой системы;;;;
ЦБ-00016704;Доппельгерц Виталотоник р-р д/приема внутрь 500мл;Поливитамины;;;;
ЦБ-00001552;Доппельгерц Виталотоник эликсир 250мл;Поливитамины;;;;
ЦБ-00145932;Доппельгерц Витамин С 750мг Экспресс саше-пакетов №20;Витамин С;;;;
ЦБ-00015031;Доппельгерц Гастротоник 250мл;Поливитамины;;;;
ЦБ-00181727;Доппельгерц Магния хелат+В6 капс. №60;Препараты магния;;;;
ЦБ-00141265;Доппельгерц Магния цитрат 400мг пор. №40;Препараты магния;;;;
ЦБ-00129814;Доппельгерц Магния цитрат таб. 150мг №30;Препараты магния;;;;
ЦБ-00001558;Доппельгерц Энерготоник эликсир 250мл;Поливитамины;;;;
ЦБ-00160643;Доппельгерц® Железо+Йод+Фолиевая кислота таб. №30;Препараты железа;;;;
ЦБ-00117336;Дорипенем пор. д/приг. р-ра д/инф. 500мг №1;Антибактериальные средства инъекционные р-ры;;;;
ЦБ-00181067;Доступное железо плюс №90;Препараты железа;;;;
49069;Дофамин конц. д/р-ра амп. 5 мг/мл 5мл №10;Инъекционные и инфузионные р-ры;;;;
ЦБ-00186102;Др. Вайт Бисглицинат Железа капс. №60;Препараты железа;;;;
ЦБ-00188844;Др. Вайт Вит. Д3 табс форте таб. №90;Витамин Д3;;;;
ЦБ-00189565;Др. Вайт Вит. С/Куркумин капс. №60;Витамин С;;;;
ЦБ-00188422;Др. Вайт Магний В6 капс. №90;Препараты магния;;;;
ЦБ-00027473;Др. Вистонг Сироп шиповника с вит. С 150мл;Поливитамины;;;;
ЦБ-00157782;Др. Квик Витамин С в липосомальной форме гель саше-пакет 2,7мл №30;Витамин С;;;;
ЦБ-00154130;Др. Квик Д400 витамин Д3 р-р д/приема внутрь 30мл;Витамин Д3;;;;
ЦБ-00146625;Др. Квик Д600 витамин Д3 р-р д/приема внутрь 30мл;Витамин Д3;;;;
ЦБ-00186055;Др. Ньюманн Вит. Д3 капс. №60;Витамин Д3;;;;
ЦБ-00186649;Др. Ньюманн Вит. Д3+К2 капс. №120;Витамин Д3;;;;
ЦБ-00186513;Др. Ньюманн Вит. Д3+К2 капс. №180;Витамин Д3;;;;
ЦБ-00187064;Др. Ньюманн Вит. Д3+К2 капс. №60;Витамин Д3;;;;
ЦБ-00184848;Др. Ньюманн Железо капс. №60;Препараты железа;;;;
ЦБ-00187954;Др. Ньюманн Магний форте с вит. В2 и В6 таб. №60;Препараты магния;;;;
ЦБ-00184296;Др. Ньюманн Магний Хелат капс. №60;Препараты магния;;;;
ЦБ-00181411;Др. Ньюманн Мультивит. таб. №90;Поливитамины;;;;
ЦБ-00185518;Др. Ньюманн Селен+Цинк+Вит. С/А/Е таб. №60;Поливитамины;;;;
ЦБ-00195321;Др. Хенри Кондрион капс. №60;Поливитамины;;;;
ЦБ-00189153;Др. Хенри Ферроцел капс. №90;Препараты железа;;;;
ЦБ-00146415;Драсанви Коллмар Магний пор. д/р-ра д/приема внутрь лимон 300г;Препараты магния;;;;
ЦБ-00143373;Драсанви Коллмар Магний таб. №180;Препараты магния;;;;
ЦБ-00039342;Дрожжи пивные ТМ Кальций/Магний/Железо таб. №100;Поливитамины;;;;
ЦБ-00039344;Дрожжи пивные ТМ с Серой таб. №100;Поливитамины;;;;
ЦБ-00039343;Дрожжи пивные ТМ Селен таб. №100;Поливитамины;;;;
ЦБ-00039347;Дрожжи пивные ТМ таб. №100;Поливитамины;;;;
ЦБ-00039346;Дрожжи пивные ТМ Цинк таб. №100;Поливитамины;;;;
РТ-00012758;Дронг общеукрепляющий фитобальзам безалкогольный 10мл №10;Поливитамины;;;;
ЦБ-00175010;Дроперидол р-р д/в/в и в/м введ. 2,5 мг/мл 2мл №5;Инъекционные и инфузионные р-ры;;;;
РТ-00004242;Д-Сан д/взрослых капли с дозатором 10мл;Витамин Д3;;;;
РТ-00004243;Д-Сан д/детей капли с дозатором 20мл;Витамин Д3;;;;
РТ-00012058;Д-Сан таб.жев.120мг №100;Витамин Д3;;;;
ЦБ-00145581;Дувитекс К вит. Д3 2000МЕ капс. №30;Витамин Д3;;;;
ЦБ-00001582;Дуовит др. №40;Поливитамины;;;;
ЦБ-00142584;Дуовит таб. п/п/о №40;Поливитамины;;;;
ЦБ-00016708;ДУОВИТ ЭНЕРГИЯ ТАБЛ.П.О. N30;Поливитамины;;;;
ЦБ-00161364;Дуэтт презервативы XXL №12;Презервативы;;;;
ЦБ-00161826;Дуэтт презервативы XXL №3;Презервативы;;;;
ЦБ-00163818;Дуэтт презервативы классические №12;Презервативы;;;;
ЦБ-00164160;Дуэтт презервативы классические №3;Презервативы;;;;
ЦБ-00162365;Дуэтт презервативы особо прочные №3;Презервативы;;;;
ЦБ-00161671;Дуэтт презервативы особо тонкие №12;Презервативы;;;;
ЦБ-00162364;Дуэтт презервативы особо тонкие №3;Презервативы;;;;
ЦБ-00160903;Дуэтт презервативы ребристые №12;Презервативы;;;;
ЦБ-00161789;Дуэтт презервативы ребристые №3;Презервативы;;;;
ЦБ-00161129;Дуэтт презервативы с точечной структурой №12;Презервативы;;;;
ЦБ-00165055;Дуэтт презервативы с точечной структурой №3;Презервативы;;;;
ЦБ-00163214;Дуэтт Экстра стронг презервативы особо прочные №12;Презервативы;;;;
РТ-00014297;Дэтриферол (витамин Д3) р-р 15000 МЕ/мл 10мл;Витамин Д3;;;;
ЦБ-00119841;ДэТриФерол капли д/приема внутрь 15000 МЕ/мл 15мл анис;Витамин Д3;;;;
РТ-00010703;ДэТриФерол капли д/приема внутрь 15000 МЕ/мл 15мл анис;Витамин Д3;;;;
ЦБ-00117192;ДэТриФерол капли д/приема внутрь 15000 МЕ/мл 15мл банан;Витамин Д3;;;;
ЦБ-00158034;ДэТриФерол капли д/приема внутрь 15000 МЕ/мл 15мл вишня;Витамин Д3;;;;
ЦБ-00173333;ДэТриФерол капли д/приема внутрь анис 15000МЕ/мл 10мл;Витамин Д3;;;;
ЦБ-00157895;ДэТриФерол капли д/приема внутрь апельсин 15000МЕ/мл 15мл;Витамин Д3;;;;
ЦБ-00169039;ДэТриФерол капли д/приема внутрь банан 30мл;Витамин Д3;;;;
ЦБ-00012014;Дюрекс Аванти презервативы №12;Презервативы;;;;
ЦБ-00012015;Дюрекс Аванти презервативы №3;Презервативы;;;;
ЦБ-00030806;Дюрекс Дуал Экстаз презервативы №12;Презервативы;;;;
ЦБ-00026663;Дюрекс Дуал Экстаз презервативы №3;Презервативы;;;;
РТ-00006939;Дюрекс Дуал Экстаз Эмоджи презервативы №3;Презервативы;;;;
РТ-00013532;Дюрекс Дудл Дуал Экстаз презервативы №12;Презервативы;;;;
ЦБ-00150335;Дюрекс Инвизибл XL презервативы №12;Презервативы;;;;
ЦБ-00150333;Дюрекс Инвизибл XL презервативы №3;Презервативы;;;;
ЦБ-00149369;Дюрекс Инвизибл XXL презервативы №12;Презервативы;;;;
ЦБ-00149134;Дюрекс Инвизибл XXL презервативы №3;Презервативы;;;;
ЦБ-00035195;Дюрекс Инвизибл презервативы №12;Презервативы;;;;
РТ-00003996;Дюрекс Инвизибл презервативы №18;Презервативы;;;;
ЦБ-00035194;Дюрекс Инвизибл презервативы №3;Презервативы;;;;
РТ-00008879;Дюрекс Инвизибл презервативы №6;Презервативы;;;;
ЦБ-00157668;Дюрекс Инвизибл Стимулейшн презервативы №12;Презервативы;;;;
ЦБ-00160185;Дюрекс Инвизибл Стимулейшн презервативы №3;Презервативы;;;;
ЦБ-00150334;Дюрекс Инвизибл экстра луб презервативы №12;Презервативы;;;;
ЦБ-00150332;Дюрекс Инвизибл экстра луб презервативы №3;Презервативы;;;;
РТ-00003909;Дюрекс Интенс Оргазмик презервативы №12;Презервативы;;;;
РТ-00003995;Дюрекс Интенс Оргазмик презервативы №3;Презервативы;;;;
ЦБ-00123899;Дюрекс Инфинити гладкие с анестетиком презервативы №3;Презервативы;;;;
ЦБ-00133703;Дюрекс Инфинити презервативы гладкие с анестетиком №12;Презервативы;;;;
ЦБ-00012016;Дюрекс Классик презервативы №12;Презервативы;;;;
ЦБ-00012017;Дюрекс Классик презервативы №3;Презервативы;;;;
РТ-00008895;Дюрекс Классик презервативы №6;Презервативы;;;;
РТ-00006964;Дюрекс Классик Эмоджи презервативы №12;Презервативы;;;;
РТ-00007930;Дюрекс Классик Эмоджи презервативы №3;Презервативы;;;;
ЦБ-00012018;Дюрекс Комфорт XXL презервативы №12;Презервативы;;;;
ЦБ-00012019;Дюрекс Комфорт XXL презервативы №3;Презервативы;;;;
ЦБ-00024760;Дюрекс Лонг Плэй презервативы №12;Презервативы;;;;
ЦБ-00024756;Дюрекс Лонг Плэй презервативы №3;Презервативы;;;;
ЦБ-00018610;Дюрекс Мэджик Бокс Близость и чувствительность презервативы №18;Презервативы;;;;
ЦБ-00026684;Дюрекс Мэджик Бокс презервативы №18;Презервативы;;;;
ЦБ-00023497;Дюрекс Мэджик Бокс Приключения и развлечения презервативы №18;Презервативы;;;;
ЦБ-00171066;Дюрекс Перфект глис презервативы №12;Презервативы;;;;
ЦБ-00171472;Дюрекс Перфект глис презервативы №3;Презервативы;;;;
ЦБ-00012020;Дюрекс Перформа презервативы №12;Презервативы;;;;
ЦБ-00012021;Дюрекс Перформа презервативы №3;Презервативы;;;;
ЦБ-00012022;Дюрекс Плежемакс презервативы №12;Презервативы;;;;
ЦБ-00012023;Дюрекс Плежемакс презервативы №3;Презервативы;;;;
ЦБ-00162713;Дюрекс презервативы Классик №12 + Инвизибл экстра луб №3;Презервативы;;;;
ЦБ-00163014;Дюрекс презервативы набор классик №12 + инфинити гладкие с анестетиком №3;Презервативы;;;;
ЦБ-00166083;Дюрекс презервативы набор классик №3 + дуал экстаз с анестетиком рельефные №3;Презервативы;;;;
ЦБ-00020543;Дюрекс презервативы Экстра Сэйф №3+Плэжемакс №1;Презервативы;;;;
ЦБ-00012012;Дюрекс Реал Фил презервативы №12;Презервативы;;;;
ЦБ-00012013;Дюрекс Реал Фил презервативы №3;Презервативы;;;;
ЦБ-00012024;Дюрекс Селект Фрутти Микс презервативы №12;Презервативы;;;;
ЦБ-00012025;Дюрекс Селект Фрутти Микс презервативы №3;Презервативы;;;;
ЦБ-00012026;Дюрекс Сенсэйшн презервативы №12;Презервативы;;;;
ЦБ-00012027;Дюрекс Сенсэйшн презервативы №3;Презервативы;;;;
ЦБ-00024759;Дюрекс Экстаз презервативы №12;Презервативы;;;;
ЦБ-00012028;Дюрекс Экстра Сэйф презервативы №12;Презервативы;;;;
ЦБ-00012029;Дюрекс Экстра Сэйф презервативы №3;Презервативы;;;;
ЦБ-00011999;Дюрекс Элит презервативы №12;Презервативы;;;;
РТ-00003997;Дюрекс Элит презервативы №18;Презервативы;;;;
ЦБ-00012031;Дюрекс Элит презервативы №3;Презервативы;;;;
РТ-00001977;Дюрекс Эмоджи Инвизибл презервативы №12;Презервативы;;;;
РТ-00001829;Дюрекс Эмоджи Инвизибл презервативы №3;Презервативы;;;;
РТ-00001870;Дюрекс Эмоджи Плежемакс презервативы №12;Презервативы;;;;
РТ-00001869;Дюрекс Эмоджи Плежемакс презервативы №3;Презервативы;;;;
РТ-00001828;Дюрекс Эмоджи Элит презервативы №12;Презервативы;;;;
РТ-00001868;Дюрекс Эмоджи Элит презервативы №3;Презервативы;;;;
ЦБ-00001589;Дюфастон таб. п.о 10мг №20;Заместительная гормональная терапия;;;;
РТ-00003659;Дюфастон таб. п.о 10мг №28;Заместительная гормональная терапия;;;;
ЦБ-00087029;Дюфастон таб. п/п/о 10мг №112;Заместительная гормональная терапия;;;;
ЦБ-00190734;Дюфастон таб. п/п/о 10мг №84;Заместительная гормональная терапия;;;;
РТ-00011729;Еавит Битра капс N40;Поливитамины;;;;
ЦБ-00174955;ЕАЕ 9088 очки готовые (+2.50);Очки готовые;;;;
ЦБ-00174959;ЕАЕ 9088 очки готовые (+3,00);Очки готовые;;;;
ЦБ-00155470;ЕАЕ очки арт. 124 (+1.00);Очки готовые;;;;
ЦБ-00155748;ЕАЕ очки арт. 124 (+1.50);Очки готовые;;;;
ЦБ-00155561;ЕАЕ очки арт. 124 (+2.00);Очки готовые;;;;
ЦБ-00155749;ЕАЕ очки арт. 124 (+2.50);Очки готовые;;;;
ЦБ-00155562;ЕАЕ очки арт. 124 (+3.00);Очки готовые;;;;
ЦБ-00155750;ЕАЕ очки арт. 124 (+3.50);Очки готовые;;;;
ЦБ-00155563;ЕАЕ очки арт. 124 (+4.00);Очки готовые;;;;
ЦБ-00156160;ЕАЕ очки арт. 2199 (-1.00);Очки готовые;;;;
ЦБ-00156161;ЕАЕ очки арт. 2199 (-1.50);Очки готовые;;;;
ЦБ-00155362;ЕАЕ очки арт. 2199 (-2.50);Очки готовые;;;;
ЦБ-00156162;ЕАЕ очки арт. 2199 (-3.00);Очки готовые;;;;
ЦБ-00155363;ЕАЕ очки арт. 2199 (-3.50);Очки готовые;;;;
ЦБ-00152489;ЕАЕ очки арт. 2201 (-1.50);Очки готовые;;;;
ЦБ-00152490;ЕАЕ очки арт. 2201 (-2.00);Очки готовые;;;;
ЦБ-00155471;ЕАЕ очки арт. 2201 (-2.50);Очки готовые;;;;
ЦБ-00155472;ЕАЕ очки арт. 2201 (-3.00);Очки готовые;;;;
ЦБ-00155280;ЕАЕ очки арт. 2209 (+2.50);Очки готовые;;;;
ЦБ-00155473;ЕАЕ очки арт. 2209 (+3.00);Очки готовые;;;;
ЦБ-00152491;ЕАЕ очки арт. 2209 (-1.00);Очки готовые;;;;
ЦБ-00152492;ЕАЕ очки арт. 2209 (-3.50);Очки готовые;;;;
ЦБ-00152493;ЕАЕ очки арт. 2209 (-4.00);Очки готовые;;;;
ЦБ-00155435;ЕАЕ очки арт. 2224 (+1.50);Очки готовые;;;;
ЦБ-00156265;ЕАЕ очки арт. 2224 (+2.00);Очки готовые;;;;
ЦБ-00155564;ЕАЕ очки арт. 2224 (+2.50);Очки готовые;;;;
ЦБ-00152494;ЕАЕ очки арт. 2235 (+2.00);Очки готовые;;;;
ЦБ-00152495;ЕАЕ очки арт. 2235 (+2.50);Очки готовые;;;;
ЦБ-00155281;ЕАЕ очки арт. 2235 (+3.00);Очки готовые;;;;
ЦБ-00152496;ЕАЕ очки арт. 2235 (+3.50);Очки готовые;;;;
ЦБ-00155282;ЕАЕ очки арт. 2235 (+4.00);Очки готовые;;;;
ЦБ-00155474;ЕАЕ очки арт. 2235 (-1.00);Очки готовые;;;;
ЦБ-00152497;ЕАЕ очки арт. 2235 (-1.50);Очки готовые;;;;
ЦБ-00155475;ЕАЕ очки арт. 2235 (-2.00);Очки готовые;;;;
ЦБ-00155565;ЕАЕ очки арт. 2235 (-2.50);Очки готовые;;;;
ЦБ-00152498;ЕАЕ очки арт. 2235 (-3.00);Очки готовые;;;;
ЦБ-00155476;ЕАЕ очки арт. 2235 (-3.50);Очки готовые;;;;
ЦБ-00152499;ЕАЕ очки арт. 2235 (-4.00);Очки готовые;;;;
ЦБ-00155568;ЕАЕ очки арт. 7132 (+3.00);Очки готовые;;;;
ЦБ-00155364;ЕАЕ очки арт. 9056 (+1.00);Очки готовые;;;;
ЦБ-00152500;ЕАЕ очки арт. 9056 (+1.50);Очки готовые;;;;
ЦБ-00152501;ЕАЕ очки арт. 9056 (+2.00);Очки готовые;;;;
ЦБ-00152502;ЕАЕ очки арт. 9056 (+2.50);Очки готовые;;;;
ЦБ-00152503;ЕАЕ очки арт. 9056 (+3.50);Очки готовые;;;;
ЦБ-00152504;ЕАЕ очки арт. 9056 (-1.00);Очки готовые;;;;
ЦБ-00152505;ЕАЕ очки арт. 9056 (-1.50);Очки готовые;;;;
ЦБ-00152506;ЕАЕ очки арт. 9056 (-2.00);Очки готовые;;;;
ЦБ-00152507;ЕАЕ очки арт. 9056 (-2.50);Очки готовые;;;;
ЦБ-00152508;ЕАЕ очки арт. 9056 (-3.00);Очки готовые;;;;
ЦБ-00152509;ЕАЕ очки арт. 9056 (-3.50);Очки готовые;;;;
ЦБ-00152510;ЕАЕ очки арт. 9056 (-4.00);Очки готовые;;;;
ЦБ-00155567;ЕАЕ очки арт. 9061 (+1.00);Очки готовые;;;;
ЦБ-00172064;Едим с пользой Мака перуанская таб. №60;Ср-ва при эректильной дисфункции, влияющие на либидо;;;;
ЦБ-00155609;Ем Фикс Софт бинт мед. эласт. фикс. 6см*4м №20;Бинты самофиксирующие;;;;
ЦБ-00152770;ЕМВ Галерея источников №17 1,5л пэт;Минеральная вода;;;;
ЦБ-00151728;ЕМВ Галерея источников №17 500мл стекло;Минеральная вода;;;;
ЦБ-00141146;ЕМВ Галерея источников №4 1,5л пэт;Минеральная вода;;;;
ЦБ-00131806;ЕМВ Галерея источников №4 500мл стекло;Минеральная вода;;;;
ЦБ-00142843;ЕМВ Славяновская 1,5л пэт;Минеральная вода;;;;
ЦБ-00167043;Емельянъ Савостинъ бинт марлев. мед.стер. ГОСТ 5мх10см №1;Бинты;;;;
ЦБ-00167421;Емельянъ Савостинъ бинт марлев. мед.стер. ГОСТ 7мх14см №1;Бинты;;;;
ЦБ-00168044;Емельянъ Савостинъ бинт марлев. н/стер. ГОСТ 7мх14см;Бинты;;;;
ЦБ-00167137;Емельянъ Савостинъ отрез марлев. мед. н/стер. 0,9х1м;Бинты;;;;
ЦБ-00167084;Емельянъ Савостинъ отрез марлев. мед. н/стер. 0,9х5м;Бинты;;;;
ЦБ-00136323;ЕМ-Фикс креп бинт мед. эласт. компрес. самофиксирующийся бежевый (4мх7,5см) №1;Бинты самофиксирующие;;;;
ЦБ-00156108;ЕМ-Фикс креп бинт мед. эласт. компрес. самофиксирующийся дет. рис. 5см*4,5м;Бинты самофиксирующие;;;;
ЦБ-00151951;ЕМ-Фикс люкс бинт мед. эласт. компрес. 4мх10см №20;Бинты самофиксирующие;;;;
ЦБ-00174681;ЕМ-Фикс люкс бинт мед. эласт. компрес. 4мх12см №20;Бинты самофиксирующие;;;;
ЦБ-00158846;ЕМ-Фикс люкс бинт мед. эласт. компрес. 4мх4см №20;Бинты самофиксирующие;;;;
ЦБ-00160978;ЕМ-Фикс люкс бинт мед. эласт. компрес. 4мх8см №20;Бинты самофиксирующие;;;;
ЦБ-00159813;ЕМ-Фикс софт бинт мед. эласт. фикс. 4мх10см №20;Бинты самофиксирующие;;;;
ЦБ-00140682;ЕМ-Фикс Софт бинт мед. эласт. фиксир. (4мх4см) №20;Бинты самофиксирующие;;;;
ЦБ-00143866;ЕМ-Фикс Хафт бинт мед. эласт. фиксир. (10мх6см) белый;Бинты самофиксирующие;;;;
ЦБ-00136321;ЕМ-Фикс Хафт бинт мед. эласт. фиксир. (20мх12см) белый;Бинты самофиксирующие;;;;
ЦБ-00144260;ЕМ-Фикс Хафт бинт мед. эласт. фиксир. (20мх6см) синий;Бинты самофиксирующие;;;;
ЦБ-00150090;ЕМ-Фикс Хафт бинт мед. эласт. фиксир. (20мх8см) белый;Бинты самофиксирующие;;;;
ЦБ-00130982;ЕМ-Фикс Хафт бинт мед. эласт. фиксир. (20мх8см) красный;Бинты самофиксирующие;;;;
ЦБ-00138470;ЕМ-Фикс Хафт бинт мед. эласт. фиксир. (20мх8см) синий;Бинты самофиксирующие;;;;
ЦБ-00136320;ЕМ-Фикс Хафт бинт мед. эласт. фиксир. (4мх10см) белый;Бинты самофиксирующие;;;;
ЦБ-00146239;ЕМ-Фикс Хафт бинт мед. эласт. фиксир. (4мх12см) белый;Бинты самофиксирующие;;;;
ЦБ-00134390;ЕМ-Фикс Хафт бинт мед. эласт. фиксир. (4мх4см) белый;Бинты самофиксирующие;;;;
ЦБ-00131831;ЕМ-Фикс Хафт бинт мед. эласт. фиксир. (4мх8см) №20;Бинты самофиксирующие;;;;
ЦБ-00134610;ЕМ-Фикс Хафт бинт мед. эласт. фиксир. (4мх8см) белый;Бинты самофиксирующие;;;;
ЦБ-00136322;ЕМ-Фикс Хафт креп бинт мед. эласт. фиксир. (4,5мх10см) бежевый;Бинты самофиксирующие;;;;
ЦБ-00129475;ЕМ-Фикс Хафт креп бинт мед. эласт. фиксир. (4,5мх5см) бежевый;Бинты самофиксирующие;;;;
ЦБ-00145806;ЕМ-Фикс Хафт креп бинт мед. эласт. фиксир. (4,5мх5см) синий;Бинты самофиксирующие;;;;
ЦБ-00142331;Ессентуки N4 вода минеральная 450мл;Минеральная вода;;;;
РТ-00013830;Ессентуки №17 вода минеральная 0,45л;Минеральная вода;;;;
РТ-00013464;Ессентуки №4 вода минеральная 0,45л;Минеральная вода;;;;
ЦБ-00006753;Ессентуки вода минеральная №17 1,5л;Минеральная вода;;;;
ЦБ-00117324;Ессентуки вода минеральная №17 1л;Минеральная вода;;;;
ЦБ-00006766;Ессентуки вода минеральная №4 1,5л;Минеральная вода;;;;
РТ-00014205;Ессентуки вода минеральная №4 1,5л;Минеральная вода;;;;
ЦБ-00117326;Ессентуки вода минеральная №4 1л;Минеральная вода;;;;
РТ-00002900;Ессентуки ОВК №4 ПЭТ 1.5л;Минеральная вода;;;;
ЦБ-00160260;Ессентукская горная вода минеральная газ. 0,55л;Минеральная вода;;;;
ЦБ-00160261;Ессентукская горная вода минеральная н/газ. 0,55л;Минеральная вода;;;;
ЦБ-00007501;Жанин таб. п/о №21;Пероральные контрацептивы;;;;
ЦБ-00007502;Жанин таб. п/о №63;Пероральные контрацептивы;;;;
ЦБ-00160481;Железа бисглицинат таб. п/п/о №100;Препараты железа;;;;
ЦБ-00149594;Железа бисглицинат таб. п/п/о №30;Препараты железа;;;;
ЦБ-00158861;Железа бисглицинат таб. п/п/о №50;Препараты железа;;;;
ЦБ-00146723;Железа фумарат капс. №90;Препараты железа;;;;
ЦБ-00193182;Железа хелат жидк. д/приема внутрь 100мл;Препараты железа;;;;
ЦБ-00193183;Железа хелат жидк. д/приема внутрь 15мл №10;Препараты железа;;;;
ЦБ-00191465;Железа Хелат капс. №60;Препараты железа;;;;
ЦБ-00191318;Железа Хелат таб. №40;Препараты железа;;;;
ЦБ-00193242;Железо Бисглицинат капс. №60;Препараты железа;;;;
ЦБ-00154541;Железо липосомальное капс. №30;Препараты железа;;;;
ЦБ-00157377;Железо липосомальное плюс таб. шип. №20;Препараты железа;;;;
ЦБ-00157098;Железо хелат капс. №120;Препараты железа;;;;
ЦБ-00168487;Железо хелат капс. №120;Препараты железа;;;;
ЦБ-00185000;Железо хелат капс. №120;Препараты железа;;;;
ЦБ-00174577;Железо хелат капс. №60;Препараты железа;;;;
ЦБ-00180916;Железо Хелат капс. №60;Препараты железа;;;;
ЦБ-00192852;Железо Хелат капс. №60;Препараты железа;;;;
ЦБ-00171214;Железо хелат капс. №60;Препараты железа;;;;
ЦБ-00181068;Железо хелат капс. тверд. желат. №30;Препараты железа;;;;
ЦБ-00181789;Железо хелат капс. тверд. желат. №60;Препараты железа;;;;
ЦБ-00188934;Железо Хелат таб. №100;Препараты железа;;;;
ЦБ-00161762;Железо хелат таб. №30;Препараты железа;;;;
ЦБ-00161511;Железо+В комплекс капс. №30;Препараты железа;;;;
ЦБ-00123159;Железо+В комплекс капс. №60;Препараты железа;;;;
ЦБ-00185553;Жемчужина Байкала вода прир. артез. негаз. 1л;Минеральная вода;;;;
ЦБ-00145503;Жень-шень Инь-и-Янь бальзам д/потенции тонизир. 250мл;Ср-ва при эректильной дисфункции, влияющие на либидо;;;;
РТ-00009200;Женьшень корень плюс 10г;Поливитамины;;;;
ЦБ-00007513;Женьшень настойка 25мл;Поливитамины;;;;
ЦБ-00007510;Женьшень настойка 25мл;Адаптогены настойки;;;;
ЦБ-00007512;Женьшень настойка 25мл;Адаптогены настойки;;;;
РТ-00007844;Женьшень настойка 25мл;Адаптогены настойки;;;;
ЦБ-00030925;Женьшень настойка 25мл;Адаптогены настойки;;;;
ЦБ-00190476;Женьшень настойка 25мл;Адаптогены настойки;;;;
ЦБ-00007511;Женьшень настойка 25мл;Адаптогены настойки;;;;
ЦБ-00030019;Женьшень настоящий-ВИС экстр капс 400мг №40;Поливитамины;;;;
ЦБ-00001597;Женьшень таб 350мг №30;Поливитамины;;;;
ЦБ-00036105;Женьшень таб №20;Поливитамины;;;;
ЦБ-00035372;Женьшень таб №20;Поливитамины;;;;
ЦБ-00015739;Женьшеня экстракт капс. №40;Поливитамины;;;;
ЦБ-00195011;Жизнивек Витамин Д3 500МЕ капли 30мл;Витамин Д3;;;;
ЦБ-00190061;Жизнивек Железо Хелат компл. с кофакторами таб. №30;Препараты железа;;;;
ЦБ-00189514;Жизнивек Оркестр В таб. №60;Препараты группы В, нейропротекторы;;;;
ЦБ-00190631;Жизнивек Про Витамин С таб. №60;Витамин С;;;;
ЦБ-00189601;Жизнивек Про Инозитол 40:1 капс. №60;Поливитамины;;;;
ЦБ-00189647;Жизнивек Про Магний Глицинат капс. №60;Препараты магния;;;;
ЦБ-00192789;Жизнивек Про Магний Малат капс. №90;Препараты магния;;;;
ЦБ-00020903;ЖУРАВИТ КАПС. МЯГК. 840МГ N36;Уроантисептики;;;;
ЦБ-00023213;ЖУРАВИТ КАПС. МЯГК. 840МГ N36;Уроантисептики;;;;
ЦБ-00020965;ЖУРАВИТ КАПС. МЯГК. 840МГ N60;Уроантисептики;;;;
ЦБ-00023368;ЖУРАВИТ КАПС. МЯГК. 840МГ N60;Уроантисептики;;;;
ЦБ-00001600;Журавит капс.мягк. 840мг №36;Уроантисептики;;;;
ЦБ-00001601;Журавит капс.мягк. 840мг №60;Уроантисептики;;;;
ЦБ-00190285;Заде Витал Вит. Д3 капс. №60;Витамин Д3;;;;
ЦБ-00189648;Заде Витал Железо капс. №30;Препараты железа;;;;
ЦБ-00180684;Заде Витал Мультивит. капс. №30;Поливитамины;;;;
ЦБ-00039549;Заечицкая горькая вода минеральная 0,5л;Минеральная вода;;;;
ЦБ-00001604;Залаин супп. ваг. 300мг №1;Гинекологические п/воспалительные ср-ва наружные;;;;
ЦБ-00045576;Заповедник Здоровья вода минеральная №17 1,5л;Минеральная вода;;;;
00-00014752;Заповедник Здоровья вода минеральная №4 1,5л;Минеральная вода;;;;
ЦБ-00121326;Зафрилла таб. 2мг №28;Заместительная гормональная терапия;;;;
ЦБ-00166020;Зафрилла таб. 2мг №84;Заместительная гормональная терапия;;;;
ЦБ-00168082;Здоровая математика мультивитамин таб. шип. №17;Поливитамины;;;;
РТ-00004032;ЗдравСити Аскорбинка аскорбиновая к-та пор. пак. 500мг Лимон №30;Витамин С;;;;
РТ-00004116;ЗдравСити Аскорбинка аскорбиновая к-та пор. пак. 500мг Малина №30;Витамин С;;;;
ЦБ-00172711;Здравсити аскорбинка с глюкозой и сахаром таб. жеват. №10;Витамин С;;;;
ЦБ-00169859;Здравсити Аскорбинка с глюкозой и сахаром таб. жеват. лимон №10;Витамин С;;;;
РТ-00010829;Здравсити Аскорбиновая кислота таб. 25мг Апельсин №10;Витамин С;;;;
РТ-00010547;Здравсити Аскорбиновая кислота таб. 25мг Клубника №10;Витамин С;;;;
ЦБ-00170328;Здравсити Аскорбиновая кислота таб. жеват. 25мг черника №10;Витамин С;;;;
ЦБ-00171794;Здравсити бинт марлев. н/стер. 3мх10см;Бинты;;;;
ЦБ-00171793;Здравсити бинт марлев. н/стер. 3мх5см;Бинты;;;;
ЦБ-00171721;Здравсити бинт марлев. н/стер. 3мх7см;Бинты;;;;
ЦБ-00171722;Здравсити бинт марлев. стер. 3мх10см;Бинты;;;;
ЦБ-00171723;Здравсити бинт марлев. стер. 3мх5см;Бинты;;;;
ЦБ-00171724;Здравсити бинт марлев. стер. 3мх7см;Бинты;;;;
ЦБ-00173885;Здравсити вит. Д3 мицеллированный 500МЕ/кап. 10мл;Витамин Д3;;;;
РТ-00006821;ЗдравСити Витамин С таб. шипучие Лимон №20;Витамин С;;;;
РТ-00014209;ЗдравСити Витамин С таб. шипучие Цитрусовый вкус №20;Витамин С;;;;
ЦБ-00119063;Здравсити Витамино Д3 600МЕ капс. №60;Витамин Д3;;;;
РТ-00013086;ЗдравСити Витамины группы В таб. №30;Препараты группы В, нейропротекторы;;;;
ЦБ-00006936;ЗдравСити Гематоген Витамин С 40г;Гематоген;;;;
ЦБ-00165652;Здравсити гематоген народный детский 35г;Гематоген;;;;
ЦБ-00166084;Здравсити гематоген народный школьный 35г;Гематоген;;;;
ЦБ-00166877;Здравсити гематоген с вишней 35г;Гематоген;;;;
РТ-00006348;ЗдравСити Железо+вит.С, В6, В12+фолиевая к-та таб. шипучие Апельсин №20;Поливитамины;;;;
РТ-00013377;Здравсити Калий + Магний таб. №30;Витамины д/сердечно-сосудистой системы;;;;
РТ-00008883;ЗдравСити Кальций + Вит. Д3 + Вит. К Апельсин таб. шип. №20;Поливитамины;;;;
РТ-00012755;Здравсити Л-Карнитин 1040мг таб. №30;Поливитамины;;;;
РТ-00007291;ЗдравСити Магний + витамин В6 таб. шипучие Лимон №20;Препараты магния;;;;
РТ-00004707;ЗдравСити Магний В6 таб. 600мг №60;Препараты магния;;;;
ЦБ-00178159;ЗдравСити Мультикомплекс таб. шип. №10;Поливитамины;;;;
ЦБ-00167713;Здравсити набор пластырей бактериц. текст. универсал. №16;Бактерицидный;;;;
ЦБ-00168281;Здравсити набор пластырей бактерицидных влагостойких универсальных 4 размера №20;Бактерицидный;;;;
ЦБ-00173508;Здравсити отрез марлев. н/стер. 0,1х0,09м;Бинты;;;;
ЦБ-00175017;Здравсити отрез марлев. н/стер. 0,9х3м;Бинты;;;;
ЦБ-00167989;Здравсити пластырь бактерицидный влагостойкий 1,9х7,2см №100;Бактерицидный;;;;
ЦБ-00171959;Здравсити пластырь бактерицидный влагостойкий 1,9х7,2см №20;Бактерицидный;;;;
ЦБ-00167078;Здравсити пластырь бактерицидный влагостойкий 1,9х7,2см №6;Бактерицидный;;;;
ЦБ-00167104;Здравсити пластырь бактерицидный влагостойкий воздухопрониц. 1,9х7,2см №20;Бактерицидный;;;;
ЦБ-00169168;Здравсити пластырь фиксир. н/стер. н/ткан. белый 1,25х500см;Фиксирующие катушки;;;;
ЦБ-00169283;Здравсити пластырь фиксир. н/стер. н/ткан. белый 2,5х500см;Фиксирующие катушки;;;;
ЦБ-00170507;Здравсити пластырь фиксир. н/стер. ткан. белый 1,25х500см;Фиксирующие катушки;;;;
ЦБ-00170145;Здравсити пластырь фиксир. н/стер. ткан. белый 2,5х500см;Фиксирующие катушки;;;;
ЦБ-00169860;Здравсити пластырь фиксир. н/стер. тканевый белый 5х500см;Фиксирующие катушки;;;;
ЦБ-00172504;Здравсити салфетки марлев. стер. 10х10см 8 сложений №10;Салфетки стерильные;;;;
ЦБ-00172505;Здравсити салфетки марлев. стер. 7,5х7,5см 8 сложений №10;Салфетки стерильные;;;;
ЦБ-00186171;"Здравсити шприц 2мл 3-х комп. с иглой 23Gх1 1/4"" (0,6x30мм) №10";Шприцы;;;;
ЦБ-00192047;"Здравсити шприц 2мл 3-х комп. с иглой 23Gх1 1/4"" (0,6x30мм) №100";Шприцы;;;;
ЦБ-00038851;Зеленый овес саше №10;Поливитамины;;;;
РТ-00014186;Зеликс Кардио таб. №30;Витамины д/сердечно-сосудистой системы;;;;
РТ-00008676;Зеникс р-р д/инф 2мг/мл 300мл №10;Антибактериальные средства инъекционные р-ры;;;;
ЦБ-00149286;Зенит презервативы классические №12;Презервативы;;;;
ЦБ-00162966;Зенит презервативы классические №3;Презервативы;;;;
ЦБ-00166086;Зенит презервативы ребристые №12;Презервативы;;;;
ЦБ-00165044;Зенит презервативы ребристые №3;Презервативы;;;;
ЦБ-00173705;Зенит презервативы с точками №12;Презервативы;;;;
ЦБ-00180976;Зенит презервативы с точками №3;Презервативы;;;;
ЦБ-00147437;Зенит презервативы ультратонкие №12;Презервативы;;;;
ЦБ-00147654;Зенит презервативы ультратонкие №3;Презервативы;;;;
ЦБ-00109860;Зивокс р-р д/инф. 2мг/мл 300мл №10;Антибактериальные средства инъекционные р-ры;;;;
ЦБ-00001614;Зидена таб. п.о 100мг №1;Ср-ва при эректильной дисфункции, влияющие на либидо;;;;
ЦБ-00020852;Зидена таб. п.о 100мг №2;Ср-ва при эректильной дисфункции, влияющие на либидо;;;;
ЦБ-00015947;Зидена таб. п.о 100мг №2;Ср-ва при эректильной дисфункции, влияющие на либидо;;;;
ЦБ-00001615;Зидена таб. п.о 100мг №4;Ср-ва при эректильной дисфункции, влияющие на либидо;;;;
ЦБ-00160262;Зизу салфетки универс. очищ.алоэ и вит.Е №15;Салфетки стерильные;;;;
ЦБ-00027554;ЗИНАЦЕФ 1.5 ФЛАК ПОР Д/Р-РА Д/ИН;Антибактериальные средства инъекционные р-ры;;;;
ЦБ-00021728;ЗИНАЦЕФ ПОР.Д/ИН. ФЛАК. 750МГ N1;Антибактериальные средства инъекционные р-ры;;;;
ЦБ-00106307;Зинфоро пор. д/р-ра д/инф. 600мг флакон №10;Антибактериальные средства инъекционные р-ры;;;;
ЦБ-00025034;ЗМ ПЛАСТЫРЬ ТРАНСПОР 2.5 СМ Х 910 СМ;Фиксирующие катушки;;;;
ЦБ-00022112;ЗОВИРАКС ПОР.ЛИОФ.Д/ИНФ. 250МГ ФЛАК. N5;Инъекционные и инфузионные р-ры;;;;
ЦБ-00007964;Зоэли таб. п/о 2.5мг+1.5мг №28;Пероральные контрацептивы;;;;
ЦБ-00035916;Зоэли таб. п/о 2.5мг+1.5мг №84;Пероральные контрацептивы;;;;
ЦБ-00030023;Ивацин р-р д/инф. 5мг/мл 100мл №1;Антибактериальные средства инъекционные р-ры;;;;
ЦБ-00112503;Иглы д/ин. Nanoneedle 33G 13мм №100;Шприцы;;;;
ЦБ-00161399;Имипенем + Циластатин пор. д/р-ра д/инф. 500мг + 500мг №1;Антибактериальные средства инъекционные р-ры;;;;
РТ-00000428;Имипенем+Циластатин пор. д/ин. 500+500мг флак. 1г 20мл;Антибактериальные средства инъекционные р-ры;;;;
ЦБ-00178978;Имокей Витамин С таб. шип. 900мг №20;Витамин С;;;;
ЦБ-00179224;Имокей Магний В6 форте+ таб. №50;Препараты магния;;;;
ЦБ-00001681;Импаза таб. №20;Ср-ва при эректильной дисфункции, влияющие на либидо;;;;
ЦБ-00109848;Инванз лиоф. д/р-ра д/ин. флакон 1г №1;Антибактериальные средства инъекционные р-ры;;;;
ЦБ-00152923;Ингарма РостАктив капс. 0,25 №60;Поливитамины;;;;
ЦБ-00191829;Ингастин пор. д/р-р д/ингал. 1000000мг №1;Антибактериальные средства инъекционные р-ры;;;;
ЦБ-00174985;Инекта шприц 10мл 3-х дет. стер. с иглой 21G (0,8х40мм) №1;Шприцы;;;;
ЦБ-00170643;Инекта шприц 10мл однораз 3-х дет. стер. с иглой 21G (0,8х40мм) №10;Шприцы;;;;
ЦБ-00170672;Инекта шприц 1мл однораз 3-х дет. стер. с иглой 26G (0,45х13мм) №1;Шприцы;;;;
ЦБ-00170741;Инекта шприц 1мл однораз 3-х дет. стер. с иглой 26G (0,45х13мм) №20;Шприцы;;;;
ЦБ-00171074;Инекта шприц 2,5мл однораз 3-х дет. стер. с иглой 23G (0,6х32мм) №1;Шприцы;;;;
ЦБ-00171075;Инекта шприц 20мл однораз 3-х дет. стер. с иглой 21G (0,8х40мм) №1;Шприцы;;;;
ЦБ-00169781;Инекта шприц 20мл однораз 3-х дет. стер. с иглой 21G (0,8х40мм) №5;Шприцы;;;;
ЦБ-00170285;Инекта шприц 2мл однораз 3-х дет. стер. с иглой 23G (0,6х25мм) №1;Шприцы;;;;
ЦБ-00167500;Инекта шприц 2мл однораз 3-х дет. стер. с иглой 23G (0,6х25мм) №10;Шприцы;;;;
ЦБ-00194387;Инекта шприц 2мл однораз 3-х дет. стер. с иглой 23G (0,6х25мм) №100;Шприцы;;;;
ЦБ-00169360;Инекта шприц 3мл однораз 3-х дет. стер. с иглой 23G (0,6х25мм) №1;Шприцы;;;;
ЦБ-00167947;Инекта шприц 3мл однораз 3-х дет. стер. с иглой 23G (0,6х25мм) №10;Шприцы;;;;
ЦБ-00170671;Инекта шприц 50мл однораз 3-х дет. стер. с иглой 18G (1,2х40мм) №1;Шприцы;;;;
ЦБ-00169361;Инекта шприц 5мл однораз 3-х дет. стер. с иглой 21G (0,8х40мм) №1;Шприцы;;;;
ЦБ-00170074;Инекта шприц 5мл однораз 3-х дет. стер. с иглой 21G (0,8х40мм) №10;Шприцы;;;;
ЦБ-00171354;Инекта шприц 5мл однораз 3-х дет. стер. с иглой 21G (0,8х40мм) №100;Шприцы;;;;
ЦБ-00170828;Инекта шприц 5мл однораз 3-х дет. стер. с иглой 22G (0,7х40мм) №1;Шприцы;;;;
ЦБ-00169015;Интекс бинт эласт. трубчатый латексно-полиэфирный (3мх6см) р.7;Бинты самофиксирующие;;;;
ЦБ-00136331;Интекс бинт эласт. трубчатый латексно-полиэфирный р.1 3м;Бинты самофиксирующие;;;;
ЦБ-00136332;Интекс бинт эласт. трубчатый латексно-полиэфирный р.2 3м;Бинты самофиксирующие;;;;
ЦБ-00149816;Интекс бинт эласт. трубчатый латексно-полиэфирный р.3 3м;Бинты самофиксирующие;;;;
ЦБ-00136333;Интекс бинт эласт. трубчатый латексно-полиэфирный р.4 3м;Бинты самофиксирующие;;;;
ЦБ-00136334;Интекс бинт эласт. трубчатый латексно-полиэфирный р.5 3м;Бинты самофиксирующие;;;;
ЦБ-00136335;Интекс бинт эласт. трубчатый латексно-полиэфирный р.6 3м;Бинты самофиксирующие;;;;
ЦБ-00145111;Интекс бинт эласт. трубчатый р.3 25м;Бинты самофиксирующие;;;;
ЦБ-00022269;ИНТЕКС БИНТ ЭЛАСТИЧНЫЙ КОМПРЕССИОННЫЙ СРЕДН.РАСТЯЖ. 3,5МХ10СМ;Бинты;;;;
ЦБ-00022270;ИНТЕКС БИНТ ЭЛАСТИЧНЫЙ КОМПРЕССИОННЫЙ СРЕДН.РАСТЯЖ. 5МХ10СМ;Бинты;;;;
ЦБ-00022268;ИНТЕКС БИНТ ЭЛАСТИЧНЫЙ КОМПРЕССИОННЫЙ СРЕДН.РАСТЯЖ. 5МХ8СМ;Бинты;;;;
ЦБ-00158937;Интрарич Каст бинт IR-00022 жесткой фиксации 5,0см*3,6м зелёный;Бинты самофиксирующие;;;;
ЦБ-00159879;Интрарич Каст бинт IR-00022К жесткой фиксации 5,0см*3,6м хаки;Бинты самофиксирующие;;;;
ЦБ-00158517;Интрарич Каст бинт IR-00027 жесткой фиксации 3,6м*5см серый;Бинты самофиксирующие;;;;
ЦБ-00157436;Интрарич Каст бинт IR-0011 жесткой фиксации 2,5м х 1,8см белый;Бинты самофиксирующие;;;;
ЦБ-00141860;Интрарич Каст бинт IR-0032 жесткой фиксации 7,5мх3,6см зеленый;Бинты самофиксирующие;;;;
ЦБ-00143818;Интрарич Каст бинт IR-0032 жесткой фиксации 7,5мх3,6см хаки;Бинты самофиксирующие;;;;
ЦБ-00158576;Интрарич Каст бинт IR-0035 жесткой фиксации 7,5мх3,6см красный;Бинты самофиксирующие;;;;
ЦБ-00151785;Интрарич Каст бинт IR-0041 жесткой фиксации 3,6м х 10см белый;Бинты самофиксирующие;;;;
ЦБ-00160368;Интрарич Каст бинт IR-0043 жесткой фиксации 10см*3,6м розовый;Бинты самофиксирующие;;;;
ЦБ-00158575;Интрарич Каст бинт IR-SC0041 п/жесткой фиксации 3,6м х 10см белый;Бинты самофиксирующие;;;;
ЦБ-00166991;Интрарич Каст бинт жесткой фиксации 12,5смх3,6м фиолетовый;Бинты самофиксирующие;;;;
ЦБ-00147656;Интрарич Каст софт бинт полужесткой фиксации 3,6мх10см фиолетовый;Бинты самофиксирующие;;;;
ЦБ-00147655;Интрарич Каст софт бинт полужесткой фиксации 3,6мх5см белый;Бинты самофиксирующие;;;;
ЦБ-00104192;Инфибета лиоф. д/пригот. р-ра д/ин. 9,6 млн МЕ №15 + растворит.;Инъекционные и инфузионные р-ры;;;;
ЦБ-00176124;Инфинити Айрон энерджи мака/цитрулин/цинк капс. №93;Ср-ва при эректильной дисфункции, влияющие на либидо;;;;
ЦБ-00150078;Инфинити сила любви таб. №100;Ср-ва при эректильной дисфункции, влияющие на либидо;;;;
ЦБ-00036398;Инфорте 0,3 капс №12;Ср-ва при эректильной дисфункции, влияющие на либидо;;;;
ЦБ-00125849;Инфорте капс №24;Ср-ва при эректильной дисфункции, влияющие на либидо;;;;
ЦБ-00037869;Инфорте капс №4;Ср-ва при эректильной дисфункции, влияющие на либидо;;;;
ЦБ-00001740;Ипрожин капс. 100мг №30;Заместительная гормональная терапия;;;;
ЦБ-00001741;Ипрожин капс. 200мг №15;Заместительная гормональная терапия;;;;
ЦБ-00177372;Ипсум Астаксантин капс. №60;Поливитамины;;;;
ЦБ-00178256;Ипсум Вит. группы В капс. №60;Препараты группы В, нейропротекторы;;;;
ЦБ-00178404;Ипсум Вит. Д3 2000МЕ капс. №90;Витамин Д3;;;;
ЦБ-00175269;Ипсум Габа капс. №60;Поливитамины;;;;
ЦБ-00178403;Ипсум Железа бисглицинат капс. №60;Препараты железа;;;;
ЦБ-00175313;Ипсум Магний бисглицинат капс. №60;Препараты магния;;;;
ЦБ-00191314;Ипсум Магний компл. капс. №120;Препараты магния;;;;
ЦБ-00180200;Ипсум Мицеллир. вит. компл. адек капс. №60;Поливитамины;;;;
ЦБ-00176375;Ипсум Мультивитамины капс. №60;Поливитамины;;;;
ЦБ-00174327;Ипсум Тестобустер капс. №60;Поливитамины;;;;
ЦБ-00184365;Ипсум Фертил жен. капс. №60;Поливитамины;;;;
ЦБ-00182393;Ипсум Фертил муж. капс. №60;Поливитамины;;;;
ЦБ-00185561;Ирбис вода питьевая газ. 0,5л;Минеральная вода;;;;
ЦБ-00185562;Ирбис вода питьевая негаз. 0,5л;Минеральная вода;;;;
ЦБ-00068128;Ирексис для мужчин капс. №30;Ср-ва при эректильной дисфункции, влияющие на либидо;;;;
РТ-00014048;Ирексис капс. 650мг №30;Ср-ва при эректильной дисфункции, влияющие на либидо;;;;
ЦБ-00166916;Ит ми карамель леденцовая петушок с цинком и вит. С вишня 17г;Драже, леденцы;;;;
ЦБ-00166917;Ит ми карамель леденцовая петушок с цинком и вит. С дюшес 17г;Драже, леденцы;;;;
ЦБ-00166936;Ит ми карамель леденцовая петушок с цинком и вит. С малина/ежевика 17г;Драже, леденцы;;;;
ЦБ-00161085;Итон Витамин С 1200мг пак. №60;Витамин С;;;;
ЦБ-00166327;Итон витамин С гранулы 1200мг 2г №24;Витамин С;;;;
ЦБ-00167465;Итон Саприл железо + фолиевая к-та гранулы пак. №30;Препараты железа;;;;
ЦБ-00162867;Итон Саприл мультивитамин гранулы пак. №30;Поливитамины;;;;
РТ-00013820;Йовидокс супп. ваг. 200мг №10;Гинекологические п/воспалительные ср-ва наружные;;;;
ЦБ-00172392;Йогексол-АКОС р-р д/ин. 350мг йода/мл 50мл;Инъекционные и инфузионные р-ры;;;;
ЦБ-00148850;Йодика вода минеральная 1л;Минеральная вода;;;;
ЦБ-00039807;Йодилайф таб. №28;Поливитамины;;;;
ЦБ-00133736;Йодовидон супп. ваг. 200мг №10;Гинекологические п/воспалительные ср-ва наружные;;;;
ЦБ-00015256;Йодоксид супп ваг 200мг №10;Гинекологические п/воспалительные ср-ва наружные;;;;
ЦБ-00177818;Йодоминерал таб. №56;Поливитамины;;;;
ЦБ-00146686;Йодосепт супп. ваг. 200мг №10;Гинекологические п/воспалительные ср-ва наружные;;;;
ЦБ-00115895;Йоностерил р-р д/инф. 500мл №10 для ЛПУ;Инъекционные и инфузионные р-ры;;;;
ЦБ-00161738;Йохимбе капс. №60;Ср-ва при эректильной дисфункции, влияющие на либидо;;;;
ЦБ-00169016;Йохимбин таб. 5мг №50;Ср-ва при эректильной дисфункции, влияющие на либидо;;;;
ЦБ-00186334;Кабиспрей вит. B-комплекс спрей 25мл;Препараты группы В, нейропротекторы;;;;
ЦБ-00182893;Кабиспрей вит. Д 1000+К2 спрей 125доз 25мл;Витамин Д3;;;;
ЦБ-00182337;Кабиспрей вит. Д 2000 спрей 125доз 25мл;Витамин Д3;;;;
ЦБ-00182546;Кабиспрей Железо спрей 160доз 50мл;Препараты железа;;;;
ЦБ-00032460;Казанова капс.  д/мужчин №2;Ср-ва при эректильной дисфункции, влияющие на либидо;;;;
ЦБ-00032461;Казанова капс. д/мужчин №8;Ср-ва при эректильной дисфункции, влияющие на либидо;;;;
ЦБ-00035724;Календула Кальта цветки 50г;Поливитамины;;;;
ЦБ-00157322;Калий + Магний Кардио таб. шип. №15;Витамины д/сердечно-сосудистой системы;;;;
ЦБ-00137168;Калий + Магний с витамином Е таб. №50;Витамины д/сердечно-сосудистой системы;;;;
РТ-00012294;Калий + Магний таб. №30;Витамины д/сердечно-сосудистой системы;;;;
РТ-00003115;Калий + Магний таб. №50;Витамины д/сердечно-сосудистой системы;;;;
РТ-00005900;Калий + Магний Форте таб. п/о №60;Витамины д/сердечно-сосудистой системы;;;;
ЦБ-00161701;Калий Магний комплекс капс. №120;Препараты магния;;;;
ЦБ-00168568;Калий магний таб. №30;Витамины д/сердечно-сосудистой системы;;;;
ЦБ-00157917;Калий Магний таб. №30 (Калиймагнин);Витамины д/сердечно-сосудистой системы;;;;
ЦБ-00150239;Калинактив сироп 135мл;Поливитамины;;;;
ЦБ-00145500;Калинов родничок вода питьевая д/дет. негаз спорт 0,33л;Минеральная вода;;;;
ЦБ-00155819;Калинов родничок вода прир. питьевая газ стол. 1,5л;Минеральная вода;;;;
ЦБ-00001794;Калия оротат таб. 500мг №10;Витамины д/сердечно-сосудистой системы;;;;
ЦБ-00124610;Калия оротат таб. 500мг №20;Витамины д/сердечно-сосудистой системы;;;;
ЦБ-00126962;Калия оротат таб. 500мг №20;Витамины д/сердечно-сосудистой системы;;;;
РТ-00007507;Калия оротат таб. 500мг №20;Витамины д/сердечно-сосудистой системы;;;;
ЦБ-00001795;Калия оротат таб. 500мг №20;Витамины д/сердечно-сосудистой системы;;;;
ЦБ-00030029;Калия оротат таб. 500мг №30;Витамины д/сердечно-сосудистой системы;;;;
ЦБ-00123001;Калия оротат таб. 500мг №30;Витамины д/сердечно-сосудистой системы;;;;
ЦБ-00161513;Калия оротат таб. 500мг №30;Витамины д/сердечно-сосудистой системы;;;;
ЦБ-00155019;Калия оротат таб. 500мг №50;Витамины д/сердечно-сосудистой системы;;;;
37892;Калия хлорид конц. д/инф. 75мг/мл 200мл №28 (для ЛПУ);Инъекционные и инфузионные р-ры;;;;
ЦБ-00192429;Калия хлорид конц. д/инф. 75мг/мл 200мл №35 (для ЛПУ);Инъекционные и инфузионные р-ры;;;;
ЦБ-00109480;Калия хлорид конц. д/приг. р-ра д/инф. 40мг/мл 10мл №10;Инъекционные и инфузионные р-ры;;;;
ЦБ-00127642;Калия хлорид конц. д/р-ра д/инф. 40мг/мл 10мл №10;Инъекционные и инфузионные р-ры;;;;
ЦБ-00035594;Калия хлорид конц.д/пригот. р-ра 40 мг/мл 10мл №10;Инъекционные и инфузионные р-ры;;;;
ЦБ-00032898;Калия хлорид конц-т д/приг. р-ра д/инф. 40мг/мл 5мл №10;Инъекционные и инфузионные р-ры;;;;
ЦБ-00037957;Калия хлорид р-р д/ин Буфус 40мг/мл 10мл №10 Реневал;Инъекционные и инфузионные р-ры;;;;
РТ-00006337;Калия хлорид р-р д/ин Буфус 40мг/мл 10мл №100 Реневал;Инъекционные и инфузионные р-ры;;;;
ЦБ-00016726;Калия хлорид р-р д/ин. 4% 10мл №10;Инъекционные и инфузионные р-ры;;;;
ЦБ-00001799;Калия хлорид р-р д/ин. 4% 10мл №10;Инъекционные и инфузионные р-ры;;;;
ЦБ-00030030;Калия хлорид р-р д/ин. 4% 10мл №10;Инъекционные и инфузионные р-ры;;;;
ЦБ-00036068;Калия хлорид р-р д/ин. 4% 10мл №10;Инъекционные и инфузионные р-ры;;;;
ЦБ-00038981;Калия хлорид р-р д/ин. 4% 10мл №10;Инъекционные и инфузионные р-ры;;;;
РТ-00003646;Калия хлорид р-р д/ин. 4% 5мл №10;Инъекционные и инфузионные р-ры;;;;
ЦБ-00001798;Калия хлорид р-р д/инф. 4% 10мл №10;Инъекционные и инфузионные р-ры;;;;
ЦБ-00038568;Калия хлорид р-р д/инф. 4% 10мл №20;Инъекционные и инфузионные р-ры;;;;
ЦБ-00162647;Кальмаг банка 350г;Препараты магния;;;;
ЦБ-00008101;Кальцид Магний таб. №100;Поливитамины;;;;
ЦБ-00036711;Кальций Магний Хелат таб.№60;Поливитамины;;;;
ЦБ-00190586;Кальций Магний Цинк капс. №90;Поливитамины;;;;
ЦБ-00145080;Кальций с вит. Д3 капс. №90;Витамин Д3;;;;
ЦБ-00034807;Кальция хлорид р-р 10% фл.200мл;Инъекционные и инфузионные р-ры;;;;
ЦБ-00001838;Кальция хлорид р-р в/в 10% 10мл №10;Инъекционные и инфузионные р-ры;;;;
ЦБ-00001839;Кальция хлорид р-р в/в 10% 10мл №10;Инъекционные и инфузионные р-ры;;;;
ЦБ-00031545;Кальция хлорид р-р в/в 10% 10мл №10;Инъекционные и инфузионные р-ры;;;;
ЦБ-00015261;Кальция хлорид р-р в/в 10% 10мл №10;Инъекционные и инфузионные р-ры;;;;
ЦБ-00036503;Кальция хлорид р-р в/в 10% 10мл №10;Инъекционные и инфузионные р-ры;;;;
ЦБ-00162148;Кальция хлорид р-р в/в 10% 10мл №10;Инъекционные и инфузионные р-ры;;;;
ЦБ-00001836;Кальция хлорид р-р в/в 10% 10мл №10;Инъекционные и инфузионные р-ры;;;;
ЦБ-00001837;Кальция хлорид р-р в/в 10% 10мл №10;Инъекционные и инфузионные р-ры;;;;
ЦБ-00008118;Кальция хлорид р-р в/в 10% 5мл №10;Инъекционные и инфузионные р-ры;;;;
РТ-00000815;Кальция хлорид р-р в/в 10% 5мл №10;Инъекционные и инфузионные р-ры;;;;
ЦБ-00040111;Кальция хлорид р-р в/в 10% 5мл №10;Инъекционные и инфузионные р-ры;;;;
ЦБ-00180472;Камастил таб. п/п/о 100мг №10;Ср-ва при эректильной дисфункции, влияющие на либидо;;;;
ЦБ-00123607;Камастил таб. п/п/о 100мг №4;Ср-ва при эректильной дисфункции, влияющие на либидо;;;;
ЦБ-00119104;Камастил таб. п/п/о 50мг №4;Ср-ва при эректильной дисфункции, влияющие на либидо;;;;
ЦБ-00039927;Каменное масло капс. №30;Поливитамины;;;;
ЦБ-00015263;Канамицин пор д/р-р в/м 1г №1;Антибактериальные средства инъекционные р-ры;;;;
ЦБ-00001851;Канамицин пор. д/ин. 1г №1;Антибактериальные средства инъекционные р-ры;;;;
ЦБ-00001854;Кандид гель ваг. 2% 30г;Гинекологические п/воспалительные ср-ва наружные;;;;
ЦБ-00001858;Кандид таб. ваг. 500мг №1;Гинекологические п/воспалительные ср-ва наружные;;;;
ЦБ-00001853;Кандид-В6 таб. ваг. 100мг №6;Гинекологические п/воспалительные ср-ва наружные;;;;
ЦБ-00001861;Канефрон H р-р внутр 100мл;Уроантисептики;;;;
ЦБ-00001860;Канефрон Н др. №60;Уроантисептики;;;;
ЦБ-00147494;Канефрон Н таб. п/о №120;Уроантисептики;;;;
РТ-00006967;Канефрон Н таб. п/о №60;Уроантисептики;;;;
ЦБ-00173835;Канпо шприц инсул. 1мл 3-х комп. с иглой 29G (0,33x13мм) №50;Шприцы;;;;
ЦБ-00177871;Кантилен очки солнцезащит. 1053;Очки готовые;;;;
ЦБ-00164652;Капреомицин пор. д/пригот. р-ра д/в/в и в/м/в 1г №1;Антибактериальные средства инъекционные р-ры;;;;
ЦБ-00069272;Капреомицина сульфат пор. д/р-ра в/в, в/м 1г.;Антибактериальные средства инъекционные р-ры;;;;
ЦБ-00019350;КАРАМЕЛЬ 36.6 ГЕЛЬ Д/Д ВИТ.ДРАЖЕ 150МЛ;Драже, леденцы;;;;
РТ-00010418;Карапуз Вода питьевая детская 330мл;Минеральная вода;;;;
ЦБ-00155911;Кардивитол капс. №28;Витамины д/сердечно-сосудистой системы;;;;
РТ-00012960;КАРДИО Натто Стандарт здоровья капс. №30;Витамины д/сердечно-сосудистой системы;;;;
ЦБ-00184345;Кардио Таурин таб. №45;Витамины д/сердечно-сосудистой системы;;;;
ЦБ-00026680;Кардиоактив витамины д/сердца капс. 0.25г №30;Витамины д/сердечно-сосудистой системы;;;;
ЦБ-00008159;Кардиоактив таб. №40;Витамины д/сердечно-сосудистой системы;;;;
ЦБ-00160134;Кардиоактив таурин  таб. 500мг №120;Витамины д/сердечно-сосудистой системы;;;;
ЦБ-00036626;Кардиоактив таурин  таб. 500мг №60;Витамины д/сердечно-сосудистой системы;;;;
ЦБ-00157317;Кардиобад таб. №50;Витамины д/сердечно-сосудистой системы;;;;
ЦБ-00170239;КардиоВит капс. №30;Витамины д/сердечно-сосудистой системы;;;;
ЦБ-00020169;Кардиоген капс. №60;Витамины д/сердечно-сосудистой системы;;;;
ЦБ-00192769;Кардиодевит таб. №100;Витамины д/сердечно-сосудистой системы;;;;
ЦБ-00022579;Кардиодоктор капс. 500мг №60;Витамины д/сердечно-сосудистой системы;;;;
ЦБ-00002678;Кардиола таб. 400мг №50  (молодильные травы);Витамины д/сердечно-сосудистой системы;;;;
ЦБ-00127219;Кардиола таб. №30;Витамины д/сердечно-сосудистой системы;;;;
РТ-00013766;Кардионорм плюс 250мл;Витамины д/сердечно-сосудистой системы;;;;
ЦБ-00037456;Кардиотон таб п/о №60;Витамины д/сердечно-сосудистой системы;;;;
ЦБ-00025639;Кардиотоник капс. 0.25 №30;Витамины д/сердечно-сосудистой системы;;;;
ЦБ-00039508;Кардиоэйс таб. №30;Витамины д/сердечно-сосудистой системы;;;;
ЦБ-00031099;Кардиоэнерджи капс 450мг №30 [Центр Развития Техн];Витамины д/сердечно-сосудистой системы;;;;
ЦБ-00001930;Карнитен р-р внутр 1г 10мл №10;Поливитамины;;;;
ЦБ-00032546;Карнитин 0,3г капс. №60;Поливитамины;;;;
ЦБ-00032840;Карнитин 0,3г капс. №60;Поливитамины;;;;
ЦБ-00032436;Карнитин 0.3г капс. №60;Поливитамины;;;;
ЦБ-00001931;Карнитина хлорид конц.д/инф. 100мг/мл 5мл №10;Поливитамины;;;;
ЦБ-00016370;Карнитон р-р внутр 20мл;Поливитамины;;;;
ЦБ-00008174;Карнитон р-р внутр 20мл;Поливитамины;;;;
ЦБ-00008175;Карнитон таб. №20;Поливитамины;;;;
ЦБ-00008176;Карнитон таб. №20;Поливитамины;;;;
ЦБ-00035862;Картила Геленк-МСМ таб. № 90;Поливитамины;;;;
ЦБ-00134070;Касугай Карамель леденцовая Японский вкус 110г;Драже, леденцы;;;;
ЦБ-00001941;Катеджель с лидокаином гель 12.5г №1;Гинекологические п/воспалительные ср-ва наружные;;;;
РТ-00001795;Катеджель с лидокаином гель 12.5г №25;Гинекологические п/воспалительные ср-ва наружные;;;;
РТ-00009408;Катеджель с лидокаином гель д/местн. примен. 12,5г №5  шприц;Гинекологические п/воспалительные ср-ва наружные;;;;
ЦБ-00158590;Катетеры канюли в/в с портом 0,70*19мм (24G) №1 SFM;Шприцы;;;;
ЦБ-00152672;Катетеры канюли в/в с портом 0,70*19мм (24G) №100 SFM;Шприцы;;;;
ЦБ-00165826;Кафа Франц очки поляризационные спортивные с желтыми линзами арт.CF7782155Y;Очки готовые;;;;
ЦБ-00148803;Кафа Франц очки солнцезащит. поляризационные дет. пластик арт. К00101;Очки готовые;;;;
ЦБ-00148804;Кафа Франц очки солнцезащит. поляризационные дет. пластик арт. К00103;Очки готовые;;;;
ЦБ-00148805;Кафа Франц очки солнцезащит. поляризационные дет. пластик арт. К00105;Очки готовые;;;;
ЦБ-00157887;Кафа Франц очки солнцезащит. поляризационные женск. CF007007;Очки готовые;;;;
ЦБ-00175954;Кверцепрост капс. №60;Уроантисептики;;;;
ЦБ-00151925;Квин витаминс комплекс витаминов B таб №60;Препараты группы В, нейропротекторы;;;;
ЦБ-00163045;Квин витаминс мультивитамины и минералы капс №60;Поливитамины;;;;
ЦБ-00157144;Квин витаминс экстракт клюквы таб. №60;Поливитамины;;;;
ЦБ-00040421;Квинизол таб. п/о 500мг №10;Гинекологические п/воспалительные ср-ва наружные;;;;
ЦБ-00171471;КВС вит. Д3 600МЕ таб. №60;Витамин Д3;;;;
ЦБ-00129656;КВС магний и экстр. мелиссы капс. №60;Препараты магния;;;;
ЦБ-00133057;КВС Мульти Витамин таб. 250мг №60;Поливитамины;;;;
ЦБ-00133058;КВС Мульти Минерал таб. 500мг №60;Поливитамины;;;;
ЦБ-00133059;КВС Ресвератрол и астаксантин капс. №60;Витамины д/сердечно-сосудистой системы;;;;
ЦБ-00166802;Кедровит эликсир 250мл;Поливитамины;;;;
ЦБ-00008208;Кедровит эликсир 250мл;Поливитамины;;;;
ЦБ-00155751;Келуона очки арт. 7132 (+1.50);Очки готовые;;;;
ЦБ-00155752;Келуона очки арт. 7132 (+2.00);Очки готовые;;;;
ЦБ-00155753;Келуона очки арт. 7132 (+2.50);Очки готовые;;;;
ЦБ-00156163;Келуона очки арт. 7132 (+3.50);Очки готовые;;;;
ЦБ-00152511;Келуона очки арт. 7138 (+3.00);Очки готовые;;;;
ЦБ-00152512;Келуона очки арт. 7138 (+3.50);Очки готовые;;;;
ЦБ-00034898;Кетамин р-р д/ин. 50мг/мл 2мл №5;Инъекционные и инфузионные р-ры;;;;
РТ-00000100;Кетоконазол Альтфарм супп. вагин. 400мг №5;Гинекологические п/воспалительные ср-ва наружные;;;;
РТ-00009227;Кетоконазол супп. вагин. 400мг №10;Гинекологические п/воспалительные ср-ва наружные;;;;
РТ-00008365;Кетоконазол супп. вагин. 400мг №10;Гинекологические п/воспалительные ср-ва наружные;;;;
РТ-00007961;Кетоконазол супп. вагин. 400мг №5;Гинекологические п/воспалительные ср-ва наружные;;;;
ЦБ-00148183;Кефотекс пор. для р-ра в/в в/м 1г №5;Антибактериальные средства инъекционные р-ры;;;;
ЦБ-00156332;Кефсепим пор. д/р-ра в/в в/м 1г №1;Антибактериальные средства инъекционные р-ры;;;;
ЦБ-00137272;Кидз вкусное железо сироп стик №10;Препараты железа;;;;
ЦБ-00181760;Кидстики Железо+Вит. гр. В+Вит. С стик-пакет 10мл №14;Поливитамины;;;;
ЦБ-00176609;Кинг Инфинити презерв. цветные/аромат. из натур. латекса №12;Презервативы;;;;
ЦБ-00185080;Кинг презерв. классич. из натур. латекса №12;Презервативы;;;;
ЦБ-00135546;Кинезио тейп Kinexib Pro (32м х5см) бежевый бинт;Бинты;;;;
ЦБ-00135474;Кинезио тейп Kinexib Ultra (5м*5см) красный бинт;Бинты;;;;
ЦБ-00135473;Кинезио тейп Kinexib Ultra (5м*5см) синий бинт;Бинты;;;;
ЦБ-00038554;Кинезио-тейп Kinexib (зеленый) 1мх5см;Бинты;;;;
ЦБ-00189950;Кинерет р-р д/п/к введ. 150мг/мл шприц 0,67мл №7;Инъекционные и инфузионные р-ры;;;;
ЦБ-00001991;Кирин пор. д/ин. 2г;Инъекционные и инфузионные р-ры;;;;
РТ-00003266;Клавин Оригинал капс. №12;Ср-ва при эректильной дисфункции, влияющие на либидо;;;;
ЦБ-00001997;Клайра таб. п/о №28;Пероральные контрацептивы;;;;
ЦБ-00018462;Клайра таб. п/о №84;Пероральные контрацептивы;;;;
ЦБ-00178151;КлампХарм Магний форте/Вит. В2/Вит. В6 капс. №90;Препараты магния;;;;
ЦБ-00180153;КлампХарм Масло криля капс. №60;Витамины д/сердечно-сосудистой системы;;;;
РТ-00008632;Кларуктам пор.д/ин.1г+500мг №1;Антибактериальные средства инъекционные р-ры;;;;
ЦБ-00016563;Клафобрин пор.д/ин.1г №50;Антибактериальные средства инъекционные р-ры;;;;
ЦБ-00030041;Клафоран пор в/в и в/м 1г №1;Антибактериальные средства инъекционные р-ры;;;;
ЦБ-00002023;Клафоран пор. д/ин. в/в и в/м 1г №1;Антибактериальные средства инъекционные р-ры;;;;
ЦБ-00002027;Клацид лиоф. д/инф. 500мг №1;Антибактериальные средства инъекционные р-ры;;;;
ЦБ-00020172;КЛАЦИД ПОР.Д/ИН. 500МГ N1;Антибактериальные средства инъекционные р-ры;;;;
ЦБ-00020173;Клиндамицин крем ваг. 2% 20г;Гинекологические п/воспалительные ср-ва наружные;;;;
ЦБ-00002054;Клиндамицин р-р д/ин. 150мг/мл 2мл №10;Антибактериальные средства инъекционные р-ры;;;;
ЦБ-00121736;Клиндамицин-Вертекс крем ваг. 2% 20г;Гинекологические п/воспалительные ср-ва наружные;;;;
ЦБ-00180342;Клиндацин Б пролонг крем вагинальный 2%+2% 19г;Гинекологические п/воспалительные ср-ва наружные;;;;
РТ-00000886;Клиндацин Б пролонг крем вагинальный 2%+2% 20г;Гинекологические п/воспалительные ср-ва наружные;;;;
ЦБ-00035660;Клиндацин Б пролонг крем вагинальный 2%+2% 6г;Гинекологические п/воспалительные ср-ва наружные;;;;
ЦБ-00181812;Клиндацин крем ваг. 2% 19г;Гинекологические п/воспалительные ср-ва наружные;;;;
ЦБ-00016737;Клиндацин крем ваг. 2% 20г;Гинекологические п/воспалительные ср-ва наружные;;;;
ЦБ-00002055;Клиндацин супп. ваг. 100мг №3;Гинекологические п/воспалительные ср-ва наружные;;;;
ЦБ-00152080;Клинса Активтекс АКФ салфетка аминокапроновая к-та и фурагин 3*5 №10;Повязка раневая;;;;
ЦБ-00147183;Клинса бинт когезивный эластич. самофиксир. (4м х6см) №1 белый Вариант;Бинты самофиксирующие;;;;
ЦБ-00148740;Клинса бинт когезивный эластич. самофиксир. (4м х6см) №1 синий Вариант;Бинты самофиксирующие;;;;
ЦБ-00147336;Клинса бинт когезивный эластич. самофиксир. 4мх8см белый Вариант;Бинты самофиксирующие;;;;
ЦБ-00182820;Клинса бинт эластич. самофиксир. на пропилен. основе (4м х10см) №1 белый;Бинты самофиксирующие;;;;
ЦБ-00182734;Клинса бинт эластич. самофиксир. на пропилен. основе (4м х4см) №1 белый;Бинты самофиксирующие;;;;
ЦБ-00182735;Клинса бинт эластич. самофиксир. на пропилен. основе (4м х6см) №1 белый;Бинты самофиксирующие;;;;
ЦБ-00183463;Клинса бинт эластич. самофиксир. на пропилен. основе (4м х6см) №1 фиолетовый;Бинты самофиксирующие;;;;
ЦБ-00184316;Клинса бинт эластич. самофиксир. на пропилен. основе (4м х8см) №1 белый;Бинты самофиксирующие;;;;
ЦБ-00186422;Клинса бинт эластич. самофиксир. на пропилен. основе (4м х8см) №1 фиолетовый;Бинты самофиксирующие;;;;
РТ-00009122;Клинса Импэкс-мед Лейкопластырь 2.5х500см шелк (белый);Фиксирующие катушки;;;;
РТ-00009957;Клинса Импэкс-мед Лейкопластырь набор 6х10см №10 неткан. (натур.);Бактерицидный;;;;
РТ-00014657;Клинса Импэкс-мед Лейкопластырь фикс. 4х500см ткан. белый;Фиксирующие катушки;;;;
ЦБ-00141154;Клинса Интекс бинт эласт. трубчатый Р4 латексно-полиэфирный (15х3см) №20;Бинты самофиксирующие;;;;
ЦБ-00178082;Клинса салфетки марлев. стер. 5х5см №10;Салфетки стерильные;;;;
ЦБ-00178073;Клинса салфетки марлев. стер. 7,5х7,5см №10;Салфетки стерильные;;;;
ЦБ-00180579;Клинса Шприц 20мл 3-х комп. 21G (0,8мм*38мм) №50;Шприцы;;;;
ЦБ-00195040;Клинса Шприц 20мл 3-х комп. 21G 1/2 (0,8мм*38мм) №5;Шприцы;;;;
ЦБ-00172840;Клинса шприц 3-х комп. стер. 10 мл с иглой 21G (0,8х38мм) №5;Шприцы;;;;
ЦБ-00189650;Клинса шприц 3-х комп. стер. 2мл с иглой 23G (0,6х32мм) №100;Шприцы;;;;
ЦБ-00175059;Клинса шприц 3-х комп. стер. 5мл с иглой 22G (0,7х38мм) №100;Шприцы;;;;
ЦБ-00002060;Клион р-р д/инф. 0.5% 100мл №1;Антибактериальные средства инъекционные р-ры;;;;
ЦБ-00002059;Клион-Д таб. ваг. 100мг №10;Гинекологические п/воспалительные ср-ва наружные;;;;
ЦБ-00002058;Клион-д таб.ваг.№10;Гинекологические п/воспалительные ср-ва наружные;;;;
ЦБ-00026902;Кломегель гель д/интраваг. введ. 20 мг + 10 мг/г 30 г с апплик.;Гинекологические п/воспалительные ср-ва наружные;;;;
ЦБ-00157746;Клонэри капс. №60;Поливитамины;;;;
РТ-00005591;Клотримазол крем ваг. 2% 20г;Гинекологические п/воспалительные ср-ва наружные;;;;
ЦБ-00008340;Клотримазол таб. ваг. 100мг №6;Гинекологические п/воспалительные ср-ва наружные;;;;
ЦБ-00015277;Клотримазол таб. ваг. 100мг №6;Гинекологические п/воспалительные ср-ва наружные;;;;
ЦБ-00002078;Клотримазол таб. ваг. 100мг №6;Гинекологические п/воспалительные ср-ва наружные;;;;
ЦБ-00002079;Клотримазол таб. ваг. 100мг №6;Гинекологические п/воспалительные ср-ва наружные;;;;
ЦБ-00002072;Клотримазол-Акри таб. ваг. 100мг №6.;Гинекологические п/воспалительные ср-ва наружные;;;;
ЦБ-00033990;Клотримазол-Акрихин таб.ваг.100мг №6;Гинекологические п/воспалительные ср-ва наружные;;;;
ЦБ-00015498;Клубника сироп 300мл;Поливитамины;;;;
ЦБ-00163353;Клюква с вит.С капс. №30;Витамин С;;;;
ЦБ-00169942;Клюквы экстракт с вит.С капс. №30;Витамин С;;;;
ЦБ-00151507;Колиф витамин С капли д/приема внутрь 30мл;Витамин С;;;;
ЦБ-00154546;Комбилипен Нейро табс таб. п/п/о 100 мг+100 мг №30;Препараты группы В, нейропротекторы;;;;
ЦБ-00165696;Комбилипен Нейро табс таб. п/п/о №45;Препараты группы В, нейропротекторы;;;;
ЦБ-00118118;Комбилипен Нео р-р д/ин.в/м 2мл №10;Препараты группы В, нейропротекторы;;;;
ЦБ-00023488;Комбилипен табс таб. п.о №15;Препараты группы В, нейропротекторы;;;;
ЦБ-00002099;Комбилипен табс таб. п.о №30;Препараты группы В, нейропротекторы;;;;
ЦБ-00002100;Комбилипен табс таб. п.о №60;Препараты группы В, нейропротекторы;;;;
ЦБ-00153504;Комбилипен® Нейро табс таб. п/п/о 100 мг+100 мг №60;Препараты группы В, нейропротекторы;;;;
ЦБ-00175235;Комбонефрон таб. п/п/о №120;Уроантисептики;;;;
ЦБ-00174900;Комбонефрон таб. п/п/о №60;Уроантисептики;;;;
ЦБ-00173001;Компас здоровья Витамин Д3 2000МЕ капс. №120;Витамин Д3;;;;
ЦБ-00178180;Компас здоровья Витамин Д3+К2 2000МЕ капс. №150;Витамин Д3;;;;
ЦБ-00173142;Компас Здоровья Легкоусвояемое железо хелат капс. №60;Препараты железа;;;;
ЦБ-00170300;Компас Здоровья Магнезиум хелат комплекс + В6 капс. №120;Препараты магния;;;;
ЦБ-00174544;Компас здоровья Селен комплекс + Q10 капс. №60;Витамины д/сердечно-сосудистой системы;;;;
ЦБ-00186148;Компл. АМК+Ресвератрол капс. №45;Витамины д/сердечно-сосудистой системы;;;;
ЦБ-00191232;Компл. АМК+Ресвератрол капс. №60;Витамины д/сердечно-сосудистой системы;;;;
ЦБ-00135568;Комплекс 5-гидрокситриптофана и вит. Д таб. №30;Витамин Д3;;;;
ЦБ-00129498;Комплекс А+Е витамин капс. №10;Поливитамины;;;;
ЦБ-00165353;Комплекс А+Е витамин капс. №20;Поливитамины;;;;
ЦБ-00164655;Комплекс А+Е витамин капс. №30;Поливитамины;;;;
ЦБ-00156148;Комплекс в сезон простуд таб. №30;Поливитамины;;;;
ЦБ-00039339;Комплекс витаминно-минерал. от А до Zn таб. п/о №30;Поливитамины;;;;
ЦБ-00036721;Комплекс витаминов A+D  (A+D Complex) №90;Поливитамины;;;;
ЦБ-00034118;Комплекс Витаминов А+Е+C таб.№80 ПП;Поливитамины;;;;
ЦБ-00124614;Комплекс д/почек др.№40;Уроантисептики;;;;
ЦБ-00129499;Комплекс дет. омега-3 с ви. Е Д капс. жев. малина и травы №60;Поливитамины;;;;
ЦБ-00177983;Комплекс при похмелье таб. быстрораств. лайм №10;Поливитамины;;;;
ЦБ-00190811;Комплекс растит. д/мочевыводящих путей таб. №60;Уроантисептики;;;;
ЦБ-00169562;Комплекс растит. экстр. д/мочевыводящих путей жидкость 100мл;Уроантисептики;;;;
ЦБ-00137341;Комплекс экстр. клюквы/толокнянки/хвоща саше №14;Уроантисептики;;;;
ЦБ-00163166;Комплекс экстрактов с любистоком капс. №30;Уроантисептики;;;;
ЦБ-00164760;Комплекс экстрактов с любистоком капс. №40;Уроантисептики;;;;
ЦБ-00027514;Комплект белья однораз. из неткан матер. д/огранич. операцион. поля ?Гекса?-01;Салфетки стерильные;;;;
РТ-00004776;Компливит Аква Д3 капли д/приема внутрь 15000 МЕ/мл 10мл;Витамин Д3;;;;
ЦБ-00134730;Компливит Аква Д3 капли д/приема внутрь 15000 МЕ/мл 20мл;Витамин Д3;;;;
ЦБ-00038501;Компливит Активные мишки паст. жевательные №30;Поливитамины;;;;
ЦБ-00008600;Компливит Железо таб. №60;Препараты железа;;;;
ЦБ-00118747;Компливит Кальций Д3 Голд таб. п/о. №100;Витамин Д3;;;;
ЦБ-00008602;Компливит Магний таб. 735мг №60;Препараты магния;;;;
ЦБ-00008605;Компливит Мультивитамины+йод пор. д/сусп.внутр. 34г;Поливитамины;;;;
ЦБ-00028316;Компливит Сияние Антиоксиданты молодости капс. 300 мг. №30;Поливитамины;;;;
ЦБ-00035111;Компливит таб. п.о №30;Поливитамины;;;;
ЦБ-00008608;Компливит таб. п.о №60;Поливитамины;;;;
ЦБ-00161909;Компливит таб. п/п/о №30 (БАД);Поливитамины;;;;
ЦБ-00161905;Компливит таб. п/п/о №60 (БАД);Поливитамины;;;;
ЦБ-00039752;Компливит Фрутовит пастилки жеват. №30;Поливитамины;;;;
ЦБ-00035480;Комплигам В комплекс таб N30;Препараты группы В, нейропротекторы;;;;
ЦБ-00031219;КомплигамВ комплекс таб №60;Препараты группы В, нейропротекторы;;;;
РТ-00012128;Консумед Витамин С таб. шип. 900мг №20;Витамин С;;;;
ЦБ-00035363;Контейнер Гемасин с р-ром Глюгицир 500/400мл;Инъекционные и инфузионные р-ры;;;;
ЦБ-00011983;Контекс Блэк Роуз презервативы №12;Презервативы;;;;
ЦБ-00011985;Контекс Блэк Роуз презервативы №12;Презервативы;;;;
ЦБ-00011984;Контекс Блэк Роуз презервативы №3;Презервативы;;;;
ЦБ-00012034;Контекс Глоувинг презервативы №12;Презервативы;;;;
ЦБ-00011990;Контекс Глоувинг презервативы №3;Презервативы;;;;
ЦБ-00012035;Контекс Глоувинг презервативы №3;Презервативы;;;;
ЦБ-00011982;Контекс Доттед презервативы с точками №3;Презервативы;;;;
ЦБ-00011991;Контекс Империал презервативы №12;Презервативы;;;;
ЦБ-00011992;Контекс Империал презервативы №3;Презервативы;;;;
ЦБ-00176733;Контекс Классик из нат. латекса презервативы №30;Презервативы;;;;
ЦБ-00176863;Контекс Классик из нат. латекса презервативы №6;Презервативы;;;;
ЦБ-00011986;Контекс Классик презервативы №12;Презервативы;;;;
ЦБ-00026893;Контекс Классик презервативы №18;Презервативы;;;;
ЦБ-00011987;Контекс Классик презервативы №3;Презервативы;;;;
ЦБ-00011988;Контекс Колор презервативы №12;Презервативы;;;;
ЦБ-00012042;Контекс Колор презервативы №3;Презервативы;;;;
ЦБ-00008655;Контекс Лайт презервативы №12;Презервативы;;;;
ЦБ-00036340;Контекс Лайт презервативы №18;Презервативы;;;;
ЦБ-00012044;Контекс Лайт презервативы №3;Презервативы;;;;
РТ-00001596;Контекс Лайт презервативы №30;Презервативы;;;;
ЦБ-00012045;Контекс Лонг Лав презервативы №12;Презервативы;;;;
ЦБ-00012046;Контекс Лонг Лав презервативы №3;Презервативы;;;;
РТ-00001597;Контекс Мэджик Бокс презервативы №18;Презервативы;;;;
ЦБ-00022465;Контекс набор Секс мафия XL 002057;Презервативы;;;;
ЦБ-00012047;Контекс Опиум презервативы №12;Презервативы;;;;
ЦБ-00012048;Контекс Опиум презервативы №3;Презервативы;;;;
ЦБ-00165531;Контекс презервативы Классик №3 + Экстра сенсэйшн №3;Презервативы;;;;
ЦБ-00181119;Контекс презервативы особо тонкие №6;Презервативы;;;;
ЦБ-00012049;Контекс Рельеф презервативы №12;Презервативы;;;;
ЦБ-00012050;Контекс Риббед презервативы №3;Презервативы;;;;
ЦБ-00012051;Контекс Романтик Лав презервативы №12;Презервативы;;;;
ЦБ-00012052;Контекс Романтик Лав презервативы №3;Презервативы;;;;
ЦБ-00058517;Контекс Романтик презервативы №12;Презервативы;;;;
ЦБ-00011997;Контекс Романтик презервативы №3;Презервативы;;;;
ЦБ-00012053;Контекс Торнадо презервативы №12;Презервативы;;;;
ЦБ-00011998;Контекс Торнадо презервативы №3;Презервативы;;;;
ЦБ-00011989;Контекс Форсед презервативы №3;Презервативы;;;;
ЦБ-00011994;Контекс Экстра Лардж (XXL) презервативы №12;Презервативы;;;;
ЦБ-00012058;Контекс Экстра Лардж (XXL) презервативы №3;Презервативы;;;;
ЦБ-00025841;Контекс Экстра Сенсэйшн презервативы №12;Презервативы;;;;
РТ-00001598;Контекс Экстра Сенсэйшн презервативы №18;Презервативы;;;;
ЦБ-00026892;Контекс Экстра Сенсэйшн презервативы №3;Презервативы;;;;
ЦБ-00177647;Контекс Ю энд Ми Оргазмик презервативы №12;Презервативы;;;;
ЦБ-00175655;Контекс Ю энд Ми Оргазмик презервативы №3;Презервативы;;;;
ЦБ-00021757;КОНТРИКАЛ ПОР.ЛИОФ.Д/Р-РА 10000ЕД N10;Инъекционные и инфузионные р-ры;;;;
ЦБ-00022779;КОНТРОЛОК ПОР. Д/ПРИГ. В/В Р-РА 40МГ №1;Инъекционные и инфузионные р-ры;;;;
ЦБ-00023959;КОНФИМИЛК ВИТ.ЖЕВАТ.ТАБ.№90.;Поливитамины;;;;
ЦБ-00160590;Кордицепс максимум капс. №30;Поливитамины;;;;
ЦБ-00148221;Кордицепс с мумие капс. №30;Поливитамины;;;;
РТ-00011489;Кордицепс Супер капс. №60;Поливитамины;;;;
ЦБ-00169449;Кордицепс Супер Форте капс. №60;Поливитамины;;;;
ЦБ-00032422;Коронаритм таб. №60;Витамины д/сердечно-сосудистой системы;;;;
ЦБ-00154491;Космо-Д таб. д/рассас. 1000МЕ №60;Витамин Д3;;;;
ЦБ-00103498;Космопор Адванс повязка раневая самофикс. 7,2*5см №25;Повязка раневая;;;;
ЦБ-00145106;Космопор Антибактериал повязка с серебром 15х6см №25;Повязка раневая;;;;
ЦБ-00090439;Космопор Антибактериал повязка с серебром 15х8см №25;Повязка раневая;;;;
ЦБ-00134476;Космос классик пластырь ткань-телесн 8*4см №150;Бактерицидный;;;;
ЦБ-00185862;Кошечки и Собачки пластырь бактерицидный влагост. дет. 1,9х7,2см №20;Бактерицидный;;;;
ЦБ-00192237;Коэнзим капс. №60;Витамины д/сердечно-сосудистой системы;;;;
ЦБ-00008805;Крайнон гель ваг. 90мг/доза 1.13г №15;Заместительная гормональная терапия;;;;
ЦБ-00008810;Красгемодез 8000 р-р д/инф. 400мл;Инъекционные и инфузионные р-ры;;;;
ЦБ-00137469;Красный корень форте капс. №15;Ср-ва при эректильной дисфункции, влияющие на либидо;;;;
ЦБ-00161221;Красный корень Форте капс. №30;Ср-ва при эректильной дисфункции, влияющие на либидо;;;;
ЦБ-00118552;Кристаллы ксилитола Фуззи Рок со вкусом мяты б/сахара;Драже, леденцы;;;;
ЦБ-00122575;Кристаллы ксилитола Фуззи Рок со вкусом персика б/сахара 40гр;Драже, леденцы;;;;
ЦБ-00168777;Ксефомиелин таб. п/о №30;Препараты группы В, нейропротекторы;;;;
ЦБ-00008906;Кудесан Q10 капли д/приема внутрь 3% 20мл;Витамины д/сердечно-сосудистой системы;;;;
ЦБ-00008903;Кудесан Q10 Кардио калий-магний таб. 1г №40;Витамины д/сердечно-сосудистой системы;;;;
ЦБ-00008904;Кудесан Q10 Кардио форте р-р внутр 20мл;Витамины д/сердечно-сосудистой системы;;;;
ЦБ-00008905;Кудесан Q10 Кардио форте таб. №20;Витамины д/сердечно-сосудистой системы;;;;
ЦБ-00008902;Кудесан Q10 таб. жев. д/детей 1г №24;Поливитамины;;;;
ЦБ-00016015;Кудесан Q10 таб. калий-магний 1г №40;Поливитамины;;;;
ЦБ-00026481;Кудесан Q10 таб.жев. д/детей №30;Поливитамины;;;;
ЦБ-00016016;Кудесан Q10 форте р-р внутр 20мл;Поливитамины;;;;
ЦБ-00016493;Кудесан Q10 форте таб. №20;Поливитамины;;;;
ЦБ-00008907;Кудесан капли д/приема внутрь 3 % фл. 20 мл. (лс) х1;Поливитамины;;;;
ЦБ-00017038;КУДЕСАН Р-Р ФЛАК.-КАП. 20МЛ;Поливитамины;;;;
ЦБ-00030050;КУДЕСАН ТАБЛ.ЖЕВ. Д/ДЕТЕЙ N30;Поливитамины;;;;
РТ-00012301;Кунг-фу Панда Витамин Д3 таб. жеват. №10;Витамин Д3;;;;
РТ-00012303;Кунг-фу Панда Железо + В12 таб. №10;Препараты железа;;;;
ЦБ-00123340;Кунг-фу Панда Железо + В12 таб. жев. №80;Препараты железа;;;;
ЦБ-00122587;Купид 36 таб.п/п/о 20мг №2;Ср-ва при эректильной дисфункции, влияющие на либидо;;;;
ЦБ-00008965;Кутен Q10 капс. 550мг №30;Поливитамины;;;;
ЦБ-00158009;Лав Ботаника Витамин Д3 600МЕ капс. №120;Витамин Д3;;;;
ЦБ-00158938;Лав Ботаника Витамин С капс. №60;Витамин С;;;;
ЦБ-00166506;Лав Ботаника Здоровые почки экстракт 100мл;Уроантисептики;;;;
ЦБ-00171088;Лав Ботаника Урофит Форте таб. №30;Уроантисептики;;;;
ЦБ-00195382;Лава Лава Аскорбинка дет. б/аромат. таб. №10;Витамин С;;;;
ЦБ-00188078;Лава Лава аскорбинка дет. клубника таб. №10;Витамин С;;;;
ЦБ-00185786;Лава Лава Аскорбинка дет. малина таб. №10;Витамин С;;;;
ЦБ-00185640;Лава Лава Аскорбинка дет. яблоко таб. №10;Витамин С;;;;
ЦБ-00184768;Лава Лава Гематоген д/дет. 40г;Гематоген;;;;
ЦБ-00186977;Лава Лава Гематоген русский с кокосом 40г;Гематоген;;;;
ЦБ-00186976;Лава Лава Гематоген русский с лесн. орехом 40г;Гематоген;;;;
ЦБ-00189452;Лава Лава Гематоген С-Вита плюс д/дет. 50г;Гематоген;;;;
ЦБ-00190328;Лава Лава карамель петушок с цинком/вит. С ананас 17г;Витамин С;;;;
ЦБ-00189453;Лава Лава карамель петушок с цинком/вит. С вишня 17г;Витамин С;;;;
ЦБ-00186475;Лава Лава карамель петушок с цинком/вит. С дюшес 17г;Витамин С;;;;
ЦБ-00190326;Лава Лава карамель петушок с цинком/вит. С клубника 17г;Витамин С;;;;
ЦБ-00185797;Лава Лава карамель петушок с цинком/вит. С малина/ежевика;Витамин С;;;;
ЦБ-00017424;Лаверон д/жен. таб. 250мг №30;Ср-ва при эректильной дисфункции, влияющие на либидо;;;;
ЦБ-00009069;Лаверон д/жен. таб. 250мг №30;Ср-ва при эректильной дисфункции, влияющие на либидо;;;;
ЦБ-00009070;Лаверон д/жен. таб. 500мг №1;Ср-ва при эректильной дисфункции, влияющие на либидо;;;;
ЦБ-00009071;Лаверон д/жен. таб. 500мг №3;Ср-ва при эректильной дисфункции, влияющие на либидо;;;;
ЦБ-00017423;Лаверон д/муж. таб. 250мг №30;Ср-ва при эректильной дисфункции, влияющие на либидо;;;;
ЦБ-00009072;Лаверон д/муж. таб. 250мг №30;Ср-ва при эректильной дисфункции, влияющие на либидо;;;;
ЦБ-00017207;Лаверон д/муж. таб. 500мг №1;Ср-ва при эректильной дисфункции, влияющие на либидо;;;;
ЦБ-00009073;Лаверон д/муж. таб. 500мг №1;Ср-ва при эректильной дисфункции, влияющие на либидо;;;;
ЦБ-00016751;Лаверон д/муж. таб. 500мг №3;Ср-ва при эректильной дисфункции, влияющие на либидо;;;;
ЦБ-00009074;Лаверон д/муж. таб. 500мг №3;Ср-ва при эректильной дисфункции, влияющие на либидо;;;;
ЦБ-00131848;Лаверон д/муж. таб. 500мг №3+1;Ср-ва при эректильной дисфункции, влияющие на либидо;;;;
ЦБ-00175305;Лаверон для женщин №3+1;Ср-ва при эректильной дисфункции, влияющие на либидо;;;;
РТ-00003934;Ладушки Вода питьевая детская 330мл;Минеральная вода;;;;
ЦБ-00186179;Лайф Аскорбиновая к-та пор. 2,5 №10;Витамин С;;;;
ЦБ-00180489;Лайф Нью салфетки марлев. стер. 8 сложений 7,5х7,5см №10;Салфетки стерильные;;;;
ЦБ-00012059;Лайф стайл презервативы ребристые №3;Презервативы;;;;
ЦБ-00150060;Лайф стайл Скин Интенс фил презервативы мужские из синтетического латекса №10;Презервативы;;;;
ЦБ-00116978;Лайф Формула ВИП Мегакомплекс таб. №120;Поливитамины;;;;
ЦБ-00017167;ЛАЙФ ФОРМУЛА ВИП ТАБЛ. N120;Поливитамины;;;;
ЦБ-00020391;ЛАЙФ ФОРМУЛА СПОКОЙНАЯ НОЧЬ КАПС. N30;Поливитамины;;;;
ЦБ-00184244;Лайф Форс Вит. Д3+К2 капс. №90;Витамин Д3;;;;
ЦБ-00194954;Лайф Экстеншн Гомоцистеин резист капс. №60;Препараты группы В, нейропротекторы;;;;
ЦБ-00195300;Лайф Экстеншн Мультивит. капс. №60;Поливитамины;;;;
ЦБ-00161300;Лакомства для здоровья карамель лед. б/сах. на изомальте апельсин-имбирь 50г;Драже, леденцы;;;;
ЦБ-00161301;Лакомства для здоровья карамель лед. б/сах. на изомальте зеленый чай-женьшень 50г;Драже, леденцы;;;;
ЦБ-00161289;Лакомства для здоровья карамель лед. б/сах. на изомальте малина 50г;Драже, леденцы;;;;
ЦБ-00161290;Лакомства для здоровья карамель лед. б/сах. на изомальте мед-лимон 50г;Драже, леденцы;;;;
ЦБ-00009150;Лактинет-Рихтер таб. п/о 75мкг №28;Пероральные контрацептивы;;;;
ЦБ-00188511;Лактовестин Актив спрей д/интимн. зоны 80мл;Гинекологические п/воспалительные ср-ва наружные;;;;
ЦБ-00156407;Лактодепантол супп. ваг. 100мг №10;Гинекологические п/воспалительные ср-ва наружные;;;;
ЦБ-00156406;Лактодепантол супп. ваг. 100мг №5;Гинекологические п/воспалительные ср-ва наружные;;;;
ЦБ-00159660;Лактофлорене Цист пак. №20;Уроантисептики;;;;
ЦБ-00191224;Л-аргинин капс. №60;Витамины д/сердечно-сосудистой системы;;;;
ЦБ-00180820;Латипенем пор. д/пригот. р-ра д/инф. 500мг+500мг №1 вместимостью 20мл;Инъекционные и инфузионные р-ры;;;;
ЦБ-00180821;Латипенем пор. д/пригот. р-ра д/инф. 500мг+500мг №1 вместимостью 30мл;Инъекционные и инфузионные р-ры;;;;
ЦБ-00009177;Левзеи экстракт жидкий 50мл;Поливитамины;;;;
ЦБ-00002290;Левитра ОДТ таб. дисперг. 10мг №2;Ср-ва при эректильной дисфункции, влияющие на либидо;;;;
ЦБ-00002291;Левитра ОДТ таб. дисперг. 10мг №4;Ср-ва при эректильной дисфункции, влияющие на либидо;;;;
ЦБ-00020188;Левитра таб. п/о 10мг №1;Ср-ва при эректильной дисфункции, влияющие на либидо;;;;
ЦБ-00002292;Левитра таб. п/о 10мг №4;Ср-ва при эректильной дисфункции, влияющие на либидо;;;;
ЦБ-00009179;Левитра таб. п/о 20мг №1;Ср-ва при эректильной дисфункции, влияющие на либидо;;;;
ЦБ-00002293;Левитра таб. п/о 20мг №4;Ср-ва при эректильной дисфункции, влияющие на либидо;;;;
ЦБ-00016753;Левитра таб. п/о 5мг №1;Ср-ва при эректильной дисфункции, влияющие на либидо;;;;
ЦБ-00104081;Левотек р-р д/инф. 5мг/мл 100мл №1 фл.;Антибактериальные средства инъекционные р-ры;;;;
ЦБ-00157456;Левофлоксацин р-р д/инф. 5мг/мл 100 мл;Антибактериальные средства инъекционные р-ры;;;;
ЦБ-00166023;Левофлоксацин р-р д/инф. 5мг/мл 100 мл;Антибактериальные средства инъекционные р-ры;;;;
ЦБ-00173143;Левофлоксацин р-р д/инф. 5мг/мл 100мл;Антибактериальные средства инъекционные р-ры;;;;
ЦБ-00082316;Левофлоксацин р-р д/инф. 5мг/мл 100мл №1;Антибактериальные средства инъекционные р-ры;;;;
ЦБ-00039959;Левофлоксацин р-р д/инф. 5мг/мл 100мл №1;Антибактериальные средства инъекционные р-ры;;;;
ЦБ-00148956;Левофлоксацин р-р д/инф. 5мг/мл 100мл №1;Антибактериальные средства инъекционные р-ры;;;;
РТ-00005778;Левофлоксацин р-р д/инф. 5мг/мл 100мл №1;Антибактериальные средства инъекционные р-ры;;;;
ЦБ-00150523;Левофлоксацин р-р д/инф. 5мг/мл 100мл №12 (для ЛПУ);Антибактериальные средства инъекционные р-ры;;;;
ЦБ-00173244;Левофлоксацин р-р д/инф. 5мг/мл 100мл №35 (для ЛПУ);Антибактериальные средства инъекционные р-ры;;;;
ЦБ-00129822;Левофлоксацин-Акос р-р д/инф. 5мг/мл 100 мл;Антибактериальные средства инъекционные р-ры;;;;
ЦБ-00160832;Левофлоксацин-Ника р-р д/инф. 5мг/мл 100мл №1;Антибактериальные средства инъекционные р-ры;;;;
ЦБ-00151859;Леденец 12 витаминов 14г;Драже, леденцы;;;;
ЦБ-00134731;Леденец 12 витаминов 14г №40;Драже, леденцы;;;;
ЦБ-00157168;Леденцовая карамель с вит. С со вкусом клубники 17г;Драже, леденцы;;;;
ЦБ-00025248;Леденцы Азбука здоровья Альпийский мед 60г;Драже, леденцы;;;;
ЦБ-00025246;Леденцы Азбука здоровья Мед/Лимон освежающие №9;Драже, леденцы;;;;
ЦБ-00025247;Леденцы Азбука здоровья Ментол освежающие №9;Драже, леденцы;;;;
ЦБ-00025249;Леденцы Азбука здоровья Свежая мята освежающие №9;Драже, леденцы;;;;
ЦБ-00033135;Леденцы Азбука здоровья Эвкалипт/Ментол/ВитаминС 60г;Драже, леденцы;;;;
РТ-00007846;Леденцы б/сах медово-лимонные с маслом эвкалипта и вит. С 62,5;Драже, леденцы;;;;
РТ-00011627;Леденцы Бобс от кашля Апельсин/Лимон 35г;Драже, леденцы;;;;
ЦБ-00009196;Леденцы Бобс от кашля Лесные ягоды 35г;Драже, леденцы;;;;
ЦБ-00009197;Леденцы Бобс от кашля Малиновый чай 35г;Драже, леденцы;;;;
ЦБ-00009198;Леденцы Бобс от кашля Мед/Лимон 35г;Драже, леденцы;;;;
ЦБ-00009199;Леденцы Бобс от кашля Мята/Эвкалипт 35г;Драже, леденцы;;;;
ЦБ-00036467;Леденцы Бобс от кашля Пихта/Ментол 35г;Драже, леденцы;;;;
ЦБ-00039942;Леденцы Бобс Прополис/Мята 32г;Драже, леденцы;;;;
ЦБ-00039712;Леденцы Бобс Шалфей/Лайм 35г;Драже, леденцы;;;;
ЦБ-00024530;Леденцы Витэндмин Яблоко 42г;Драже, леденцы;;;;
ЦБ-00156140;Леденцы вишнёвые с маслом эвкалипта и вит. С пакет. №25;Драже, леденцы;;;;
ЦБ-00007987;Леденцы Зула б/сахара Гранат 60г;Драже, леденцы;;;;
ЦБ-00007989;Леденцы Зула б/сахара Лесная ягода 60г;Драже, леденцы;;;;
ЦБ-00022713;Леденцы Зула б/сахара Мультивитамин 60г;Драже, леденцы;;;;
ЦБ-00007994;Леденцы Зула б/сахара Эвкалипт 60г;Драже, леденцы;;;;
ЦБ-00148788;Леденцы лимон/мята 60г;Драже, леденцы;;;;
ЦБ-00149022;Леденцы мятные, без сахара, с маслом эвкалипта и витамином С 25 шт.;Драже, леденцы;;;;
РТ-00002256;Леденцы Фрутифру Персик/Апельсин БАД №10;Драже, леденцы;;;;
РТ-00003225;Леденцы Холс Гранат/Асаи №9;Драже, леденцы;;;;
РТ-00005667;Леденцы Холс Клубника №9;Драже, леденцы;;;;
ЦБ-00034504;Леденцы Холс Лесные ягоды 33г;Драже, леденцы;;;;
ЦБ-00034505;Леденцы Холс Мандарин/Имбирь 33г;Драже, леденцы;;;;
ЦБ-00119595;Леденцы Холс Мед/Лимон (12 упаковок);Драже, леденцы;;;;
ЦБ-00034506;Леденцы Холс Мед/Лимон 33г;Драже, леденцы;;;;
РТ-00012727;Леденцы Холс Ментол Экстра (12 упаковок);Драже, леденцы;;;;
ЦБ-00035317;Леденцы Холс Ментол Экстра №9;Драже, леденцы;;;;
ЦБ-00155223;Леденцы Холс Оригинальные 25г;Драже, леденцы;;;;
ЦБ-00017170;Леденцы Холс Оригинальные 33г;Драже, леденцы;;;;
ЦБ-00117358;Леденцы Холс Оригинальный №12;Драже, леденцы;;;;
ЦБ-00039034;Леденцы Холс Разноцветное Ассорти №9;Драже, леденцы;;;;
ЦБ-00009204;Ледис Формула Больше чем поливитамины капс. №60;Поливитамины;;;;
ЦБ-00163868;Лейко лейкопластырь мед. бактериц. 4,1х3,8см №1;Бактерицидный;;;;
ЦБ-00190329;Лейко лейкопластырь полим.основа гипоаллерг. 2х500см;Фиксирующие катушки;;;;
ЦБ-00189953;Лейко лейкопластырь полим.основа гипоаллерг. 3х500см;Фиксирующие катушки;;;;
ЦБ-00185114;Лейко лейкопластырь полим.основа гипоаллерг. 5х500см;Фиксирующие катушки;;;;
ЦБ-00135496;Лейко лейкопластырь ткан.основа 5*500см;Фиксирующие катушки;;;;
ЦБ-00189458;Лейко повязка мед. фикс. неткан. впит. прокл. 10х8см №50;Повязка раневая;;;;
ЦБ-00194182;Лейко повязка мед. фикс. неткан. впит. прокл. 15х8см №50;Повязка раневая;;;;
ЦБ-00179710;Лейко повязка мед. фикс. неткан. впит. прокл. 5х7см №50;Повязка раневая;;;;
ЦБ-00159463;Лейковорин-ЛЭНС р-р в/в и в/м 5мг/мл 10мл №1;Инъекционные и инфузионные р-ры;;;;
ЦБ-00016193;Лейкопл. бактериц 4x10см №1;Бактерицидный;;;;
ЦБ-00018407;ЛЕЙКОПЛ. БАКТЕРИЦИДНЫЙ 1.9Х7.2СМ;Бактерицидный;;;;
ЦБ-00016212;Лейкопл. гипоалл/нетк осн 3.8x3.8см №1;Бактерицидный;;;;
ЦБ-00016276;Лейкопл. фикс тк/осн 2смx5м;Фиксирующие катушки;;;;
ЦБ-00032720;ЛЕЙКОПЛАСТЕР пл-рь 2.0х250см тканая основа (гипоаллергенно);Фиксирующие катушки;;;;
ЦБ-00032721;ЛЕЙКОПЛАСТЕР пл-рь 2.0х500см тканая основа (гипоаллергенно);Фиксирующие катушки;;;;
ЦБ-00032722;ЛЕЙКОПЛАСТЕР пл-рь 2.5х500см нетканая основа (гипоаллергенно);Фиксирующие катушки;;;;
ЦБ-00020857;ЛЕЙКОПЛАСТЫРЕЙ НАБОР БАКТЕРИЦ. МЕЧТА ТУРИСТА  N24;Бактерицидный;;;;
ЦБ-00026560;ЛЕЙКОПЛАСТЫРЬ 1Х500 №1;Фиксирующие катушки;;;;
ЦБ-00011406;Лейкопластырь 1х500см (картон уп);Фиксирующие катушки;;;;
ЦБ-00011407;Лейкопластырь 2х300см (картон уп);Фиксирующие катушки;;;;
ЦБ-00033754;Лейкопластырь 2х500 рул. в карт.уп. (Лейко);Фиксирующие катушки;;;;
ЦБ-00011413;Лейкопластырь 4х500см (картон уп);Фиксирующие катушки;;;;
ЦБ-00011414;Лейкопластырь 5х500см (картон уп);Фиксирующие катушки;;;;
ЦБ-00011416;Лейкопластырь 5х500см (пенал);Фиксирующие катушки;;;;
ЦБ-00035461;Лейкопластырь SFM Kинезиолоджи Тейп бежевый 5м х5см (хлопковая основа);Фиксирующие катушки;;;;
ЦБ-00040369;Лейкопластырь SFM Kинезиолоджи Тейп желтый 5м х5см (хлопковая основа);Фиксирующие катушки;;;;
РТ-00000445;Лейкопластырь SFM Kинезиолоджи Тейп зеленый 5м х5см (хлопковая основа);Фиксирующие катушки;;;;
РТ-00000442;Лейкопластырь SFM Kинезиолоджи Тейп оранжевый 5м х5см (хлопковая основа);Фиксирующие катушки;;;;
РТ-00014960;Лейкопластырь SFM Kинезиолоджи Тейп фиолетовый 5м х500см (хлопковая основа);Фиксирующие катушки;;;;
РТ-00013603;Лейкопластырь SFM Kинезиолоджи Тейп черный 5м х5см (хлопковая основа);Фиксирующие катушки;;;;
ЦБ-00035804;Лейкопластырь SFM-Kinesiology Tаре бежевый 5х500см (полиэтил. пленка);Фиксирующие катушки;;;;
ЦБ-00038386;Лейкопластырь SFM-Kinesiology Tаре розовый 5х500см (полиэтил. пленка);Фиксирующие катушки;;;;
ЦБ-00038387;Лейкопластырь SFM-Kinesiology Tаре синий 5х500см (полиэтил. пленка);Фиксирующие катушки;;;;
ЦБ-00038549;Лейкопластырь SFM-Kinesiology Tаре черный 5х500см (полиэтил. пленка);Фиксирующие катушки;;;;
ЦБ-00025988;Лейкопластырь SFM-Plaster 1.0x500 (тканевая основа);Фиксирующие катушки;;;;
ЦБ-00024712;Лейкопластырь SFM-Plaster 2.0x500 (тканевая основа);Фиксирующие катушки;;;;
ЦБ-00009222;Лейкопластырь SFM-Plaster 3.0x500 (тканевая основа);Фиксирующие катушки;;;;
ЦБ-00025121;Лейкопластырь SFM-Strip 7.2х2.5 №1;Бактерицидный;;;;
ЦБ-00009227;Лейкопластырь silkofix на шелковой основе 1см*500см;Фиксирующие катушки;;;;
РТ-00011034;Лейкопластырь Арма 1,25х500см телесный;Фиксирующие катушки;;;;
РТ-00011895;Лейкопластырь Арма 1х500см белый;Фиксирующие катушки;;;;
РТ-00010548;Лейкопластырь Арма 2,5х500см телесный;Фиксирующие катушки;;;;
РТ-00011806;Лейкопластырь Арма 2х500см белый;Фиксирующие катушки;;;;
РТ-00010732;Лейкопластырь Арма 3х500см белый;Фиксирующие катушки;;;;
РТ-00010998;Лейкопластырь Арма 4х500см белый;Фиксирующие катушки;;;;
РТ-00009459;Лейкопластырь Арма 5х500см белый;Фиксирующие катушки;;;;
РТ-00010999;Лейкопластырь Арма 5х500см телесный;Фиксирующие катушки;;;;
РТ-00011046;Лейкопластырь Арма бакт. с хлоргексидином полимер. 2,5х7,5см №100;Бактерицидный;;;;
ЦБ-00145758;Лейкопластырь Арма бакт. с хлоргексидином полимер. прозрачный 19х72мм №100;Бактерицидный;;;;
РТ-00012716;Лейкопластырь Арма бакт. с хлоргексидином полимер.телесный 19х72мм №100;Бактерицидный;;;;
РТ-00011611;Лейкопластырь Арма бакт. с хлоргексидином полимер.телесный 19х72мм №20;Бактерицидный;;;;
ЦБ-00149257;Лейкопластырь Арма бакт. с хлоргексидином полимер.телесный 19х72мм №200;Бактерицидный;;;;
РТ-00012737;Лейкопластырь Арма бакт. с хлоргексидином полимер.телесный 25х72мм №20;Бактерицидный;;;;
ЦБ-00149283;Лейкопластырь Арма бакт. с хлоргексидином полимер.телесный 25х72мм №200;Бактерицидный;;;;
ЦБ-00034989;Лейкопластырь бакт. набор дорожный №14;Бактерицидный;;;;
РТ-00001195;Лейкопластырь бактер. набор д/всей семьи неткан.и полимер.основа №25;Бактерицидный;;;;
РТ-00008814;Лейкопластырь бактер. Фармекс практичный  №16;Бактерицидный;;;;
РТ-00008815;Лейкопластырь бактер. Фармекс универсальный  №16;Бактерицидный;;;;
ЦБ-00031423;Лейкопластырь бактериц 1.9х7.2 брилл. зелен. №1;Бактерицидный;;;;
ЦБ-00155925;Лейкопластырь бактериц 3,8*3,8;Бактерицидный;;;;
ЦБ-00035447;Лейкопластырь бактериц 6Х10;Бактерицидный;;;;
ЦБ-00163167;Лейкопластырь бактериц. мед. на нетканной основе гипоаллерг. 1,9х7,2см №20;Бактерицидный;;;;
ЦБ-00020010;ЛЕЙКОПЛАСТЫРЬ БАКТЕРИЦИД. SFM-PLASTER 5Х500 (ТКАНЕВ. ОСНОВА);Фиксирующие катушки;;;;
ЦБ-00027332;Лейкопластырь бактерицидный 7,2смх1,9см №1;Бактерицидный;;;;
ЦБ-00025814;Лейкопластырь бактерицидный Набор Водонепроницаемый №15;Бактерицидный;;;;
РТ-00010626;Лейкопластырь бактерицидный стер. д/чувствительной кожи 1,9смх7,2см неткан. №20;Бактерицидный;;;;
ЦБ-00031192;Лейкопластырь Верофарм 1.25х500см;Фиксирующие катушки;;;;
ЦБ-00011404;Лейкопластырь Верофарм 1.25х500см /пл. пенал/;Фиксирующие катушки;;;;
ЦБ-00011405;Лейкопластырь Верофарм 1х250см;Фиксирующие катушки;;;;
ЦБ-00017186;Лейкопластырь Верофарм 1х300см /карт. упак./;Фиксирующие катушки;;;;
00-00022672;Лейкопластырь Верофарм 1х500см /пл. пенал/;Фиксирующие катушки;;;;
ЦБ-00017074;Лейкопластырь Верофарм 2.5х500см /пл. пенал/;Фиксирующие катушки;;;;
ЦБ-00020365;Лейкопластырь Верофарм 2х250см /пл. пенал/;Фиксирующие катушки;;;;
ЦБ-00020364;Лейкопластырь Верофарм 2х300см /карт. упак./;Фиксирующие катушки;;;;
ЦБ-00011408;Лейкопластырь Верофарм 2х500см /карт. упак./;Фиксирующие катушки;;;;
ЦБ-00017075;Лейкопластырь Верофарм 2х500см /пл. пенал/;Фиксирующие катушки;;;;
ЦБ-00020144;Лейкопластырь Верофарм 3х250см /пл. пенал/;Фиксирующие катушки;;;;
ЦБ-00011409;Лейкопластырь Верофарм 3х300см /карт. упак./;Фиксирующие катушки;;;;
ЦБ-00011411;Лейкопластырь Верофарм 3х500см /пл. пенал/;Фиксирующие катушки;;;;
00-00012804;Лейкопластырь Верофарм 4х500см /карт. упак./;Фиксирующие катушки;;;;
ЦБ-00011412;Лейкопластырь Верофарм 4х500см /пл. пенал/;Фиксирующие катушки;;;;
ЦБ-00011415;Лейкопластырь Верофарм 5х500см /карт. упак./;Фиксирующие катушки;;;;
ЦБ-00019704;Лейкопластырь Верофарм №1 /пл. пенал/;Фиксирующие катушки;;;;
ЦБ-00017682;Лейкопластырь Верофарм набор  №8 бел.основа;Бактерицидный;;;;
ЦБ-00038766;Лейкопластырь Детский мир №22;Бактерицидный;;;;
ЦБ-00122628;Лейкопластырь Докапласт бактериц. с бриллиант. зеленым п/э пленка 1,9х7,2см №10;Бактерицидный;;;;
ЦБ-00122827;Лейкопластырь Докапласт бактериц. с бриллиант. зеленым п/э пленка 2,5х7,2см №10;Бактерицидный;;;;
РТ-00002682;Лейкопластырь Докапласт бактериц. с бриллиант. зеленым ткан.1,9х7,2см №10;Бактерицидный;;;;
ЦБ-00145714;Лейкопластырь Докапласт бактериц. с бриллиант. зеленым ткан.1,9х7,2см №500;Бактерицидный;;;;
ЦБ-00122551;Лейкопластырь Докапласт стер. а/микроб. с мирамистином 19х72мм №10;Бактерицидный;;;;
ЦБ-00133740;Лейкопластырь Докапласт стер. а/микроб. с мирамистином 19х72мм №250;Бактерицидный;;;;
РТ-00013272;Лейкопластырь Докапласт стер. а/микроб. с мирамистином 25х10см №25;Бактерицидный;;;;
ЦБ-00127312;Лейкопластырь Докапласт стер. а/микроб. с мирамистином 35х10см №25;Бактерицидный;;;;
РТ-00002816;Лейкопластырь Докапласт стер. а/микроб. с мирамистином 5х7см №50;Бактерицидный;;;;
РТ-00003217;Лейкопластырь Докапласт стер. а/микроб. с мирамистином 6х10см №25;Бактерицидный;;;;
ЦБ-00134593;Лейкопластырь Докапласт стер. а/микроб. с мирамистином 8х10см №25;Бактерицидный;;;;
РТ-00009960;Лейкопластырь Докапласт стер. а/микроб. с мирамистином 8х10см №5;Бактерицидный;;;;
РТ-00011730;Лейкопластырь Докапласт стер. а/микроб. с мирамистином 8х15см №25;Бактерицидный;;;;
РТ-00002817;Лейкопластырь Докапласт стер. а/микроб. с протарголом 6х10см №25;Бактерицидный;;;;
РТ-00008577;Лейкопластырь Клинса 2.5х500см (прозрачный);Фиксирующие катушки;;;;
РТ-00003409;Лейкопластырь Лейко бактериц. полимер. прозрачный 1,9х7,2см №1;Бактерицидный;;;;
ЦБ-00125575;Лейкопластырь Лейко бактериц. полимер. прозрачный 2,5х7,2см №1;Бактерицидный;;;;
ЦБ-00122899;Лейкопластырь Лейко бактериц. полимер. телесный 1,9х7,2см №1;Бактерицидный;;;;
ЦБ-00129503;Лейкопластырь Лейко бактериц. полимер. телесный 2,5х7,2см №1;Бактерицидный;;;;
ЦБ-00163360;Лейкопластырь Лейко бактериц. полимер. телесный 4х10см №1;Бактерицидный;;;;
ЦБ-00163361;Лейкопластырь Лейко бактериц. полимер. телесный 6х10см №1;Бактерицидный;;;;
ЦБ-00124536;Лейкопластырь Лейко ткан.основа 3*500см;Фиксирующие катушки;;;;
ЦБ-00033363;ЛЕЙКОПЛАСТЫРЬ МАСТЕР-ЮНИ ТКАН ОСН 4Х100;Фиксирующие катушки;;;;
ЦБ-00123964;Лейкопластырь Матопат Пластопор фикс. катушка 2,5см*5м неткан.;Фиксирующие катушки;;;;
ЦБ-00125484;Лейкопластырь Матопат Пластосилк фикс. катушка шелк 2,5смх5м;Фиксирующие катушки;;;;
ЦБ-00023127;ЛЕЙКОПЛАСТЫРЬ МЕД.SFМ 1*500СМ ТКАН.ОСНОВА;Фиксирующие катушки;;;;
РТ-00005858;Лейкопластырь Медификс бактерицидный 1,9смх7,2см набор Алоэ Вера №20;Бактерицидный;;;;
РТ-00006796;Лейкопластырь Медификс бактерицидный 1,9смх7,2см набор с ионами серебра №20;Бактерицидный;;;;
РТ-00002195;Лейкопластырь Медификс бактерицидный 1,9смх7,2см набор Стандарт №10;Бактерицидный;;;;
РТ-00005175;Лейкопластырь Медификс бактерицидный 1,9смх7,2см набор Стандарт №20;Бактерицидный;;;;
РТ-00002454;Лейкопластырь Медификс набор 3 размера Универсальный полим. основа №10;Бактерицидный;;;;
РТ-00002277;Лейкопластырь Медификс набор 3 размера Универсальный полим. основа №20;Бактерицидный;;;;
РТ-00002292;Лейкопластырь Медификс фиксирующий 2х500см белый неткан.;Фиксирующие катушки;;;;
РТ-00002347;Лейкопластырь Медификс фиксирующий 2х500см белый ткан.;Фиксирующие катушки;;;;
РТ-00009179;Лейкопластырь Ми-ми-мишки детский влагонепрониц 1,9х7,2см №10;Бактерицидный;;;;
ЦБ-00022786;Лейкопластырь Мультипласт 2*500 тканевая основа;Фиксирующие катушки;;;;
ЦБ-00033115;ЛЕЙКОПЛАСТЫРЬ МУЛЬТИПЛАСТ 2СМ Х300СМ (НА ОСНОВЕ ТКАНИ) №1;Фиксирующие катушки;;;;
ЦБ-00009220;Лейкопластырь Мультипласт 4х500 /картон упак/;Фиксирующие катушки;;;;
ЦБ-00023924;Лейкопластырь Мультипласт 5*500 тканевая основа;Фиксирующие катушки;;;;
ЦБ-00036811;ЛЕЙКОПЛАСТЫРЬ МУЛЬТИПЛАСТ БАКТЕРИЦ 6Х10 N1;Бактерицидный;;;;
ЦБ-00019660;ЛЕЙКОПЛАСТЫРЬ МУЛЬТИПЛАСТ БАКТЕРИЦИДНЫЙ 1.9Х7.2СМ;Бактерицидный;;;;
ЦБ-00019947;ЛЕЙКОПЛАСТЫРЬ МУЛЬТИПЛАСТ БАКТЕРИЦИДНЫЙ 2.3Х7.2СМ;Бактерицидный;;;;
ЦБ-00019948;ЛЕЙКОПЛАСТЫРЬ МУЛЬТИПЛАСТ БАКТЕРИЦИДНЫЙ МИНИ НАБОР 1.9Х7.2СМ N20 ТЕЛЕСН;Бактерицидный;;;;
ЦБ-00019949;ЛЕЙКОПЛАСТЫРЬ МУЛЬТИПЛАСТ БАКТЕРИЦИДНЫЙ НАБОР АМОРТИЗИРУЮЩИЙ N10;Бактерицидный;;;;
ЦБ-00018219;ЛЕЙКОПЛАСТЫРЬ МУЛЬТИПЛАСТ НАБОР БАКТ. СИЛЬН.ФИКСАЦ. (БЕЛАЯ ОСН.) N20;Бактерицидный;;;;
ЦБ-00018439;ЛЕЙКОПЛАСТЫРЬ МУЛЬТИПЛАСТ НАБОР БАКТ. СИЛЬН.ФИКСАЦ. ТЕЛ. ОСН N20;Бактерицидный;;;;
ЦБ-00018438;ЛЕЙКОПЛАСТЫРЬ МУЛЬТИПЛАСТ НАБОР БАКТЕР.(НЕЗАМЕТНЫЙ) N20;Бактерицидный;;;;
ЦБ-00018440;ЛЕЙКОПЛАСТЫРЬ МУЛЬТИПЛАСТ НАБОР БАКТЕР.(ЭЛАСТИЧНЫЙ) N20;Бактерицидный;;;;
ЦБ-00017845;Лейкопластырь Мультипласт ткан. 1х500см;Фиксирующие катушки;;;;
ЦБ-00157457;Лейкопластырь Мультипласт ткан. 2х500см;Фиксирующие катушки;;;;
ЦБ-00017846;Лейкопластырь Мультипласт фикс. н/стерил. традиционный 3смх5м;Фиксирующие катушки;;;;
ЦБ-00019291;ЛЕЙКОПЛАСТЫРЬ МУЛЬТИПЛАСТ ФИКС. НЕСТЕР. ТРАДИЦИОННЫЙ 3СМХ3М;Фиксирующие катушки;;;;
ЦБ-00018436;ЛЕЙКОПЛАСТЫРЬ МУЛЬТИПЛАСТ ФИКС. НЕСТЕР. ТРАДИЦИОННЫЙ 4СМХ5М;Фиксирующие катушки;;;;
ЦБ-00009223;Лейкопластырь на тканевой основе 1см*250см;Фиксирующие катушки;;;;
ЦБ-00025304;ЛЕЙКОПЛАСТЫРЬ НАБОР В ДОМАШНЮЮ АПТЕЧКУ  N30;Бактерицидный;;;;
ЦБ-00036043;Лейкопластырь набор водостойких пласт. № 24;Бактерицидный;;;;
ЦБ-00025308;Лейкопластырь набор Комфорт  N10;Бактерицидный;;;;
ЦБ-00090584;Лейкопластырь Пластосилк гипоал.фикс.из шелка катушка 2,5см*5м;Фиксирующие катушки;;;;
ЦБ-00124011;Лейкопластырь Ролепласт фиксирующий на ткан.основе 1*500см;Фиксирующие катушки;;;;
ЦБ-00123520;Лейкопластырь Ролепласт фиксирующий на ткан.основе 2*500см;Фиксирующие катушки;;;;
ЦБ-00124537;Лейкопластырь Ролепласт фиксирующий на ткан.основе 3*500см;Фиксирующие катушки;;;;
ЦБ-00127507;Лейкопластырь Ролепласт фиксирующий на ткан.основе 5*500см;Фиксирующие катушки;;;;
ЦБ-00022091;ЛЕЙКОПЛАСТЫРЬ РУЛОН 2Х300 ВЕРОФАРМ;Фиксирующие катушки;;;;
ЦБ-00017514;ЛЕЙКОПЛАСТЫРЬ РУЛОН КАРТ. 3Х500;Фиксирующие катушки;;;;
РТ-00002355;Лейкопластырь рулон неткан. 5смх500см;Фиксирующие катушки;;;;
РТ-00002353;Лейкопластырь рулон неткан.1,25смх500см;Фиксирующие катушки;;;;
РТ-00002359;Лейкопластырь рулон ткан. 1,25смх500см;Фиксирующие катушки;;;;
ЦБ-00032055;Лейкопластырь Силкофикс 1.25х500см (неткан телес);Фиксирующие катушки;;;;
ЦБ-00030780;Лейкопластырь Силкофикс 1.25х500см (неткан);Фиксирующие катушки;;;;
ЦБ-00011599;Лейкопластырь Силкофикс 1.25х500см (ткан телес);Фиксирующие катушки;;;;
ЦБ-00015668;Лейкопластырь Силкофикс 1x500см (полимер);Фиксирующие катушки;;;;
ЦБ-00011600;Лейкопластырь Силкофикс 1х250см (ткан);Фиксирующие катушки;;;;
ЦБ-00011601;Лейкопластырь Силкофикс 1х500см (неткан);Фиксирующие катушки;;;;
ЦБ-00011602;Лейкопластырь Силкофикс 1х500см (полимер);Фиксирующие катушки;;;;
ЦБ-00011603;Лейкопластырь Силкофикс 1х500см (ткан);Фиксирующие катушки;;;;
ЦБ-00027013;Лейкопластырь Силкофикс 1х500см (ткан);Фиксирующие катушки;;;;
ЦБ-00009226;Лейкопластырь Силкофикс 1х500см (шелк);Фиксирующие катушки;;;;
ЦБ-00011604;Лейкопластырь Силкофикс 1х500см (шелк);Фиксирующие катушки;;;;
ЦБ-00011605;Лейкопластырь Силкофикс 2.5х500см (неткан телес);Фиксирующие катушки;;;;
ЦБ-00018505;Лейкопластырь Силкофикс 2.5х500см (неткан);Фиксирующие катушки;;;;
ЦБ-00011606;Лейкопластырь Силкофикс 2.5х500см (неткан);Фиксирующие катушки;;;;
ЦБ-00011607;Лейкопластырь Силкофикс 2.5х500см (ткан телес);Фиксирующие катушки;;;;
ЦБ-00011608;Лейкопластырь Силкофикс 2х250см (ткан);Фиксирующие катушки;;;;
ЦБ-00011609;Лейкопластырь Силкофикс 2х500см (неткан);Фиксирующие катушки;;;;
ЦБ-00011610;Лейкопластырь Силкофикс 2х500см (полимер);Фиксирующие катушки;;;;
ЦБ-00009224;Лейкопластырь Силкофикс 2х500см (ткан);Фиксирующие катушки;;;;
ЦБ-00011611;Лейкопластырь Силкофикс 2х500см (ткан);Фиксирующие катушки;;;;
ЦБ-00009228;Лейкопластырь Силкофикс 2х500см (шелк);Фиксирующие катушки;;;;
ЦБ-00011612;Лейкопластырь Силкофикс 2х500см (шелк);Фиксирующие катушки;;;;
ЦБ-00011613;Лейкопластырь Силкофикс 3х250см (ткан);Фиксирующие катушки;;;;
ЦБ-00011614;Лейкопластырь Силкофикс 3х500см (ткан);Фиксирующие катушки;;;;
ЦБ-00009225;Лейкопластырь Силкофикс 4х500см (ткан);Фиксирующие катушки;;;;
ЦБ-00011615;Лейкопластырь Силкофикс 4х500см (ткан);Фиксирующие катушки;;;;
ЦБ-00015669;Лейкопластырь Силкофикс 5x500см (неткан телес);Фиксирующие катушки;;;;
ЦБ-00011616;Лейкопластырь Силкофикс 5х500см (неткан телес);Фиксирующие катушки;;;;
ЦБ-00026542;Лейкопластырь Силкофикс 5х500см (неткан);Фиксирующие катушки;;;;
ЦБ-00029739;Лейкопластырь Силкофикс 5х500см (неткан);Фиксирующие катушки;;;;
ЦБ-00011617;Лейкопластырь Силкофикс 5х500см (неткан);Фиксирующие катушки;;;;
ЦБ-00011618;Лейкопластырь Силкофикс 5х500см (полимер);Фиксирующие катушки;;;;
ЦБ-00011619;Лейкопластырь Силкофикс 5х500см (ткан телес);Фиксирующие катушки;;;;
ЦБ-00027359;Лейкопластырь Силкофикс 5х500см (ткан);Фиксирующие катушки;;;;
РТ-00002662;Лейкопластырь Силкофикс 5х500см (ткан);Фиксирующие катушки;;;;
ЦБ-00011620;Лейкопластырь Силкофикс 5х500см (ткан);Фиксирующие катушки;;;;
ЦБ-00011621;Лейкопластырь Силкофикс 5х500см (шелк);Фиксирующие катушки;;;;
ЦБ-00177423;Лейкопластырь СФМ-Пластер медиц. фиксир. неткан. 5х500см;Фиксирующие катушки;;;;
ЦБ-00037290;Лейкопластырь Тенерис Аква полим №15;Бактерицидный;;;;
ЦБ-00037287;Лейкопластырь Тенерис Клиа Сильвер б/цид №20;Бактерицидный;;;;
ЦБ-00037288;Лейкопластырь Тенерис Софт Сильвер б/цид №20;Бактерицидный;;;;
РТ-00008904;Лейкопластырь Тенерис Т-Адгезив фикс. н/ткан 2м х10см;Фиксирующие катушки;;;;
РТ-00008903;Лейкопластырь Тенерис Т-Адгезив фикс. н/ткан 2мх5см;Фиксирующие катушки;;;;
ЦБ-00037283;Лейкопластырь Тенерис Т-Аргомед б/цид 10х10см;Повязка раневая;;;;
ЦБ-00037284;Лейкопластырь Тенерис Т-Аргомед б/цид 5х7см №5;Повязка раневая;;;;
ЦБ-00037282;Лейкопластырь Тенерис Т-Аргомед б/цид 6х7см;Повязка раневая;;;;
ЦБ-00127858;Лейкопластырь Тенерис Т-Пор I.V. фикс. н/ткан д/катетеров 6*8см;Повязка раневая;;;;
ЦБ-00037286;Лейкопластырь Тенерис Т-Пор фикс. 5х7см №5;Повязка раневая;;;;
ЦБ-00037281;Лейкопластырь Тенерис Т-Пор фикс. н/ткан 10х10см;Повязка раневая;;;;
РТ-00007760;Лейкопластырь Тенерис Т-Пор фикс. н/ткан 15х10см;Повязка раневая;;;;
ЦБ-00035572;Лейкопластырь Тенерис Т-Пор фикс. н/ткан 20х10см;Повязка раневая;;;;
ЦБ-00123213;Лейкопластырь Тенерис Т-Пор фикс. н/ткан 25*10см;Повязка раневая;;;;
ЦБ-00123626;Лейкопластырь Тенерис Т-Пор фикс. н/ткан 25х10см;Повязка раневая;;;;
ЦБ-00035573;Лейкопластырь Тенерис Т-Пор фикс. н/ткан 6х7см;Повязка раневая;;;;
ЦБ-00123212;Лейкопластырь Тенерис Т-Пор фикс. н/ткан 8*10см;Повязка раневая;;;;
ЦБ-00037285;Лейкопластырь Тенерис Т-Филм фикс. 5х7см №5;Повязка раневая;;;;
РТ-00000130;Лейкопластырь ткан. основа 4х250см;Фиксирующие катушки;;;;
ЦБ-00016275;Лейкопластырь ткан. основа 4х500см;Фиксирующие катушки;;;;
РТ-00008200;Лейкопластырь ткан. основа 4х500см;Фиксирующие катушки;;;;
РТ-00000131;Лейкопластырь ткан. основа 5х250см;Фиксирующие катушки;;;;
ЦБ-00037151;Лейкопластырь Тканевая основа 1 х 250см  SFM;Фиксирующие катушки;;;;
ЦБ-00036864;Лейкопластырь Тканевая основа 3,0 х 250см  SFM;Фиксирующие катушки;;;;
РТ-00008816;Лейкопластырь Фиксайд бактерицидный Аква №15;Бактерицидный;;;;
РТ-00008819;Лейкопластырь Фиксайд бактерицидный Инвизибл №20;Бактерицидный;;;;
РТ-00008820;Лейкопластырь Фиксайд бактерицидный Сенсетив №20;Бактерицидный;;;;
РТ-00008817;Лейкопластырь Фиксайд бактерицидный Эластик классик №20;Бактерицидный;;;;
РТ-00008818;Лейкопластырь Фиксайд бактерицидный Эластик классик тревел №20;Бактерицидный;;;;
ЦБ-00036106;Лейкопластырь фиксир. ткан. основа 3х500 см;Фиксирующие катушки;;;;
ЦБ-00019946;ЛЕЙКОПЛАСТЫРЬ ФИКСИРУЮЩИЙ 5Х500СМ;Фиксирующие катушки;;;;
РТ-00010731;Лейкопластырь Хелп бакт. влагост 19х72мм полим телесн N20;Бактерицидный;;;;
РТ-00011329;Лейкопластырь Хелп бакт. с хлоргексидином полимер. 2,5х7,2см №20;Бактерицидный;;;;
РТ-00008018;Лейкопластырь Экофикс 2.5х500см (ткан);Фиксирующие катушки;;;;
ЦБ-00025811;Лейк-рь бактериц 6х10см с р-ром бриллиант зелен на тканев основе N1;Бактерицидный;;;;
ЦБ-00188998;Леколайк Аскорбат Натрия таб. №30;Витамин С;;;;
ЦБ-00194454;Леколайк Аскорбат Натрия таб. №60;Витамин С;;;;
ЦБ-00183353;Леколайк Биостандарт таурин 1000мг таб. №120;Витамины д/сердечно-сосудистой системы;;;;
ЦБ-00172742;Леколайк Биостандарт таурин 1000мг таб. №60;Витамины д/сердечно-сосудистой системы;;;;
ЦБ-00170437;Леколайк Васкулар д/сердца и сосудов таб. №40;Витамины д/сердечно-сосудистой системы;;;;
ЦБ-00178820;Леколайк Васкулар Питание сердца таб. №60;Витамины д/сердечно-сосудистой системы;;;;
ЦБ-00192734;Леколайк Железо Хелат таб. №60;Препараты железа;;;;
ЦБ-00169479;Леколайк йод + селен таб. N40;Поливитамины;;;;
ЦБ-00183998;Леколайк йод+селен таб. №120;Поливитамины;;;;
ЦБ-00176225;Леколайк Л-Лизин таб. N60;Витамины д/сердечно-сосудистой системы;;;;
ЦБ-00170962;Леколайк Магний АП таб. N60;Препараты магния;;;;
ЦБ-00179988;Леколайк Магний АП таб. №120;Препараты магния;;;;
ЦБ-00178061;Леколайк Магний В6 таб. N120;Препараты магния;;;;
ЦБ-00163196;Леколайк Магний В6 таб. N60;Препараты магния;;;;
ЦБ-00181721;Леколайк Магний Д3+К2 таб. №60;Препараты магния;;;;
ЦБ-00188845;Леколайк Феррум АП таб. №60;Препараты железа;;;;
ЦБ-00170025;Леколайк Цинк + селен таб. N40;Поливитамины;;;;
ЦБ-00182852;Леколайк Цинк+Селен таб. №200;Поливитамины;;;;
РТ-00010795;Лекстор АЕ витамин капс. 270мг №20;Поливитамины;;;;
ЦБ-00151947;Лекстор Аскорбинка-плюс вит. С 900мг с глицином/янтар. кислотой таб. шип. №17;Витамин С;;;;
ЦБ-00152431;Лекстор Аскорбинка-плюс вит. С 900мг с калием и магнием таб. шип. №17;Витамин С;;;;
ЦБ-00152263;Лекстор Аскорбинка-плюс вит. С 900мг с цинком таб. шип. №17;Витамин С;;;;
ЦБ-00154288;Лекстор Аскорбинка-плюс вит. С 900мг таб. шип. №17;Витамин С;;;;
РТ-00004322;Лендацин пор. д/ин. 1,0г №10;Антибактериальные средства инъекционные р-ры;;;;
РТ-00013436;Ленко карамель леденцовая с витамином С Петушок №30 Ассорти;Драже, леденцы;;;;
ЦБ-00018513;Леовит кисель витаминный форте пак. 20г №10;Поливитамины;;;;
ЦБ-00009252;Лесмин таб. 0.63г №60;Поливитамины;;;;
ЦБ-00176727;Летофарм Аскорбат натрия капс. №30;Витамин С;;;;
ЦБ-00158236;Летофарм Аскорбат натрия капс. №90;Витамин С;;;;
ЦБ-00027440;Лефлобакт р-р д/инф 0.5% 100мл;Антибактериальные средства инъекционные р-ры;;;;
ЦБ-00181895;Лецетин Реневал капс. №90;Поливитамины;;;;
ЦБ-00037946;Лея таб. п/о 3мг+ 0.02мг №28;Пероральные контрацептивы;;;;
ЦБ-00037947;Лея таб. п/о 3мг+ 0.02мг №84;Пероральные контрацептивы;;;;
ЦБ-00133942;Либретто капс. №20;Поливитамины;;;;
РТ-00004806;Либридерм Аевит капс. №30;Поливитамины;;;;
ЦБ-00002333;Ливарол супп. ваг. 400мг №10;Гинекологические п/воспалительные ср-ва наружные;;;;
ЦБ-00002334;Ливарол супп. ваг. 400мг №5;Гинекологические п/воспалительные ср-ва наружные;;;;
ЦБ-00156547;Ливс Витамин Д3 со вкусом фруктов и ягод паст. жев. №60;Препараты группы В, нейропротекторы;;;;
ЦБ-00159419;Ливс Витамин С плюс цинк со вкусом фруктов и ягод паст. жев. №60;Витамин С;;;;
ЦБ-00165517;Ливс комплекс вит. группы В + вит. С паст. мармелад. со вкусом фруктов и ягод  №60;Препараты группы В, нейропротекторы;;;;
ЦБ-00155450;Ливс комплекс мультивит. железо плюс со вкус. фруктов и ягод паст. жев №90;Препараты железа;;;;
ЦБ-00180353;Ливс комплекс мультивит. железо плюс со вкус. фруктов и ягод паст. марм. детск. №60;Препараты железа;;;;
ЦБ-00175423;Ливс Магний Цитрат д/дет. паст. марм. со вкусом вишни №60;Препараты магния;;;;
ЦБ-00175424;Ливс Магний Цитрат паст. марм. со вкусом вишни №90;Препараты магния;;;;
ЦБ-00166198;Лидаза лиоф. д/приг. р-ра д/ин. и местн. прим. 1280МЕ №5;Инъекционные и инфузионные р-ры;;;;
ЦБ-00002339;Лидаза-М лиоф. д/ин. 64ЕД №10;Инъекционные и инфузионные р-ры;;;;
ЦБ-00022641;ЛИДАЗА-М ПОР.ЛИОФ.Д/ИН. 64ЕД АМП. N10;Инъекционные и инфузионные р-ры;;;;
ЦБ-00002379;Ликопрофит капс. 500мг №30;Ср-ва при эректильной дисфункции, влияющие на либидо;;;;
ЦБ-00027412;Ликопрофит потенциал-формула 400мг капс. №30;Ср-ва при эректильной дисфункции, влияющие на либидо;;;;
ЦБ-00009406;Ликопрофит потенциал-формула таб. 500мг №30;Уроантисептики;;;;
ЦБ-00142368;Лил лав е лайф сан Д3 (вит. Д3) 600МЕ/доза спрей 25мл;Витамин Д3;;;;
ЦБ-00146040;Лилитель Ледифер капс. №30;Препараты железа;;;;
ЦБ-00153232;Лименда супп. ваг. №7;Гинекологические п/воспалительные ср-ва наружные;;;;
ЦБ-00002381;Лимонник семена настойка 25мл;Адаптогены настойки;;;;
ЦБ-00009407;Лимонник семена настойка 25мл;Адаптогены настойки;;;;
ЦБ-00032689;Лимонник семена настойка 25мл;Адаптогены настойки;;;;
ЦБ-00009408;Лимонника семян настойка 25мл;Поливитамины;;;;
ЦБ-00032832;Лимонника семян настойка 25мл;Поливитамины;;;;
ЦБ-00107830;Лимфомиозот р-р в/м 1,1мл №100;Инъекционные и инфузионные р-ры;;;;
ЦБ-00032120;Лимфомиозот р-р д/ин. 1.1мл №1;Инъекционные и инфузионные р-ры;;;;
ЦБ-00002386;Лимфомиозот р-р д/ин. 1.1мл №5;Инъекционные и инфузионные р-ры;;;;
ЦБ-00040491;Лимфоток капс. №60;Поливитамины;;;;
ЦБ-00002387;Линдинет 20 таб. п/о №21;Пероральные контрацептивы;;;;
ЦБ-00002388;Линдинет 20 таб. п/о №63;Пероральные контрацептивы;;;;
ЦБ-00002389;Линдинет 30 таб. п/о №21;Пероральные контрацептивы;;;;
ЦБ-00155467;Линезолид р-р д/инф. 2мг/мл 100мл;Антибактериальные средства инъекционные р-ры;;;;
ЦБ-00120224;Линезолид р-р д/инф. 2мг/мл 300мл;Антибактериальные средства инъекционные р-ры;;;;
ЦБ-00037720;Линезолид-Тева 0,002/мл р-р д/инф 300мл №10;Антибактериальные средства инъекционные р-ры;;;;
ЦБ-00173737;Линезолид-Эдвансд р-р д/инф. 2мг/мл 300мл №1;Антибактериальные средства инъекционные р-ры;;;;
ЦБ-00009413;Линкомицин г/хл р-р д/ин. 30% 1мл №10;Антибактериальные средства инъекционные р-ры;;;;
ЦБ-00009414;Линкомицин г/хл р-р д/ин. 30% 1мл №10;Антибактериальные средства инъекционные р-ры;;;;
ЦБ-00030943;Линкомицин г/хл р-р д/ин. 30% 1мл №10;Антибактериальные средства инъекционные р-ры;;;;
РТ-00001589;Линкомицин г/хл р-р д/ин. 30% 1мл №10;Антибактериальные средства инъекционные р-ры;;;;
ЦБ-00155664;Линоджект р-р д/инф. 2мг/мл 100мл №36;Антибактериальные средства инъекционные р-ры;;;;
ЦБ-00158583;Лион Крей Крей салфетки-антибакт. д/рук №10;Салфетки стерильные;;;;
ЦБ-00159354;Липилок капс. №100;Витамины д/сердечно-сосудистой системы;;;;
ЦБ-00157580;Липилок капс. №30;Витамины д/сердечно-сосудистой системы;;;;
ЦБ-00185116;Липосомальное Железо капс. №30;Препараты железа;;;;
ЦБ-00184477;Липосомальный Вит. Д3 капс. №30;Витамин Д3;;;;
ЦБ-00180374;Липосомальный Магния Глицинат капс. №30;Препараты магния;;;;
ЦБ-00033908;Листенон р-р для в/в и в/м введ. 2% 5мл №5;Инъекционные и инфузионные р-ры;;;;
ЦБ-00162607;Литораль Витабаланс-мультивит капс. №20;Поливитамины;;;;
ЦБ-00178626;Литораль Витамнорма-Тонус капс. №120;Поливитамины;;;;
ЦБ-00182059;Лифозил стик-пакет апельсин 10мл №14;Витамины д/сердечно-сосудистой системы;;;;
ЦБ-00185003;Лифозил стик-пакет апельсин 10мл №28;Витамины д/сердечно-сосудистой системы;;;;
ЦБ-00193850;ЛифТуГо Магний В6 капс. №120;Препараты магния;;;;
ЦБ-00194134;ЛифТуГо Магний Цитрат+В6 капс. №120;Препараты магния;;;;
ЦБ-00009422;Л-карнитин 20% р-р 50 мл (бад);Поливитамины;;;;
ЦБ-00161378;Л-Карнитин Витаниум таб. №20;Поливитамины;;;;
ЦБ-00168192;Л-лизин капс. №60;Витамины д/сердечно-сосудистой системы;;;;
ЦБ-00016225;Ловелас капс 412мг №5;Ср-ва при эректильной дисфункции, влияющие на либидо;;;;
ЦБ-00009423;Ловелас капс. 412мг №15;Ср-ва при эректильной дисфункции, влияющие на либидо;;;;
ЦБ-00036841;Ловелас форте капс  N16;Ср-ва при эректильной дисфункции, влияющие на либидо;;;;
ЦБ-00036843;Ловелас форте капс N8;Ср-ва при эректильной дисфункции, влияющие на либидо;;;;
ЦБ-00002418;Логест таб. №21;Пероральные контрацептивы;;;;
ЦБ-00002419;Логест таб. №63;Пероральные контрацептивы;;;;
ЦБ-00009439;Ломексин капс. ваг. 1000мг №1;Гинекологические п/воспалительные ср-ва наружные;;;;
ЦБ-00002433;Ломексин капс. ваг. 600мг №2;Гинекологические п/воспалительные ср-ва наружные;;;;
ЦБ-00009440;Ломексин крем ваг. 2% 78г;Гинекологические п/воспалительные ср-ва наружные;;;;
ЦБ-00034243;Лонквекс р-р для п/к введ. 6мг/0.6мл шпр.№1;Инъекционные и инфузионные р-ры;;;;
РТ-00007777;Лостерин Витаминно-минеральный комплекс капс. №120;Поливитамины;;;;
ЦБ-00160254;Л-Таурин капс. №90;Витамины д/сердечно-сосудистой системы;;;;
ЦБ-00181401;Люкс Вижн очки готовые 7019 (-1.00);Очки готовые;;;;
ЦБ-00181402;Люкс Вижн очки готовые 7019 (-1.50);Очки готовые;;;;
ЦБ-00181403;Люкс Вижн очки готовые 7019 (-2.00);Очки готовые;;;;
ЦБ-00189252;Люкс Премиум вода питьевая б/газа 1,5л;Минеральная вода;;;;
ЦБ-00179997;Люксан бинт эласт. самофикс. неткан. 8смх4м синий;Бинты самофиксирующие;;;;
ЦБ-00171841;Люксан бинт эласт. самофикс. неткан. б/латекса 6*4 синий;Бинты самофиксирующие;;;;
ЦБ-00186633;Люксан бинт эласт. самофикс. неткан. б/латекса 6смх4м белый;Бинты самофиксирующие;;;;
ЦБ-00178260;Люксан бинт эласт. самофикс. неткан. б/латекса 8смх4м белый;Бинты самофиксирующие;;;;
ЦБ-00173832;Люксан бинт эласт. самофикс. полипропил. (8смх4м) белый;Бинты самофиксирующие;;;;
ЦБ-00174429;Люксан бинт эласт. самофикс. полипропиленовый (4смх4м) бежевый;Бинты самофиксирующие;;;;
ЦБ-00175277;Люксан бинт эласт. самофикс. полипропиленовый (4смх4м) белый;Бинты самофиксирующие;;;;
ЦБ-00182367;Люксан бинт эласт. самофикс. полипропиленовый (6смх4м) бежевый;Бинты самофиксирующие;;;;
ЦБ-00179311;Люксан бинт эласт. самофикс. полипропиленовый (6смх4м) белый;Бинты самофиксирующие;;;;
ЦБ-00180982;Люксан бинт эласт. самофикс. полипропиленовый (6смх4м) фиолет.;Бинты самофиксирующие;;;;
ЦБ-00176885;Люксан бинт эласт. самофикс. полипропиленовый 10смх4м бежевый;Бинты самофиксирующие;;;;
ЦБ-00177119;Люксан бинт эласт. самофикс. полипропиленовый 10смх4м белый;Бинты самофиксирующие;;;;
ЦБ-00185635;Люксан бинт эласт. самофикс. полипропиленовый 10смх4м фиолетовый;Бинты самофиксирующие;;;;
ЦБ-00176237;Люксан бинт эласт. самофикс. полипропиленовый 4смх4м фиолетовый;Бинты самофиксирующие;;;;
ЦБ-00180213;Люксан бинт эласт. самофикс. полипропиленовый 8смх4м бежевый;Бинты самофиксирующие;;;;
ЦБ-00177657;Люксан бинт эласт. самофикс. полипропиленовый 8смх4м фиолетовый;Бинты самофиксирующие;;;;
ЦБ-00177120;Люксан бинт эласт. самофикс. хлопок 6смх4м белый;Бинты самофиксирующие;;;;
ЦБ-00189383;Люксан бинт эласт. самофикс. хлопок 8смх4м белый;Бинты самофиксирующие;;;;
ЦБ-00185386;Люкспласт пластырь бактерицидный полимерн. в стрипах прозр. 19х72мм №10;Бактерицидный;;;;
ЦБ-00020457;ЛЮКСПЛАСТ ПЛАСТЫРЬ ЛЕНТА НЕТКАН.ГИПОАЛЛ.СВЕРХСТ.ВОДОСТ.ТЕЛЕС 19Х72ММ;Бактерицидный;;;;
ЦБ-00020458;ЛЮКСПЛАСТ ПЛАСТЫРЬ ЛЕНТА ПОЛИМ ПЕРФОРИР.ВОДОСТ.ПРОЗР. 19Х72ММ;Бактерицидный;;;;
ЦБ-00022616;ЛЮКСПЛАСТ ПЛАСТЫРЬ ФИКСИРУЮЩИЙ НЕТКАН.5М*1,25СМ;Фиксирующие катушки;;;;
ЦБ-00022617;ЛЮКСПЛАСТ ПЛАСТЫРЬ ФИКСИРУЮЩИЙ НЕТКАН.5М*2.5СМ;Фиксирующие катушки;;;;
ЦБ-00022910;ЛЮКСПЛАСТ ПЛАСТЫРЬ ФИКСИРУЮЩИЙ ПОЛИМЕРН 5М*1.25СМ;Фиксирующие катушки;;;;
ЦБ-00022913;ЛЮКСПЛАСТ ПЛАСТЫРЬ ФИКСИРУЮЩИЙ ТКАНЕВОЙ 5М*2.5СМ;Фиксирующие катушки;;;;
ЦБ-00022880;ЛЮКСПЛАСТ ПЛАСТЫРЬ ФИКСИРУЮЩИЙ ТКАНЕВЫЙ 5МХ1.25СМ;Фиксирующие катушки;;;;
ЦБ-00020774;ЛЮКСПЛАСТ ПЛАСТЫРЬ-СПРЕЙ 40МЛ;Бактерицидный;;;;
ЦБ-00184635;М Актив Аскорбат таб. №30;Витамин С;;;;
ЦБ-00188822;М Актив Вит. группы В капс. №30;Препараты группы В, нейропротекторы;;;;
ЦБ-00192030;М Актив Вит. группы В+ капс. №30;Препараты группы В, нейропротекторы;;;;
ЦБ-00189012;М Актив Железо Хелат Бисглицинат таб. №30;Препараты железа;;;;
ЦБ-00185983;М Актив Магний+В6 таб. №40;Препараты магния;;;;
ЦБ-00185934;М Актив Магний+В6 таб. №60;Препараты магния;;;;
ЦБ-00182343;М Актив Магния Оротат таб. №30;Препараты магния;;;;
ЦБ-00122753;Магвит капс. №30;Препараты магния;;;;
РТ-00012350;Магвит капс. №50;Препараты магния;;;;
ЦБ-00002496;Магне В6 амп. 10мл №10;Препараты магния;;;;
ЦБ-00192115;Магне В6 Кидс таб. жев. №30;Препараты магния;;;;
ЦБ-00192125;Магне В6 стик-пакеты 10мл №10;Препараты магния;;;;
РТ-00006389;Магне В6 таб. п/о №100;Препараты магния;;;;
ЦБ-00148849;Магне В6 таб. п/о №180;Препараты магния;;;;
ЦБ-00002497;Магне В6 таб. п/о №50;Препараты магния;;;;
РТ-00006388;Магне В6 таб. п/о №60;Препараты магния;;;;
ЦБ-00009486;Магне В6 форте таб. п.о №30;Препараты магния;;;;
РТ-00006390;Магне В6 форте таб. п.о №40;Препараты магния;;;;
ЦБ-00181700;Магне В6 форте таб. п/п/о №100;Препараты магния;;;;
ЦБ-00174773;Магне В6 форте таб. п/п/о №60;Препараты магния;;;;
ЦБ-00026567;Магне Позитив 700мг №30;Препараты магния;;;;
ЦБ-00025572;Магне Хороший сон капс. 360мг №30;Препараты магния;;;;
ЦБ-00031433;Магне Экспресс гранулы мини-саше №20;Препараты магния;;;;
РТ-00006498;МагнеГель Магниевый гель д/силы волос и кожи головы 250мл Арилис;Препараты магния;;;;
ЦБ-00172065;Магнезиум В6 таб. п/о №50;Препараты магния;;;;
ЦБ-00156491;Магнезиум В6 форте апм. д/приёма внутрь 10мл №5;Препараты магния;;;;
ЦБ-00181977;Магнелис B6 аква р-р д/приема внутрь 100мг+10мг амп. 10мл №15;Препараты магния;;;;
РТ-00011936;Магнелис B6 таб. п.о №120;Препараты магния;;;;
ЦБ-00009487;Магнелис B6 таб. п.о №50;Препараты магния;;;;
ЦБ-00009488;Магнелис B6 таб. п.о №90;Препараты магния;;;;
ЦБ-00081978;Магнелис В6 таб.п/о №120;Препараты магния;;;;
ЦБ-00036506;Магнелис В6 форте 0,1+0,01 №30;Препараты магния;;;;
ЦБ-00035843;Магнелис В6 форте 0,1+0,01 №60;Препараты магния;;;;
ЦБ-00189426;Магнелис В6 форте 0,1+0,01 №90;Препараты магния;;;;
ЦБ-00120613;Магнелис экспресс спокойствие таб.п/о №20;Препараты магния;;;;
РТ-00007485;Магнемакс таб. 500мг №20;Препараты магния;;;;
РТ-00006627;Магнемакс таб. 500мг №50;Препараты магния;;;;
ЦБ-00188700;Магнепасит таб. п/п/о 100мг+10мг №120;Препараты магния;;;;
ЦБ-00175191;Магнепасит таб. п/п/о 100мг+10мг №30;Препараты магния;;;;
ЦБ-00161362;Магнепасит таб. п/п/о 100мг+10мг №60;Препараты магния;;;;
ЦБ-00160268;Магнепасит таб. п/п/о 48мг+5мг №60;Препараты магния;;;;
ЦБ-00119339;Магнерот таб. 500мг №100;Препараты магния;;;;
ЦБ-00002498;Магнерот таб. 500мг №20;Препараты магния;;;;
ЦБ-00002499;Магнерот таб. 500мг №50;Препараты магния;;;;
РТ-00005732;Магнесол В2 гран. пакет-саше №30;Препараты магния;;;;
ЦБ-00039110;МагнеСпрей спрей д/восполнения магния в организме 100мл Арилис;Препараты магния;;;;
ЦБ-00152929;Магнетон капс. 600мг №30;Препараты магния;;;;
ЦБ-00026971;МАГНЕТРАНС ГРАН №20;Препараты магния;;;;
РТ-00006005;Магнецин таб. №120;Препараты магния;;;;
ЦБ-00124539;Магнецин таб. №60;Препараты магния;;;;
ЦБ-00177902;Магний + Вит. группы В быстрораств. таб. №15;Препараты магния;;;;
ЦБ-00163076;Магний + витамины группы В таб. шип. №15;Препараты магния;;;;
ЦБ-00162848;Магний 7 солей капс. №60;Препараты магния;;;;
ЦБ-00174787;Магний B6 комплекс с фолиевой к-той таб. №30 ВИТАМИР;Препараты магния;;;;
ЦБ-00186459;Магний B6 комплекс с фолиевой к-той таб. №60;Препараты магния;;;;
ЦБ-00158428;Магний B6 таб. №100;Препараты магния;;;;
ЦБ-00024937;МАГНИЙ B6 ТАБЛ. N50 (БАД);Препараты магния;;;;
ЦБ-00168747;Магний B6 форте макс таб. №30;Препараты магния;;;;
ЦБ-00193150;Магний B6 шипучий Реневал таб. шип. клубника №20;Препараты магния;;;;
ЦБ-00163116;Магний B6+В9 таб. шип. №20;Препараты магния;;;;
ЦБ-00165478;Магний L-треонат комплекс ВИТАМИР таб. №30;Препараты магния;;;;
ЦБ-00163461;Магний Актив жид. д/приема внутрь стик 10мл №30;Препараты магния;;;;
ЦБ-00163460;Магний Актив жид. д/приема внутрь стик манго 10мл №10;Препараты магния;;;;
ЦБ-00129534;Магний АП таб. №60;Препараты магния;;;;
ЦБ-00188263;Магний Ацетил тауринат капс. 500мг №60;Препараты магния;;;;
ЦБ-00191572;Магний В1/В6/В12/Д3 капс. №90;Препараты группы В, нейропротекторы;;;;
РТ-00004156;Магний В6 ДЗ капс №60;Препараты магния;;;;
ЦБ-00183464;Магний В6 капс. №100;Препараты магния;;;;
ЦБ-00181073;Магний В6 капс. №120;Препараты магния;;;;
ЦБ-00183034;Магний В6 капс. №180;Препараты магния;;;;
ЦБ-00182550;Магний В6 капс. №60;Препараты магния;;;;
ЦБ-00182930;Магний В6 капс. №60;Препараты магния;;;;
РТ-00007188;Магний В6 Миофарм таб. 750мг №60;Препараты магния;;;;
ЦБ-00168746;Магний В6 пустырник таб. №30;Препараты магния;;;;
РТ-00009995;Магний В6 Реневал таб. п/п/о №50;Препараты магния;;;;
ЦБ-00149053;Магний В6 р-р д/приема внутрь д/взр. и дет. 250мл;Препараты магния;;;;
ЦБ-00164155;Магний В6 таб. №120;Препараты магния;;;;
ЦБ-00164287;Магний В6 таб. №30;Препараты магния;;;;
РТ-00012305;Магний В6 таб. №30;Препараты магния;;;;
ЦБ-00145483;Магний В6 таб. №48;Препараты магния;;;;
РТ-00000556;Магний В6 таб. №60;Препараты магния;;;;
ЦБ-00162513;Магний В6 таб. №60;Препараты магния;;;;
ЦБ-00176823;Магний В6 таб. №90;Препараты магния;;;;
ЦБ-00174993;Магний В6 таблетки №90, ВТФ ООО;Препараты магния;;;;
ЦБ-00170484;Магний В6 усиленный капс №120;Препараты магния;;;;
ЦБ-00187072;Магний В6 усиленный капс №60;Препараты магния;;;;
ЦБ-00181426;Магний В6 форте капс. №300;Препараты магния;;;;
ЦБ-00152154;Магний В6 форте таб. №30;Препараты магния;;;;
ЦБ-00153827;Магний В6 Форте таб. №30;Препараты магния;;;;
РТ-00002527;Магний В6 форте таб. №50;Препараты магния;;;;
ЦБ-00039748;Магний В6 Эвалар р-р 100мл;Препараты магния;;;;
ЦБ-00065895;Магний В6 Эвалар таб. №30;Препараты магния;;;;
ЦБ-00015869;Магний В6 Эвалар таб. №36;Препараты магния;;;;
ЦБ-00036569;Магний В6 Эвалар таб. №60;Препараты магния;;;;
ЦБ-00191573;Магний В6 Эвиталия капс. N60;Препараты магния;;;;
ЦБ-00150576;Магний В6 Эко таб. №30;Препараты магния;;;;
ЦБ-00153306;Магний В6+В1+В9 таб. №60;Препараты магния;;;;
ЦБ-00187777;Магний гран. д/расс. стик 400мг №30;Препараты магния;;;;
ЦБ-00154601;Магний Диаспорал Директ 400 саше №20;Препараты магния;;;;
ЦБ-00009489;Магний Кардио Виавит Таб. №28;Препараты магния;;;;
ЦБ-00188764;Магний Л-Треонат капс. №60;Препараты магния;;;;
ЦБ-00009490;Магний Максимум Виавит саше №10;Препараты магния;;;;
ЦБ-00009491;Магний Максимум Виавит Таб. №14;Препараты магния;;;;
ЦБ-00165232;Магний Максимум саше 5г №20;Препараты магния;;;;
ЦБ-00177725;Магний Малат таб. №120;Препараты магния;;;;
ЦБ-00152238;Магний Морской B6+ капс. №60;Поливитамины;;;;
ЦБ-00009492;Магний Мышцынорм Виавит саше №10;Препараты магния;;;;
ЦБ-00009493;Магний Мышцынорм Виавит Таб. №30;Препараты магния;;;;
ЦБ-00160963;Магний Оптима с вит. группы В капс. №120;Препараты группы В, нейропротекторы;;;;
ЦБ-00193817;Магний Оротат капс. №30;Препараты магния;;;;
ЦБ-00194183;Магний Оротат капс. №60;Препараты магния;;;;
ЦБ-00152101;Магний плюс B6 р-р д/взр./дет. 100мл;Препараты магния;;;;
ЦБ-00009494;Магний плюс таб. шип. №10;Препараты магния;;;;
ЦБ-00174578;Магний Премиум пор. д/р-ра д/приема внутрь №15;Препараты магния;;;;
ЦБ-00186670;Магний с вит. В6 капс. №90;Препараты магния;;;;
РТ-00011614;Магний стандарт банка 150г;Препараты магния;;;;
ЦБ-00163589;Магний таб. 500мг №100;Препараты магния;;;;
ЦБ-00034145;Магний таб. шип.150мг №20;Препараты магния;;;;
ЦБ-00176243;Магний хелат В6 капс. №60;Препараты магния;;;;
ЦБ-00180462;Магний хелат капс. №120;Препараты магния;;;;
ЦБ-00180170;Магний хелат капс. №60;Препараты магния;;;;
ЦБ-00167911;Магний хелат капс. №90;Препараты магния;;;;
ЦБ-00184636;Магний хелат таб. №90;Препараты магния;;;;
ЦБ-00192900;Магний хелат+В6 стандарт капс. №60;Препараты магния;;;;
ЦБ-00186477;Магний Цитрат вишня марм. паст. №90;Препараты магния;;;;
ЦБ-00178588;Магний Цитрат капс. №100;Препараты магния;;;;
ЦБ-00181729;Магний Цитрат капс. №120;Препараты магния;;;;
ЦБ-00186424;Магний Цитрат капс. №60;Препараты магния;;;;
ЦБ-00191571;Магний Цитрат таб. №60;Препараты магния;;;;
ЦБ-00161596;Магний Цитрат таб. №60;Препараты магния;;;;
ЦБ-00187482;Магний Цитрат Форте пор. 460г;Препараты магния;;;;
ЦБ-00178354;Магний Цитрат Форте стик-пакет №15;Препараты магния;;;;
ЦБ-00192420;Магний экспресс форте пор. 130гр;Препараты магния;;;;
ЦБ-00121055;Магний+В6 биокор др.№60;Препараты магния;;;;
ЦБ-00180743;Магний+В6 комплекс таб. №30;Препараты магния;;;;
ЦБ-00119860;Магний+В6 комплекс таб. №40;Препараты магния;;;;
ЦБ-00119244;Магний+В6 комплекс таб. №60;Препараты магния;;;;
ЦБ-00117930;Магний+В6 таб. №30;Препараты магния;;;;
РТ-00013994;Магний+В6 таб. №60;Препараты магния;;;;
ЦБ-00147350;Магний+В6 Форте таб. №30;Препараты магния;;;;
ЦБ-00147351;Магний+В6 Форте таб. №60;Препараты магния;;;;
ЦБ-00184642;Магний+Калий кардиокомпл. пор. 130г;Поливитамины;;;;
ЦБ-00009495;Магний-Диаспорал 300 гран. д/приготовления р-ра 5г №20;Препараты магния;;;;
РТ-00003851;Магний-Диаспорал 300 гран. д/приготовления р-ра 5г №50;Препараты магния;;;;
ЦБ-00025588;Магнистад таб. п/о №50;Препараты магния;;;;
ЦБ-00117941;Магния сульфат буфус р-р в/в 250мг/мл 10мл №10;Инъекционные и инфузионные р-ры;;;;
ЦБ-00166974;Магния сульфат буфус р-р в/в 250мг/мл 5мл №10;Инъекционные и инфузионные р-ры;;;;
ЦБ-00002501;Магния сульфат р-р в/в 25% 10мл №10;Инъекционные и инфузионные р-ры;;;;
ЦБ-00002502;Магния сульфат р-р в/в 25% 10мл №10;Инъекционные и инфузионные р-ры;;;;
ЦБ-00002503;Магния сульфат р-р в/в 25% 10мл №10;Инъекционные и инфузионные р-ры;;;;
ЦБ-00030058;Магния сульфат р-р в/в 25% 10мл №10;Инъекционные и инфузионные р-ры;;;;
ЦБ-00030059;Магния сульфат р-р в/в 25% 10мл №10;Инъекционные и инфузионные р-ры;;;;
ЦБ-00034209;Магния сульфат р-р в/в 25% 10мл №10;Инъекционные и инфузионные р-ры;;;;
ЦБ-00036478;Магния сульфат р-р в/в 25% 10мл №10;Инъекционные и инфузионные р-ры;;;;
ЦБ-00033357;Магния сульфат р-р в/в 25% 10мл №10;Инъекционные и инфузионные р-ры;;;;
ЦБ-00002504;Магния сульфат р-р в/в 25% 5мл №10;Инъекционные и инфузионные р-ры;;;;
ЦБ-00002506;Магния сульфат р-р в/в 25% 5мл №10;Инъекционные и инфузионные р-ры;;;;
ЦБ-00035527;Магния сульфат р-р в/в 25% 5мл №10;Инъекционные и инфузионные р-ры;;;;
ЦБ-00035625;Магния сульфат р-р в/в 25% 5мл №10;Инъекционные и инфузионные р-ры;;;;
ЦБ-00002505;Магния сульфат р-р в/в 250мг/мл 5мл №10;Инъекционные и инфузионные р-ры;;;;
ЦБ-00160006;Магния хелат комплекс с витаминами и Zn таб. №30;Препараты магния;;;;
ЦБ-00193826;Магния цитрат капс. №120;Препараты магния;;;;
ЦБ-00180935;Магния цитрат липосомальный капс. №30;Препараты магния;;;;
ЦБ-00146896;Магния цитрат с вит. В6 капс.№90;Препараты магния;;;;
ЦБ-00187249;Магния Цитрат с раст. экстр. капс. №180;Препараты магния;;;;
ЦБ-00191697;Магния цитрат с цинком и вит. В6 капс. 300мг №120;Препараты магния;;;;
ЦБ-00191696;Магния цитрат с цинком и вит. В6 капс. 300мг №60;Препараты магния;;;;
ЦБ-00124229;Мадагаскар витаминно-минеральный комплекс таб. №80 Какао;Поливитамины;;;;
ЦБ-00142374;Май сайз презервативы р.64 №36;Презервативы;;;;
ЦБ-00183404;Майн Херц вит. С плюс таб. шип. апельсин №20;Витамин С;;;;
ЦБ-00186823;Майн Херц вит. С/Цинк таб. шип. апельсин №20;Витамин С;;;;
ЦБ-00186861;Майн Херц Магний+В таб. шип. апельсин №20;Препараты магния;;;;
ЦБ-00185955;Майн Херц Мультивит.+Биотин таб. шип. персик-маракуйя №20;Поливитамины;;;;
ЦБ-00170358;Майндли Дейли Актив В-комплекс таб. №60;Препараты группы В, нейропротекторы;;;;
ЦБ-00170254;Майндли Дейли вит. Д3 2000МЕ капс. №60;Витамин Д3;;;;
ЦБ-00173408;Майндли Дейли Витамин С/шиповник/биофлавоноиды таб. №120;Витамин С;;;;
ЦБ-00171148;Майндли Дейли кальций/магний/цинк/вит.Д3 таб. №60;Поливитамины;;;;
ЦБ-00170255;Майндли Дейли Магний бисглицинат и вит. В6 капс. №120;Витамин Д3;;;;
ЦБ-00170403;Майндли Дейли Таурин  капс. №60;Витамины д/сердечно-сосудистой системы;;;;
ЦБ-00137797;Мака Голд капс. №60;Ср-ва при эректильной дисфункции, влияющие на либидо;;;;
ЦБ-00002509;Макмирор комплекс крем ваг. 30г;Гинекологические п/воспалительные ср-ва наружные;;;;
ЦБ-00002510;Макмирор комплекс супп. ваг. №8;Гинекологические п/воспалительные ср-ва наружные;;;;
ЦБ-00002512;Макровит таб. п.о №30;Поливитамины;;;;
ЦБ-00033023;Максигра таб. п/о 100мг №1;Ср-ва при эректильной дисфункции, влияющие на либидо;;;;
ЦБ-00027639;Максигра таб. п/о 100мг №4;Ср-ва при эректильной дисфункции, влияющие на либидо;;;;
ЦБ-00027640;Максигра таб. п/о 50мг №1;Ср-ва при эректильной дисфункции, влияющие на либидо;;;;
ЦБ-00027641;Максигра таб. п/о 50мг №4;Ср-ва при эректильной дисфункции, влияющие на либидо;;;;
ЦБ-00087424;Максиктам-АФ пор. д/р-ра в/в в/м 1г+1г фл. №1;Антибактериальные средства инъекционные р-ры;;;;
ЦБ-00021780;МАКСИПИМ ПОР.Д/ИН. ФЛАК. 1Г N1;Антибактериальные средства инъекционные р-ры;;;;
ЦБ-00179069;Макслер Аргинин 1000 таб. №100;Витамины д/сердечно-сосудистой системы;;;;
ЦБ-00189655;Макслер Вит. Д3 5000 апельсин фл. 60мл;Витамин Д3;;;;
ЦБ-00183700;Макслер Вит. Д3+К2 кидс капс. №30;Витамин Д3;;;;
ЦБ-00194660;Макслер Вит. С + Цинк таб. шип. апельсин №20;Витамин С;;;;
ЦБ-00189272;Макслер Вит. С + Цинк таб. шип. апельсин набор 3 тубы №20;Витамин С;;;;
ЦБ-00188334;Макслер Витамин Д3 5000МЕ в каплях фл. 60мл;Витамин Д3;;;;
ЦБ-00175739;Макслер Витамин С порошок 200г;Витамин С;;;;
ЦБ-00190591;Макслер В-компл. таб. шип. апельсин №20;Препараты группы В, нейропротекторы;;;;
ЦБ-00190104;Макслер В-компл. таб. шип. гранат №20;Препараты группы В, нейропротекторы;;;;
ЦБ-00180376;Макслер В-комплекс таб. №60;Препараты группы В, нейропротекторы;;;;
ЦБ-00189074;Макслер Гаммиз Вит. С конф. жеват. апельсин №90;Витамин С;;;;
ЦБ-00182896;Макслер Дэйли макс таб. №30;Поливитамины;;;;
ЦБ-00187916;Макслер Дэйли макс таб. №60;Поливитамины;;;;
ЦБ-00189240;Макслер Железо капс. №90;Препараты железа;;;;
ЦБ-00189656;Макслер Железо Плюс Гаммиз конф. жев. дет. лесные ягоды №90;Препараты железа;;;;
ЦБ-00175567;Макслер Кальций магний цинк + вит.Д3 таб. №90;Поливитамины;;;;
ЦБ-00182974;Макслер Магний В6 таб. №120;Препараты магния;;;;
ЦБ-00179032;Макслер Магний В6 таб. №60;Препараты магния;;;;
ЦБ-00188695;Макслер Магний В6 таб. шип. апельсин №20;Препараты магния;;;;
ЦБ-00177424;Макслер Магний В6 таб. шип. цитрус №20;Препараты магния;;;;
ЦБ-00180545;Макслер Магний Глиценат апельсин фл. 500мл;Препараты магния;;;;
ЦБ-00178806;Макслер Магний Глиценат клубника фл. 500мл;Препараты магния;;;;
ЦБ-00175913;Макслер Магний хелат таб. №120;Препараты магния;;;;
ЦБ-00190290;Макслер Макс моушен таб. шип. виноград №20;Поливитамины;;;;
ЦБ-00194339;Макслер Мультивит. гаммиз конф. жев. апельсин б/сах. №90;Поливитамины;;;;
ЦБ-00178500;Макслер Таурин 1000мг таб. №100;Витамины д/сердечно-сосудистой системы;;;;
ЦБ-00188541;Максус XXL презервативы гладк. увелич. №3;Презервативы;;;;
ЦБ-00190792;Максус Аниме коллекция презервативы классик №50;Презервативы;;;;
ЦБ-00128107;Максус Велком пак презервативы набор №3;Презервативы;;;;
РТ-00012961;Максус презервативы №3 Классик;Презервативы;;;;
ЦБ-00177060;Максус презервативы классик №12;Презервативы;;;;
ЦБ-00125654;Максус презервативы Классик №15;Презервативы;;;;
ЦБ-00127014;Максус презервативы классик №15;Презервативы;;;;
ЦБ-00177063;Максус презервативы микс №12;Презервативы;;;;
ЦБ-00123110;Максус презервативы набор №15 Микс;Презервативы;;;;
РТ-00012964;Максус презервативы набор №3 Микс;Презервативы;;;;
ЦБ-00131556;Максус презервативы сити хантер №3х15;Презервативы;;;;
ЦБ-00177062;Максус презервативы точечно-ребристые №12;Презервативы;;;;
ЦБ-00131437;Максус презервативы точечно-ребристые №15 Специаль;Презервативы;;;;
РТ-00012963;Максус презервативы точечно-ребристые №3 Специаль;Презервативы;;;;
ЦБ-00177061;Максус презервативы ультратонкие №12;Презервативы;;;;
ЦБ-00123010;Максус презервативы ультратонкие №15 Сенсетив;Презервативы;;;;
РТ-00012962;Максус презервативы ультратонкие №3 Сенсетив;Презервативы;;;;
ЦБ-00156032;Максус презервативы экстремально тонкие 003 №3;Презервативы;;;;
ЦБ-00160179;Максус презервативы экстремально тонкие №15;Презервативы;;;;
ЦБ-00142778;Максус Соу мач секс презервативы №100;Презервативы;;;;
ЦБ-00174835;Максус Соу мач секс Спэшл презервативы №100;Презервативы;;;;
ЦБ-00174834;Максус Соу мач секс Ультратонкие презервативы №100;Презервативы;;;;
ЦБ-00160011;Максус Спешл пак презервативы набор №3;Презервативы;;;;
ЦБ-00172261;Максус Ультратонкие презервативы №3;Презервативы;;;;
ЦБ-00171182;Максус Эйр Классик презервативы №3;Презервативы;;;;
ЦБ-00177095;Максус Эйр микс презервативы №3;Презервативы;;;;
ЦБ-00188540;Максус Эмейзинг презервативы точечн. №12;Презервативы;;;;
ЦБ-00188539;Максус Эмейзинг презервативы точечн. №3;Презервативы;;;;
ЦБ-00171685;М-актв Урофит форте таб. №60;Уроантисептики;;;;
ЦБ-00171181;М-Актив Боярышник с калием и магнием таб. №40;Витамины д/сердечно-сосудистой системы;;;;
ЦБ-00169718;М-Актив Витамин Д3 600МЕ таб. №30;Витамин Д3;;;;
ЦБ-00175673;М-Актив Витамин Д3 форте таб. 2000МЕ №60;Витамин Д3;;;;
ЦБ-00169151;М-Актив Железа хелат таб. №30;Препараты железа;;;;
ЦБ-00180482;М-актив комплекс магний+В6 таб. №60;Препараты магния;;;;
ЦБ-00176242;М-Актив Магний+В6 таб. №40;Витамины д/сердечно-сосудистой системы;;;;
РТ-00014703;Малинки-Виталинки леденцовая карамель мультивитамин №1;Драже, леденцы;;;;
ЦБ-00151383;Малинки-виталинки леденцы мультивитамин 8,0г №20;Драже, леденцы;;;;
ЦБ-00127688;Малинки-Виталинки леденцы флюмалин цинк/витамин С 6,5г №1;Драже, леденцы;;;;
ЦБ-00006826;Малышка Вода питьевая детская 1.5л  (голубая);Минеральная вода;;;;
ЦБ-00006827;Малышка Вода питьевая детская 1.5л  (розовая);Минеральная вода;;;;
ЦБ-00006828;Малышка Вода питьевая детская 500мл  (голубая);Минеральная вода;;;;
ЦБ-00006829;Малышка Вода питьевая детская 500мл (розовая);Минеральная вода;;;;
ЦБ-00002516;Мальтофер капли внутр. 50мг/мл 30мл;Препараты железа;;;;
ЦБ-00016773;Мальтофер р-р в/м 20мг/мл 5мл №10;Препараты железа;;;;
ЦБ-00015302;Мальтофер р-р в/м 5% 2мл №5;Препараты железа;;;;
ЦБ-00002517;Мальтофер сироп 10мг/мл 150мл;Препараты железа;;;;
ЦБ-00002518;Мальтофер таб. жев. 100мг №30;Препараты железа;;;;
ЦБ-00002515;Мальтофер Фол таб. жев. №30;Препараты железа;;;;
ЦБ-00085162;Маннит р-р д/инф. 15% 200мл;Инъекционные и инфузионные р-ры;;;;
ЦБ-00002523;Маннит р-р д/инф. 15% 200мл №1;Инъекционные и инфузионные р-ры;;;;
ЦБ-00149348;Маннит р-р д/инф. 15% 200мл №28 (для ЛПУ);Инъекционные и инфузионные р-ры;;;;
ЦБ-00021512;Маннит р-р д/инф. 15% 400мл;Инъекционные и инфузионные р-ры;;;;
ЦБ-00021781;Маннит р-р д/инф. 15% 400мл №12;Инъекционные и инфузионные р-ры;;;;
РТ-00011471;Маннит р-р д/инф. 15% 400мл №15;Инъекционные и инфузионные р-ры;;;;
ЦБ-00115590;Маннитол 15% 400мл №12 (для ЛПУ);Инъекционные и инфузионные р-ры;;;;
ЦБ-00167170;Мантра витамин С капс. №60;Витамин С;;;;
ЦБ-00195379;Мантра В-компл. активные формы капс. №90;Препараты группы В, нейропротекторы;;;;
ЦБ-00174455;Мантра Магний хелат капс. №90;Препараты магния;;;;
ЦБ-00009555;Марвелон таб. №21;Пероральные контрацептивы;;;;
ЦБ-00002525;Марвелон таб. №63;Пероральные контрацептивы;;;;
ЦБ-00034991;Марля 0.9 Х 5м;Бинты;;;;
ЦБ-00137820;Марля Матопат Matocomp н/стерил. 0,5м;Бинты;;;;
ЦБ-00137819;Марля Матопат Matocomp н/стерил. 1м;Бинты;;;;
ЦБ-00039780;Марля мед. 0,9 х1м;Бинты;;;;
ЦБ-00009568;Марля мед. 0,9х 3м;Бинты;;;;
ЦБ-00027139;Марля мед. 0.9 x 5м;Бинты;;;;
ЦБ-00015741;Марля мед. 0.9x10м;Бинты;;;;
ЦБ-00016272;Марля мед. 0.9x10м;Бинты;;;;
РТ-00007808;Марля мед. 0.9x2м;Бинты;;;;
ЦБ-00015434;Марля мед. 0.9x2м;Бинты;;;;
ЦБ-00015698;Марля мед. 0.9x2м;Бинты;;;;
ЦБ-00039532;Марля мед. 0.9x2м;Бинты;;;;
ЦБ-00015803;Марля мед. 0.9x3м;Бинты;;;;
РТ-00014640;Марля мед. 0.9x3м;Бинты;;;;
ЦБ-00015864;Марля мед. 0.9x5м;Бинты;;;;
ЦБ-00016273;Марля мед. 0.9x5м;Бинты;;;;
РТ-00002614;Марля мед. 0.9х10м;Бинты;;;;
ЦБ-00162608;Марля мед. 3 х1м;Бинты;;;;
ЦБ-00122640;Марля медицинская 0,9х10м;Бинты;;;;
ЦБ-00122539;Марля медицинская 0,9х1м;Бинты;;;;
ЦБ-00151328;Марля медицинская 0,9х20м;Бинты;;;;
ЦБ-00037887;Марля медицинская 0,9х2м;Бинты;;;;
ЦБ-00142869;Марля медицинская 0,9х3м;Бинты;;;;
ЦБ-00129505;Марля медицинская 0,9х5м;Бинты;;;;
ЦБ-00016551;Марля медицинская 0.9х2м;Бинты;;;;
ЦБ-00009557;Марля медицинская 10м;Бинты;;;;
ЦБ-00009581;Марля медицинская 10м;Бинты;;;;
ЦБ-00148783;Марля медицинская 10м;Бинты;;;;
РТ-00007729;Марля медицинская 10м ГОСТ Нью Лайф;Бинты;;;;
ЦБ-00030436;Марля медицинская 10м Нью Лайф;Бинты;;;;
ЦБ-00015479;Марля медицинская 10м Розовый Фламинго;Бинты;;;;
ЦБ-00009558;Марля медицинская 10мх90см;Бинты;;;;
ЦБ-00009559;Марля медицинская 10мх90см;Бинты;;;;
ЦБ-00022311;МАРЛЯ МЕДИЦИНСКАЯ 1МХ90СМ;Бинты;;;;
ЦБ-00009561;Марля медицинская 2м;Бинты;;;;
ЦБ-00009562;Марля медицинская 2м;Бинты;;;;
ЦБ-00009563;Марля медицинская 2м;Бинты;;;;
ЦБ-00009580;Марля медицинская 2м;Бинты;;;;
РТ-00001380;Марля медицинская 2м;Бинты;;;;
ЦБ-00009564;Марля медицинская 2мх90см;Бинты;;;;
ЦБ-00009565;Марля медицинская 2мх90см;Бинты;;;;
ЦБ-00009566;Марля медицинская 3 м;Бинты;;;;
ЦБ-00009567;Марля медицинская 3м;Бинты;;;;
РТ-00001379;Марля медицинская 3м;Бинты;;;;
РТ-00007728;Марля медицинская 3м ГОСТ Нью Лайф;Бинты;;;;
ЦБ-00009571;Марля медицинская 3м Нью Лайф;Бинты;;;;
ЦБ-00009569;Марля медицинская 3мх90см;Бинты;;;;
ЦБ-00009570;Марля медицинская 3мх90см;Бинты;;;;
ЦБ-00009574;Марля медицинская 5 м;Бинты;;;;
ЦБ-00009573;Марля медицинская 5м;Бинты;;;;
ЦБ-00118491;Марля медицинская 5м;Салфетки стерильные;;;;
РТ-00007727;Марля медицинская 5м ГОСТ Нью Лайф;Бинты;;;;
ЦБ-00110934;Марля медицинская 5м ГОСТ Нью Лайф;Бинты;;;;
ЦБ-00009575;Марля медицинская 5м Нью Лайф;Бинты;;;;
ЦБ-00009576;Марля медицинская 5м Розовый Фламинго;Бинты;;;;
ЦБ-00009577;Марля медицинская 5мх90см;Бинты;;;;
ЦБ-00009578;Марля медицинская 5мх90см;Бинты;;;;
ЦБ-00151363;Марля медицинская хлопчатобум. отбел.  90см*20м Ньюфарм;Бинты;;;;
ЦБ-00039920;Марля н/стерил. 10м;Бинты;;;;
ЦБ-00039919;Марля н/стерил. 3м;Бинты;;;;
ЦБ-00038141;Марля н/стерил. 5м;Бинты;;;;
ЦБ-00181341;Марля нестер. пл.28 90смх10м;Бинты;;;;
ЦБ-00185196;Марля нестер. пл.28 90смх5м;Бинты;;;;
ЦБ-00185197;Марля нестер. пл.36 90смх5м;Бинты;;;;
ЦБ-00171992;Маскулан Анатомик презервативы №10;Презервативы;;;;
ЦБ-00172846;Маскулан Анатомик презервативы №3;Презервативы;;;;
ЦБ-00166150;Маскулан Органик презервативы №10;Презервативы;;;;
ЦБ-00167052;Маскулан Органик презервативы №3;Презервативы;;;;
ЦБ-00026105;Маскулан Презервативы 1 Классик нежные №10;Презервативы;;;;
ЦБ-00026104;Маскулан Презервативы 1 Классик нежные №3;Презервативы;;;;
ЦБ-00165117;Маскулан Презервативы 1 Классик нежные плюс №3;Презервативы;;;;
ЦБ-00026102;Маскулан Презервативы 1 Ультра Тутти-фрутти №10;Презервативы;;;;
ЦБ-00026103;Маскулан Презервативы 1 Ультра Тутти-фрутти №10;Презервативы;;;;
ЦБ-00026101;Маскулан Презервативы 1 Ультра Тутти-фрутти №3;Презервативы;;;;
ЦБ-00026158;Маскулан Презервативы 2 Классик с пупырышками №10;Презервативы;;;;
ЦБ-00026159;Маскулан Презервативы 2 Классик с пупырышками №3;Презервативы;;;;
ЦБ-00026160;Маскулан Презервативы 2 Ультра особо тонкие №10;Презервативы;;;;
ЦБ-00026161;Маскулан Презервативы 2 Ультра особо тонкие №3;Презервативы;;;;
ЦБ-00026162;Маскулан Презервативы 3 Классик кольца/пупырышки №10;Презервативы;;;;
ЦБ-00026163;Маскулан Презервативы 3 Классик кольца/пупырышки №3;Презервативы;;;;
ЦБ-00192554;Маскулан Презервативы 3 Ультра №21;Презервативы;;;;
ЦБ-00026164;Маскулан Презервативы 3 Ультра продлевающий кольца/пупырышки №10;Презервативы;;;;
ЦБ-00026165;Маскулан Презервативы 3 Ультра продлевающий кольца/пупырышки №3;Презервативы;;;;
ЦБ-00026100;Маскулан Презервативы 4 Классик XL №10;Презервативы;;;;
ЦБ-00026099;Маскулан Презервативы 4 Классик XL №3;Презервативы;;;;
ЦБ-00026167;Маскулан Презервативы 4 Ультра прочные №10;Презервативы;;;;
ЦБ-00026168;Маскулан Презервативы 4 Ультра прочные №3;Презервативы;;;;
ЦБ-00026169;Маскулан Презервативы 5 Ультра утонченный латекс №10;Презервативы;;;;
ЦБ-00028348;Маскулан Презервативы 5 Ультра утонченный латекс №3;Презервативы;;;;
ЦБ-00190803;Маскулан презервативы XXL №3;Презервативы;;;;
ЦБ-00164245;Маскулан презервативы ультратонкие №10;Презервативы;;;;
ЦБ-00174866;Маскулан Пюр презервативы ультратонкие №10;Презервативы;;;;
ЦБ-00190111;Маскулан Пюр презервативы ультратонкие №21;Презервативы;;;;
ЦБ-00165707;Маскулан Пюр презервативы ультратонкие №3;Презервативы;;;;
ЦБ-00186461;Маскулан ребра/точки презервативы №10;Презервативы;;;;
ЦБ-00192555;Маскулан ребра/точки презервативы №21;Презервативы;;;;
ЦБ-00173077;Маскулан Сенсетив плюс презервативы №10;Презервативы;;;;
ЦБ-00191486;Маскулан Сенсетив плюс презервативы №21;Презервативы;;;;
ЦБ-00186637;Маскулан точки презервативы №10;Презервативы;;;;
ЦБ-00162822;Маскулан Ультра файн презервативы №10;Презервативы;;;;
ЦБ-00187226;Маскулан Ультра файн презервативы №21;Презервативы;;;;
ЦБ-00166156;Маскулан Экстра ладж презервативы XXL №10;Презервативы;;;;
ЦБ-00186149;Масло черно тмина+АДЕК капс. №30;Поливитамины;;;;
ЦБ-00180346;Масло черно тмина+АДЕК капс. №60;Поливитамины;;;;
ЦБ-00036600;Мастер Юни л/пласт 1х500см н/ткан;Фиксирующие катушки;;;;
ЦБ-00131293;Мастер Юни л/пласт 1х500см полим;Фиксирующие катушки;;;;
ЦБ-00037297;Мастер Юни л/пласт 1х500см ткан;Фиксирующие катушки;;;;
ЦБ-00037302;Мастер Юни л/пласт 2х500см н/ткан.;Фиксирующие катушки;;;;
ЦБ-00037305;Мастер Юни л/пласт 2х500см полим;Фиксирующие катушки;;;;
ЦБ-00037298;Мастер Юни л/пласт 2х500см ткан;Фиксирующие катушки;;;;
ЦБ-00037295;Мастер Юни л/пласт 3,8х3,8 бакт. №1;Бактерицидный;;;;
ЦБ-00123358;Мастер Юни л/пласт 3,8х3,8 бакт. н/ткан. №1;Бактерицидный;;;;
ЦБ-00037303;Мастер Юни л/пласт 3х500см н/ткан.;Фиксирующие катушки;;;;
ЦБ-00037300;Мастер Юни л/пласт 3х500см полим;Фиксирующие катушки;;;;
ЦБ-00037299;Мастер Юни л/пласт 3х500см ткан;Фиксирующие катушки;;;;
ЦБ-00131480;Мастер Юни л/пласт 4х500см полим;Фиксирующие катушки;;;;
ЦБ-00023923;Мастер Юни л/пласт 4х500см ткан;Фиксирующие катушки;;;;
ЦБ-00037304;Мастер Юни л/пласт 5х500см н/ткан.;Фиксирующие катушки;;;;
ЦБ-00037306;Мастер Юни л/пласт 5х500см полим.;Фиксирующие катушки;;;;
ЦБ-00022731;Мастер Юни л/пласт 5х500см ткан;Фиксирующие катушки;;;;
ЦБ-00037296;Мастер Юни л/пласт 6,0х10,0 бакт. н/ткан. тел. №1;Бактерицидный;;;;
РТ-00007757;Мастер Юни л/пласт 7,2х1,9 бакт. н/ткан №10;Бактерицидный;;;;
ЦБ-00034812;Мастер Юни л/пласт 7,2х1,9 полим №10;Бактерицидный;;;;
ЦБ-00149732;Мастер Юни л/пласт 7,2х2,3 н/ткан. №1;Бактерицидный;;;;
ЦБ-00037294;Мастер Юни л/пласт 7,2х2,3 н/ткан. №10;Бактерицидный;;;;
ЦБ-00037293;Мастер Юни л/пласт 7,2х2,3 полим №10;Бактерицидный;;;;
ЦБ-00037314;Мастер Юни л/пласт Аква фикс полим №15;Бактерицидный;;;;
ЦБ-00175711;Мастер Юни л/пласт бакт. на неткан. основе 72*23мм;Бактерицидный;;;;
ЦБ-00037313;Мастер Юни л/пласт Детский бакт. полим №20;Бактерицидный;;;;
ЦБ-00037315;Мастер Юни л/пласт Для чувст.кожи XS бакт. №10;Бактерицидный;;;;
ЦБ-00037310;Мастер Юни л/пласт Для чувст.кожи бакт. н/ткан №20;Бактерицидный;;;;
ЦБ-00037316;Мастер Юни л/пласт Дорожный XS фикс №10;Бактерицидный;;;;
ЦБ-00037312;Мастер Юни л/пласт Инвизибл прозрачный бакт. №20;Бактерицидный;;;;
ЦБ-00037311;Мастер Юни л/пласт Классический бакт. №20;Бактерицидный;;;;
ЦБ-00185306;Мастер Юни л/пласт неткан. 1х500см;Фиксирующие катушки;;;;
РТ-00007756;Мастер Юни л/пласт Эластик бакт. ткан №20;Бактерицидный;;;;
ЦБ-00182825;Мастер Юни л/пласт. бактер. неткан. осн. с хлоридом бензалкония 10х15см;Бактерицидный;;;;
ЦБ-00156524;Мастер Юни лейкопластырь н/ткан. мед.фиксир. 1х250см;Фиксирующие катушки;;;;
ЦБ-00147266;Мастер Юни лейкопластырь н/ткан. мед.фиксир. 4х500см;Фиксирующие катушки;;;;
ЦБ-00037301;Мастер Юни Тревел Кит л/пласт. бакт. полим №20;Бактерицидный;;;;
ЦБ-00120610;Мастер Юнипор л/пласт мед.фиксир. 1х500см н/ткан.;Фиксирующие катушки;;;;
РТ-00014202;Мастер Юнипор л/пласт мед.фиксир. 5х500см н/ткан.;Фиксирующие катушки;;;;
ЦБ-00151836;Мастер Юнипор лейкопластырь н/ткан. мед.фиксир. 2х500см;Фиксирующие катушки;;;;
ЦБ-00139186;Мастер Юнипор лейкопластырь н/ткан. мед.фиксир. 4х500см;Фиксирующие катушки;;;;
ЦБ-00155741;Матис очки а/фары;Очки готовые;;;;
ЦБ-00136351;Матоласт бинт эласт. фикс. мед. 6смх2м;Бинты самофиксирующие;;;;
ЦБ-00149671;Матоласт бинт эласт. фикс. мед. б/застежки 15смх2м;Бинты самофиксирующие;;;;
ЦБ-00142792;Матопат бинт марлевый стер. (7мх14см);Бинты;;;;
ЦБ-00148964;Матопат матокомп салефетки стерил. 10х10см 12 слоев 17 нитей №5;Салфетки стерильные;;;;
ЦБ-00131450;Матопат матокомп салефетки стерил. 10х10см 16 слоев 17 нитей №100;Салфетки стерильные;;;;
ЦБ-00131364;Матопат матокомп салефетки стерил. 10х10см 8 слоев 17 нитей №100;Салфетки стерильные;;;;
ЦБ-00140055;Матопат матокомп салефетки стерил. 10х10см 8 слоев 17 нитей №3;Салфетки стерильные;;;;
ЦБ-00131401;Матопат матокомп салефетки стерил. 10х10см 8 слоев 17 нитей №5;Салфетки стерильные;;;;
ЦБ-00131377;Матопат матокомп салефетки стерил. 10х20см 16 слоев 17 нитей №3;Салфетки стерильные;;;;
ЦБ-00131423;Матопат матокомп салефетки стерил. 10х20см 8 слоев 17 нитей №3;Салфетки стерильные;;;;
ЦБ-00131296;Матопат матокомп салефетки стерил. 5х5см 12 слоев 17 нитей №5;Салфетки стерильные;;;;
ЦБ-00140054;Матопат матокомп салефетки стерил. 5х5см 16 слоев 17 нитей №100;Салфетки стерильные;;;;
ЦБ-00131601;Матопат матокомп салефетки стерил. 5х5см 8 слоев 17 нитей №100;Салфетки стерильные;;;;
ЦБ-00140056;Матопат матокомп салефетки стерил. 5х5см 8 слоев 17 нитей №5;Салфетки стерильные;;;;
ЦБ-00131304;Матопат матокомп салефетки стерил. 7,5х7,5см 12 слоев 17 нитей №5;Салфетки стерильные;;;;
ЦБ-00131391;Матопат матокомп салефетки стерил. 7,5х7,5см 16 слоев 17 нитей №100;Салфетки стерильные;;;;
ЦБ-00130606;Матопат матокомп салефетки стерил. 7,5х7,5см 16 слоев 17 нитей №3;Салфетки стерильные;;;;
ЦБ-00130607;Матопат матокомп салефетки стерил. 7,5х7,5см 16 слоев 17 нитей №5;Салфетки стерильные;;;;
ЦБ-00131343;Матопат матокомп салефетки стерил. 7,5х7,5см 8 слоев 17 нитей №100;Салфетки стерильные;;;;
ЦБ-00140057;Матопат матокомп салефетки стерил. 7,5х7,5см 8 слоев 17 нитей №3;Салфетки стерильные;;;;
ЦБ-00131284;Матопат матокомп салефетки стерил. 7,5х7,5см 8 слоев 17 нитей №5;Салфетки стерильные;;;;
ЦБ-00164916;Матопат Матостреч бинт эласт. мед. фиксирующий (8см х2м) б/застежки №1;Бинты самофиксирующие;;;;
ЦБ-00144202;Матопат Матофикс бинт эласт. фикс. когезивный 10см*4м;Бинты самофиксирующие;;;;
ЦБ-00147416;Матопат Матофикс бинт эласт. фикс. когезивный 12см*4м;Бинты самофиксирующие;;;;
ЦБ-00142827;Матопат Матофикс бинт эласт. фикс. когезивный 6см*4м;Бинты самофиксирующие;;;;
ЦБ-00142458;Матопат Матофикс бинт эласт. фикс. когезивный 8см*4м;Бинты самофиксирующие;;;;
ЦБ-00140931;Матопат Медисорб Г повязки гидрогелевая стер. 15г №5;Повязка раневая;;;;
ЦБ-00142521;Матопат Пластопор лейкопластырь фикс. неткан. катушка 2,5см*5м картон. коробка;Фиксирующие катушки;;;;
00-00020931;Матопат Пластырь Transparent (прозрачный) №20;Бактерицидный;;;;
ЦБ-00122822;Матопат пластырь детский хеппи №12;Бактерицидный;;;;
ЦБ-00037805;Матопат Пластырь Классик №12;Бактерицидный;;;;
ЦБ-00060639;Матопат Пластырь Комфорт №12;Бактерицидный;;;;
ЦБ-00032118;Матопат Пластырь мед. Спешл №12;Бактерицидный;;;;
ЦБ-00025696;Матопат Пластырь Универсал №20;Бактерицидный;;;;
ЦБ-00133899;Матопат пластырь универсальный 19х76мм №10;Бактерицидный;;;;
ЦБ-00123016;Матопат пластырь Универсальный 19х76мм №20;Бактерицидный;;;;
00-00020929;Матопат Пластырь Фэмили №17;Бактерицидный;;;;
ЦБ-00108868;Матопат Повязка Фиксопор S 10 см х 8 cм №50;Повязка раневая;;;;
ЦБ-00117190;Матопат Повязка Фиксопор S 10см х 20cм №50;Повязка раневая;;;;
ЦБ-00121133;Матопат Повязка Фиксопор S 10см х 25cм №25;Повязка раневая;;;;
ЦБ-00123630;Матопат Салфетки марлевые нестер. 12сл. 17 нитей 5х5см №100;Салфетки стерильные;;;;
ЦБ-00153998;Матопат салфетки марлевые стер. 8сл. 17 нитей 10х10см №5;Салфетки стерильные;;;;
ЦБ-00129588;Матопат салфетки марлевые стер. 8сл. 17 нитей 5х5см №3;Салфетки стерильные;;;;
ЦБ-00129589;Матопат салфетки марлевые стер. 8сл. 17 нитей 7,5х7,5см №2;Салфетки стерильные;;;;
ЦБ-00144142;Матопат Тубула бинт трубчатый ортопед. 10см*20м;Бинты самофиксирующие;;;;
ЦБ-00131354;Матопат Фиксовис пластырь тканевой с впитывающей повязкой 6см*1м №1;Повязка раневая;;;;
ЦБ-00124386;Матософт прокладка под гипсовые повязки 15*300см №12;Салфетки стерильные;;;;
ЦБ-00147793;Матософт прокладка под гипсовые повязки 20*300см №12;Салфетки стерильные;;;;
ЦБ-00127484;Матострейч бинт эласт. фикс. 15см*2м б/застежки;Бинты самофиксирующие;;;;
ЦБ-00077964;Матострейч бинт эласт. фикс. 6см*2м с застежкой;Бинты самофиксирующие;;;;
ЦБ-00159098;Матострейч бинт эласт. фикс. с застежкой 15см*2м;Бинты самофиксирующие;;;;
ЦБ-00122148;Матострейч бинт эластичный фиксирующий с застежкой 8см х 2м;Бинты самофиксирующие;;;;
ЦБ-00039740;Маточное молочко с вит. В6 капс. №40;Поливитамины;;;;
ЦБ-00039501;Маточное молочко с витамином В6 таб. №28;Поливитамины;;;;
ЦБ-00168256;Маточное молочко-экко плюс таб. №60;Поливитамины;;;;
ЦБ-00177870;Матсуда очки д/работы на комп. 2589;Очки готовые;;;;
ЦБ-00009857;Мафусол р-р д/инф. 400мл №12;Инъекционные и инфузионные р-ры;;;;
ЦБ-00038967;Мафусол р-р д/инф. 500мл №1;Инъекционные и инфузионные р-ры;;;;
ЦБ-00152962;Маша и медведь аскорбиновая к-та с сах. со вкусом клубники №10;Витамин С;;;;
ЦБ-00183169;Мегаспермин Мака капс. №90;Ср-ва при эректильной дисфункции, влияющие на либидо;;;;
ЦБ-00009918;Мегатон 2080 таб.№6;Ср-ва при эректильной дисфункции, влияющие на либидо;;;;
ЦБ-00170002;Мед Эксперт пластырь бактерицид. универ. с серебром 1,9х7,2см №20;Бактерицидный;;;;
ЦБ-00187153;Мед Эксперт пластырь бактерицид. универ. с серебром детск. №20;Бактерицидный;;;;
ЦБ-00168459;Мед Эксперт повязка пластырного типа бактерицидная 10х9см №10;Повязка раневая;;;;
ЦБ-00168460;Мед Эксперт повязка пластырного типа бактерицидная 8х6см №10;Повязка раневая;;;;
ЦБ-00168618;Мед Эксперт повязка пластырного типа с суперадсорбентом стер. 10х9см №10;Повязка раневая;;;;
ЦБ-00168843;Мед Эксперт повязка пластырного типа с суперадсорбентом стер. 20х10см №10;Повязка раневая;;;;
ЦБ-00168528;Мед Эксперт повязка пластырного типа с суперадсорбентом стер. 8х6см №10;Повязка раневая;;;;
ЦБ-00036379;МЕДИВИТАН 4МЛ N8 АМП+1МЛ N8 АМП Р-Р В/В В/М;Препараты группы В, нейропротекторы;;;;
ЦБ-00147701;Медикомп Дрейн салфетки стерил. неткан. 10*10см №50;Салфетки стерильные;;;;
ЦБ-00127822;Медикомп салфетки стерил. неткан. 10*10см №50;Салфетки стерильные;;;;
ЦБ-00131876;Медикомп салфетки стерил. неткан. 10*20см №25 №2;Салфетки стерильные;;;;
ЦБ-00126809;Медикомп салфетки стерил. неткан. 5*5см №50;Салфетки стерильные;;;;
ЦБ-00124496;Медикомп салфетки стерил. неткан. 7.5х7.5 №50;Салфетки стерильные;;;;
ЦБ-00129509;Медисорб повязка атравматич. сорбирующая 15*15см №10;Повязка раневая;;;;
ЦБ-00191823;Медкрафт Магния Хелат/Вит. В6 капс. №120;Препараты магния;;;;
ЦБ-00148961;Медхелп лейкопластырь фикс. шелковая основа 1,25*500см;Фиксирующие катушки;;;;
ЦБ-00150904;Медхелп лейкопластырь фикс. шелковая основа 2,5*500см;Фиксирующие катушки;;;;
ЦБ-00147700;Медхелп пластырь бактерицид. с антисептиком неткан. осн. 1,9*7,2см №1;Бактерицидный;;;;
ЦБ-00147540;Медхелп пластырь бактерицид. универсальный влагостойкий №20;Бактерицидный;;;;
ЦБ-00147699;Медхелп пластырь бактерицид. универсальный текстильный №16;Бактерицидный;;;;
ЦБ-00152718;Медхелп шприц 3-х копм. 3мл с иглой 23G (0.6*32 мм) №10;Шприцы;;;;
РТ-00013547;Меллева таб. п/о №21;Пероральные контрацептивы;;;;
ЦБ-00034536;Менопур лиоф. д/приг. р-ра д/ин. фл. х1;Инъекционные и инфузионные р-ры;;;;
ЦБ-00039922;Мепенем пор. д/ин. 1г фл. №1;Антибактериальные средства инъекционные р-ры;;;;
ЦБ-00192117;Меронекса пор. д/приг. р-ра в/в введ. 1000мг №1;Антибактериальные средства инъекционные р-ры;;;;
ЦБ-00071671;Меронем пор. д/пригот. р-ра для в/в 0,5г фл. №10;Антибактериальные средства инъекционные р-ры;;;;
ЦБ-00049507;Меронем пор. д/р-ра в/в 1000мг №10;Антибактериальные средства инъекционные р-ры;;;;
ЦБ-00024819;МЕРОНЕМ ПОР.ЛИОФ.Д/ИН. В/В ФЛАК. 1Г N10;Антибактериальные средства инъекционные р-ры;;;;
ЦБ-00152933;Меронем® пор. д/приг р-ра д/в-в введ. 1г №10;Антибактериальные средства инъекционные р-ры;;;;
ЦБ-00016614;Меропенем Джодас пор. д/ин в/в 1.0 фл. №1;Антибактериальные средства инъекционные р-ры;;;;
ЦБ-00083242;Меропенем пор. д/ин в/в 1,0 №1;Антибактериальные средства инъекционные р-ры;;;;
ЦБ-00110448;Меропенем пор. д/ин в/в 1,0 №1 Рафарма;Антибактериальные средства инъекционные р-ры;;;;
РТ-00009806;Меропенем пор. д/ин в/в 1,0 фл. №1;Антибактериальные средства инъекционные р-ры;;;;
ЦБ-00127017;Меропенем пор. д/ин в/в 1,0 фл. №1;Антибактериальные средства инъекционные р-ры;;;;
ЦБ-00128088;Меропенем пор. д/ин в/в 1,0 фл. №1;Антибактериальные средства инъекционные р-ры;;;;
ЦБ-00149201;Меропенем пор. д/ин в/в 1,0 фл. №10;Антибактериальные средства инъекционные р-ры;;;;
РТ-00010446;Меропенем пор. д/ин в/в 1.0 фл. №1;Антибактериальные средства инъекционные р-ры;;;;
ЦБ-00159612;Меропенем пор. д/ин в/в 1000мг №1;Антибактериальные средства инъекционные р-ры;;;;
ЦБ-00151327;Меропенем пор. д/ин в/в 1г №1;Антибактериальные средства инъекционные р-ры;;;;
ЦБ-00115489;Меропенем пор. д/ин в/в 500мг №1;Антибактериальные средства инъекционные р-ры;;;;
РТ-00014208;Меропенем пор. д/ин в/в 500мг фл. №1;Антибактериальные средства инъекционные р-ры;;;;
ЦБ-00142782;Меропенем пор. д/ин в/в 500мг фл. №1;Антибактериальные средства инъекционные р-ры;;;;
ЦБ-00159616;Меропенем пор. д/пригот. р-ра д/в/в введ. 1000мг №1;Антибактериальные средства инъекционные р-ры;;;;
РТ-00004301;Меропенем-Виал пор. д/ин в/в 1.0 фл. №1;Антибактериальные средства инъекционные р-ры;;;;
ЦБ-00098717;Меропенем-ЛЕКСВМ пор. д/р-ра в/в 1г №1;Антибактериальные средства инъекционные р-ры;;;;
ЦБ-00002566;Мерсилон таб. №21;Пероральные контрацептивы;;;;
ЦБ-00180804;Метаджой Л-таурин капс. №60;Витамины д/сердечно-сосудистой системы;;;;
ЦБ-00178983;Метаджой Магний+В6 капс. №60;Препараты магния;;;;
ЦБ-00189001;Метаджой Мульти Флекс таб/капс. 44 порц.;Поливитамины;;;;
ЦБ-00179565;Метилкобаламин Витамин В12 - 4,5мг таб. №90;Препараты группы В, нейропротекторы;;;;
ЦБ-00172722;Метилпреднизолон лиоф. д/приг. р-ра д/в/в и в/м введ. 250мг амп.+р-тель 4мл №1;Инъекционные и инфузионные р-ры;;;;
ЦБ-00025926;МЕТИЛЭРГОБРЕВИН Р-Р 0.2 МГ\МЛ №50;Инъекционные и инфузионные р-ры;;;;
ЦБ-00119242;Метровагин суп. ваг. 500мг №10;Гинекологические п/воспалительные ср-ва наружные;;;;
ЦБ-00002602;Метрогил гель ваг. 10мг/гр 30г  (апликатор);Гинекологические п/воспалительные ср-ва наружные;;;;
ЦБ-00038724;Метрогил Плюс гель ваг. 10мг/гр 50г  (апликатор);Гинекологические п/воспалительные ср-ва наружные;;;;
РТ-00007829;Метрогил Плюс гель ваг. 10мг/гр 50г №10  (апликатор);Гинекологические п/воспалительные ср-ва наружные;;;;
ЦБ-00002604;Метрогил р-р д/инф. 5мг/мл 100мл №1;Антибактериальные средства инъекционные р-ры;;;;
ЦБ-00002605;Метромикон Нео супп. ваг. 500мг+100мг №14;Гинекологические п/воспалительные ср-ва наружные;;;;
ЦБ-00033392;Метронидазол гель вагин. 1% 30г;Гинекологические п/воспалительные ср-ва наружные;;;;
58070;Метронидазол р-р д/инф  5 мг/мл 100мл №1 (для ЛПУ);Антибактериальные средства инъекционные р-ры;;;;
ЦБ-00079939;Метронидазол р-р д/инф. 0,5% 100мл №1;Антибактериальные средства инъекционные р-ры;;;;
ЦБ-00002607;Метронидазол р-р д/инф. 0.5% 100мл №1;Антибактериальные средства инъекционные р-ры;;;;
ЦБ-00015310;Метронидазол р-р д/инф. 0.5% 100мл №1;Антибактериальные средства инъекционные р-ры;;;;
РТ-00010914;Метронидазол р-р д/инф. 0.5% 100мл №1;Антибактериальные средства инъекционные р-ры;;;;
ЦБ-00030067;Метронидазол р-р д/инф. 0.5% 100мл №48;Антибактериальные средства инъекционные р-ры;;;;
ЦБ-00170947;Метронидазол р-р д/инф. 5 мг/мл 100мл №44 (для ЛПУ);Антибактериальные средства инъекционные р-ры;;;;
63800;Метронидазол р-р д/инф. 5мг/мл 100мл;Антибактериальные средства инъекционные р-ры;;;;
ЦБ-00169215;Метронидазол р-р д/инф. 5мг/мл 100мл №10 (для ЛПУ);Антибактериальные средства инъекционные р-ры;;;;
РТ-00001055;Метронидазол суп. ваг. 500мг №10;Гинекологические п/воспалительные ср-ва наружные;;;;
ЦБ-00035501;Метронидазол суп. ваг. 500мг №10;Гинекологические п/воспалительные ср-ва наружные;;;;
ЦБ-00015309;Метронидазол-АКОС р-р д/инф. 0.5% 100мл;Антибактериальные средства инъекционные р-ры;;;;
ЦБ-00172603;Метронидазол-Эдвансд р-р д/инф. 5мг/мл 100мл;Антибактериальные средства инъекционные р-ры;;;;
ЦБ-00145075;Мивела Mg++ вода мин. слабогаз. 1л;Минеральная вода;;;;
ЦБ-00002621;Мидиана таб. п.о №21;Пероральные контрацептивы;;;;
ЦБ-00018475;Мидиана таб. п/о №63;Пероральные контрацептивы;;;;
ЦБ-00195063;Микафуцид лиоф. д/приг. р-ра д/инф. 100мг №1;Инъекционные и инфузионные р-ры;;;;
ЦБ-00002643;Микрогинон др. №21;Пероральные контрацептивы;;;;
РТ-00010464;Микрогинон таб. №21;Пероральные контрацептивы;;;;
ЦБ-00010006;Милайф таб. №30;Поливитамины;;;;
ЦБ-00031719;Милона-14 для поддержки почек таб. 500мг №100;Уроантисептики;;;;
ЦБ-00002652;Мильгамма композитум др. №30;Препараты группы В, нейропротекторы;;;;
ЦБ-00002653;Мильгамма композитум др. №60;Препараты группы В, нейропротекторы;;;;
ЦБ-00010008;Мильгамма композитум др. №60  (+уп N30 подарок);Препараты группы В, нейропротекторы;;;;
РТ-00008134;Мильгамма композитум таб. №30;Препараты группы В, нейропротекторы;;;;
РТ-00008135;Мильгамма композитум таб. №60;Препараты группы В, нейропротекторы;;;;
РТ-00008011;Ми-ми-мишки Интенсив Витамин С пастилки жеват. пектиновые Апельсин №90;Витамин С;;;;
ЦБ-00175320;Ми-ми-мишки карамель петушок цинк/вит.С клубника 17г;Драже, леденцы;;;;
ЦБ-00175321;Ми-ми-мишки карамель петушок цинк/вит.С малина/ежевика 17г;Драже, леденцы;;;;
ЦБ-00171863;Ми-ми-мишки Народный гематоген витаминизированный 3+ 40г;Гематоген;;;;
ЦБ-00170864;Ми-ми-мишки Русский гематоген с кедровым орехом в глазури 40г;Гематоген;;;;
ЦБ-00170865;Ми-ми-мишки Русский гематоген с кокосом 40г;Гематоген;;;;
ЦБ-00027573;Мин.вода Кубай 0.5л б/г;Минеральная вода;;;;
ЦБ-00027575;Мин.вода Кубай 0.5л б/г (спортлок);Минеральная вода;;;;
ЦБ-00027574;Мин.вода Кубай 0.5л газ;Минеральная вода;;;;
ЦБ-00027576;Мин.вода Кубай 1.5л б/г;Минеральная вода;;;;
ЦБ-00027577;Мин.вода Кубай 1.5л газ(биба);Минеральная вода;;;;
ЦБ-00027578;Мин.вода Кубай 5л;Минеральная вода;;;;
ЦБ-00027579;Мин.вода Меркурий 1.0 газ;Минеральная вода;;;;
ЦБ-00027580;Мин.вода Меркурий-2 0.5л ПЭТ;Минеральная вода;;;;
ЦБ-00027582;Мин.вода Меркурий-2 0.5л ПЭТ сл.мин.;Минеральная вода;;;;
ЦБ-00027584;Мин.вода Меркурий-2 0.5л стекло;Минеральная вода;;;;
ЦБ-00027581;Мин.вода Меркурий-2 1.5л ПЭТ;Минеральная вода;;;;
ЦБ-00027583;Мин.вода Меркурий-2 1.5л сл.мин.;Минеральная вода;;;;
ЦБ-00185920;Миндли Дейли Вит. Д3 капс. №60;Витамин Д3;;;;
ЦБ-00187864;Миндли Дейли Магний Бисглицинат+Вит. В6 капс. №90;Препараты магния;;;;
ЦБ-00036061;Минеральная вода Куртяевская 0,6л;Минеральная вода;;;;
ЦБ-00164241;Мини доктор пастилки жеват. со вкусом яблока №30;Поливитамины;;;;
ЦБ-00127065;Мини доктор Энерджи паст. жев. №30;Поливитамины;;;;
ЦБ-00002659;Минизистон 20 Фем таб. №21;Пероральные контрацептивы;;;;
ЦБ-00036977;Минисан витамин Д3 капли д/приема внутрь10мл;Витамин Д3;;;;
РТ-00009088;Минисан Витамин Д3 таб. 20мкг №100;Витамин Д3;;;;
ЦБ-00036752;Минисан Витамин Д3 таб. жеват. 5мкг №100;Витамин Д3;;;;
ЦБ-00038306;Минтики освежающие пастилки с холодком  таб. №10 апельсин;Драже, леденцы;;;;
ЦБ-00038305;Минтики освежающие пастилки с холодком  таб. №10 лимон;Драже, леденцы;;;;
ЦБ-00038304;Минтики освежающие пастилки с холодком  таб. №10 мята;Драже, леденцы;;;;
ЦБ-00157268;Миражэль гель ваг. 90мг/доза 20г;Заместительная гормональная терапия;;;;
ЦБ-00157018;Миражэль гель ваг. 90мг/доза 50г;Заместительная гормональная терапия;;;;
РТ-00002476;Мирамистин р-р д/местн. прим. гинкол. насадка 0,01% 50мл;Гинекологические п/воспалительные ср-ва наружные;;;;
ЦБ-00161764;Мирамистин супп. ваг. 15мг №10;Гинекологические п/воспалительные ср-ва наружные;;;;
ЦБ-00164762;Миропентан капс. 100мг №90;Уроантисептики;;;;
ЦБ-00151077;Мирролла Витамин С 900 таб. шип. апельсин №20;Витамин С;;;;
РТ-00014098;Мирролла Витамин С 900 шип.порошок саше №10;Витамин С;;;;
РТ-00012940;Мирролла Магний В6 пор. саше Апельсин 5г №10;Препараты магния;;;;
ЦБ-00149814;Мирролла Магний В6 р-р д/приема внутрь вишня 100мл;Препараты магния;;;;
ЦБ-00150867;Мирролла Ниацин В3 таб. №40;Препараты группы В, нейропротекторы;;;;
ЦБ-00147854;МицелВит мицеллированный вит. Д3 400МЕ дет. 30мл;Витамин Д3;;;;
ЦБ-00158560;Мицелированный витамин Д3 1000МЕ жидк. фл. 15мл №1;Витамин Д3;;;;
РТ-00012811;Мицеллированные витамины АДЕК капс. №30;Поливитамины;;;;
ЦБ-00120878;Мицеллированные витамины АДЕК капс. №60;Поливитамины;;;;
ЦБ-00156109;Мичойз Биотин Нутришион капс. №90;Поливитамины;;;;
ЦБ-00156114;Мичойз витамин С 500мг капс. №60;Витамин С;;;;
ЦБ-00155243;Мичойз витаминный комплекс кальций К2 Д3 магний цинк таб. №90;Поливитамины;;;;
ЦБ-00155934;Мичойз магний капс. №90;Препараты магния;;;;
РТ-00001531;Модэлль Либера таб. п/о 0,1+0,02+0,01мг №91;Пероральные контрацептивы;;;;
ЦБ-00035201;Модэлль Мам 0,075мг № 28;Пероральные контрацептивы;;;;
ЦБ-00035785;Модэлль Мам таб. п/о 0,075мг №28;Пероральные контрацептивы;;;;
РТ-00000511;Модэлль Мам таб. п/о 0,075мг №84;Пероральные контрацептивы;;;;
ЦБ-00035209;Модэлль Про 3+0,03мг №21;Пероральные контрацептивы;;;;
ЦБ-00035786;Модэлль Про таб. п/о 3+0,03мг №21;Пероральные контрацептивы;;;;
РТ-00002217;Модэлль Про таб. п/о 3+0,03мг №63;Пероральные контрацептивы;;;;
ЦБ-00035203;Модэлль Пьюр 2+0,035мг №21;Пероральные контрацептивы;;;;
ЦБ-00035787;Модэлль Пьюр таб. п/о 2+0,035мг №21;Пероральные контрацептивы;;;;
РТ-00000928;Модэлль Пьюр таб. п/о 2+0,035мг №63;Пероральные контрацептивы;;;;
ЦБ-00035218;Модэлль Тренд 3+0,02мг №28;Пероральные контрацептивы;;;;
ЦБ-00035788;Модэлль Тренд таб. п/о 3+0,02мг №28;Пероральные контрацептивы;;;;
РТ-00000616;Модэлль Тренд таб. п/о 3+0,02мг №84;Пероральные контрацептивы;;;;
ЦБ-00123897;Моксифлоксацин р-р д/инф. 1,6 мг/мл 250 мл №1 Биохимик;Антибактериальные средства инъекционные р-ры;;;;
ЦБ-00147014;Моксифлоксацин р-р д/инф. 1,6мг/мл 250мл контейнер  №1 Красфарма;Антибактериальные средства инъекционные р-ры;;;;
РТ-00009022;Моксифлоксацин р-р д/инф. 1.6 мг/мл 250мл;Антибактериальные средства инъекционные р-ры;;;;
ЦБ-00034364;Моликсан р-р д/ин. 30мг/мл амп.2мл №5;Инъекционные и инфузионные р-ры;;;;
ЦБ-00165547;Молот Тора капсулы д/потенции №14;Ср-ва при эректильной дисфункции, влияющие на либидо;;;;
ЦБ-00032779;Монастырский Даниловский бальзам 250мл;Поливитамины;;;;
ЦБ-00021162;МОНДАНО ОЧКИ Д/ЖЕН.+ФУТЛ.2600896;Очки готовые;;;;
ЦБ-00023781;МОНДАНО ОЧКИ Д/ЧТ ЖЕН ЦВЕТ ПР 2600750 +1;Очки готовые;;;;
ЦБ-00024991;МОНДАНО ОЧКИ Д/ЧТ ЖЕН ЦВЕТ ПР 2600750 +1;Очки готовые;;;;
ЦБ-00026419;МОНДАНО ОЧКИ Д/ЧТ ЖЕН Ч/Б СТ 2600726+1.5;Очки готовые;;;;
ЦБ-00021136;МОНДАНО ОЧКИ Д/ЧТ ЖЕН Ч/Б СТР 2600725+1;Очки готовые;;;;
ЦБ-00023758;МОНДАНО ОЧКИ Д/ЧТ ЖЕН Ч/Б СТР 2600725+1;Очки готовые;;;;
ЦБ-00024998;МОНДАНО ОЧКИ Д/ЧТ ЖЕН Ч/Б СТР 2600729 +3;Очки готовые;;;;
ЦБ-00021529;МОНДАНО ОЧКИ Д/ЧТ ЖЕН Ч/Б СТР 2601219+1;Очки готовые;;;;
ЦБ-00023665;МОНДАНО ОЧКИ Д/ЧТ ЖЕН Ч/Б СТР 2601219+1;Очки готовые;;;;
ЦБ-00026400;МОНДАНО ОЧКИ Д/ЧТ МУЖ КОР 2600686  +1.5;Очки готовые;;;;
ЦБ-00026401;МОНДАНО ОЧКИ Д/ЧТ МУЖ КОР/Б 2600734+3;Очки готовые;;;;
ЦБ-00021099;МОНДАНО ОЧКИ Д/ЧТ МУЖ КОР/БЕЖ 2600730 +1;Очки готовые;;;;
ЦБ-00023666;МОНДАНО ОЧКИ Д/ЧТ МУЖ КОР/БЕЖ 2600730 +1;Очки готовые;;;;
ЦБ-00021146;МОНДАНО ОЧКИ Д/ЧТ МУЖ СЕРЕБ 2600748 +2.5;Очки готовые;;;;
ЦБ-00021100;МОНДАНО ОЧКИ Д/ЧТЕН МУЖ КОРИЧ 2600685 +1;Очки готовые;;;;
ЦБ-00023667;МОНДАНО ОЧКИ Д/ЧТЕН МУЖ КОРИЧ 2600685 +1;Очки готовые;;;;
ЦБ-00021138;МОНДАНО ОЧКИ Д/ЧТЕН МУЖ СЕРЕБ 2600745 +1;Очки готовые;;;;
ЦБ-00023921;МОНДАНО ОЧКИ ЖЕН.+ФУТЛ. 2600772;Очки готовые;;;;
ЦБ-00023927;МОНДАНО ОЧКИ ЖЕН.+ФУТЛ. 2600773;Очки готовые;;;;
ЦБ-00023920;МОНДАНО ОЧКИ ЖЕН.+ФУТЛ.2600774;Очки готовые;;;;
ЦБ-00023890;МОНДАНО ОЧКИ ЖЕН.+ФУТЛ.2600882;Очки готовые;;;;
ЦБ-00023876;МОНДАНО ОЧКИ ЧТ ЖЕН КОР ЛЕОП 2601215+1.5;Очки готовые;;;;
ЦБ-00169631;Мономицин пор. д/р-ра д/приема внутрь 3г;Инфекции мочевого пузыря и почек;;;;
ЦБ-00179034;Монте-вит витаминно-мин. комплекс А-Zn Премиум таб. №30;Поливитамины;;;;
ЦБ-00164289;Монте-вит витаминно-мин. комплекс А-Zn таб. №60;Поливитамины;;;;
ЦБ-00147352;Монте-вит Премиум витаминно-мин. комплекс А-Zn таб. №60;Поливитамины;;;;
ЦБ-00010083;Монурал гран.раств. 2г №1;Инфекции мочевого пузыря и почек;;;;
ЦБ-00010084;Монурал гран.раств. 3г №1;Инфекции мочевого пузыря и почек;;;;
РТ-00001982;Монурал гран.раств. 3г №2;Инфекции мочевого пузыря и почек;;;;
ЦБ-00002686;Монурель превицист таб. 920мг №30;Уроантисептики;;;;
ЦБ-00010085;Монурель превицист таб. 920мг №30;Уроантисептики;;;;
ЦБ-00167378;Монусфоцин пор. д/приг. р-ра д/приема внутрь 3г;Инфекции мочевого пузыря и почек;;;;
ЦБ-00147581;Монуфрон капс. №45;Уроантисептики;;;;
РТ-00003293;Мориамин Форте аминокислотный комплекс с вит. С капс. №100;Поливитамины;;;;
РТ-00002994;Мориамин Форте аминокислотный комплекс с вит. С капс. №30;Поливитамины;;;;
ЦБ-00008108;Морской Кальций Магний Цинк Селен таб. №100;Поливитамины;;;;
ЦБ-00172768;МОСТ 2064 очки готовые (-2,00);Очки готовые;;;;
ЦБ-00188373;Мост очки арт.2119 (+1,75);Очки готовые;;;;
ЦБ-00188374;Мост очки арт.3165 (+1,75);Очки готовые;;;;
ЦБ-00193205;Мост очки готовые 2028 (+1,50);Очки готовые;;;;
ЦБ-00173637;Мост очки готовые 2028 (+2,00);Очки готовые;;;;
ЦБ-00193206;Мост очки готовые 2028 (+2,25);Очки готовые;;;;
ЦБ-00193207;Мост очки готовые 2028 (+2,50);Очки готовые;;;;
ЦБ-00193208;Мост очки готовые 2028 (+3,00);Очки готовые;;;;
ЦБ-00176578;Мост очки готовые 2028 (+3,5);Очки готовые;;;;
ЦБ-00173645;Мост очки готовые 2028 (+4,00);Очки готовые;;;;
ЦБ-00173631;Мост очки готовые 2039 (+0,75);Очки готовые;;;;
ЦБ-00176563;Мост очки готовые 2039 (+1,25);Очки готовые;;;;
ЦБ-00176564;Мост очки готовые 2039 (+1,75);Очки готовые;;;;
ЦБ-00176565;Мост очки готовые 2039 (+2,5);Очки готовые;;;;
ЦБ-00173642;Мост очки готовые 2039 (+3,25);Очки готовые;;;;
ЦБ-00176560;Мост очки готовые 2039 (-1,0);Очки готовые;;;;
ЦБ-00176561;Мост очки готовые 2039 (-1,5);Очки готовые;;;;
ЦБ-00176562;Мост очки готовые 2039 (-2,0);Очки готовые;;;;
ЦБ-00176574;Мост очки готовые 2039 (-2,0);Очки готовые;;;;
ЦБ-00176575;Мост очки готовые 2115 (+1,0);Очки готовые;;;;
ЦБ-00176576;Мост очки готовые 2115 (+1,5);Очки готовые;;;;
ЦБ-00176577;Мост очки готовые 2115 (+2,0);Очки готовые;;;;
ЦБ-00181407;Мост очки готовые 2743 (+2,00);Очки готовые;;;;
ЦБ-00173630;Мост очки готовые 2767 (-2,50);Очки готовые;;;;
ЦБ-00181404;Мост очки готовые 2786 (-1,00);Очки готовые;;;;
ЦБ-00181405;Мост очки готовые 2786 (-4,00);Очки готовые;;;;
ЦБ-00173632;Мост очки готовые 6007 (+1,00);Очки готовые;;;;
ЦБ-00173633;Мост очки готовые 6007 (+1,25);Очки готовые;;;;
ЦБ-00173634;Мост очки готовые 6007 (+1,50);Очки готовые;;;;
ЦБ-00173635;Мост очки готовые 6007 (+1,75);Очки готовые;;;;
ЦБ-00173636;Мост очки готовые 6007 (+2,00);Очки готовые;;;;
ЦБ-00173638;Мост очки готовые 6007 (+2,25);Очки готовые;;;;
ЦБ-00173639;Мост очки готовые 6007 (+2,50);Очки готовые;;;;
ЦБ-00173640;Мост очки готовые 6007 (+2,75);Очки готовые;;;;
ЦБ-00173641;Мост очки готовые 6007 (+3,00);Очки готовые;;;;
ЦБ-00173643;Мост очки готовые 6007 (+3,50);Очки готовые;;;;
ЦБ-00173644;Мост очки готовые 6007 (+3,75);Очки готовые;;;;
ЦБ-00174944;Мост очки готовые 6008 (+1,50);Очки готовые;;;;
ЦБ-00181406;Мост очки готовые 9029 (+1,50);Очки готовые;;;;
ЦБ-00188368;Мост очки готовые арт. 2826 (+1,5);Очки готовые;;;;
РТ-00001391;Мотя Вода питьевая детская не/газ 5л;Минеральная вода;;;;
ЦБ-00176515;Моя стихия вода минеральная столовая 0,33л негаз;Минеральная вода;;;;
ЦБ-00176531;Моя стихия вода минеральная столовая 0,5л газ;Минеральная вода;;;;
ЦБ-00177073;Моя стихия вода минеральная столовая 0,5л негаз;Минеральная вода;;;;
ЦБ-00178766;Моя стихия вода минеральная столовая 1,5л газ;Минеральная вода;;;;
ЦБ-00176909;Моя стихия вода минеральная столовая 1,5л негаз;Минеральная вода;;;;
ЦБ-00178565;Моя стихия вода минеральная столовая 1л газ;Минеральная вода;;;;
ЦБ-00176479;Моя стихия вода минеральная столовая 1л негаз;Минеральная вода;;;;
ЦБ-00146905;МТАБИ вода минеральная 1,25л ПЭТ;Минеральная вода;;;;
ЦБ-00146904;МТАБИ вода минеральная 500мл ПЭТ;Минеральная вода;;;;
ЦБ-00146518;МТАБИ вода минеральная 500мл стекло;Минеральная вода;;;;
ЦБ-00184479;Мульти В-компл. д/нервн. сист./волос/ногтей таб. №60;Поливитамины;;;;
ЦБ-00010157;Мультивита Магний таб. шип. б/сахара №20;Препараты магния;;;;
ЦБ-00034143;Мультивита Плюс таб. шип. Апельсин б/сахара №20;Поливитамины;;;;
ЦБ-00035703;Мультивита Плюс таб. шип. Апельсин б/сахара №20;Поливитамины;;;;
ЦБ-00034142;Мультивита Плюс таб. шип. Лимон б/сахара №20;Поливитамины;;;;
ЦБ-00028705;Мультивита Плюс таб. шип. Лимон б/сахара №20;Поливитамины;;;;
ЦБ-00163115;Мультивитамин + Д3 таб. шип. №20;Поливитамины;;;;
РТ-00007717;Мультивитамин группы В капс 400мг №40;Препараты группы В, нейропротекторы;;;;
ЦБ-00185465;Мультивитамин. компл. д/жен. 50+ капс. №60;Поливитамины;;;;
ЦБ-00149728;Мультивитамины 12+9 капс. №60;Поливитамины;;;;
ЦБ-00180919;Мультивитамины д/жен. таб. №60;Поливитамины;;;;
ЦБ-00182431;Мультивитамины д/муж. таб. №60;Поливитамины;;;;
РТ-00014654;Мультивитамины мармеладные ягоды пастилки жеват. №30;Поливитамины;;;;
ЦБ-00151549;Мультивитамины от А до цинка Эвалар таб. шип. №15;Поливитамины;;;;
ЦБ-00166348;Мультивитамины таб. шип. №17;Поливитамины;;;;
РТ-00004566;Мультивитамины Эвалар пор. саше 6г №10;Поливитамины;;;;
ЦБ-00123534;Мультивитамины Эвалар таб.шип.№20;Поливитамины;;;;
ЦБ-00015252;Мультивитамол Раствор д/приема внутрь 200мл;Поливитамины;;;;
ЦБ-00020199;Мультимакс таб. п/о №30;Поливитамины;;;;
ЦБ-00016782;Мультимакс таб. п/о №60;Поливитамины;;;;
ЦБ-00158924;Мультипласт лейкопл. эластичные телесные №20;Бактерицидный;;;;
ЦБ-00019950;Мультипласт лейкопластырь бактерицид. влагостойкий №20;Бактерицидный;;;;
ЦБ-00002699;Мульти-табс Актив таб. п/о №30;Поливитамины;;;;
ЦБ-00002700;Мульти-табс Актив таб. п/о №60;Поливитамины;;;;
ЦБ-00016781;Мульти-табс В-комплекс таб. п/о №100;Препараты группы В, нейропротекторы;;;;
ЦБ-00025932;Мульти-табс В-комплекс таб. п/о №60;Препараты группы В, нейропротекторы;;;;
ЦБ-00002702;Мульти-табс Интенсив таб. №30;Поливитамины;;;;
ЦБ-00002703;Мульти-табс Интенсив таб. №60;Поливитамины;;;;
РТ-00004344;Мульти-табс Классик Плюс таб. п/о №30;Поливитамины;;;;
РТ-00004345;Мульти-табс Классик Плюс таб. п/о №90;Поливитамины;;;;
ЦБ-00002704;Мульти-табс Классик таб. п/о №30;Поливитамины;;;;
ЦБ-00002705;Мульти-табс Классик таб. п/о №90;Поливитамины;;;;
ЦБ-00021796;Мульти-табс Менеджер таб. №30;Поливитамины;;;;
ЦБ-00002707;Мульти-табс Сенситив таб. №30;Поливитамины;;;;
ЦБ-00010176;Мультифорт кардио таб. шип. №14;Витамины д/сердечно-сосудистой системы;;;;
ЦБ-00002713;Мультифорт таб. шип. №14;Поливитамины;;;;
ЦБ-00180547;Мультифорте АЕ витамины капс. №30;Поливитамины;;;;
ЦБ-00169709;Мультифорте АЕ витамины форте капс. №30;Поливитамины;;;;
ЦБ-00180737;Мультифорте вит. Д3 паст. жев. барбарис №60;Витамин Д3;;;;
ЦБ-00163653;Мультифорте вит. Д3 таб. 600МЕ №50;Витамин Д3;;;;
ЦБ-00169746;Мультифорте Витамин Д3 2000МЕ премиум таб. №50;Витамин Д3;;;;
ЦБ-00163263;Мультифорте Кальций + Вит. Д3 + Вит. К апельсин таб. шип. №20;Поливитамины;;;;
ЦБ-00162847;Мультифорте магний + вит. В6 таб. шип. лимонный вкус №20;Препараты магния;;;;
ЦБ-00164106;Мультифорте мультивитамин таб. шип. апельсиновый вкус №20;Поливитамины;;;;
ЦБ-00174188;Мультифорте мультивитамины капс. №30;Поливитамины;;;;
ЦБ-00174441;Мультифорте мультивитамины капс. №60;Поливитамины;;;;
ЦБ-00002716;Мюстофоран пор. д/ин. 208мг №1;Антибактериальные средства инъекционные р-ры;;;;
ЦБ-00143154;Нагутская-26 вода минеральная 1,5л пэт;Минеральная вода;;;;
РТ-00009176;Найтвелл капс №20;Поливитамины;;;;
ЦБ-00124563;Нао Брейн стимулейшн таб.п/о №2;Препараты группы В, нейропротекторы;;;;
ЦБ-00031090;Направит витамины для сердца таб. №60;Витамины д/сердечно-сосудистой системы;;;;
ЦБ-00006781;Нарзан вода минеральная газ. стекло 0,5л;Минеральная вода;;;;
ЦБ-00175367;Нарзан Тавриды вода мин. лечебно-столовая газ. 0,5л;Минеральная вода;;;;
ЦБ-00144826;Нарин басико табс 150г;Поливитамины;;;;
ЦБ-00131273;Нарин витамин Д3+кальций капс. №60;Витамин Д3;;;;
ЦБ-00124625;Нарин Магний капс.№80;Препараты магния;;;;
ЦБ-00137896;Нарин можжевельник горный экстракт 500г;Уроантисептики;;;;
ЦБ-00167390;Народный гематоген с кокосом в глазури 35г;Гематоген;;;;
ЦБ-00120084;Натамицин супп. ваг. 100мг №3;Гинекологические п/воспалительные ср-ва наружные;;;;
ЦБ-00163238;Натамицин супп. ваг. 100мг №3;Гинекологические п/воспалительные ср-ва наружные;;;;
ЦБ-00145907;Натамицин супп. ваг. 100мг №5;Гинекологические п/воспалительные ср-ва наружные;;;;
ЦБ-00163543;Натамицин супп. ваг. 100мг №6;Гинекологические п/воспалительные ср-ва наружные;;;;
57916;Натрия гидрокарбонат 4% 200мл №28 (для ЛПУ);Инъекционные и инфузионные р-ры;;;;
ЦБ-00033468;Натрия гидрокарбонат 5% 200мл;Инъекционные и инфузионные р-ры;;;;
РТ-00014677;Натрия гидрокарбонат р-р д/инф. 40мг/мл 200мл №28;Инъекционные и инфузионные р-ры;;;;
ЦБ-00120281;Натрия тиосульфат амп. 300мг/мл 10мл №10 в/в Дальхимфарм (коробки картон.);Инъекционные и инфузионные р-ры;;;;
ЦБ-00194699;Натрия тиосульфат Велфарм р-р в/в 30% 10мл №10;Инъекционные и инфузионные р-ры;;;;
РТ-00008691;Натрия тиосульфат р-р в/в 30% 10мл №10;Инъекционные и инфузионные р-ры;;;;
ЦБ-00002749;Натрия тиосульфат р-р в/в 30% 10мл №10;Инъекционные и инфузионные р-ры;;;;
ЦБ-00002750;Натрия тиосульфат р-р в/в 30% 10мл №10;Инъекционные и инфузионные р-ры;;;;
ЦБ-00002751;Натрия тиосульфат р-р в/в 30% 10мл №10;Инъекционные и инфузионные р-ры;;;;
ЦБ-00037210;Натрия тиосульфат р-р в/в 30% 10мл №10;Инъекционные и инфузионные р-ры;;;;
64454;Натрия тиосульфат р-р д/в/в введ. 300мг/мл 10мл №10;Инъекционные и инфузионные р-ры;;;;
РТ-00013214;Натрия хлорид  р-р д/ин. 0.9% 10мл №10;Инъекционные и инфузионные р-ры;;;;
ЦБ-00194587;Натрия хлорид 0,9% 250мл №1;Инъекционные и инфузионные р-ры;;;;
ЦБ-00071898;Натрия хлорид Браун р-р д/инф. 0,9% 100мл;Инъекционные и инфузионные р-ры;;;;
ЦБ-00032940;Натрия хлорид Браун р-р д/инф. 0.9 % 250 мл №10 п/э бут.;Инъекционные и инфузионные р-ры;;;;
ЦБ-00071895;Натрия хлорид Браун р-р д/инф. 0.9% 1000мл (для ЛПУ);Инъекционные и инфузионные р-ры;;;;
РТ-00008531;Натрия хлорид Браун р-р д/инф. 0.9% 1000мл №10 (для ЛПУ);Инъекционные и инфузионные р-ры;;;;
ЦБ-00031541;Натрия хлорид Браун р-р д/инф. 0.9% 100мл №20;Инъекционные и инфузионные р-ры;;;;
РТ-00008658;Натрия хлорид Браун р-р д/инф. 0.9% 100мл №20 (для ЛПУ);Инъекционные и инфузионные р-ры;;;;
ЦБ-00002753;Натрия хлорид Браун р-р д/инф. 0.9% 250мл №1;Инъекционные и инфузионные р-ры;;;;
ЦБ-00002754;Натрия хлорид Браун р-р д/инф. 0.9% 500мл №1;Инъекционные и инфузионные р-ры;;;;
РТ-00001152;Натрия хлорид Браун р-р д/инф. 0.9% 500мл №10;Инъекционные и инфузионные р-ры;;;;
ЦБ-00035838;Натрия хлорид буфус р-р д/ин. 0,9% 10мл №10 Реневал;Инъекционные и инфузионные р-ры;;;;
ЦБ-00039463;Натрия хлорид буфус р-р д/ин. 0.9% 10мл №100;Инъекционные и инфузионные р-ры;;;;
ЦБ-00002755;Натрия хлорид буфус р-р д/ин. 0.9% 5мл №10 Реневал;Инъекционные и инфузионные р-ры;;;;
ЦБ-00039458;Натрия хлорид буфус р-р д/ин. 0.9% 5мл №100;Инъекционные и инфузионные р-ры;;;;
РТ-00003920;Натрия хлорид Гротекс Домус р-р д/инф. 0.9%  инд. уп. 400мл №1;Инъекционные и инфузионные р-ры;;;;
РТ-00002739;Натрия хлорид Гротекс Домус р-р д/инф. 0.9%  инд. уп. 500мл №1;Инъекционные и инфузионные р-ры;;;;
ЦБ-00030722;Натрия хлорид Гротекс р-р д/ин. 0,9% 10мл №10;Инъекционные и инфузионные р-ры;;;;
ЦБ-00035069;Натрия хлорид Гротекс р-р д/ин. 0.9% 5мл №10;Инъекционные и инфузионные р-ры;;;;
ЦБ-00036534;Натрия хлорид Гротекс р-р д/инф. 0.9% 200мл №20;Инъекционные и инфузионные р-ры;;;;
РТ-00004154;Натрия хлорид Гротекс р-р д/инф. 0.9% 250мл №20;Инъекционные и инфузионные р-ры;;;;
РТ-00004582;Натрия хлорид Гротекс р-р д/инф. 0.9% 400мл №20;Инъекционные и инфузионные р-ры;;;;
РТ-00004224;Натрия хлорид Гротекс р-р д/инф. 0.9% 500мл №10;Инъекционные и инфузионные р-ры;;;;
РТ-00004225;Натрия хлорид Гротекс р-р д/инф. 0.9% 500мл №20;Инъекционные и инфузионные р-ры;;;;
РТ-00003918;Натрия хлорид Гротекс СОЛОфарм Домус р-р д/инф. 0.9%  инд. уп. 200мл №1;Инъекционные и инфузионные р-ры;;;;
РТ-00007249;Натрия хлорид Гротекс СОЛОфарм р-р д/инф. 0.9%  инд. уп. 200мл №1;Инъекционные и инфузионные р-ры;;;;
ЦБ-00120796;Натрия хлорид Гротекс СОЛОфарм р-р д/инф. 0.9%  инд. уп. 200мл №1(для стационаров);Инъекционные и инфузионные р-ры;;;;
ЦБ-00194048;Натрия хлорид р-ль д/приг. лек. форм д/ин. 0,9% 5мл амп. №10;Инъекционные и инфузионные р-ры;;;;
ЦБ-00002772;Натрия хлорид р-р д/ин. 0,9% 10мл №10;Инъекционные и инфузионные р-ры;;;;
ЦБ-00030074;Натрия хлорид р-р д/ин. 0,9% 10мл №10;Инъекционные и инфузионные р-ры;;;;
ЦБ-00026723;Натрия хлорид р-р д/ин. 0,9% 10мл №20 Б.Браун;Инъекционные и инфузионные р-ры;;;;
ЦБ-00025692;Натрия хлорид р-р д/ин. 0,9% 20мл №20 Б.Браун;Инъекционные и инфузионные р-ры;;;;
ЦБ-00010343;Натрия хлорид р-р д/ин. 0,9% 5мл №10;Инъекционные и инфузионные р-ры;;;;
ЦБ-00035464;Натрия хлорид р-р д/ин. 0,9% 5мл №10;Инъекционные и инфузионные р-ры;;;;
ЦБ-00033298;Натрия хлорид р-р д/ин. 0,9% 5мл №20 Б.Браун;Инъекционные и инфузионные р-ры;;;;
ЦБ-00016484;Натрия хлорид р-р д/ин. 0.9% 10мл №10;Инъекционные и инфузионные р-ры;;;;
ЦБ-00002756;Натрия хлорид р-р д/ин. 0.9% 10мл №10;Инъекционные и инфузионные р-ры;;;;
ЦБ-00002757;Натрия хлорид р-р д/ин. 0.9% 10мл №10;Инъекционные и инфузионные р-ры;;;;
ЦБ-00002771;Натрия хлорид р-р д/ин. 0.9% 10мл №10;Инъекционные и инфузионные р-ры;;;;
ЦБ-00030723;Натрия хлорид р-р д/ин. 0.9% 10мл №10;Инъекционные и инфузионные р-ры;;;;
ЦБ-00015318;Натрия хлорид р-р д/ин. 0.9% 10мл №10;Инъекционные и инфузионные р-ры;;;;
ЦБ-00034278;Натрия хлорид р-р д/ин. 0.9% 10мл №10;Инъекционные и инфузионные р-ры;;;;
ЦБ-00034279;Натрия хлорид р-р д/ин. 0.9% 10мл №10;Инъекционные и инфузионные р-ры;;;;
ЦБ-00021799;Натрия хлорид р-р д/ин. 0.9% 10мл №10;Инъекционные и инфузионные р-ры;;;;
ЦБ-00002758;Натрия хлорид р-р д/ин. 0.9% 5мл №10;Инъекционные и инфузионные р-ры;;;;
ЦБ-00002773;Натрия хлорид р-р д/ин. 0.9% 5мл №10;Инъекционные и инфузионные р-ры;;;;
ЦБ-00002774;Натрия хлорид р-р д/ин. 0.9% 5мл №10;Инъекционные и инфузионные р-ры;;;;
ЦБ-00030078;Натрия хлорид р-р д/ин. 0.9% 5мл №10;Инъекционные и инфузионные р-ры;;;;
ЦБ-00039915;Натрия хлорид р-р д/ин. 0.9% 5мл №10;Инъекционные и инфузионные р-ры;;;;
РТ-00013213;Натрия хлорид р-р д/ин. 0.9% 5мл №10;Инъекционные и инфузионные р-ры;;;;
ЦБ-00040190;Натрия хлорид р-р д/ин. 0.9% 5мл №10;Инъекционные и инфузионные р-ры;;;;
ЦБ-00150868;Натрия хлорид р-р д/инф. 0,9%  200мл №1;Инъекционные и инфузионные р-ры;;;;
ЦБ-00182176;Натрия хлорид р-р д/инф. 0,9% 1000мл КП-1 №9 (для ЛПУ) Медполимер;Инъекционные и инфузионные р-ры;;;;
ЦБ-00099299;Натрия хлорид р-р д/инф. 0,9% 100мл №1;Инъекционные и инфузионные р-ры;;;;
ЦБ-00002759;Натрия хлорид р-р д/инф. 0,9% 100мл №28 бут. стекл. (для ЛПУ) Эском;Инъекционные и инфузионные р-ры;;;;
ЦБ-00166913;Натрия хлорид р-р д/инф. 0,9% 200мл №1;Инъекционные и инфузионные р-ры;;;;
ЦБ-00141177;Натрия хлорид р-р д/инф. 0,9% 200мл №30 (для ЛПУ);Инъекционные и инфузионные р-ры;;;;
ЦБ-00152956;Натрия хлорид р-р д/инф. 0,9% 200мл №32 (для ЛПУ) фл.пластик Мосфарм;Инъекционные и инфузионные р-ры;;;;
ЦБ-00187410;Натрия хлорид р-р д/инф. 0,9% 200мл КП-1 №40 (для ЛПУ) Медполимер;Инъекционные и инфузионные р-ры;;;;
ЦБ-00182250;Натрия хлорид р-р д/инф. 0,9% 250мл №1;Инъекционные и инфузионные р-ры;;;;
ЦБ-00160645;Натрия хлорид р-р д/инф. 0,9% 250мл №1 ЛПУ;Инъекционные и инфузионные р-ры;;;;
ЦБ-00183232;Натрия хлорид р-р д/инф. 0,9% 250мл №1 фл. полимерн. Эском;Инъекционные и инфузионные р-ры;;;;
ЦБ-00175741;Натрия хлорид р-р д/инф. 0,9% 250мл №10 ЛПУ;Инъекционные и инфузионные р-ры;;;;
ЦБ-00182171;Натрия хлорид р-р д/инф. 0,9% 250мл №28 бут. стекл. (для ЛПУ);Инъекционные и инфузионные р-ры;;;;
ЦБ-00159464;Натрия хлорид р-р д/инф. 0,9% 250мл №35 бут. пластик. (для ЛПУ) Мосфарм;Инъекционные и инфузионные р-ры;;;;
ЦБ-00169980;Натрия хлорид р-р д/инф. 0,9% 400мл №1;Инъекционные и инфузионные р-ры;;;;
ЦБ-00150975;Натрия хлорид р-р д/инф. 0,9% 500мл №1 (для ЛПУ);Инъекционные и инфузионные р-ры;;;;
ЦБ-00182251;Натрия хлорид р-р д/инф. 0,9% 500мл №1 бут. стекл.;Инъекционные и инфузионные р-ры;;;;
ЦБ-00182175;Натрия хлорид р-р д/инф. 0,9% 500мл №15 бут.стекл. (для ЛПУ);Инъекционные и инфузионные р-ры;;;;
ЦБ-00162386;Натрия хлорид р-р д/инф. 0,9% стекло 200мл №32 (для ЛПУ);Инъекционные и инфузионные р-ры;;;;
ЦБ-00002770;Натрия хлорид р-р д/инф. 0.9% 1000мл  (КП-2);Инъекционные и инфузионные р-ры;;;;
ЦБ-00030075;Натрия хлорид р-р д/инф. 0.9% 100мл;Инъекционные и инфузионные р-ры;;;;
ЦБ-00025542;Натрия хлорид р-р д/инф. 0.9% 100мл;Инъекционные и инфузионные р-ры;;;;
ЦБ-00021801;Натрия хлорид р-р д/инф. 0.9% 100мл;Инъекционные и инфузионные р-ры;;;;
ЦБ-00002768;Натрия хлорид р-р д/инф. 0.9% 100мл  (КП-1 конт д/стационаров);Инъекционные и инфузионные р-ры;;;;
ЦБ-00002769;Натрия хлорид р-р д/инф. 0.9% 100мл  (КП-2 д/стационаров);Инъекционные и инфузионные р-ры;;;;
ЦБ-00122406;Натрия хлорид р-р д/инф. 0.9% 100мл №20( для стационаров);Инъекционные и инфузионные р-ры;;;;
ЦБ-00133734;Натрия хлорид р-р д/инф. 0.9% 100мл №35 (для ЛПУ);Инъекционные и инфузионные р-ры;;;;
ЦБ-00170355;Натрия хлорид р-р д/инф. 0.9% 100мл бутылка №44 (для ЛПУ);Инъекционные и инфузионные р-ры;;;;
ЦБ-00034987;Натрия хлорид р-р д/инф. 0.9% 200мл;Инъекционные и инфузионные р-ры;;;;
ЦБ-00032892;Натрия хлорид р-р д/инф. 0.9% 200мл;Инъекционные и инфузионные р-ры;;;;
РТ-00007142;Натрия хлорид р-р д/инф. 0.9% 200мл №1;Инъекционные и инфузионные р-ры;;;;
ЦБ-00002760;Натрия хлорид р-р д/инф. 0.9% 200мл №1;Инъекционные и инфузионные р-ры;;;;
ЦБ-00002761;Натрия хлорид р-р д/инф. 0.9% 200мл №1;Инъекционные и инфузионные р-ры;;;;
ЦБ-00032847;Натрия хлорид р-р д/инф. 0.9% 200мл №20;Инъекционные и инфузионные р-ры;;;;
ЦБ-00021800;Натрия хлорид р-р д/инф. 0.9% 200мл №24;Инъекционные и инфузионные р-ры;;;;
ЦБ-00002762;Натрия хлорид р-р д/инф. 0.9% 200мл №28;Инъекционные и инфузионные р-ры;;;;
ЦБ-00015316;Натрия хлорид р-р д/инф. 0.9% 200мл №28;Инъекционные и инфузионные р-ры;;;;
РТ-00010016;Натрия хлорид р-р д/инф. 0.9% 200мл №28;Инъекционные и инфузионные р-ры;;;;
ЦБ-00020200;Натрия хлорид р-р д/инф. 0.9% 20мл;Инъекционные и инфузионные р-ры;;;;
ЦБ-00015317;Натрия хлорид р-р д/инф. 0.9% 20мл;Инъекционные и инфузионные р-ры;;;;
ЦБ-00002766;Натрия хлорид р-р д/инф. 0.9% 250мл;Инъекционные и инфузионные р-ры;;;;
ЦБ-00037033;Натрия хлорид р-р д/инф. 0.9% 250мл;Инъекционные и инфузионные р-ры;;;;
ЦБ-00040563;Натрия хлорид р-р д/инф. 0.9% 250мл;Инъекционные и инфузионные р-ры;;;;
ЦБ-00033775;Натрия хлорид р-р д/инф. 0.9% 250мл;Инъекционные и инфузионные р-ры;;;;
ЦБ-00150097;Натрия хлорид р-р д/инф. 0.9% 250мл;Инъекционные и инфузионные р-ры;;;;
ЦБ-00027024;Натрия хлорид р-р д/инф. 0.9% 250мл  КП-1 пп (для ЛПУ);Инъекционные и инфузионные р-ры;;;;
ЦБ-00010342;Натрия хлорид р-р д/инф. 0.9% 250мл №1;Инъекционные и инфузионные р-ры;;;;
ЦБ-00002767;Натрия хлорид р-р д/инф. 0.9% 250мл №1;Инъекционные и инфузионные р-ры;;;;
РТ-00014080;Натрия хлорид р-р д/инф. 0.9% 250мл №1 полим. уп.;Инъекционные и инфузионные р-ры;;;;
РТ-00003365;Натрия хлорид р-р д/инф. 0.9% 250мл №10;Инъекционные и инфузионные р-ры;;;;
ЦБ-00040191;Натрия хлорид р-р д/инф. 0.9% 250мл №28;Инъекционные и инфузионные р-ры;;;;
РТ-00000028;Натрия хлорид р-р д/инф. 0.9% 400мл;Инъекционные и инфузионные р-ры;;;;
ЦБ-00002764;Натрия хлорид р-р д/инф. 0.9% 400мл;Инъекционные и инфузионные р-ры;;;;
ЦБ-00002765;Натрия хлорид р-р д/инф. 0.9% 400мл;Инъекционные и инфузионные р-ры;;;;
РТ-00008164;Натрия хлорид р-р д/инф. 0.9% 400мл;Инъекционные и инфузионные р-ры;;;;
ЦБ-00035142;Натрия хлорид р-р д/инф. 0.9% 400мл;Инъекционные и инфузионные р-ры;;;;
ЦБ-00002763;Натрия хлорид р-р д/инф. 0.9% 400мл №1;Инъекционные и инфузионные р-ры;;;;
РТ-00007141;Натрия хлорид р-р д/инф. 0.9% 400мл №1;Инъекционные и инфузионные р-ры;;;;
ЦБ-00030076;Натрия хлорид р-р д/инф. 0.9% 400мл №12;Инъекционные и инфузионные р-ры;;;;
ЦБ-00016784;Натрия хлорид р-р д/инф. 0.9% 400мл №15;Инъекционные и инфузионные р-ры;;;;
ЦБ-00040090;Натрия хлорид р-р д/инф. 0.9% 400мл №15;Инъекционные и инфузионные р-ры;;;;
ЦБ-00143381;Натрия хлорид р-р д/инф. 0.9% 400мл №16 (для ЛПУ);Инъекционные и инфузионные р-ры;;;;
ЦБ-00142739;Натрия хлорид р-р д/инф. 0.9% 400мл №21(для ЛПУ);Инъекционные и инфузионные р-ры;;;;
ЦБ-00010344;Натрия хлорид р-р д/инф. 0.9% 400мл пл. конт.;Инъекционные и инфузионные р-ры;;;;
РТ-00000772;Натрия хлорид р-р д/инф. 0.9% 500мл;Инъекционные и инфузионные р-ры;;;;
ЦБ-00032986;Натрия хлорид р-р д/инф. 0.9% 500мл  (2 порта) Синтез (для ЛПУ);Инъекционные и инфузионные р-ры;;;;
ЦБ-00016492;Натрия хлорид р-р д/инф. 0.9% 500мл №1;Инъекционные и инфузионные р-ры;;;;
ЦБ-00030077;Натрия хлорид р-р д/инф. 0.9% 500мл №1;Инъекционные и инфузионные р-ры;;;;
ЦБ-00015041;Натрия хлорид р-р д/инф. 0.9% 500мл №1;Инъекционные и инфузионные р-ры;;;;
РТ-00003058;Натрия хлорид р-р д/инф. 0.9% 500мл №1 конт. мешки;Инъекционные и инфузионные р-ры;;;;
РТ-00000151;Натрия хлорид р-р д/инф. 0.9% 500мл №1 полим. уп.;Инъекционные и инфузионные р-ры;;;;
РТ-00008508;Натрия хлорид р-р д/инф. 0.9% 500мл №10 (для ЛПУ);Инъекционные и инфузионные р-ры;;;;
ЦБ-00038610;Натрия хлорид р-р д/инф. 0.9% 500мл №12;Инъекционные и инфузионные р-ры;;;;
ЦБ-00161961;Натрия хлорид р-р д/инф. 0.9% 500мл №12;Инъекционные и инфузионные р-ры;;;;
ЦБ-00170738;Натрия хлорид р-р д/инф. 200мл №24 (для ЛПУ);Инъекционные и инфузионные р-ры;;;;
ЦБ-00169493;Натрия хлорид р-р д/инф. 400мл №12 (для ЛПУ);Инъекционные и инфузионные р-ры;;;;
ЦБ-00172667;Натрия хлорид р-тель д/лек. форм д/ин. 0,9% 5мл №10;Инъекционные и инфузионные р-ры;;;;
ЦБ-00172668;Натрия хлорид р-тель д/приг. лек. форм д/ин. 0,9% 10 мл амп. №10;Инъекционные и инфузионные р-ры;;;;
РТ-00014305;Натрия хлорид СОЛОфарм р-р д/инф. 0.9% 500мл №1;Инъекционные и инфузионные р-ры;;;;
ЦБ-00096785;Натрия хлорид-СОЛОфарм р-р д/инф. 0,9% 100мл №36 (для ЛПУ);Инъекционные и инфузионные р-ры;;;;
ЦБ-00095779;Натрия хлорид-СОЛОфарм р-р д/инф. 0,9% 250мл №20 (для ЛПУ);Инъекционные и инфузионные р-ры;;;;
ЦБ-00108647;Натрия хлорид-СОЛОфарм р-р д/инф. 0,9% 400мл №20 фл.;Инъекционные и инфузионные р-ры;;;;
ЦБ-00145867;Натрия хлорид-Солофарм р-р д/инф. 0.9% 1000мл №10 (для ЛПУ);Инъекционные и инфузионные р-ры;;;;
ЦБ-00159389;Натрол витамин В12 таб.быстрорастворимые  500мг №100;Препараты группы В, нейропротекторы;;;;
ЦБ-00160080;Натрол витамин Д3 5000МЕ таб. №90;Витамин Д3;;;;
ЦБ-00158582;Натрол В-комплекс ДФ таб. №90;Препараты группы В, нейропротекторы;;;;
ЦБ-00177550;Натрол Л-аргинин таб. №90;Витамины д/сердечно-сосудистой системы;;;;
ЦБ-00168893;Натрол Магнезиум таб. жеват. №60;Препараты магния;;;;
ЦБ-00130477;Натура голд сперм оптимайзер капс. №60;Ср-ва при эректильной дисфункции, влияющие на либидо;;;;
ЦБ-00010484;Натурал Калм плюс кальций (16 ун.);Препараты магния;;;;
ЦБ-00010485;Натурал Калм плюс кальций (4 ун.);Препараты магния;;;;
ЦБ-00010486;Натурал Калм плюс кальций (8 ун.);Препараты магния;;;;
ЦБ-00010487;Натурал Калм пор. 114г  (4 ун.);Препараты магния;;;;
ЦБ-00010488;Натурал Калм пор. 227г  (8 ун.);Препараты магния;;;;
ЦБ-00010489;Натурал Калм пор. 454г  (16 ун.);Препараты магния;;;;
РТ-00008826;Натурал Маг от стресса пор. 114г;Препараты магния;;;;
ЦБ-00127140;Натурал Маг пор. 227г;Препараты магния;;;;
РТ-00008199;Натурал Маг пор. 454г  (16 ун.);Препараты магния;;;;
ЦБ-00124174;Натурал Маг пор. 57г;Препараты магния;;;;
ЦБ-00191922;Натуралсап L-Лизин капс. №60;Витамины д/сердечно-сосудистой системы;;;;
ЦБ-00178550;Натуралсап Аргинин/Орнитин/Лизин капс. №60;Витамины д/сердечно-сосудистой системы;;;;
ЦБ-00189986;Натуралсап Аскорбат Натрия/Экстракт шиповника капс. №60;Витамин С;;;;
ЦБ-00188679;Натуралсап Вит. В12 капс. №60;Препараты группы В, нейропротекторы;;;;
ЦБ-00179151;Натуралсап Железо Хелат капс. №60;Препараты железа;;;;
ЦБ-00188605;Натуралсап Магний Хелат капс. №120;Препараты магния;;;;
ЦБ-00193775;Натуралсап Магний Хелат капс. №60;Препараты магния;;;;
ЦБ-00176591;Натуралсап Магний/В6 капс. №60;Препараты магния;;;;
ЦБ-00189179;Натуралсапп Магний Л-треонат капс. №60;Препараты магния;;;;
ЦБ-00010495;Натуретто Витамин C жев. таб. Апельсин 39г №17;Поливитамины;;;;
ЦБ-00010494;Натуретто витамин C таб. Апельсин 39г;Поливитамины;;;;
ЦБ-00153328;Натуретто витамин С+марганец таб. жев. клубника №17;Поливитамины;;;;
РТ-00002819;Натуретто Витамины C+Е жев. таб. Дыня 39г №17;Поливитамины;;;;
ЦБ-00010496;Натуретто Витамины C+Е жев. таб. Дыня 39г №17;Поливитамины;;;;
ЦБ-00010500;Натуретто Витамины Антиоксиданты жев. таб. Лимон 39г №17;Поливитамины;;;;
ЦБ-00010499;Натуретто Витамины Антиоксиданты таб. Лимон №17;Поливитамины;;;;
ЦБ-00010498;Натуретто Витамины+железо жев. таб. Клубника 39г №17;Поливитамины;;;;
ЦБ-00010497;Натуретто Витамины+железо таб. Клубника №17;Поливитамины;;;;
ЦБ-00010501;Натуретто Мультивитамины жев. таб. Малина 39г №17;Поливитамины;;;;
ЦБ-00034084;Натурино пастилки б/сахара флип-топ Бодрящий лайм-клюква 30г;Драже, леденцы;;;;
ЦБ-00034147;Натурино пастилки б/сахара флип-топ Бодрящий лайм-клюква 30г;Драже, леденцы;;;;
ЦБ-00034085;Натурино пастилки б/сахара флип-топ Целебные травы 30г;Драже, леденцы;;;;
ЦБ-00034148;Натурино пастилки б/сахара флип-топ Целебные травы 30г;Драже, леденцы;;;;
ЦБ-00010507;Натурино пастилки с вит и натуральным соком 36.4г;Драже, леденцы;;;;
ЦБ-00010508;Натурино пастилки с вит и натуральным соком апельсин 36.4г;Драже, леденцы;;;;
ЦБ-00146669;Натурино пастилки с вит и натуральным соком вишня 36.4г;Драже, леденцы;;;;
ЦБ-00010502;Натурино пастилки с вит и натуральным соком клубника 36.4г;Драже, леденцы;;;;
ЦБ-00010503;Натурино пастилки с вит и натуральным соком клубника 36.4г;Драже, леденцы;;;;
ЦБ-00010505;Натурино пастилки с вит и натуральным соком клубника 36.4г;Драже, леденцы;;;;
ЦБ-00010509;Натурино пастилки с вит и натуральным соком клубника 36.4г;Драже, леденцы;;;;
ЦБ-00010510;Натурино пастилки с вит и натуральным соком малина 36.4г;Драже, леденцы;;;;
ЦБ-00010506;Натурино пастилки с вит и натуральным соком мультифрукты 36.4г;Драже, леденцы;;;;
ЦБ-00010512;Натурино пастилки с вит и натуральным соком мультифрукты 36.4г;Драже, леденцы;;;;
ЦБ-00010511;Натурино пастилки с вит и натуральным соком облепиха 36.4г;Драже, леденцы;;;;
ЦБ-00010513;Натурино пастилки с вит и натуральным соком черная смородина 36.4г;Драже, леденцы;;;;
ЦБ-00010504;Натурино пастилки с вит и натуральным соком яблоко 36.4г;Драже, леденцы;;;;
ЦБ-00010514;Натурино пастилки с вит и натуральным соком яблоко 36.4г;Драже, леденцы;;;;
РТ-00014548;Нау Фудс L-Аргинин 630мг капс. №100;Витамины д/сердечно-сосудистой системы;;;;
РТ-00011152;Нау Фудс L-фенилаланин капс. №120;Поливитамины;;;;
ЦБ-00118120;Нау Фудс Блад Прэше Хелс капс. №90;Витамины д/сердечно-сосудистой системы;;;;
РТ-00010254;Нау Фудс В-50 комплекс таб. №100;Поливитамины;;;;
ЦБ-00179327;Нау Фудс Витамин Д3 высокоэффект. 1000МЕ капс. №180;Витамин Д3;;;;
ЦБ-00179715;Нау Фудс Витамин Д3 высокоэффект. 2000МЕ капс. №120;Витамин Д3;;;;
ЦБ-00179419;Нау Фудс Витамин Д3 высокоэффект. 2000МЕ капс. №240;Витамин Д3;;;;
ЦБ-00186935;Нау Фудс Витамин Д3 высокоэффект. 2000МЕ капс. №30;Витамин Д3;;;;
ЦБ-00160534;Нау Фудс Витамин Д3 капс. №180;Витамин Д3;;;;
ЦБ-00184422;Нау Фудс Витамин Д3+К2 капс. №120;Витамин Д3;;;;
ЦБ-00127537;Нау Фудс витамин С-200 капс.№100;Витамин С;;;;
ЦБ-00123265;Нау Фудс витамин С-500 капс.№100;Витамин С;;;;
ЦБ-00192647;Нау Фудс витамин С-500 капс.№180;Витамин С;;;;
ЦБ-00123266;Нау Фудс грейп сид капс.№90;Витамины д/сердечно-сосудистой системы;;;;
РТ-00012576;Нау Фудс Дейли Витс таб. №100;Поливитамины;;;;
ЦБ-00195180;Нау Фудс Дейли Витс таб. №120;Поливитамины;;;;
ЦБ-00122199;Нау Фудс железо двойной силы капс.№90;Препараты железа;;;;
ЦБ-00127234;Нау Фудс ЗМА минерал. комплекс капс. №90;Поливитамины;;;;
ЦБ-00144002;Нау Фудс Калия цитрат капс. №180;Витамины д/сердечно-сосудистой системы;;;;
ЦБ-00176520;Нау Фудс Конфермент Q10 капс.№50;Витамины д/сердечно-сосудистой системы;;;;
РТ-00010784;Нау Фудс Кордицепс капс. №90;Поливитамины;;;;
РТ-00012688;Нау Фудс Лизин+ капс. №100;Витамины д/сердечно-сосудистой системы;;;;
ЦБ-00195013;Нау Фудс Магния Цитрат капс. №120;Препараты магния;;;;
РТ-00014169;Нау Фудс Пантотеновая кислота капс. №100;Препараты группы В, нейропротекторы;;;;
ЦБ-00123608;Нау Фудс Полный спектр минералов капс. №120;Поливитамины;;;;
ЦБ-00120275;Нау Фудс спешл ту таб п/о 1000мг №90;Поливитамины;;;;
РТ-00005978;Нау Фудс Тесто джек 200 капс. №60;Ср-ва при эректильной дисфункции, влияющие на либидо;;;;
РТ-00014621;Нау Фудс Убихинон капс. №60;Витамины д/сердечно-сосудистой системы;;;;
ЦБ-00141921;Нау Фудс фосфатидилсерин капс. 100мг №60;Препараты группы В, нейропротекторы;;;;
ЦБ-00171845;Неваляшка презервативы с ароматом клубники №3;Презервативы;;;;
ЦБ-00016786;НЕВИГРАМОН КАПС. 500МГ N56;Уроантисептики;;;;
ЦБ-00180045;Незаболейка Вит. С/Цинк хелат/Селен двухвалент. таб. шип. №20;Поливитамины;;;;
ЦБ-00174551;Незаболейка Витамин С таб. шип. 1200мг №20;Витамин С;;;;
ЦБ-00173206;Незаболейка Витамин С таб. шип. 900мг №20;Витамин С;;;;
ЦБ-00002783;Нейробион таб. п/о №20;Препараты группы В, нейропротекторы;;;;
РТ-00001336;Нейрогамма амп. д/ин. 1мл №10;Препараты группы В, нейропротекторы;;;;
ЦБ-00153890;Нейродевит таб. №100;Поливитамины;;;;
ЦБ-00185645;Нейродевит таб. №50;Поливитамины;;;;
ЦБ-00010535;Нейродоз капс. 267мг №60;Ср-ва при эректильной дисфункции, влияющие на либидо;;;;
ЦБ-00192034;Нейрокомплекс комбин. айкью утро капс. №30+вечер капс. №60;Препараты группы В, нейропротекторы;;;;
ЦБ-00161339;Нейрокомплекс с витаминами В и уридинмофосфатом капс. №30;Препараты группы В, нейропротекторы;;;;
ЦБ-00002792;Нейромультивит таб. №20;Препараты группы В, нейропротекторы;;;;
ЦБ-00016299;Нейромультивит таб. п/о №60;Препараты группы В, нейропротекторы;;;;
РТ-00008403;Нейроспан комплекс д/нервных волокон таб. №25;Препараты группы В, нейропротекторы;;;;
ЦБ-00142598;Нейроспан комплекс д/нервных волокон таб. №50;Препараты группы В, нейропротекторы;;;;
ЦБ-00150869;Нейроспан Форте комплекс д/нервных волокон капс. №30;Препараты группы В, нейропротекторы;;;;
РТ-00011225;Нейроспан Форте комплекс д/нервных волокон таб. №30;Препараты группы В, нейропротекторы;;;;
РТ-00011845;Нейроуридин 547мг капс. №20;Препараты группы В, нейропротекторы;;;;
ЦБ-00173313;Нейроуридин Н капс. №20;Препараты группы В, нейропротекторы;;;;
ЦБ-00191485;Нейчес плас хема-плекс железо таб. №10;Препараты железа;;;;
ЦБ-00191125;Нейчес плас хема-плекс железо таб. №30;Препараты железа;;;;
ЦБ-00187217;Неовитэль Железа Хелат плюс капс. №60;Препараты железа;;;;
ЦБ-00187218;Неовитэль Магний Хелат плюс капс. №120;Препараты магния;;;;
ЦБ-00153878;Неогливит таб. быстрораств. №40;Поливитамины;;;;
ЦБ-00002802;Нео-пенотран супп. ваг. №14;Гинекологические п/воспалительные ср-ва наружные;;;;
ЦБ-00010551;Нео-пенотран форте Л супп №7;Гинекологические п/воспалительные ср-ва наружные;;;;
ЦБ-00010552;Нео-пенотран форте супп. ваг. №7;Гинекологические п/воспалительные ср-ва наружные;;;;
ЦБ-00175833;Неофертил Мейл капс. №60;Ср-ва при эректильной дисфункции, влияющие на либидо;;;;
ЦБ-00037559;Неофикс NWV пластырь мед. на неткан.основе 1х500см;Фиксирующие катушки;;;;
ЦБ-00036372;Неофикс NWV пластырь мед. на неткан.основе 2х500см;Фиксирующие катушки;;;;
РТ-00000628;Неофикс NWV пластырь мед. на неткан.основе 5х500см;Фиксирующие катушки;;;;
РТ-00000050;Неофикс ROLL Пластырь мед. на нетканой основе рулон. 6смх1000см;Фиксирующие катушки;;;;
ЦБ-00036249;Неофикс TXL пластырь мед. на ткан.основе 2х500см;Фиксирующие катушки;;;;
ЦБ-00036189;Неофикс TXL пластырь мед. на ткан.основе 3х500 см;Фиксирующие катушки;;;;
РТ-00001402;Неофикс TXL пластырь мед. на ткан.основе 4х500см;Фиксирующие катушки;;;;
ЦБ-00036250;Неофикс TXL пластырь мед. на ткан.основе 5х500см;Фиксирующие катушки;;;;
ЦБ-00163606;Неофикс бинт мед. самофикс. эластичный н/ткан. основа телесный 10х450см;Бинты самофиксирующие;;;;
ЦБ-00137915;Неофикс Ролл пластырь мед. на нетканой основе рулон. 10смх1000см;Фиксирующие катушки;;;;
ЦБ-00125719;Неофикс Ролл пластырь мед. на нетканой основе рулон. 15смх1000см;Фиксирующие катушки;;;;
ЦБ-00112350;Нетилмицин Протекх р-р для в/в, в/м введ. 25мг/мл 2мл №1;Антибактериальные средства инъекционные р-ры;;;;
ЦБ-00181248;Нефелла Вит. С форте капс. №120;Витамин С;;;;
ЦБ-00020947;Нефрадоз капс. 300мг №60;Уроантисептики;;;;
ЦБ-00175159;Нефро Формула капс. №60;Уроантисептики;;;;
ЦБ-00131129;Нефробак капс. №60;Уроантисептики;;;;
ЦБ-00175293;Нефробиотик таб. №60;Уроантисептики;;;;
ЦБ-00023311;НЕФРОДОЗ КАПС 300МГ №60;Уроантисептики;;;;
ЦБ-00010554;Нефродоз капс. 300мг №60;Уроантисептики;;;;
ЦБ-00160678;Нефроклининг таб. №60;Уроантисептики;;;;
ЦБ-00171260;Нефрол Актив таб. №56;Уроантисептики;;;;
РТ-00002192;Нефромон Плюс сироп 100мл;Уроантисептики;;;;
РТ-00006393;Нефромон Плюс сироп пак. 3мл №10;Уроантисептики;;;;
ЦБ-00128112;Нефросан капс. №30;Уроантисептики;;;;
ЦБ-00157916;Нефросан Форте капс. 300мг №30;Уроантисептики;;;;
ЦБ-00127616;Нефросорб таб. №100;Уроантисептики;;;;
ЦБ-00143942;Нефростен Пробиотик капс. №15;Уроантисептики;;;;
РТ-00013295;Нефростен р-р внутр 100мл;Уроантисептики;;;;
ЦБ-00002814;Нефростен таб. 250мг №60;Уроантисептики;;;;
РТ-00013075;Нефростен таб. п/о №60;Уроантисептики;;;;
ЦБ-00160035;Нефростен таб. п/п/о №120;Уроантисептики;;;;
ЦБ-00021240;НЕФРОТИН КАПС №30 400 МГ УП;Уроантисептики;;;;
ЦБ-00002826;Никотиновая кислота таб. 50мг №50;Препараты группы В, нейропротекторы;;;;
ЦБ-00155431;Нимпласт пластырь бактер. стер. водонепр. №10;Бактерицидный;;;;
ЦБ-00033891;Нистатин супп рект 500 т.ЕД/г №10;Гинекологические п/воспалительные ср-ва наружные;;;;
ЦБ-00119711;Нистатин супп. ваг. 250тЕД №10;Гинекологические п/воспалительные ср-ва наружные;;;;
ЦБ-00119712;Нистатин супп. ваг. 500тЕд №10;Гинекологические п/воспалительные ср-ва наружные;;;;
ЦБ-00003661;Нистатин супп.ваг. 250 т.ЕД/г №10;Гинекологические п/воспалительные ср-ва наружные;;;;
ЦБ-00003662;Нистатин супп.ваг. 500 т.ЕД/г №10;Гинекологические п/воспалительные ср-ва наружные;;;;
ЦБ-00015326;Нитроксолин таб. п.о 50мг №10;Уроантисептики;;;;
ЦБ-00036973;Нитроксолин таб. п.о 50мг №50;Уроантисептики;;;;
ЦБ-00036974;Нитроксолин таб. п.о 50мг №50;Уроантисептики;;;;
ЦБ-00036975;Нитроксолин таб. п.о 50мг №50;Уроантисептики;;;;
ЦБ-00002854;Нитроксолин таб. п.о 50мг №50;Инфекции мочевого пузыря и почек;;;;
ЦБ-00010665;Нитроксолин таб. п.о 50мг №50;Инфекции мочевого пузыря и почек;;;;
ЦБ-00025839;Нитроксолин таб. п.о 50мг №50;Инфекции мочевого пузыря и почек;;;;
ЦБ-00002853;Нитроксолин таб. п/о 50мг №50 Татхимфармпрепараты;Инфекции мочевого пузыря и почек;;;;
ЦБ-00144850;Нобел карамель со вкусом содовой 88г;Драже, леденцы;;;;
ЦБ-00120115;Нованефрон таб.№30;Уроантисептики;;;;
ЦБ-00002878;Новинет таб. №21;Пероральные контрацептивы;;;;
ЦБ-00002879;Новинет таб. №63;Пероральные контрацептивы;;;;
ЦБ-00168275;Новокаин р-р д/ин. 2,5мг/мл 200мл №24 (для ЛПУ);Инъекционные и инфузионные р-ры;;;;
ЦБ-00193154;Ново-Курьинская вода питьевая дет. 1,5л;Минеральная вода;;;;
ЦБ-00193155;Ново-Курьинская вода питьевая дет. спорт 0,33л;Минеральная вода;;;;
ЦБ-00068988;Новотакс конц. д/приг. инф. 20мг/мл 7мл №1;Инъекционные и инфузионные р-ры;;;;
ЦБ-00002909;Нолицин таб. п/о 400мг №10;Инфекции мочевого пузыря и почек;;;;
ЦБ-00002910;Нолицин таб. п/о 400мг №20;Инфекции мочевого пузыря и почек;;;;
ЦБ-00189568;Ноотериа Лабс Аскорбат Натрия капс. №60;Витамин С;;;;
ЦБ-00189003;Ноотериа Лабс Биглицинат Железа капс. №90;Препараты железа;;;;
ЦБ-00184120;Ноотериа Лабс б-компл. актив форте таб. №30;Препараты группы В, нейропротекторы;;;;
ЦБ-00186934;Ноотериа Лабс Липосомальный вит. Д3 капс. №60;Витамин Д3;;;;
ЦБ-00186656;Ноотериа Лабс Магния Треонат капс. №60;Препараты магния;;;;
ЦБ-00002923;Норбактин таб. п/о 400мг №10;Инфекции мочевого пузыря и почек;;;;
ЦБ-00033781;Норбактин таб. п/о 400мг №20;Инфекции мочевого пузыря и почек;;;;
ЦБ-00123544;Норвегиан Фиш Оил Легкодоступное железо таб. №100;Препараты железа;;;;
ЦБ-00163774;Норвегиан Фиш Ойл вит. Д3 2000МЕ капс.№100;Витамин Д3;;;;
ЦБ-00153373;Норвегиан Фиш Ойл вит. С таб. жев. 500мг №60;Витамин С;;;;
ЦБ-00119303;Норвегиан Фиш Ойл витамин Д3 1000МЕ таб.№60;Витамин Д3;;;;
ЦБ-00186621;Норвесол Магнецин плюс таб. №60;Препараты магния;;;;
ЦБ-00149209;Нордепласт Классик пластырь1,25смх5м (ткан);Фиксирующие катушки;;;;
ЦБ-00119726;Нордепласт Пластырь Классик 2,5смх5м (ткан);Фиксирующие катушки;;;;
РТ-00010430;Нордепласт Пластырь Нордепор софт 1,25смх5м (н/ткан);Фиксирующие катушки;;;;
РТ-00013192;Нордепласт Пластырь Нордепор софт 2,5смх5м (н/ткан);Фиксирующие катушки;;;;
ЦБ-00119725;Нордепласт Пластырь Нордесилк 2,5смх5м (ткан);Фиксирующие катушки;;;;
РТ-00013196;Нордепласт Пластырь Нордефилм 2,5смх5м (полимер);Фиксирующие катушки;;;;
ЦБ-00002928;Норколут таб. 5мг №20;Заместительная гормональная терапия;;;;
ЦБ-00161891;Норма Д3 жидкость д/приема внутрь 30мл;Витамин Д3;;;;
ЦБ-00010748;Нормакс таб. 400мг №6;Инфекции мочевого пузыря и почек;;;;
ЦБ-00186154;Норметрилла таб. 2мг №28;Заместительная гормональная терапия;;;;
ЦБ-00186155;Норметрилла таб. 2мг №84;Заместительная гормональная терапия;;;;
ЦБ-00170036;Нормоксин д/сердца/сосудов капс. №60;Витамины д/сердечно-сосудистой системы;;;;
ЦБ-00018670;НОРМОЛАЙФ НОЧЬ КАПС. N20;Препараты группы В, нейропротекторы;;;;
ЦБ-00018671;НОРМОЛАЙФ ТАБЛ. N20;Препараты группы В, нейропротекторы;;;;
ЦБ-00018672;НОРМОЛАЙФ ФОРТЕ КАПС. N20;Препараты группы В, нейропротекторы;;;;
ЦБ-00016795;НОРМОСПЕКТРУМ ДЛЯ ВЗРОСЛЫХ КАПС. N30;Поливитамины;;;;
РТ-00000461;Норфлоксацин таб. п/о 400мг №10;Инфекции мочевого пузыря и почек;;;;
ЦБ-00038021;Норфлоксацин таб. п/о 400мг №20;Инфекции мочевого пузыря и почек;;;;
ЦБ-00006479;НСП Витамин С БАД таб. 1280мг №60;Витамин С;;;;
ЦБ-00008107;НСП Кальций Магний Хелат таб. 1.4г №150;Поливитамины;;;;
ЦБ-00011262;НСП Пастилки с цинком и витамином С №96;Поливитамины;;;;
ЦБ-00011303;НСП Пептовит с Л-карнитином и магнием №60;Поливитамины;;;;
ЦБ-00099304;Нукала лиоф. д/приг. р-ра для п/к введ. 100мг №1 фл.;Инъекционные и инфузионные р-ры;;;;
ЦБ-00167321;Нутерия лабс магний В6 капс. №60;Препараты магния;;;;
ЦБ-00139743;НутриЭксперт 22 витамина и минерала д/всей семьи капс. №60;Поливитамины;;;;
ЦБ-00146817;НФО pH-баланс пор. д/приема внутрь 10г №14;Поливитамины;;;;
ЦБ-00125233;НФО витамин Д3 1000 МЕ таб. №60;Витамин Д3;;;;
ЦБ-00152298;НФО В-комплекс таб. 500мг №90;Препараты группы В, нейропротекторы;;;;
ЦБ-00164003;НФО комплекс магния и вит. В6 таб. №120;Препараты магния;;;;
РТ-00006313;НФО Омега-3 Капсулы жевательные с вит.Д №120;Витамин Д3;;;;
ЦБ-00186634;НФО Свит Бьюти Вит. с фолиев. кисл. капс. №120;Поливитамины;;;;
ЦБ-00038468;Нэйчес Баунти L-Аргинин 1000мг таб. №50;Витамины д/сердечно-сосудистой системы;;;;
ЦБ-00031346;Нэйчес Баунти L-Аргинин 500мг капс. №50;Витамины д/сердечно-сосудистой системы;;;;
РТ-00009035;Нэйчес Баунти L-Лизин 1000мг таб. №60;Витамины д/сердечно-сосудистой системы;;;;
ЦБ-00159136;Нэйчес Баунти L-Лизин таб. 1000мг №60;Витамины д/сердечно-сосудистой системы;;;;
РТ-00004160;Нэйчес Баунти АВС-Плюс Гринс мультивитаминный комплекс таб. №60;Поливитамины;;;;
ЦБ-00031397;Нэйчес Баунти АВС-Плюс мультивитаминный комплекс таб. №50;Поливитамины;;;;
ЦБ-00039305;Нэйчес Баунти Б-Комплекс таб. №100;Препараты группы В, нейропротекторы;;;;
РТ-00008055;Нэйчес Баунти Витамин Д3 400МЕ таб. п/о №100;Витамин Д3;;;;
РТ-00007269;Нэйчес Баунти Витамин Д3 400МЕ таб. п/о №250;Витамин Д3;;;;
ЦБ-00031350;Нэйчес Баунти Витамин С 500мг и шиповник таб. №100;Витамин С;;;;
РТ-00001277;Нэйчес Баунти Витамин С с цинком таб. быстрораствор. 500мг №60;Витамин С;;;;
ЦБ-00155894;Нэйчес Баунти Гаммис Витамин С плюс цинк паст. жев. №60;Витамин С;;;;
ЦБ-00158422;Нэйчес Баунти Гаммис Мультивитамины д/взр. паст. жев. №60;Поливитамины;;;;
ЦБ-00187825;Нэйчес Баунти Глицинат магния капс. №90;Препараты магния;;;;
ЦБ-00038474;Нэйчес Баунти Джентл Айрон Легкодоступное Железо Хелат 18мг капс. №60;Препараты железа;;;;
РТ-00001280;Нэйчес Баунти Джентл Айрон Легкодоступное Железо Хелат 28мг капс. №90;Препараты железа;;;;
ЦБ-00031355;Нэйчес Баунти Железо 28мг таб. №100;Препараты железа;;;;
ЦБ-00038473;Нэйчес Баунти Концентрат изофлавонов сои таб. №30;Поливитамины;;;;
ЦБ-00184865;Нэйчес Баунти Легкодоступное Железо 17мг капс. №60;Препараты железа;;;;
ЦБ-00159135;Нэйчес Баунти Легкодоступное железо 28мг капс. №90;Препараты железа;;;;
ЦБ-00039304;Нэйчес Баунти Магний таб. 500мг №100;Препараты магния;;;;
ЦБ-00031348;Нэйчес Баунти Мультидэй вит. комплекс с экстр. Зеленого чая таб. №50;Поливитамины;;;;
ЦБ-00031352;Нэйчес Баунти Мультидэй вит. комплекс таб. №100;Поливитамины;;;;
ЦБ-00031365;Нэйчес Баунти свежих ягод с витамином С капс. №60;Поливитамины;;;;
ЦБ-00036421;Нэйчес Баунти Термогенный комплекс со Светолом капс №60;Поливитамины;;;;
ЦБ-00031370;Нэйчес Баунти Худия комплекс капс. №60;Поливитамины;;;;
РТ-00006906;Нэйчес Баунти Цитрат магния с витамином В6 капс. №60;Препараты магния;;;;
ЦБ-00031371;Нэйчес Баунти Чеснок без запаха таб. №100;Поливитамины;;;;
ЦБ-00031372;Нэйчес Баунти Чистый витамин С 250мг таб. №100;Витамин С;;;;
ЦБ-00031373;Нэйчес Баунти Экстракт Со Пальметто и африканской сливы капс. №60;Поливитамины;;;;
ЦБ-00039306;Нэйчес Баунти Эстер-С таб. 500мг №60;Витамин С;;;;
РТ-00005476;Овеа гран.раств. 3г №1;Инфекции мочевого пузыря и почек;;;;
ЦБ-00178908;Овервит Аргинин капс. №90;Витамины д/сердечно-сосудистой системы;;;;
ЦБ-00178378;Овервит Вит. Д3 капс. №60;Витамин Д3;;;;
ЦБ-00180011;Овервит Вит. С/Биофлавоноиды/Рутин капс. №60;Поливитамины;;;;
ЦБ-00191551;Овервит В-комплекс капс. №30;Препараты группы В, нейропротекторы;;;;
ЦБ-00175526;Овервит В-комплекс капс. №60;Препараты группы В, нейропротекторы;;;;
ЦБ-00190795;Овервит Железо+Вит. В3/В6/В9/В12/С капс. №60;Препараты железа;;;;
ЦБ-00179547;Овервит Железо+Вит. С капс. №60;Препараты железа;;;;
ЦБ-00177891;Овервит женьшень с таурином капс. №60;Поливитамины;;;;
ЦБ-00176118;Овервит Магний + кальций + вит.Д3 капс. №100;Поливитамины;;;;
ЦБ-00180345;Овервит Магний+Вит. В6 капс. №160;Препараты магния;;;;
ЦБ-00180028;Овервит Магний+Вит. В6 капс. №90;Препараты магния;;;;
ЦБ-00190624;Овервит Магний+Кальций+Цинк+Вит.Д3 капс. №120;Поливитамины;;;;
ЦБ-00177757;Овервит пустырник + магний + вит. В6 капс. №60;Поливитамины;;;;
ЦБ-00181861;Овервит Уро-целит комплекс капс. №90;Уроантисептики;;;;
ЦБ-00194285;Овервит Черника/Вит. А/Вит. Е/Цинк капс. №60;Поливитамины;;;;
РТ-00010078;Ови Витамин С таб. шип. 900мг №20;Витамин С;;;;
РТ-00011318;Ови Витаминный комплекс таб. шип. №20;Поливитамины;;;;
ЦБ-00153171;Ови Детокс таб. шип. с таурином и витамином С №10;Поливитамины;;;;
ЦБ-00120852;Ови леденец Фикси с витаминами со вкусом апельсина 5г;Драже, леденцы;;;;
ЦБ-00120853;Ови леденец Фикси с витаминами со вкусом лесных ягод 5г;Драже, леденцы;;;;
ЦБ-00120854;Ови леденец Фикси с витаминами со вкусом малины 5г;Драже, леденцы;;;;
РТ-00011320;Ови Магний и Витамин В6 таб. шип. №20;Препараты группы В, нейропротекторы;;;;
ЦБ-00181830;Овидика супп. вагин. 200мг №14;Гинекологические п/воспалительные ср-ва наружные;;;;
РТ-00000688;Овсяное молочко Целебное зернышко пор. 150г;Поливитамины;;;;
РТ-00000689;Овсяное молочко Целебное зернышко тыква/шиповник пор. 150г;Поливитамины;;;;
РТ-00005578;Огоплекс Плюс капс. №30;Ср-ва при эректильной дисфункции, влияющие на либидо;;;;
ЦБ-00026911;Окамото презервативы №10 Платинум;Презервативы;;;;
ЦБ-00037264;Окамото презервативы №10 Реал фит;Презервативы;;;;
ЦБ-00026909;Окамото презервативы №10 Стронг;Презервативы;;;;
ЦБ-00026914;Окамото презервативы №12 Гармони;Презервативы;;;;
ЦБ-00026915;Окамото презервативы №12 Краун;Презервативы;;;;
ЦБ-00026913;Окамото презервативы №3 Гармони;Презервативы;;;;
ЦБ-00026912;Окамото презервативы №3 Джумбо;Презервативы;;;;
ЦБ-00037265;Окамото презервативы №3 Краун;Презервативы;;;;
ЦБ-00026910;Окамото презервативы №3 Платинум;Презервативы;;;;
ЦБ-00037263;Окамото презервативы №3 Реал фит;Презервативы;;;;
ЦБ-00026908;Окамото презервативы №3 Стронг;Презервативы;;;;
ЦБ-00122969;Окамото презервативы скинлес скин классические №10;Презервативы;;;;
ЦБ-00126816;Окамото презервативы скинлес скин классические №3;Презервативы;;;;
ЦБ-00127958;Окамото презервативы скинлес скин набор микс супер №3;Презервативы;;;;
ЦБ-00124388;Окамото презервативы скинлес скин с обильной смазкой №10;Презервативы;;;;
ЦБ-00122502;Окамото презервативы скинлес скин с обильной смазкой №3;Презервативы;;;;
ЦБ-00149897;Оксалит капс. №60;Уроантисептики;;;;
ЦБ-00122769;Оксалит капс.№60;Уроантисептики;;;;
ЦБ-00021809;Оксамп-натрий пор. д/ин. 500мг №1;Антибактериальные средства инъекционные р-ры;;;;
РТ-00003264;Оксамп-натрий пор. д/ин. 500мг №50;Антибактериальные средства инъекционные р-ры;;;;
ЦБ-00032967;Оксациллин 0.5 №1;Антибактериальные средства инъекционные р-ры;;;;
ЦБ-00110353;Оксациллин пор. д/р-ра в/в в/м 1000мг №50 (для ЛПУ);Антибактериальные средства инъекционные р-ры;;;;
ЦБ-00081850;Оксациллин пор. д/р-ра в/в в/м 500мг №50 (для ЛПУ);Антибактериальные средства инъекционные р-ры;;;;
ЦБ-00033589;Оксациллин пор. д/р-ра для в/в и в/м введ. 1г. №1;Антибактериальные средства инъекционные р-ры;;;;
ЦБ-00010938;Оксилик капс. №20;Поливитамины;;;;
ЦБ-00002985;Оксипрогестерона капронат (17-ОПК) р-р д/ин. масл. 12.5% 1мл №10;Инъекционные и инфузионные р-ры;;;;
ЦБ-00093135;Октреотид-Депо лиоф.д/сусп. в/м 10мг;Инъекционные и инфузионные р-ры;;;;
ЦБ-00176190;Октретекс р-р д/инф. и п/к введ. 0,05мг/мл 1мл №5;Инъекционные и инфузионные р-ры;;;;
ЦБ-00193997;Олимп Лабс Хитозан+Хром капс. №30;Поливитамины;;;;
ЦБ-00032998;Олмакс Стронг таб. п/о 100мг №1;Ср-ва при эректильной дисфункции, влияющие на либидо;;;;
ЦБ-00032999;Олмакс Стронг таб. п/о 100мг №2;Ср-ва при эректильной дисфункции, влияющие на либидо;;;;
ЦБ-00033000;Олмакс Стронг таб. п/о 100мг №4;Ср-ва при эректильной дисфункции, влияющие на либидо;;;;
ЦБ-00032754;Олмакс Стронг таб. п/о 50мг №1;Ср-ва при эректильной дисфункции, влияющие на либидо;;;;
ЦБ-00032755;Олмакс Стронг таб. п/о 50мг №2;Ср-ва при эректильной дисфункции, влияющие на либидо;;;;
ЦБ-00192837;Омега-3 Лабс Магния компл. капс. №50;Препараты магния;;;;
ЦБ-00156894;Омегабактерин Д3 капли фл. с дозатором 5мл;Витамин Д3;;;;
ЦБ-00039782;Омего-3 крилевый жир капс №30;Поливитамины;;;;
ЦБ-00142601;Омнисилк пластырь шелк 5смх9,2м;Фиксирующие катушки;;;;
ЦБ-00175604;Омнификс пластырь силикон фикс. рулон 2м*10см №1;Фиксирующие катушки;;;;
ЦБ-00185648;Омнификс пластырь силикон фикс. рулон 5м*10см №1;Фиксирующие катушки;;;;
ЦБ-00173498;Омнификс шприц инсул. 1мл с иглой 26G (0,45х12мм) №1;Шприцы;;;;
ЦБ-00127243;Омнификс эластик пластырь 10смх2,5м №2;Фиксирующие катушки;;;;
ЦБ-00142522;Омнификс эластик пластырь нетканный белый 15смх10м №1;Фиксирующие катушки;;;;
ЦБ-00087264;Омнифилм пластырь фикс. проз. 9,2мх2,5см №1;Фиксирующие катушки;;;;
ЦБ-00176329;Омнифилм пластырь фикс. прозр. пленка 9,2мх1,25см;Фиксирующие катушки;;;;
ЦБ-00141170;Он(On) презервативы классические №3;Презервативы;;;;
ЦБ-00142602;Он(On) презервативы супер тонкие №3;Презервативы;;;;
ЦБ-00152337;Онпельвицит капс. 500мг №90;Уроантисептики;;;;
РТ-00000980;Оправа корригирующих очков BARBIE ВЕ-104;Очки готовые;;;;
РТ-00000983;Оправа корригирующих очков BARBIE ВЕ-109/122/133;Очки готовые;;;;
РТ-00000984;Оправа корригирующих очков BARBIE ВЕ-158/177/190/191;Очки готовые;;;;
РТ-00000985;Оправа корригирующих очков BEN10 BTV- 31;Очки готовые;;;;
РТ-00000986;Оправа корригирующих очков BEN10 BTV- 34;Очки готовые;;;;
РТ-00000981;Оправа корригирующих очков Hot Wheels HWV-037/040/052/059;Очки готовые;;;;
РТ-00000982;Оправа корригирующих очков Hot Wheels HWV-085;Очки готовые;;;;
РТ-00000993;Оправа корригирующих очков HWV 003;Очки готовые;;;;
РТ-00000991;Оправа корригирующих очков TOKIDOKI TKV-01;Очки готовые;;;;
РТ-00000992;Оправа корригирующих очков TOKIDOKI TKV-09;Очки готовые;;;;
РТ-00000987;Оправа корригирующих очков TRANSFORMERS;Очки готовые;;;;
РТ-00000988;Оправа корригирующих очков WINX WV- 015/046;Очки готовые;;;;
РТ-00000989;Оправа корригирующих очков WINX WV-055;Очки готовые;;;;
РТ-00000990;Оправа корригирующих очков WINXWV- 017;Очки готовые;;;;
РТ-00000997;Оправа металлическая Boserole В020;Очки готовые;;;;
РТ-00000996;Оправа металлическая DARFUR DA 027;Очки готовые;;;;
РТ-00000995;Оправа металлическая Feali F150;Очки готовые;;;;
РТ-00000998;Оправа металлическая Good Child G1136;Очки готовые;;;;
РТ-00000999;Оправа металлическая Hudie Н142;Очки готовые;;;;
РТ-00000994;Оправа металлическая Langkey LA;Очки готовые;;;;
РТ-00001000;Оправа металлическая Shoor;Очки готовые;;;;
РТ-00001002;Оправа металлическая TREND Т 13014;Очки готовые;;;;
РТ-00001003;Оправа пластмассовая Cardydony СА811;Очки готовые;;;;
РТ-00001004;Оправа пластмассовая DOHIA D016;Очки готовые;;;;
РТ-00001005;Оправа пластмассовая Good Luck G1025;Очки готовые;;;;
РТ-00001006;Оправа пластмассовая Kingber К7091;Очки готовые;;;;
РТ-00001007;Оправа пластмассовая Neon 2514;Очки готовые;;;;
РТ-00001008;Оправа пластмассовая Neon 2530;Очки готовые;;;;
РТ-00001009;Оправа пластмассовая Neon NW 801;Очки готовые;;;;
РТ-00001010;Оправа пластмассовая Silmarille 2397;Очки готовые;;;;
РТ-00001001;Оправа с футляром Clasarda;Очки готовые;;;;
ЦБ-00128216;Опсайт жидкий пластырь спрей 100мл;Бактерицидный;;;;
ЦБ-00133901;Опсайт жидкий пластырь спрей 240мл;Бактерицидный;;;;
ЦБ-00023203;ОРАЛКОН ТАБЛ.П.О. 150МКГ +30 МГК N21;Пероральные контрацептивы;;;;
ЦБ-00023226;ОРАЛКОН ТАБЛ.П.О. 150МКГ+30МКГ N63;Пероральные контрацептивы;;;;
ЦБ-00038250;Оргазекс капс. 280мг N1 США;Ср-ва при эректильной дисфункции, влияющие на либидо;;;;
ЦБ-00027217;Оргазекс капс. №1;Ср-ва при эректильной дисфункции, влияющие на либидо;;;;
РТ-00000548;Оргазекс капс. №2;Ср-ва при эректильной дисфункции, влияющие на либидо;;;;
ЦБ-00132922;Оргао презервативы муж. гладкие прозрачные 52мм №12;Презервативы;;;;
ЦБ-00147048;Оргао презервативы муж. гладкие прозрачные 52мм №3;Презервативы;;;;
ЦБ-00134415;Оргао презервативы муж. с пупырышками прозрачные 52мм №12;Презервативы;;;;
ЦБ-00135600;Оргао презервативы муж. с пупырышками прозрачные 52мм №3;Презервативы;;;;
ЦБ-00177801;Орейба С2 очки рогов. ун. 00150 (-2,00);Очки готовые;;;;
ЦБ-00177802;Орейба С2 очки рогов. ун. 00150 (-2,50);Очки готовые;;;;
ЦБ-00177803;Орейба С2 очки рогов. ун. 00150 (-3,00);Очки готовые;;;;
ЦБ-00177804;Орейба С2 очки рогов. ун. 00150 (-3,50);Очки готовые;;;;
ЦБ-00177805;Орейба С2 очки рогов. ун. 00150 (-4,00);Очки готовые;;;;
ЦБ-00177806;Орейба С2 очки рогов. ун. 00150 (-4,50);Очки готовые;;;;
ЦБ-00177800;Орейба С2 очки рогов. ун. 00150 (-5,00);Очки готовые;;;;
ЦБ-00177807;Орейба С2 очки рогов. ун. 00150 (-5,50);Очки готовые;;;;
ЦБ-00177808;Орейба С2 очки рогов. ун. 00150 (-6,00);Очки готовые;;;;
ЦБ-00177784;Орейба С2 очки рогов. ун. 00152 (+1,50);Очки готовые;;;;
ЦБ-00177785;Орейба С2 очки рогов. ун. 00152 (+1,75);Очки готовые;;;;
ЦБ-00177786;Орейба С2 очки рогов. ун. 00152 (+2,00);Очки готовые;;;;
ЦБ-00177787;Орейба С2 очки рогов. ун. 00152 (+2,25);Очки готовые;;;;
ЦБ-00177788;Орейба С2 очки рогов. ун. 00152 (+2,50);Очки готовые;;;;
ЦБ-00177789;Орейба С2 очки рогов. ун. 00152 (+2,75);Очки готовые;;;;
ЦБ-00177791;Орейба С2 очки рогов. ун. 00152 (+3,00);Очки готовые;;;;
ЦБ-00177793;Орейба С2 очки рогов. ун. 00152 (+3,25);Очки готовые;;;;
ЦБ-00177794;Орейба С2 очки рогов. ун. 00152 (+3,50);Очки готовые;;;;
ЦБ-00177783;Орейба С2 очки рогов. ун. 00152 (+3,75);Очки готовые;;;;
ЦБ-00177795;Орейба С2 очки рогов. ун. 00152 (+4,00);Очки готовые;;;;
ЦБ-00177796;Орейба С2 очки рогов. ун. 00152 (+4,50);Очки готовые;;;;
ЦБ-00177797;Орейба С2 очки рогов. ун. 00152 (+5,00);Очки готовые;;;;
ЦБ-00177798;Орейба С2 очки рогов. ун. 00152 (+5,50);Очки готовые;;;;
ЦБ-00177799;Орейба С2 очки рогов. ун. 00152 (+6,00);Очки готовые;;;;
ЦБ-00177819;Орзакс Вит. Д3 + К2 5000 МЕ капли 30мл;Витамин Д3;;;;
ЦБ-00186735;Орзакс Оушен Вит. Д3 1000МЕ капли 50мл;Витамин Д3;;;;
ЦБ-00187995;Орзакс Оушен вит. Д3 600МЕ капли 20мл;Витамин Д3;;;;
ЦБ-00186430;Орзакс Оушен Витамин Д3 1000МЕ фл. 20мл;Витамин Д3;;;;
ЦБ-00186507;Орзакс Оушен Витамин Д3 400МЕ фл. 20мл;Витамин Д3;;;;
ЦБ-00186431;Орзакс Оушен Витамин Д3+К2 фл. 20мл;Витамин Д3;;;;
ЦБ-00189077;Орзакс Оушен Витамин С 1000мг таб. №30;Витамин С;;;;
ЦБ-00186635;Орзакс Оушен гаммис эпл сайдер винегар паст. жев. яблоко №60;Поливитамины;;;;
ЦБ-00189958;Орзакс Оушен Микрофер капли фл. 30мл;Препараты железа;;;;
ЦБ-00189245;Орзакс Оушен Микрофер пор. саше вишня №30;Препараты железа;;;;
ЦБ-00187312;Орзакс Оушен Экстрамаг пор. саше клубника №30;Препараты магния;;;;
ЦБ-00189666;Орзакс Оушен Экстрамаг таб. №60;Препараты магния;;;;
ЦБ-00166147;Орион витамин С лонг таб. №100;Витамин С;;;;
ЦБ-00163170;Оритаксим пор. д/пригот. р-ра в/в в/м введения 1000мг №5;Антибактериальные средства инъекционные р-ры;;;;
ЦБ-00161241;Орихиро Витамин D плюс таб. №120;Витамин Д3;;;;
ЦБ-00125507;Орихиро Витамин С со вкусом лимона таб. №120;Витамин С;;;;
ЦБ-00123120;Орихиро Витамин С таб. №300;Витамин С;;;;
ЦБ-00133156;Орихиро витамины и минералы 360г;Поливитамины;;;;
ЦБ-00125506;Орихиро железо с витаминами капс. №120;Препараты железа;;;;
ЦБ-00124405;Орихиро железо таб.жев слива №180;Препараты железа;;;;
ЦБ-00124404;Орихиро мультивитамины и минералы таб.жев манго №180;Поливитамины;;;;
ЦБ-00123549;Орихиро мультивитамины и минералы таб.жев тропические фрукты №120;Поливитамины;;;;
ЦБ-00132318;Орихиро мультивитамины таб.жев клубника №180;Поливитамины;;;;
ЦБ-00130001;Орихиро натто киназа капсулы №60;Витамины д/сердечно-сосудистой системы;;;;
ЦБ-00003059;Орнисид таб. ваг. 500мг №3;Гинекологические п/воспалительные ср-ва наружные;;;;
ЦБ-00178804;Ортомол Вит. Д3+К2 спрей 130доз 20мл;Витамин Д3;;;;
ЦБ-00131131;Ортомол Кардио пор.+капс.+таб. курс 30дней;Витамины д/сердечно-сосудистой системы;;;;
РТ-00013604;Ортомол Ментал двойное саше №30;Препараты группы В, нейропротекторы;;;;
ЦБ-00171892;Ортомол Про Крэн плюс капс. №60;Уроантисептики;;;;
ЦБ-00191801;Ортомол Селпротект набор пор.+капс.+таб.+саше №30;Поливитамины;;;;
РТ-00012046;Ортомол Спорт фл. 200мл+таб. 1000мг №30;Поливитамины;;;;
ЦБ-00177429;Ортомол Хэйр Интенс капс. №60;Поливитамины;;;;
ЦБ-00003075;Осарбон супп. ваг. №10;Гинекологические п/воспалительные ср-ва наружные;;;;
ЦБ-00169994;Оскар 3422 очки готовые (+2,00);Очки готовые;;;;
ЦБ-00193213;Оскар 8067 очки готовые (+1,75);Очки готовые;;;;
ЦБ-00167932;Оскар 8067 очки готовые (+3,00);Очки готовые;;;;
ЦБ-00193214;Оскар 8067 очки готовые (+3,00);Очки готовые;;;;
ЦБ-00193215;Оскар 8067 очки готовые (+3,25);Очки готовые;;;;
ЦБ-00167917;Оскар 8067 очки готовые (-1,50);Очки готовые;;;;
ЦБ-00168785;Оскар 808 очки готовые (+1,00);Очки готовые;;;;
ЦБ-00172779;Оскар 808 очки готовые (+1,25);Очки готовые;;;;
ЦБ-00168786;Оскар 808 очки готовые (+1,50);Очки готовые;;;;
ЦБ-00172780;Оскар 808 очки готовые (+1,75);Очки готовые;;;;
ЦБ-00168787;Оскар 808 очки готовые (+2,00);Очки готовые;;;;
ЦБ-00167936;Оскар 808 очки готовые (+3,50);Очки готовые;;;;
ЦБ-00193216;Оскар 808 очки готовые (+4,00);Очки готовые;;;;
ЦБ-00168788;Оскар 808 очки готовые (+6,00);Очки готовые;;;;
ЦБ-00172769;Оскар 809 очки готовые (+1,25);Очки готовые;;;;
ЦБ-00172771;Оскар 809 очки готовые (+1,75);Очки готовые;;;;
ЦБ-00167929;Оскар 809 очки готовые (+2,50);Очки готовые;;;;
ЦБ-00172776;Оскар 809 очки готовые (+3,25);Очки готовые;;;;
ЦБ-00172777;Оскар 809 очки готовые (+3,50);Очки готовые;;;;
ЦБ-00169993;Оскар 908 очки готовые (+1,50);Очки готовые;;;;
ЦБ-00167930;Оскар 908 очки готовые (+2,50);Очки готовые;;;;
ЦБ-00167937;Оскар 908 очки готовые (+3,50);Очки готовые;;;;
ЦБ-00167915;Оскар 908 очки готовые (-1,00);Очки готовые;;;;
ЦБ-00176714;Оскар очки 8097 (+1,5);Очки готовые;;;;
ЦБ-00176717;Оскар очки 8097 (+2,0);Очки готовые;;;;
ЦБ-00176718;Оскар очки 8097 (+2,5);Очки готовые;;;;
ЦБ-00176719;Оскар очки 8097 (+3,0);Очки готовые;;;;
ЦБ-00176715;Оскар очки 8167 (+1,5);Очки готовые;;;;
ЦБ-00176716;Оскар очки 8167 (+2,0);Очки готовые;;;;
ЦБ-00176720;Оскар очки 8167 (+3,0);Очки готовые;;;;
ЦБ-00188369;Оскар очки арт.116 (+1,5);Очки готовые;;;;
ЦБ-00170736;Основит Мульти комплексная поддержка здоровья капс. №30+30;Поливитамины;;;;
ЦБ-00167556;Отрез марлев. мед. н/стер. 0,9х2м;Бинты;;;;
ЦБ-00167913;Отрез марлев. мед. н/стер. 0,9х3м;Бинты;;;;
ЦБ-00169379;Отрез марлевый 500см*90см;Бинты;;;;
ЦБ-00122279;Отрез марлевый мед. н/стерильный 10м*90см;Бинты;;;;
ЦБ-00128019;Отрез марлевый мед. н/стерильный 3м*90см;Бинты;;;;
ЦБ-00122825;Отрез марлевый мед. н/стерильный 5м*90см;Бинты;;;;
ЦБ-00187829;Отрез марлевый мед. н/стерильный плотн. 36г/м2 3м*90см;Бинты;;;;
ЦБ-00179164;Отрез марлевый медиц. нестер. 10мх0,9м;Бинты;;;;
ЦБ-00176922;Отрез марлевый медицинский 10м;Бинты;;;;
ЦБ-00179041;Отрез марлевый медицинский 200х90см;Бинты;;;;
ЦБ-00156966;Отрез марлевый н/стер. 0,9*10м;Бинты;;;;
ЦБ-00156494;Отрез марлевый н/стер. 0,9*2м;Бинты;;;;
ЦБ-00127912;Отрез марлевый н/стер. 0,9*5м;Бинты;;;;
ЦБ-00118490;Отрезы марлевые медицинские нестерил.3м Навтекс;Бинты;;;;
ЦБ-00003088;Офлоксацин р-р д/инф. 2мг/мл 100мл;Антибактериальные средства инъекционные р-ры;;;;
ЦБ-00105464;Офлоксацин р-р д/инф. 2мг/мл 100мл;Антибактериальные средства инъекционные р-ры;;;;
ЦБ-00003092;Офлоксин р-р д/инф. 2мг/мл 100мл;Антибактериальные средства инъекционные р-ры;;;;
ЦБ-00003095;Офрамакс пор в/в и в/м 1г;Антибактериальные средства инъекционные р-ры;;;;
РТ-00010287;Очки  компьютерные металлические;Очки готовые;;;;
РТ-00014644;Очки  компьютерные пластиковые;Очки готовые;;;;
РТ-00000952;Очки готовые  b-111060 с1;Очки готовые;;;;
РТ-00000954;Очки готовые  k 2718;Очки готовые;;;;
ЦБ-00150099;Очки готовые +3,5 МОСТ 8801;Очки готовые;;;;
ЦБ-00146929;Очки готовые +3,5 Фабия Монти;Очки готовые;;;;
РТ-00000953;Очки готовые Claziano 5663 c1;Очки готовые;;;;
РТ-00009506;Очки готовые EAE 015 (+1,0);Очки готовые;;;;
РТ-00009507;Очки готовые EAE 015 (+1,5);Очки готовые;;;;
РТ-00010158;Очки готовые EAE 015 (+1,75);Очки готовые;;;;
РТ-00009508;Очки готовые EAE 015 (+2,0);Очки готовые;;;;
РТ-00010186;Очки готовые EAE 015 (+2,25);Очки готовые;;;;
РТ-00009509;Очки готовые EAE 015 (+2,5);Очки готовые;;;;
РТ-00010209;Очки готовые EAE 015 (+2,75);Очки готовые;;;;
РТ-00009510;Очки готовые EAE 015 (+3,0);Очки готовые;;;;
РТ-00010234;Очки готовые EAE 015 (+3,25);Очки готовые;;;;
РТ-00010255;Очки готовые EAE 015 (+3,75);Очки готовые;;;;
РТ-00010269;Очки готовые EAE 015 (+4,0);Очки готовые;;;;
РТ-00009511;Очки готовые EAE 159 (+1,0);Очки готовые;;;;
РТ-00009512;Очки готовые EAE 159 (+1,5);Очки готовые;;;;
РТ-00009513;Очки готовые EAE 159 (+2,0);Очки готовые;;;;
РТ-00009514;Очки готовые EAE 159 (+2,5);Очки готовые;;;;
РТ-00009515;Очки готовые EAE 159 (+3,0);Очки готовые;;;;
РТ-00010146;Очки готовые EAE 542 (+1,0);Очки готовые;;;;
РТ-00010153;Очки готовые EAE 542 (+1,5);Очки готовые;;;;
РТ-00010097;Очки готовые EAE 542 (-1,75);Очки готовые;;;;
РТ-00009516;Очки готовые EAE 543 (+1,0);Очки готовые;;;;
РТ-00009517;Очки готовые EAE 543 (+1,5);Очки готовые;;;;
РТ-00010159;Очки готовые EAE 543 (+1,75);Очки готовые;;;;
РТ-00009518;Очки готовые EAE 543 (+2,0);Очки готовые;;;;
РТ-00010187;Очки готовые EAE 543 (+2,25);Очки готовые;;;;
РТ-00009519;Очки готовые EAE 543 (+2,5);Очки готовые;;;;
РТ-00010210;Очки готовые EAE 543 (+2,75);Очки готовые;;;;
РТ-00009520;Очки готовые EAE 543 (+3,0);Очки готовые;;;;
РТ-00010235;Очки готовые EAE 543 (+3,25);Очки готовые;;;;
ЦБ-00172809;Очки готовые EAE 543 (+3,50);Очки готовые;;;;
РТ-00010256;Очки готовые EAE 543 (+3,75);Очки готовые;;;;
РТ-00010270;Очки готовые EAE 543 (+4,0);Очки готовые;;;;
РТ-00009521;Очки готовые EAE 543 (-1,0);Очки готовые;;;;
РТ-00009522;Очки готовые EAE 543 (-1,5);Очки готовые;;;;
РТ-00009523;Очки готовые EAE 543 (-2,0);Очки готовые;;;;
РТ-00009640;Очки готовые EAE 543 (-2,5);Очки готовые;;;;
РТ-00009524;Очки готовые EAE 7810 (+1,0);Очки готовые;;;;
РТ-00009525;Очки готовые EAE 7810 (+1,5);Очки готовые;;;;
РТ-00010160;Очки готовые EAE 7810 (+1,75);Очки готовые;;;;
РТ-00009526;Очки готовые EAE 7810 (+2,0);Очки готовые;;;;
РТ-00010188;Очки готовые EAE 7810 (+2,25);Очки готовые;;;;
РТ-00009527;Очки готовые EAE 7810 (+2,5);Очки готовые;;;;
РТ-00010211;Очки готовые EAE 7810 (+2,75);Очки готовые;;;;
РТ-00009528;Очки готовые EAE 7810 (+3,0);Очки готовые;;;;
РТ-00010236;Очки готовые EAE 7810 (+3,25);Очки готовые;;;;
РТ-00010257;Очки готовые EAE 7810 (+3,75);Очки готовые;;;;
РТ-00010271;Очки готовые EAE 7810 (+4,0);Очки готовые;;;;
ЦБ-00123552;Очки готовые EAE015 (+3.5);Очки готовые;;;;
РТ-00009529;Очки готовые Fabia Monti 117 (+1,0);Очки готовые;;;;
РТ-00009530;Очки готовые Fabia Monti 117 (+1,5);Очки готовые;;;;
РТ-00013705;Очки готовые Fabia Monti 117 (+1,75);Очки готовые;;;;
РТ-00009531;Очки готовые Fabia Monti 117 (+2,0);Очки готовые;;;;
РТ-00009532;Очки готовые Fabia Monti 117 (+2,5);Очки готовые;;;;
РТ-00009533;Очки готовые Fabia Monti 117 (+3,0);Очки готовые;;;;
РТ-00009534;Очки готовые Fabia Monti 117 (-1,0);Очки готовые;;;;
РТ-00009535;Очки готовые Fabia Monti 117 (-1,5);Очки готовые;;;;
РТ-00009536;Очки готовые Fabia Monti 117 (-2,0);Очки готовые;;;;
РТ-00009537;Очки готовые Fabia Monti 117 (-2,5);Очки готовые;;;;
РТ-00010507;Очки готовые Fabia Monti 118 (-2,5);Очки готовые;;;;
РТ-00009538;Очки готовые Fabia Monti 353 (+1,0);Очки готовые;;;;
РТ-00009539;Очки готовые Fabia Monti 353 (+1,5);Очки готовые;;;;
РТ-00010161;Очки готовые Fabia Monti 353 (+1,75);Очки готовые;;;;
РТ-00009540;Очки готовые Fabia Monti 353 (+2,0);Очки готовые;;;;
РТ-00010189;Очки готовые Fabia Monti 353 (+2,25);Очки готовые;;;;
РТ-00009541;Очки готовые Fabia Monti 353 (+2,5);Очки готовые;;;;
РТ-00010212;Очки готовые Fabia Monti 353 (+2,75);Очки готовые;;;;
РТ-00009542;Очки готовые Fabia Monti 353 (+3,0);Очки готовые;;;;
РТ-00009543;Очки готовые Fabia Monti 353 (-1,5);Очки готовые;;;;
РТ-00009544;Очки готовые Fabia Monti 353 (-2,0);Очки готовые;;;;
РТ-00009545;Очки готовые Fabia Monti 353 (-2,5);Очки готовые;;;;
РТ-00009546;Очки готовые Fabia Monti 371 (+1,0);Очки готовые;;;;
РТ-00009547;Очки готовые Fabia Monti 371 (+1,5);Очки готовые;;;;
РТ-00010162;Очки готовые Fabia Monti 371 (+1,75);Очки готовые;;;;
РТ-00009548;Очки готовые Fabia Monti 371 (+2,0);Очки готовые;;;;
РТ-00010190;Очки готовые Fabia Monti 371 (+2,25);Очки готовые;;;;
РТ-00009549;Очки готовые Fabia Monti 371 (+2,5);Очки готовые;;;;
РТ-00010213;Очки готовые Fabia Monti 371 (+2,75);Очки готовые;;;;
РТ-00009550;Очки готовые Fabia Monti 371 (+3,0);Очки готовые;;;;
РТ-00010237;Очки готовые Fabia Monti 371 (+3,25);Очки готовые;;;;
РТ-00010258;Очки готовые Fabia Monti 371 (+3,75);Очки готовые;;;;
РТ-00010272;Очки готовые Fabia Monti 371 (+4,0);Очки готовые;;;;
РТ-00009551;Очки готовые Fabia Monti 371 (-1,0);Очки готовые;;;;
РТ-00009552;Очки готовые Fabia Monti 371 (-1,5);Очки готовые;;;;
РТ-00009553;Очки готовые Fabia Monti 371 (-2,0);Очки готовые;;;;
РТ-00009554;Очки готовые Fabia Monti 371 (-2,5);Очки готовые;;;;
РТ-00009555;Очки готовые Fabia Monti 375 (+1,0);Очки готовые;;;;
РТ-00009556;Очки готовые Fabia Monti 375 (+1,5);Очки готовые;;;;
РТ-00010163;Очки готовые Fabia Monti 375 (+1,75);Очки готовые;;;;
РТ-00009557;Очки готовые Fabia Monti 375 (+2,0);Очки готовые;;;;
РТ-00010191;Очки готовые Fabia Monti 375 (+2,25);Очки готовые;;;;
РТ-00009558;Очки готовые Fabia Monti 375 (+2,5);Очки готовые;;;;
РТ-00010214;Очки готовые Fabia Monti 375 (+2,75);Очки готовые;;;;
РТ-00009559;Очки готовые Fabia Monti 375 (+3,0);Очки готовые;;;;
РТ-00010238;Очки готовые Fabia Monti 375 (+3,25);Очки готовые;;;;
РТ-00010259;Очки готовые Fabia Monti 375 (+3,75);Очки готовые;;;;
РТ-00010273;Очки готовые Fabia Monti 375 (+4,0);Очки готовые;;;;
РТ-00009560;Очки готовые Fabia Monti 375 (-1,5);Очки готовые;;;;
РТ-00009561;Очки готовые Fabia Monti 375 (-2,0);Очки готовые;;;;
РТ-00009562;Очки готовые Fabia Monti 375 (-2,5);Очки готовые;;;;
РТ-00012231;Очки готовые Fabia Monti 511 (+1,0);Очки готовые;;;;
РТ-00009563;Очки готовые Fabia Monti 512 (+1,0);Очки готовые;;;;
РТ-00009564;Очки готовые Fabia Monti 512 (+1,5);Очки готовые;;;;
РТ-00009565;Очки готовые Fabia Monti 512 (+2,0);Очки готовые;;;;
РТ-00009566;Очки готовые Fabia Monti 512 (+2,5);Очки готовые;;;;
РТ-00009567;Очки готовые Fabia Monti 512 (+3,0);Очки готовые;;;;
РТ-00009568;Очки готовые Fabia Monti 512 (-1,0);Очки готовые;;;;
РТ-00009569;Очки готовые Fabia Monti 512 (-1,5);Очки готовые;;;;
РТ-00009570;Очки готовые Fabia Monti 512 (-2,0);Очки готовые;;;;
РТ-00009571;Очки готовые Fabia Monti 512 (-2,5);Очки готовые;;;;
РТ-00010917;Очки готовые Fabia Monti 717 (+2,5);Очки готовые;;;;
РТ-00010239;Очки готовые Fabia Monti 753 (+3,25);Очки готовые;;;;
РТ-00010260;Очки готовые Fabia Monti 753 (+3,75);Очки готовые;;;;
РТ-00010164;Очки готовые Fabia Monti 765 (+1,75);Очки готовые;;;;
РТ-00010192;Очки готовые Fabia Monti 765 (+2,25);Очки готовые;;;;
РТ-00010215;Очки готовые Fabia Monti 765 (+2,75);Очки готовые;;;;
РТ-00010240;Очки готовые Fabia Monti 765 (+3,25);Очки готовые;;;;
РТ-00010261;Очки готовые Fabia Monti 765 (+3,75);Очки готовые;;;;
РТ-00010274;Очки готовые Fabia Monti 765 (+4,0);Очки готовые;;;;
РТ-00010098;Очки готовые Fabia Monti 765 (-1,75);Очки готовые;;;;
РТ-00010106;Очки готовые Fabia Monti 765 (-2,25);Очки готовые;;;;
РТ-00010115;Очки готовые Fabia Monti 765 (-2,75);Очки готовые;;;;
РТ-00010123;Очки готовые Fabia Monti 765 (-4,0);Очки готовые;;;;
РТ-00010131;Очки готовые Fabia Monti 765 (-5,0);Очки готовые;;;;
РТ-00010138;Очки готовые Fabia Monti 765 (-6,0);Очки готовые;;;;
РТ-00009572;Очки готовые Fabia Monti 791 (+1,0);Очки готовые;;;;
РТ-00009573;Очки готовые Fabia Monti 791 (+1,5);Очки готовые;;;;
РТ-00010165;Очки готовые Fabia Monti 791 (+1,75);Очки готовые;;;;
РТ-00009574;Очки готовые Fabia Monti 791 (+2,0);Очки готовые;;;;
РТ-00010193;Очки готовые Fabia Monti 791 (+2,25);Очки готовые;;;;
РТ-00009575;Очки готовые Fabia Monti 791 (+2,5);Очки готовые;;;;
РТ-00010216;Очки готовые Fabia Monti 791 (+2,75);Очки готовые;;;;
РТ-00009576;Очки готовые Fabia Monti 791 (+3,0);Очки готовые;;;;
РТ-00010275;Очки готовые Fabia Monti 791 (+4,0);Очки готовые;;;;
РТ-00009577;Очки готовые Fabia Monti 791 (-1,0);Очки готовые;;;;
РТ-00009578;Очки готовые Fabia Monti 791 (-1,5);Очки готовые;;;;
РТ-00009579;Очки готовые Fabia Monti 791 (-2,0);Очки готовые;;;;
РТ-00009580;Очки готовые Fabia Monti 791 (-2,5);Очки готовые;;;;
РТ-00009581;Очки готовые Fabia Monti 873 (+1,5);Очки готовые;;;;
РТ-00010166;Очки готовые Fabia Monti 873 (+1,75);Очки готовые;;;;
РТ-00009582;Очки готовые Fabia Monti 873 (+2,0);Очки готовые;;;;
РТ-00010194;Очки готовые Fabia Monti 873 (+2,25);Очки готовые;;;;
РТ-00010217;Очки готовые Fabia Monti 873 (+2,75);Очки готовые;;;;
РТ-00010241;Очки готовые Fabia Monti 873 (+3,25);Очки готовые;;;;
РТ-00010262;Очки готовые Fabia Monti 873 (+3,75);Очки готовые;;;;
РТ-00010276;Очки готовые Fabia Monti 873 (+4,0);Очки готовые;;;;
РТ-00009583;Очки готовые Fabia Monti 873 (-1,5);Очки готовые;;;;
РТ-00009584;Очки готовые Fabia Monti 873 (-2,0);Очки готовые;;;;
РТ-00010124;Очки готовые Fabia Monti 873 (-4,0);Очки готовые;;;;
РТ-00010132;Очки готовые Fabia Monti 873 (-5,0);Очки готовые;;;;
РТ-00010139;Очки готовые Fabia Monti 873 (-6,0);Очки готовые;;;;
РТ-00009585;Очки готовые Fabia Monti 882 (+1,5);Очки готовые;;;;
РТ-00009586;Очки готовые Fabia Monti 882 (+2,0);Очки готовые;;;;
РТ-00009587;Очки готовые Fabia Monti 882 (-1,5);Очки готовые;;;;
РТ-00009588;Очки готовые Fabia Monti 882 (-2,0);Очки готовые;;;;
РТ-00009589;Очки готовые Glodiatr 1355 (-1,5);Очки готовые;;;;
РТ-00009590;Очки готовые Glodiatr 1355 (-2,0);Очки готовые;;;;
РТ-00009591;Очки готовые Glodiatr 1355 (-2,5);Очки готовые;;;;
РТ-00010099;Очки готовые Glodiatr 1383 (-1,75);Очки готовые;;;;
РТ-00010109;Очки готовые Glodiatr 1510 (-2,25);Очки готовые;;;;
РТ-00010114;Очки готовые Glodiatr 1510 (-2,75);Очки готовые;;;;
РТ-00010119;Очки готовые Glodiatr 1510 (-3,25);Очки готовые;;;;
РТ-00010122;Очки готовые Glodiatr 1510 (-3,75);Очки готовые;;;;
РТ-00010145;Очки готовые Glodiatr 1510 (-6,0);Очки готовые;;;;
РТ-00010177;Очки готовые Glodiatr 1584 (+1,75);Очки готовые;;;;
РТ-00010206;Очки готовые Glodiatr 1584 (+2,25);Очки готовые;;;;
РТ-00010227;Очки готовые Glodiatr 1584 (+2,75);Очки готовые;;;;
РТ-00010247;Очки готовые Glodiatr 1584 (+3,25);Очки готовые;;;;
РТ-00010267;Очки готовые Glodiatr 1584 (+3,75);Очки готовые;;;;
РТ-00010283;Очки готовые Glodiatr 1584 (+4,0);Очки готовые;;;;
РТ-00010091;Очки готовые Glodiatr 1584 (-1,0);Очки готовые;;;;
РТ-00010096;Очки готовые Glodiatr 1584 (-1,5);Очки готовые;;;;
РТ-00010105;Очки готовые Glodiatr 1584 (-2,0);Очки готовые;;;;
РТ-00000948;Очки готовые i- M97 c1;Очки готовые;;;;
РТ-00000955;Очки готовые L 3200 черный;Очки готовые;;;;
РТ-00000956;Очки готовые ly 84028;Очки готовые;;;;
РТ-00000949;Очки готовые ly-87010;Очки готовые;;;;
РТ-00000958;Очки готовые mi 1520 c1;Очки готовые;;;;
РТ-00000960;Очки готовые mi СМ6809;Очки готовые;;;;
РТ-00000950;Очки готовые mi-5216;Очки готовые;;;;
РТ-00000951;Очки готовые mi-6810;Очки готовые;;;;
РТ-00000959;Очки готовые mi-СМ 3185 c1;Очки готовые;;;;
РТ-00009601;Очки готовые Oscar 3422 (+1,0);Очки готовые;;;;
РТ-00009602;Очки готовые Oscar 3422 (+1,5);Очки готовые;;;;
РТ-00010168;Очки готовые Oscar 3422 (+1,75);Очки готовые;;;;
РТ-00009603;Очки готовые Oscar 3422 (+2,0);Очки готовые;;;;
РТ-00010196;Очки готовые Oscar 3422 (+2,25);Очки готовые;;;;
РТ-00009604;Очки готовые Oscar 3422 (+2,5);Очки готовые;;;;
РТ-00010218;Очки готовые Oscar 3422 (+2,75);Очки готовые;;;;
РТ-00009605;Очки готовые Oscar 3422 (+3,0);Очки готовые;;;;
РТ-00010242;Очки готовые Oscar 3422 (+3,25);Очки готовые;;;;
РТ-00010263;Очки готовые Oscar 3422 (+3,75);Очки готовые;;;;
РТ-00010278;Очки готовые Oscar 3422 (+4,0);Очки готовые;;;;
РТ-00009606;Очки готовые Oscar 3422 (-1,0);Очки готовые;;;;
РТ-00009607;Очки готовые Oscar 3422 (-1,5);Очки готовые;;;;
РТ-00009608;Очки готовые Oscar 3422 (-2,0);Очки готовые;;;;
РТ-00009609;Очки готовые Oscar 3422 (-2,5);Очки готовые;;;;
РТ-00009610;Очки готовые Oscar 8067 (+1,5);Очки готовые;;;;
РТ-00013754;Очки готовые Oscar 8067 (+1,75);Очки готовые;;;;
РТ-00009611;Очки готовые Oscar 8067 (+2,0);Очки готовые;;;;
РТ-00009612;Очки готовые Oscar 8067 (+2,5);Очки готовые;;;;
РТ-00012595;Очки готовые Oscar 8067 (+2,75);Очки готовые;;;;
РТ-00009613;Очки готовые Oscar 8067 (+3,0);Очки готовые;;;;
РТ-00014747;Очки готовые Oscar 8067 (+3,25);Очки готовые;;;;
РТ-00012232;Очки готовые Oscar 8067 (+4,0);Очки готовые;;;;
РТ-00009614;Очки готовые Oscar 8067 (-1,0);Очки готовые;;;;
РТ-00009615;Очки готовые Oscar 8067 (-1,5);Очки готовые;;;;
РТ-00009616;Очки готовые Oscar 8067 (-2,0);Очки готовые;;;;
РТ-00009617;Очки готовые Oscar 8067 (-2,5);Очки готовые;;;;
РТ-00012228;Очки готовые Oscar 8067 (-4,0);Очки готовые;;;;
РТ-00012229;Очки готовые Oscar 8067 (-5,0);Очки готовые;;;;
РТ-00012230;Очки готовые Oscar 8067 (-6,0);Очки готовые;;;;
РТ-00009618;Очки готовые Oscar 808 (+1,0);Очки готовые;;;;
РТ-00009619;Очки готовые Oscar 808 (+1,5);Очки готовые;;;;
РТ-00009620;Очки готовые Oscar 808 (+2,0);Очки готовые;;;;
РТ-00010197;Очки готовые Oscar 808 (+2,25);Очки готовые;;;;
РТ-00009621;Очки готовые Oscar 808 (+2,5);Очки готовые;;;;
РТ-00010219;Очки готовые Oscar 808 (+2,75);Очки готовые;;;;
РТ-00009622;Очки готовые Oscar 808 (+3,0);Очки готовые;;;;
РТ-00013126;Очки готовые Oscar 808 (+3,25);Очки готовые;;;;
РТ-00013127;Очки готовые Oscar 808 (+3,5);Очки готовые;;;;
РТ-00010264;Очки готовые Oscar 808 (+3,75);Очки готовые;;;;
РТ-00010279;Очки готовые Oscar 808 (+4,0);Очки готовые;;;;
РТ-00009623;Очки готовые Oscar 809 (+1,0);Очки готовые;;;;
РТ-00009624;Очки готовые Oscar 809 (+1,5);Очки готовые;;;;
РТ-00009625;Очки готовые Oscar 809 (+2,0);Очки готовые;;;;
РТ-00012930;Очки готовые Oscar 809 (+2,25);Очки готовые;;;;
РТ-00009626;Очки готовые Oscar 809 (+2,5);Очки готовые;;;;
РТ-00012807;Очки готовые Oscar 809 (+2,75);Очки готовые;;;;
РТ-00009627;Очки готовые Oscar 809 (+3,0);Очки готовые;;;;
РТ-00012931;Очки готовые Oscar 809 (+3,75);Очки готовые;;;;
РТ-00012233;Очки готовые Oscar 809 (+4,0);Очки готовые;;;;
ЦБ-00166439;Очки готовые Oscar 908 (+0,75);Очки готовые;;;;
РТ-00009592;Очки готовые Oscar 908 (+1,0);Очки готовые;;;;
РТ-00009593;Очки готовые Oscar 908 (+1,5);Очки готовые;;;;
РТ-00010167;Очки готовые Oscar 908 (+1,75);Очки готовые;;;;
РТ-00009594;Очки готовые Oscar 908 (+2,0);Очки готовые;;;;
РТ-00010195;Очки готовые Oscar 908 (+2,25);Очки готовые;;;;
РТ-00009595;Очки готовые Oscar 908 (+2,5);Очки готовые;;;;
РТ-00009596;Очки готовые Oscar 908 (+3,0);Очки готовые;;;;
РТ-00012932;Очки готовые Oscar 908 (+3,5);Очки готовые;;;;
РТ-00010277;Очки готовые Oscar 908 (+4,0);Очки готовые;;;;
ЦБ-00117640;Очки готовые Oscar 908 (+6,0);Очки готовые;;;;
РТ-00009597;Очки готовые Oscar 908 (-1,0);Очки готовые;;;;
РТ-00009598;Очки готовые Oscar 908 (-1,5);Очки готовые;;;;
РТ-00009599;Очки готовые Oscar 908 (-2,0);Очки готовые;;;;
РТ-00009600;Очки готовые Oscar 908 (-2,5);Очки готовые;;;;
РТ-00010125;Очки готовые Oscar 908 (-4,0);Очки готовые;;;;
РТ-00010133;Очки готовые Oscar 908 (-5,0);Очки готовые;;;;
РТ-00010140;Очки готовые Oscar 908 (-6,0);Очки готовые;;;;
РТ-00009628;Очки готовые Ralph 013 (+1,5);Очки готовые;;;;
РТ-00010169;Очки готовые Ralph 013 (+1,75);Очки готовые;;;;
РТ-00009629;Очки готовые Ralph 013 (+2,0);Очки готовые;;;;
РТ-00010198;Очки готовые Ralph 013 (+2,25);Очки готовые;;;;
РТ-00009630;Очки готовые Ralph 013 (+2,5);Очки готовые;;;;
РТ-00010220;Очки готовые Ralph 013 (+2,75);Очки готовые;;;;
РТ-00010280;Очки готовые Ralph 013 (+4,0);Очки готовые;;;;
РТ-00010126;Очки готовые Ralph 013 (-4,0);Очки готовые;;;;
РТ-00010134;Очки готовые Ralph 013 (-5,0);Очки готовые;;;;
РТ-00010141;Очки готовые Ralph 013 (-6,0);Очки готовые;;;;
РТ-00009631;Очки готовые Ralph 0463 (-1,0);Очки готовые;;;;
РТ-00009632;Очки готовые Ralph 0463 (-1,5);Очки готовые;;;;
РТ-00009633;Очки готовые Ralph 0463 (-2,0);Очки готовые;;;;
РТ-00009634;Очки готовые Ralph 0463 (-2,5);Очки готовые;;;;
РТ-00010127;Очки готовые Ralph 0463 (-4,0);Очки готовые;;;;
РТ-00010135;Очки готовые Ralph 0463 (-5,0);Очки готовые;;;;
РТ-00010100;Очки готовые Ralph 0465 (-1,75);Очки готовые;;;;
РТ-00010107;Очки готовые Ralph 0465 (-2,25);Очки готовые;;;;
РТ-00010116;Очки готовые Ralph 0465 (-2,75);Очки готовые;;;;
РТ-00010117;Очки готовые Ralph 0465 (-3,25);Очки готовые;;;;
РТ-00010120;Очки готовые Ralph 0465 (-3,75);Очки готовые;;;;
РТ-00010136;Очки готовые Ralph 0465 (-5,0);Очки готовые;;;;
РТ-00010142;Очки готовые Ralph 0465 (-6,0);Очки готовые;;;;
РТ-00010147;Очки готовые Ralph 0501 (+1,0);Очки готовые;;;;
РТ-00010154;Очки готовые Ralph 0501 (+1,5);Очки готовые;;;;
РТ-00010180;Очки готовые Ralph 0501 (+2,0);Очки готовые;;;;
РТ-00010229;Очки готовые Ralph 0501 (+3,0);Очки готовые;;;;
РТ-00010128;Очки готовые Ralph 0501 (-4,0);Очки готовые;;;;
РТ-00010143;Очки готовые Ralph 0501 (-6,0);Очки готовые;;;;
РТ-00010151;Очки готовые Ralph 0520 тонированные (+1,0);Очки готовые;;;;
РТ-00010092;Очки готовые Ralph 0520 тонированные (-1,0);Очки готовые;;;;
РТ-00010101;Очки готовые Ralph 0536 (-1,75);Очки готовые;;;;
РТ-00010108;Очки готовые Ralph 0536 (-2,25);Очки готовые;;;;
РТ-00010113;Очки готовые Ralph 0536 (-2,75);Очки готовые;;;;
РТ-00010118;Очки готовые Ralph 0536 (-3,25);Очки готовые;;;;
РТ-00010121;Очки готовые Ralph 0536 (-3,75);Очки готовые;;;;
РТ-00011140;Очки готовые Ralph 0550 (+3,5);Очки готовые;;;;
ЦБ-00162265;Очки готовые Ralph 0562 (+2,75);Очки готовые;;;;
РТ-00010148;Очки готовые Ralph 0562 тонированные (+1,0);Очки готовые;;;;
РТ-00010155;Очки готовые Ralph 0562 тонированные (+1,5);Очки готовые;;;;
РТ-00010230;Очки готовые Ralph 0562 тонированные (+3,0);Очки готовые;;;;
РТ-00010281;Очки готовые Ralph 0562 тонированные (+4,0);Очки готовые;;;;
РТ-00010093;Очки готовые Ralph 0562 тонированные (-1,5);Очки готовые;;;;
РТ-00010102;Очки готовые Ralph 0562 тонированные (-2,0);Очки готовые;;;;
РТ-00010110;Очки готовые Ralph 0562 тонированные (-2,5);Очки готовые;;;;
РТ-00010149;Очки готовые Ralph 0565 (+1,0);Очки готовые;;;;
РТ-00010156;Очки готовые Ralph 0565 (+1,5);Очки готовые;;;;
РТ-00010221;Очки готовые Ralph 0565 (+2,75);Очки готовые;;;;
РТ-00010129;Очки готовые Ralph 0565 (-4,0);Очки готовые;;;;
РТ-00010170;Очки готовые Ralph 0569 тонированные (+1,75);Очки готовые;;;;
РТ-00010181;Очки готовые Ralph 0569 тонированные (+2,0);Очки готовые;;;;
РТ-00010199;Очки готовые Ralph 0569 тонированные (+2,25);Очки готовые;;;;
РТ-00010231;Очки готовые Ralph 0569 тонированные (+3,0);Очки готовые;;;;
РТ-00010243;Очки готовые Ralph 0569 тонированные (+3,25);Очки готовые;;;;
РТ-00010094;Очки готовые Ralph 0569 тонированные (-1,5);Очки готовые;;;;
РТ-00010103;Очки готовые Ralph 0569 тонированные (-2,0);Очки готовые;;;;
РТ-00010111;Очки готовые Ralph 0569 тонированные (-2,5);Очки готовые;;;;
РТ-00010171;Очки готовые Ralph 0570 тонированные (+1,75);Очки готовые;;;;
РТ-00010152;Очки готовые Ralph 0572 тонированные (+1,0);Очки готовые;;;;
РТ-00010184;Очки готовые Ralph 0572 тонированные (+2,0);Очки готовые;;;;
РТ-00010232;Очки готовые Ralph 0572 тонированные (+3,0);Очки готовые;;;;
РТ-00010182;Очки готовые Ralph 0573 тонированные (+2,0);Очки готовые;;;;
РТ-00010178;Очки готовые Ralph 0611 (+1,75);Очки готовые;;;;
РТ-00014397;Очки готовые Ralph 0611 (+2,0);Очки готовые;;;;
РТ-00010207;Очки готовые Ralph 0611 (+2,25);Очки готовые;;;;
РТ-00010228;Очки готовые Ralph 0611 (+2,75);Очки готовые;;;;
РТ-00010249;Очки готовые Ralph 0611 (+3,5);Очки готовые;;;;
РТ-00010284;Очки готовые Ralph 0611 (+4,0);Очки готовые;;;;
РТ-00010179;Очки готовые Ralph 0614 (+1,75);Очки готовые;;;;
РТ-00010185;Очки готовые Ralph 0614 (+2,0);Очки готовые;;;;
РТ-00010208;Очки готовые Ralph 0614 (+2,25);Очки готовые;;;;
РТ-00010233;Очки готовые Ralph 0614 (+3,0);Очки готовые;;;;
РТ-00010248;Очки готовые Ralph 0614 (+3,25);Очки готовые;;;;
РТ-00010250;Очки готовые Ralph 0614 (+3,5);Очки готовые;;;;
РТ-00010268;Очки готовые Ralph 0614 (+3,75);Очки готовые;;;;
РТ-00010285;Очки готовые Ralph 0614 (+4,0);Очки готовые;;;;
РТ-00009635;Очки готовые Ralph 5858 (+1,0);Очки готовые;;;;
РТ-00009636;Очки готовые Ralph 5858 (+1,5);Очки готовые;;;;
РТ-00010172;Очки готовые Ralph 5858 (+1,75);Очки готовые;;;;
РТ-00009637;Очки готовые Ralph 5858 (+2,0);Очки готовые;;;;
РТ-00010200;Очки готовые Ralph 5858 (+2,25);Очки готовые;;;;
РТ-00009638;Очки готовые Ralph 5858 (+2,5);Очки готовые;;;;
РТ-00010222;Очки готовые Ralph 5858 (+2,75);Очки готовые;;;;
РТ-00009639;Очки готовые Ralph 5858 (+3,0);Очки готовые;;;;
РТ-00010244;Очки готовые Ralph 5858 (+3,25);Очки готовые;;;;
РТ-00014824;Очки готовые Ralph 5858 (+3,75);Очки готовые;;;;
РТ-00000965;Очки готовые Tiger 8180;Очки готовые;;;;
РТ-00009641;Очки готовые Vizzini 8051 (+1,0);Очки готовые;;;;
РТ-00009642;Очки готовые Vizzini 8051 (+1,5);Очки готовые;;;;
РТ-00010173;Очки готовые Vizzini 8051 (+1,75);Очки готовые;;;;
РТ-00009643;Очки готовые Vizzini 8051 (+2,0);Очки готовые;;;;
РТ-00010201;Очки готовые Vizzini 8051 (+2,25);Очки готовые;;;;
РТ-00009644;Очки готовые Vizzini 8051 (+2,5);Очки готовые;;;;
РТ-00010223;Очки готовые Vizzini 8051 (+2,75);Очки готовые;;;;
РТ-00009645;Очки готовые Vizzini 8051 (+3,0);Очки готовые;;;;
РТ-00012235;Очки готовые Vizzini 8051 (+3,25);Очки готовые;;;;
РТ-00012234;Очки готовые Vizzini 8051 (+3,75);Очки готовые;;;;
РТ-00009646;Очки готовые Vizzini 8051 (-1,0);Очки готовые;;;;
РТ-00009647;Очки готовые Vizzini 8051 (-1,5);Очки готовые;;;;
РТ-00009648;Очки готовые Vizzini 8051 (-2,0);Очки готовые;;;;
РТ-00009649;Очки готовые Vizzini 8051 (-2,5);Очки готовые;;;;
РТ-00013526;Очки готовые Vizzini 8051 (-4,0);Очки готовые;;;;
РТ-00010174;Очки готовые Vizzini 8067 (+1,75);Очки готовые;;;;
РТ-00010202;Очки готовые Vizzini 8067 (+2,25);Очки готовые;;;;
РТ-00010224;Очки готовые Vizzini 8067 (+2,75);Очки готовые;;;;
РТ-00010245;Очки готовые Vizzini 8067 (+3,25);Очки готовые;;;;
РТ-00010265;Очки готовые Vizzini 8067 (+3,75);Очки готовые;;;;
РТ-00010282;Очки готовые Vizzini 8067 (+4,0);Очки готовые;;;;
РТ-00010130;Очки готовые Vizzini 8067 (-4,0);Очки готовые;;;;
РТ-00010137;Очки готовые Vizzini 8067 (-5,0);Очки готовые;;;;
РТ-00010144;Очки готовые Vizzini 8067 (-6,0);Очки готовые;;;;
РТ-00000966;Очки готовые y-2929 серый тонировка;Очки готовые;;;;
РТ-00000967;Очки готовые y-7722 тонировка;Очки готовые;;;;
РТ-00000968;Очки готовые Восток-1316 сиреневый;Очки готовые;;;;
РТ-00000947;Очки готовые Голд  f-1023;Очки готовые;;;;
РТ-00000946;Очки готовые Космос 6865 c3;Очки готовые;;;;
ЦБ-00188631;Очки готовые Мост 102 (+1,25);Очки готовые;;;;
ЦБ-00188639;Очки готовые Мост 102 (+1,75);Очки готовые;;;;
ЦБ-00188644;Очки готовые Мост 102 (+2,00);Очки готовые;;;;
ЦБ-00188372;Очки готовые Мост 160 (+1,75);Очки готовые;;;;
ЦБ-00176709;Очки готовые Мост 160 (-2,0);Очки готовые;;;;
ЦБ-00176708;Очки готовые Мост 160 (-2,5);Очки готовые;;;;
РТ-00009840;Очки готовые Мост 2064 (+1,0);Очки готовые;;;;
РТ-00009650;Очки готовые Мост 2064 (+1,5);Очки готовые;;;;
РТ-00010175;Очки готовые Мост 2064 (+1,75);Очки готовые;;;;
РТ-00009651;Очки готовые Мост 2064 (+2,0);Очки готовые;;;;
РТ-00010203;Очки готовые Мост 2064 (+2,25);Очки готовые;;;;
РТ-00009652;Очки готовые Мост 2064 (+2,5);Очки готовые;;;;
РТ-00010225;Очки готовые Мост 2064 (+2,75);Очки готовые;;;;
РТ-00009653;Очки готовые Мост 2064 (+3,0);Очки готовые;;;;
РТ-00010246;Очки готовые Мост 2064 (+3,25);Очки готовые;;;;
РТ-00010266;Очки готовые Мост 2064 (+3,75);Очки готовые;;;;
ЦБ-00181408;Очки готовые Мост 2064 (+4,00);Очки готовые;;;;
РТ-00009654;Очки готовые Мост 2064 (-1,0);Очки готовые;;;;
РТ-00009655;Очки готовые Мост 2064 (-1,5);Очки готовые;;;;
РТ-00009656;Очки готовые Мост 2064 (-2,5);Очки готовые;;;;
РТ-00010150;Очки готовые Мост 2078 тонированные (+1,0);Очки готовые;;;;
РТ-00010157;Очки готовые Мост 2078 тонированные (+1,5);Очки готовые;;;;
РТ-00010183;Очки готовые Мост 2078 тонированные (+2,0);Очки готовые;;;;
РТ-00010090;Очки готовые Мост 2078 тонированные (-1,0);Очки готовые;;;;
РТ-00010095;Очки готовые Мост 2078 тонированные (-1,5);Очки готовые;;;;
РТ-00010104;Очки готовые Мост 2078 тонированные (-2,0);Очки готовые;;;;
РТ-00010112;Очки готовые Мост 2078 тонированные (-2,5);Очки готовые;;;;
РТ-00009657;Очки готовые Мост 2082 (+1,0);Очки готовые;;;;
РТ-00010176;Очки готовые Мост 2082 (+1,75);Очки готовые;;;;
РТ-00010204;Очки готовые Мост 2082 (+2,25);Очки готовые;;;;
РТ-00009658;Очки готовые Мост 2082 (+2,5);Очки готовые;;;;
РТ-00009659;Очки готовые Мост 2082 (-1,0);Очки готовые;;;;
РТ-00009660;Очки готовые Мост 2082 (-1,5);Очки готовые;;;;
РТ-00009661;Очки готовые Мост 2082 (-2,0);Очки готовые;;;;
РТ-00009662;Очки готовые Мост 2082 (-2,5);Очки готовые;;;;
ЦБ-00176710;Очки готовые Мост 2740 (+1,5);Очки готовые;;;;
ЦБ-00176711;Очки готовые Мост 2740 (+2,0);Очки готовые;;;;
ЦБ-00176712;Очки готовые Мост 2740 (+3,0);Очки готовые;;;;
ЦБ-00188649;Очки готовые Мост 6603 (+2,25);Очки готовые;;;;
ЦБ-00188650;Очки готовые Мост 6603 (+3,00);Очки готовые;;;;
РТ-00009663;Очки готовые Мост 8801 (+1,0);Очки готовые;;;;
РТ-00009664;Очки готовые Мост 8801 (+1,5);Очки готовые;;;;
ЦБ-00190633;Очки готовые Мост 8801 (+1,75);Очки готовые;;;;
РТ-00009665;Очки готовые Мост 8801 (+2,0);Очки готовые;;;;
РТ-00010205;Очки готовые Мост 8801 (+2,25);Очки готовые;;;;
РТ-00010226;Очки готовые Мост 8801 (+2,75);Очки готовые;;;;
РТ-00009666;Очки готовые Мост 8801 (+3,0);Очки готовые;;;;
РТ-00009667;Очки готовые Мост 8801 (-1,0);Очки готовые;;;;
РТ-00009668;Очки готовые Мост 8801 (-1,5);Очки готовые;;;;
ЦБ-00158454;Очки готовые Мост 8958 (-1,0);Очки готовые;;;;
РТ-00000969;Очки готовые с футляром Окуляр 220032 с04;Очки готовые;;;;
РТ-00000964;Очки готовые Софо 11073;Очки готовые;;;;
РТ-00000970;Очки готовые у-3434;Очки готовые;;;;
ЦБ-00121252;Очки готовые Фабия Монти 799 (+1,5);Очки готовые;;;;
РТ-00000957;Очки готовые Цветок ly 9116;Очки готовые;;;;
ЦБ-00130521;Очки д/компьютера IQ Glasses BFL 004/49 U;Очки готовые;;;;
ЦБ-00025073;ОЧКИ Д/ЧТЕНИЯ ЛЕКТОР БРНЗ +4.0;Очки готовые;;;;
ЦБ-00158597;Очки компьютерные;Очки готовые;;;;
ЦБ-00160987;Очки компьютерные low;Очки готовые;;;;
ЦБ-00160988;Очки компьютерные middle;Очки готовые;;;;
ЦБ-00011115;Очки компьютерные релакс;Очки готовые;;;;
ЦБ-00158598;Очки корригирующие (+0,50);Очки готовые;;;;
ЦБ-00160989;Очки корригирующие (+0,50) low;Очки готовые;;;;
ЦБ-00160990;Очки корригирующие (+0,50) middle;Очки готовые;;;;
ЦБ-00158599;Очки корригирующие (+0,75);Очки готовые;;;;
ЦБ-00160991;Очки корригирующие (+0,75) low;Очки готовые;;;;
ЦБ-00160992;Очки корригирующие (+0,75) middle;Очки готовые;;;;
ЦБ-00158600;Очки корригирующие (+1,00);Очки готовые;;;;
ЦБ-00160993;Очки корригирующие (+1,00) low;Очки готовые;;;;
ЦБ-00160994;Очки корригирующие (+1,00) middle;Очки готовые;;;;
ЦБ-00158601;Очки корригирующие (+1,25);Очки готовые;;;;
ЦБ-00160995;Очки корригирующие (+1,25) low;Очки готовые;;;;
ЦБ-00160996;Очки корригирующие (+1,25) middle;Очки готовые;;;;
ЦБ-00158602;Очки корригирующие (+1,50);Очки готовые;;;;
ЦБ-00160997;Очки корригирующие (+1,50) low;Очки готовые;;;;
ЦБ-00160998;Очки корригирующие (+1,50) middle;Очки готовые;;;;
ЦБ-00158603;Очки корригирующие (+1,75);Очки готовые;;;;
ЦБ-00160999;Очки корригирующие (+1,75) low;Очки готовые;;;;
ЦБ-00161000;Очки корригирующие (+1,75) middle;Очки готовые;;;;
ЦБ-00158604;Очки корригирующие (+2,00);Очки готовые;;;;
ЦБ-00161001;Очки корригирующие (+2,00) low;Очки готовые;;;;
ЦБ-00161002;Очки корригирующие (+2,00) middle;Очки готовые;;;;
ЦБ-00158605;Очки корригирующие (+2,25);Очки готовые;;;;
ЦБ-00161003;Очки корригирующие (+2,25) low;Очки готовые;;;;
ЦБ-00161004;Очки корригирующие (+2,25) middle;Очки готовые;;;;
ЦБ-00158606;Очки корригирующие (+2,50);Очки готовые;;;;
ЦБ-00161005;Очки корригирующие (+2,50) low;Очки готовые;;;;
ЦБ-00161006;Очки корригирующие (+2,50) middle;Очки готовые;;;;
ЦБ-00158607;Очки корригирующие (+2,75);Очки готовые;;;;
ЦБ-00161007;Очки корригирующие (+2,75) low;Очки готовые;;;;
ЦБ-00161008;Очки корригирующие (+2,75) middle;Очки готовые;;;;
ЦБ-00158608;Очки корригирующие (+3,00);Очки готовые;;;;
ЦБ-00161009;Очки корригирующие (+3,00) low;Очки готовые;;;;
ЦБ-00161010;Очки корригирующие (+3,00) middle;Очки готовые;;;;
ЦБ-00158609;Очки корригирующие (+3,50);Очки готовые;;;;
ЦБ-00161011;Очки корригирующие (+3,50) low;Очки готовые;;;;
ЦБ-00161012;Очки корригирующие (+3,50) middle;Очки готовые;;;;
ЦБ-00158610;Очки корригирующие (+3,75);Очки готовые;;;;
ЦБ-00161013;Очки корригирующие (+3,75) low;Очки готовые;;;;
ЦБ-00161014;Очки корригирующие (+3,75) middle;Очки готовые;;;;
ЦБ-00158611;Очки корригирующие (+4,00);Очки готовые;;;;
ЦБ-00161015;Очки корригирующие (+4,00) low;Очки готовые;;;;
ЦБ-00161016;Очки корригирующие (+4,00) middle;Очки готовые;;;;
ЦБ-00158612;Очки корригирующие (+4,50);Очки готовые;;;;
ЦБ-00161017;Очки корригирующие (+4,50) low;Очки готовые;;;;
ЦБ-00161018;Очки корригирующие (+4,50) middle;Очки готовые;;;;
ЦБ-00158613;Очки корригирующие (+5,00);Очки готовые;;;;
ЦБ-00161019;Очки корригирующие (+5,00) low;Очки готовые;;;;
ЦБ-00161020;Очки корригирующие (+5,00) middle;Очки готовые;;;;
ЦБ-00158614;Очки корригирующие (-0,50);Очки готовые;;;;
ЦБ-00161021;Очки корригирующие (-0,50) low;Очки готовые;;;;
ЦБ-00161022;Очки корригирующие (-0,50) middle;Очки готовые;;;;
ЦБ-00158615;Очки корригирующие (-0,75);Очки готовые;;;;
ЦБ-00161023;Очки корригирующие (-0,75) low;Очки готовые;;;;
ЦБ-00161024;Очки корригирующие (-0,75) middle;Очки готовые;;;;
ЦБ-00158616;Очки корригирующие (-1,00);Очки готовые;;;;
ЦБ-00161025;Очки корригирующие (-1,00) low;Очки готовые;;;;
ЦБ-00161026;Очки корригирующие (-1,00) middle;Очки готовые;;;;
ЦБ-00158617;Очки корригирующие (-1,50);Очки готовые;;;;
ЦБ-00161027;Очки корригирующие (-1,50) low;Очки готовые;;;;
ЦБ-00161028;Очки корригирующие (-1,50) middle;Очки готовые;;;;
ЦБ-00158618;Очки корригирующие (-2,00);Очки готовые;;;;
ЦБ-00161029;Очки корригирующие (-2,00) low;Очки готовые;;;;
ЦБ-00161030;Очки корригирующие (-2,00) middle;Очки готовые;;;;
ЦБ-00158619;Очки корригирующие (-2,50);Очки готовые;;;;
ЦБ-00161031;Очки корригирующие (-2,50) low;Очки готовые;;;;
ЦБ-00161032;Очки корригирующие (-2,50) middle;Очки готовые;;;;
ЦБ-00158620;Очки корригирующие (-3,00);Очки готовые;;;;
ЦБ-00161033;Очки корригирующие (-3,00) low;Очки готовые;;;;
ЦБ-00161034;Очки корригирующие (-3,00) middle;Очки готовые;;;;
ЦБ-00158621;Очки корригирующие (-3,50);Очки готовые;;;;
ЦБ-00161035;Очки корригирующие (-3,50) low;Очки готовые;;;;
ЦБ-00161036;Очки корригирующие (-3,50) middle;Очки готовые;;;;
ЦБ-00158622;Очки корригирующие (-3,75);Очки готовые;;;;
ЦБ-00161037;Очки корригирующие (-3,75) low;Очки готовые;;;;
ЦБ-00161038;Очки корригирующие (-3,75) middle;Очки готовые;;;;
ЦБ-00158623;Очки корригирующие (-4,00);Очки готовые;;;;
ЦБ-00161039;Очки корригирующие (-4,00) low;Очки готовые;;;;
ЦБ-00161040;Очки корригирующие (-4,00) middle;Очки готовые;;;;
ЦБ-00158624;Очки корригирующие (-4,50);Очки готовые;;;;
ЦБ-00161041;Очки корригирующие (-4,50) low;Очки готовые;;;;
ЦБ-00161042;Очки корригирующие (-4,50) middle;Очки готовые;;;;
ЦБ-00158625;Очки корригирующие (-5,00);Очки готовые;;;;
ЦБ-00161043;Очки корригирующие (-5,00) low;Очки готовые;;;;
ЦБ-00161044;Очки корригирующие (-5,00) middle;Очки готовые;;;;
РТ-00001013;Очки корригирующие (лектор в тубусе широкий);Очки готовые;;;;
РТ-00001014;Очки корригирующие (лектор в тубусе);Очки готовые;;;;
ЦБ-00019766;ОЧКИ КОРРИГИРУЮЩИЕ 1.4;Очки готовые;;;;
РТ-00001439;Очки корригирующие 1гр. (линза CR-39) женские;Очки готовые;;;;
РТ-00001440;Очки корригирующие 1гр. (линза CR-39) мужские;Очки готовые;;;;
РТ-00001030;Очки корригирующие 2гр. (линза CR-39, AR-покрытие) женские;Очки готовые;;;;
РТ-00001040;Очки корригирующие 2гр. (линза CR-39, AR-покрытие) мужские;Очки готовые;;;;
РТ-00001039;Очки корригирующие 3гр. (линза ФХС) Мужские;Очки готовые;;;;
РТ-00001438;Очки корригирующие 4гр. (линза CR-39 окр. в массе) мужские;Очки готовые;;;;
ЦБ-00151154;Очки корригирующие Bouquiniste Complect 4в1  001/C1+1,5U;Очки готовые;;;;
РТ-00001537;Очки корригирующие Buena Vista BV031 женские -1;Очки готовые;;;;
РТ-00001017;Очки корригирующие Este1 комбинированные;Очки готовые;;;;
РТ-00001022;Очки корригирующие FL003;Очки готовые;;;;
РТ-00001019;Очки корригирующие FL004;Очки готовые;;;;
РТ-00001041;Очки корригирующие FL008;Очки готовые;;;;
РТ-00001018;Очки корригирующие FL015;Очки готовые;;;;
РТ-00001042;Очки корригирующие FL035;Очки готовые;;;;
РТ-00001436;Очки корригирующие FL036;Очки готовые;;;;
РТ-00001015;Очки корригирующие FL038;Очки готовые;;;;
РТ-00001433;Очки корригирующие La Siesta LS 1402;Очки готовые;;;;
РТ-00001026;Очки корригирующие La Siesta LS 1406;Очки готовые;;;;
РТ-00001434;Очки корригирующие La Siesta LS 1409;Очки готовые;;;;
РТ-00001435;Очки корригирующие La Siesta LS1410;Очки готовые;;;;
РТ-00001023;Очки корригирующие La Siesta LS1412;Очки готовые;;;;
РТ-00001437;Очки корригирующие La Siesta LS1417;Очки готовые;;;;
РТ-00001442;Очки корригирующие La Siesta LS1419;Очки готовые;;;;
РТ-00001441;Очки корригирующие La Siesta LS1424;Очки готовые;;;;
ЦБ-00146168;Очки корригирующие А-вижн комлект 2в1 001/C1 +3,5U;Очки готовые;;;;
РТ-00001011;Очки корригирующие в металлической оправе (евро лектор);Очки готовые;;;;
РТ-00001012;Очки корригирующие Згр. (линза ФХС) Женские;Очки готовые;;;;
ЦБ-00135515;Очки корригирующие Ревлон 10193/49 +2,5;Очки готовые;;;;
ЦБ-00143318;Очки корригирующие Ревлон 10198/81 +3,0;Очки готовые;;;;
ЦБ-00026521;ОЧКИ ПОЛАРОИД 6703В ШТ;Очки готовые;;;;
ЦБ-00011116;Очки поляризационные ?Cafa France? S 12769;Очки готовые;;;;
ЦБ-00011117;Очки поляризационные ?Cafa France? С 13878;Очки готовые;;;;
ЦБ-00011118;Очки поляризационные ?Cafa France? С13824;Очки готовые;;;;
ЦБ-00011119;Очки поляризационные Кафа Франц 4 620 002 440 459 арт.С13396. линза коричневая. оправа металл;Очки готовые;;;;
ЦБ-00030754;Очки поляризационные Кафа Франц 4 620 002 440 466 арт.CF526. линза коричневая. оправа металл;Очки готовые;;;;
ЦБ-00011120;Очки поляризационные Кафа Франц 4 620 002 440 503арт.С13398Y;Очки готовые;;;;
ЦБ-00011121;Очки поляризационные Кафа Франц 4 620 002 440 558 арт.CF7034;Очки готовые;;;;
ЦБ-00011122;Очки поляризационные Кафа Франц 4 620 002 440 633 арт.С12904. линза коричневая. оправа металл;Очки готовые;;;;
ЦБ-00011123;Очки поляризационные Кафа Франц 4 620 002 440 657 арт.С12931. линза коричневая. оправа металл;Очки готовые;;;;
ЦБ-00011124;Очки поляризационные Кафа Франц 4 620 002 440 671 арт.С13198. линза коричневая. оправа металл;Очки готовые;;;;
ЦБ-00011125;Очки поляризационные Кафа Франц 4 620 002 440 718 арт.CF12507 линза коричневая. оправа металл (полуо;Очки готовые;;;;
ЦБ-00011126;Очки поляризационные Кафа Франц 4 620 002 440 909 арт.S11125. линза коричневая. оправа пластик;Очки готовые;;;;
ЦБ-00011127;Очки поляризационные Кафа Франц 4 620 002 440 923 арт.S11532. линза коричневая. оправа пластик;Очки готовые;;;;
ЦБ-00011128;Очки поляризационные Кафа Франц 4 620 002 440 923 арт.S11532Y. линза коричневая. оправа пластик;Очки готовые;;;;
ЦБ-00011129;Очки поляризационные Кафа Франц 4 620 002 440 947 арт.S11558. линза коричневая. оправа пластик;Очки готовые;;;;
ЦБ-00011130;Очки поляризационные Кафа Франц 4 620 002 440 978 арт.S11857. линза коричневая. оправа пластик;Очки готовые;;;;
ЦБ-00011131;Очки поляризационные Кафа Франц 4 620 002 440 985 арт.S11939. линза коричневая. оправа пластик;Очки готовые;;;;
ЦБ-00011132;Очки поляризационные Кафа Франц 4 620 002 440 992 арт.S11997. линза коричневая. оправа пластик;Очки готовые;;;;
ЦБ-00011133;Очки поляризационные Кафа Франц 4 620 002 441  арт.CF8018. линза коричневая. оправа пластик;Очки готовые;;;;
ЦБ-00011134;Очки поляризационные Кафа Франц 4 620 002 441 838 арт.CF12499. линза коричневая. оправа металл;Очки готовые;;;;
ЦБ-00011135;Очки поляризационные Кафа Франц 4 620 002 441 906 арт.CF447. линза коричневая. оправа металл;Очки готовые;;;;
ЦБ-00011136;Очки поляризационные Кафа Франц 4 620 002 441 920 арт.CF60612. линза коричневая. оправа пластик;Очки готовые;;;;
ЦБ-00011137;Очки поляризационные Кафа Франц 4 620 002 441 982 арт.CF80797. линза коричневая. оправа пластик;Очки готовые;;;;
ЦБ-00011138;Очки поляризационные Кафа Франц 4 620 002 442 019 арт.S11125Y. линза коричневая. оправа пластик;Очки готовые;;;;
ЦБ-00011139;Очки поляризационные Кафа Франц 4 620 002 442 064 арт.С13404 линза серая. оправа металл;Очки готовые;;;;
ЦБ-00011140;Очки поляризационные Кафа Франц 4 620 002 442 071 арт.S12480. линза серая. оправа пластик;Очки готовые;;;;
ЦБ-00011141;Очки поляризационные Кафа Франц 4 620 002 442 101 арт.S12275. линза серая. оправа пластик;Очки готовые;;;;
ЦБ-00011142;Очки поляризационные Кафа Франц 4 620 002 442 118 арт.С13448 линза серая. оправа металл с пласт.зауш;Очки готовые;;;;
ЦБ-00011143;Очки поляризационные Кафа Франц 4 620 002 442 309 арт.С13442. линза коричневая. оправа пластик;Очки готовые;;;;
ЦБ-00011144;Очки поляризационные Кафа Франц 4 620 002 442 323 арт.С13585. линза коричневая. оправа металл;Очки готовые;;;;
ЦБ-00011145;Очки поляризационные Кафа Франц 4 620 002 442 330 арт.CF70553;Очки готовые;;;;
ЦБ-00011146;Очки поляризационные Кафа Франц 4 620 002 442 347 арт.CF80782 линза серая зеркальная. оправа пластик;Очки готовые;;;;
ЦБ-00011147;Очки поляризационные Кафа Франц 4 620 002 442 354 арт.CF80687 линза серая. оправа пластик;Очки готовые;;;;
ЦБ-00011148;Очки поляризационные Кафа Франц 4 620 002 442 361 арт.CF80978. линза серая градиент. оправа пластик;Очки готовые;;;;
ЦБ-00011149;Очки поляризационные Кафа Франц 4 620 002 442 378 арт.CF80890. линза серая. оправа пластик;Очки готовые;;;;
ЦБ-00011150;Очки поляризационные Кафа Франц 4 620 002 442 392 арт.CF121. линза коричневая градиент. оправа метал;Очки готовые;;;;
ЦБ-00011151;Очки поляризационные Кафа Франц 4 620 002 442 606арт.С13451Y;Очки готовые;;;;
ЦБ-00011152;Очки поляризационные Кафа Франц 4 620 002 443 634 арт.CF29021. линза коричневая градиент. оправа пла;Очки готовые;;;;
ЦБ-00011153;Очки поляризационные Кафа Франц 4 620 002 443 658 арт.CF29121. линза коричневая градиент. оправа пла;Очки готовые;;;;
ЦБ-00119708;Очки поляризационные Кафа Франц 4 620 002 449 667 арт.CF257 Спорт линза серая оправа пластик;Очки готовые;;;;
ЦБ-00011154;Очки поляризационные Кафа Франц 4 620 002 473 459 арт.С13399 линза коричневая. оправа металл с пласт;Очки готовые;;;;
ЦБ-00011155;Очки поляризационные Кафа франц S12820Y;Очки готовые;;;;
ЦБ-00011156;Очки поляризационные Кафа Франц арт.C12280;Очки готовые;;;;
ЦБ-00011157;Очки поляризационные Кафа Франц арт.C12773Y;Очки готовые;;;;
ЦБ-00011158;Очки поляризационные Кафа Франц арт.C13412;Очки готовые;;;;
ЦБ-00011159;Очки поляризационные Кафа Франц арт.C13462;Очки готовые;;;;
ЦБ-00011160;Очки поляризационные Кафа Франц арт.C13463;Очки готовые;;;;
ЦБ-00011161;Очки поляризационные Кафа Франц арт.C13480;Очки готовые;;;;
ЦБ-00011162;Очки поляризационные Кафа Франц арт.C13545;Очки готовые;;;;
ЦБ-00032935;Очки поляризационные Кафа Франц арт.C14079;Очки готовые;;;;
РТ-00006757;Очки поляризационные Кафа Франц арт.C14085;Очки готовые;;;;
ЦБ-00032936;Очки поляризационные Кафа Франц арт.C14101;Очки готовые;;;;
ЦБ-00033570;Очки поляризационные Кафа Франц арт.CF101;Очки готовые;;;;
ЦБ-00011163;Очки поляризационные Кафа Франц арт.CF10106;Очки готовые;;;;
ЦБ-00034041;Очки поляризационные Кафа Франц арт.CF101Y;Очки готовые;;;;
ЦБ-00011164;Очки поляризационные Кафа Франц арт.CF12507Y;Очки готовые;;;;
ЦБ-00011165;Очки поляризационные Кафа Франц арт.CF12773Y;Очки готовые;;;;
ЦБ-00033337;Очки поляризационные Кафа Франц арт.CF202;Очки готовые;;;;
ЦБ-00033772;Очки поляризационные Кафа Франц арт.CF257;Очки готовые;;;;
ЦБ-00011166;Очки поляризационные Кафа Франц арт.CF27057;Очки готовые;;;;
ЦБ-00011167;Очки поляризационные Кафа Франц арт.CF3092;Очки готовые;;;;
ЦБ-00011168;Очки поляризационные Кафа Франц арт.CF3108;Очки готовые;;;;
ЦБ-00034029;Очки поляризационные Кафа Франц арт.CF3108Y;Очки готовые;;;;
ЦБ-00030755;Очки поляризационные Кафа Франц арт.CF3120;Очки готовые;;;;
ЦБ-00033238;Очки поляризационные Кафа Франц арт.CF3800;Очки готовые;;;;
ЦБ-00033338;Очки поляризационные Кафа Франц арт.CF5166;Очки готовые;;;;
ЦБ-00011169;Очки поляризационные Кафа Франц арт.CF5559Y;Очки готовые;;;;
ЦБ-00033239;Очки поляризационные Кафа Франц арт.CF5661;Очки готовые;;;;
ЦБ-00032937;Очки поляризационные Кафа Франц арт.CF582;Очки готовые;;;;
ЦБ-00011170;Очки поляризационные Кафа Франц арт.CF5885Y;Очки готовые;;;;
ЦБ-00011171;Очки поляризационные Кафа Франц арт.CF8165;Очки готовые;;;;
ЦБ-00034028;Очки поляризационные Кафа Франц арт.CF8165Y;Очки готовые;;;;
ЦБ-00032938;Очки поляризационные Кафа Франц арт.CF8206;Очки готовые;;;;
ЦБ-00033577;Очки поляризационные Кафа Франц арт.CF8229Y;Очки готовые;;;;
ЦБ-00031498;Очки поляризационные Кафа Франц арт.CF8505;Очки готовые;;;;
ЦБ-00031497;Очки поляризационные Кафа Франц арт.CF8511;Очки готовые;;;;
ЦБ-00033579;Очки поляризационные Кафа Франц арт.CF8529;Очки готовые;;;;
ЦБ-00033571;Очки поляризационные Кафа Франц арт.CF8592;Очки готовые;;;;
ЦБ-00011172;Очки поляризационные Кафа Франц арт.CF8933Y;Очки готовые;;;;
ЦБ-00033240;Очки поляризационные Кафа Франц арт.CF910;Очки готовые;;;;
ЦБ-00033572;Очки поляризационные Кафа Франц арт.CF919;Очки готовые;;;;
ЦБ-00033578;Очки поляризационные Кафа Франц арт.CF938;Очки готовые;;;;
ЦБ-00034042;Очки поляризационные Кафа Франц арт.CF986;Очки готовые;;;;
ЦБ-00034043;Очки поляризационные Кафа Франц арт.CF988;Очки готовые;;;;
ЦБ-00011173;Очки поляризационные Кафа Франц арт.S11558Y;Очки готовые;;;;
ЦБ-00011174;Очки поляризационные Кафа Франц арт.S12444;Очки готовые;;;;
ЦБ-00032939;Очки поляризационные Кафа Франц арт.S12941;Очки готовые;;;;
РТ-00015018;Очки поляризационные Кафа Франц арт.С13396. линза коричневая мужские;Очки готовые;;;;
ЦБ-00033336;Очки поляризационные Кафа Франц арт.С14119;Очки готовые;;;;
ЦБ-00161217;Очки поляризационные Кафа Франц арт.СF225325 линза серая мужские;Очки готовые;;;;
ЦБ-00118776;Очки поляризационные Кафа Франц детские /пластик/ арт.К00104;Очки готовые;;;;
ЦБ-00011177;Очки поляризационные Кафа Франц муж. 4 620 002 441 982 (СF80797Y) линза коричневая. оправа пласт.;Очки готовые;;;;
ЦБ-00011175;Очки поляризационные Кафа Франц мужские 4 620 002 440 497 арт.С13396Y. линза желтая. оправа металл;Очки готовые;;;;
ЦБ-00011176;Очки поляризационные Кафа Франц мужские 4 620 002 440 664 арт.С12931Y. линза желтая. оправа металл;Очки готовые;;;;
РТ-00002933;Очки поляризационные Кафа Франц Спорт желтая линза (СF80797Y);Очки готовые;;;;
ЦБ-00011178;Очки поляризационные Кафа Франц унисекс 4 620 002 440 640 арт.С12904Y. линза желтая. оправа металл;Очки готовые;;;;
ЦБ-00011179;Очки поляризационные Кафа Франц унисекс 4 620 002 441 845 арт.СF12499Y. линза желтая. оправа металл;Очки готовые;;;;
ЦБ-00011180;Очки поляризационные Кафа Франц унисекс 4 620 002 441 937 арт.СF632Y. линза желтая. оправа металл по;Очки готовые;;;;
РТ-00006225;Очки поляризационные Кафа Франц уничекс пластик желтая линза СF301Y;Очки готовые;;;;
РТ-00001027;Очки солнцезащитные BARBIE SB;Очки готовые;;;;
РТ-00001035;Очки солнцезащитные BEAT FK 58348;Очки готовые;;;;
РТ-00001031;Очки солнцезащитные BEN 10 BTS-013 с 501;Очки готовые;;;;
РТ-00001034;Очки солнцезащитные ECLIPSY ВК 2140-3;Очки готовые;;;;
РТ-00001043;Очки солнцезащитные EVERON Р09005;Очки готовые;;;;
РТ-00001036;Очки солнцезащитные FIPS;Очки готовые;;;;
РТ-00001545;Очки солнцезащитные GUCCI 4271 тигровый;Очки готовые;;;;
РТ-00001029;Очки солнцезащитные HWS;Очки готовые;;;;
РТ-00001432;Очки солнцезащитные KAIZI 51126;Очки готовые;;;;
РТ-00001431;Очки солнцезащитные KAIZI 5993;Очки готовые;;;;
РТ-00001421;Очки солнцезащитные KAIZI S1102;Очки готовые;;;;
РТ-00001419;Очки солнцезащитные KAIZI S1104;Очки готовые;;;;
РТ-00001420;Очки солнцезащитные KAIZI S1106;Очки готовые;;;;
РТ-00001443;Очки солнцезащитные KAIZI S1118;Очки готовые;;;;
РТ-00001444;Очки солнцезащитные KAIZI S1120;Очки готовые;;;;
РТ-00001445;Очки солнцезащитные KAIZI S1123;Очки готовые;;;;
РТ-00001422;Очки солнцезащитные KAIZI детские Э806;Очки готовые;;;;
РТ-00001021;Очки солнцезащитные KAIZI К141;Очки готовые;;;;
РТ-00001446;Очки солнцезащитные KAIZI К8335;Очки готовые;;;;
РТ-00001025;Очки солнцезащитные MATRIUS MO2819;Очки готовые;;;;
РТ-00001024;Очки солнцезащитные MATRIUS MS7006;Очки готовые;;;;
РТ-00001544;Очки солнцезащитные MIU MIU 11 бежевый;Очки готовые;;;;
РТ-00001543;Очки солнцезащитные PORSCHE 8418 c1;Очки готовые;;;;
РТ-00001020;Очки солнцезащитные PRIUS PS 6606;Очки готовые;;;;
РТ-00001044;Очки солнцезащитные Sapori;Очки готовые;;;;
РТ-00001032;Очки солнцезащитные VISCAP 1558;Очки готовые;;;;
РТ-00001033;Очки солнцезащитные VISCAP 1569;Очки готовые;;;;
РТ-00001016;Очки солнцезащитные VISCAP 1570;Очки готовые;;;;
РТ-00001045;Очки солнцезащитные VISCAP 3302;Очки готовые;;;;
РТ-00001037;Очки солнцезащитные VISCAP 3305;Очки готовые;;;;
РТ-00001046;Очки солнцезащитные VISCAP 3310;Очки готовые;;;;
РТ-00001028;Очки солнцезащитные WINX WS-052 с527;Очки готовые;;;;
РТ-00001427;Очки солнцезащитные КAIZ1 51158;Очки готовые;;;;
РТ-00001392;Очки солнцезащитные мужские Aolise 5002 c362-666-2;Очки готовые;;;;
ЦБ-00158626;Очки тренажеры;Очки готовые;;;;
ЦБ-00161045;Очки тренажеры low;Очки готовые;;;;
ЦБ-00161046;Очки тренажеры middle;Очки готовые;;;;
ЦБ-00011181;Очки тренажеры перфорационные мужские;Очки готовые;;;;
ЦБ-00011182;Очки тренажеры перфорационные универсальные;Очки готовые;;;;
ЦБ-00183379;Паклитаксел-Промомед конц. д/приг. р-ра д/инф. 6мг/мл 10 мл № 1;Инъекционные и инфузионные р-ры;;;;
ЦБ-00003108;Палин капс. 200мг №20;Уроантисептики;;;;
ЦБ-00038795;Панангин Плюс витамин В6 таб. №60;Витамины д/сердечно-сосудистой системы;;;;
РТ-00013611;Панангин таб. п/п/о №100;Витамины д/сердечно-сосудистой системы;;;;
ЦБ-00003116;Панангин таб. п/п/о №50;Витамины д/сердечно-сосудистой системы;;;;
ЦБ-00035080;Панангин Форте таб. п/о 316мг+280мг №60;Витамины д/сердечно-сосудистой системы;;;;
РТ-00010994;Панаспар таб. п/о №50;Витамины д/сердечно-сосудистой системы;;;;
ЦБ-00189109;Пантика Магний В6 капс. №90;Препараты магния;;;;
ЦБ-00036209;Пантогематоген Горноалтайский 250мл;Поливитамины;;;;
РТ-00002603;Пантогематоген жидкий 100мл;Поливитамины;;;;
РТ-00001396;Пантогематоген жидкий 500мл;Поливитамины;;;;
ЦБ-00143078;Парапран повязка с химотрипсином 7,5х10см №10;Повязка раневая;;;;
ЦБ-00068018;Парапран с хлоргексидином 5*7,5см №5;Повязка раневая;;;;
ЦБ-00086482;Парапран с хлоргексидином повязка 7,5*10см №10;Повязка раневая;;;;
ЦБ-00127776;Парапран-ХТ повязка с химотрипсином 7,5х5см №5;Повязка раневая;;;;
ЦБ-00011249;Паритет капс. 380мг №15  (восстановление потенции);Ср-ва при эректильной дисфункции, влияющие на либидо;;;;
ЦБ-00011250;Паритет концентрат напитка 100мл;Ср-ва при эректильной дисфункции, влияющие на либидо;;;;
ЦБ-00037929;Паритет Усиленная формула капс. 430мг №30;Ср-ва при эректильной дисфункции, влияющие на либидо;;;;
ЦБ-00156842;Пауль Хартманн Гидротак Комфорт повязки гидроактивные трубчатые стер. 8*8 №10;Повязка раневая;;;;
ЦБ-00178133;ПВР Витамин С/Куркумин капс. №100;Витамин С;;;;
ЦБ-00178792;ПВР Кальций/Магний/К2/Цинк/Д3 таб. №90;Поливитамины;;;;
ЦБ-00177692;ПВР Магний В6 капс. №90;Препараты магния;;;;
ЦБ-00184509;ПВР Магния Цитрат гамми паст. жев. ягодн. микс №60;Препараты магния;;;;
ЦБ-00156844;ПГР-Гелехит гель покрытие раневое стерильное 2мл;Повязка раневая;;;;
ЦБ-00146251;Педиакид вит. Д3 р-р д/приема внутрь 20мл;Витамин Д3;;;;
ЦБ-00151844;Педиакид витамин С+ паст. вишня №60;Витамин С;;;;
ЦБ-00127587;Пейрофлекс капс. №60;Ср-ва при эректильной дисфункции, влияющие на либидо;;;;
ЦБ-00128264;Пектинар салфетка 14х16 №10;Салфетки стерильные;;;;
ЦБ-00178192;Пен-инъектор д/введ. инсулина ринсален II с принадлежн.;Шприцы;;;;
ЦБ-00151860;Пентафурил капс. №30;Уроантисептики;;;;
ЦБ-00171968;Пентовит таб. п/о №100;Поливитамины;;;;
ЦБ-00003208;Пентовит таб. п/о №50;Поливитамины;;;;
ЦБ-00011304;Перговерис лиоф. д/р-ра п/к 150/75 МЕ 0.5 №1 фл.+1 фл. р-ль;Инъекционные и инфузионные р-ры;;;;
ЦБ-00185555;Петроглиф вода минерал. прир. питьевая газ. 0,375л;Минеральная вода;;;;
ЦБ-00185556;Петроглиф вода минерал. прир. питьевая негаз. 0,375л;Минеральная вода;;;;
ЦБ-00185557;Петроглиф вода минерал. прир. питьевая негаз. 1,25л;Минеральная вода;;;;
ЦБ-00082370;Петушок Карамель леденцовая с цинком и вит. С (вишня) 17г;Драже, леденцы;;;;
ЦБ-00082371;Петушок Карамель леденцовая с цинком и вит. С (клубника) 17г;Драже, леденцы;;;;
ЦБ-00116884;Петушок Карамель леденцовая с цинком и вит. С (лесные ягоды) 17г;Драже, леденцы;;;;
ЦБ-00119548;Петушок Карамель леденцовая с цинком и вит. С (мята\лимон) 17г;Драже, леденцы;;;;
ЦБ-00082369;Петушок карамель леденцовая с цинком и вит. С ананас 17г;Драже, леденцы;;;;
ЦБ-00173128;Петушок карамель леденцовая с цинком и вит. С кола 17г;Драже, леденцы;;;;
ЦБ-00039590;Петушок леденцовая карамель с вит. С Вишня 17г;Драже, леденцы;;;;
ЦБ-00039591;Петушок леденцовая карамель с вит. С Клубника 17г;Драже, леденцы;;;;
РТ-00006208;Петушок леденцовая карамель с вит. С Лесная смесь 17г;Драже, леденцы;;;;
ЦБ-00039592;Петушок леденцовая карамель с вит. С Лимон/Мята 17г;Драже, леденцы;;;;
ЦБ-00039593;Петушок леденцовая карамель с вит. С Малина/Ежевика 17г;Драже, леденцы;;;;
РТ-00006209;Петушок леденцовая карамель с вит. С Черная смородина 17г;Драже, леденцы;;;;
РТ-00008637;Пефлоксацин р-р д/инф. 80мг/мл 5мл №10;Инъекционные и инфузионные р-ры;;;;
ЦБ-00147147;Пефлоксацин-Акос конц. д/приготовления р-р д/инф. 80мг/мл 5мл №10;Инъекционные и инфузионные р-ры;;;;
ЦБ-00187029;Пеха-Хафт бинт когезивный самофиксир.(4м х4см) синий;Бинты самофиксирующие;;;;
ЦБ-00187010;Пеха-Хафт Колор бинт когезивный эласт. фикс. (4см х20м) белый;Бинты самофиксирующие;;;;
ЦБ-00189613;Пеха-Хафт Колор бинт когезивный эласт. фикс. (4см х4м) красный;Бинты самофиксирующие;;;;
ЦБ-00191707;Пеха-Хафт Колор бинт когезивный эласт. фикс. (6см х20м) белый;Бинты самофиксирующие;;;;
ЦБ-00187011;Пеха-Хафт Колор бинт когезивный эласт. фикс. (6см х20м) красный;Бинты самофиксирующие;;;;
ЦБ-00026271;ПИКНОГЕНОЛ-ЭКСТРА КАПС. N50;Поливитамины;;;;
ЦБ-00171539;Пилюли А+Е витаминный комплекс капс. №30;Поливитамины;;;;
ЦБ-00170184;Пилюли Альфа-липоевая к-та/Q-10/витамины/селен капс. №30;Витамины д/сердечно-сосудистой системы;;;;
ЦБ-00173069;Пилюли Аскорбинка пор. №10;Витамин С;;;;
ЦБ-00160976;Пилюли Витамин Д3 2000МЕ капс. №30;Витамин Д3;;;;
ЦБ-00160502;Пилюли Витамин Д3 2000МЕ капс. №90;Витамин Д3;;;;
ЦБ-00160669;Пилюли Витамин Д3 500МЕ таб. №60;Витамин Д3;;;;
ЦБ-00176173;Пилюли Витамин Д3 детск. капс. жеват. вишня №30;Витамин Д3;;;;
ЦБ-00181515;Пилюли Витамин С марм. жев. паст. д/детей №60;Витамин С;;;;
ЦБ-00160918;Пилюли Витамин С таб. шип. б/сах. №20;Витамин С;;;;
ЦБ-00170099;Пилюли Железо хелат таб. №30;Препараты железа;;;;
ЦБ-00191970;Пилюли йод/селен таб. №30;Поливитамины;;;;
ЦБ-00179597;Пилюли Калий/Магний таб. №50;Препараты магния;;;;
ЦБ-00160126;Пилюли Комплекс витаминов группы В таб. №30;Препараты группы В, нейропротекторы;;;;
ЦБ-00176143;Пилюли Комплекс железа с фолиевой кислотой таб. жев. №30;Препараты железа;;;;
ЦБ-00170231;Пилюли Магний + В6 р-р д/приема внутрь 100мл;Препараты магния;;;;
ЦБ-00180324;Пилюли Магний В6 таб. №90;Препараты магния;;;;
ЦБ-00159095;Пилюли Магний В6 форте таб. №90;Препараты магния;;;;
ЦБ-00003265;Пимафуцин супп. ваг. 100мг №3;Гинекологические п/воспалительные ср-ва наружные;;;;
ЦБ-00003266;Пимафуцин супп. ваг. 100мг №6;Гинекологические п/воспалительные ср-ва наружные;;;;
ЦБ-00157667;Пин Ап табл. п/п/о 20мг №1;Ср-ва при эректильной дисфункции, влияющие на либидо;;;;
ЦБ-00152349;Пин Ап табл. п/п/о 20мг №2;Ср-ва при эректильной дисфункции, влияющие на либидо;;;;
ЦБ-00157990;Пин Ап табл. п/п/о 20мг №4;Ср-ва при эректильной дисфункции, влияющие на либидо;;;;
ЦБ-00155946;Пин Ап табл. п/п/о 5мг №14;Ср-ва при эректильной дисфункции, влияющие на либидо;;;;
ЦБ-00154640;Пин Ап табл. п/п/о 5мг №28;Ср-ва при эректильной дисфункции, влияющие на либидо;;;;
РТ-00013041;Пипемидовая к-та (Урсептия) капс. 200мг №20;Уроантисептики;;;;
ЦБ-00003305;Пиридоксин (вит В6) таб. 10мг №50;Препараты группы В, нейропротекторы;;;;
ЦБ-00161251;ПланиЖенс гесто 20 таб.п/о №21;Пероральные контрацептивы;;;;
ЦБ-00161252;ПланиЖенс гесто 30 таб.п/о №21;Пероральные контрацептивы;;;;
ЦБ-00160309;ПланиЖенс дезо 20 таб. 150мкг+20мкг №21;Пероральные контрацептивы;;;;
ЦБ-00160310;ПланиЖенс дезо 30 таб. 150мкг+30мкг №21;Пероральные контрацептивы;;;;
ЦБ-00163563;ПланиЖенс дие таб. п/п/о №21;Пероральные контрацептивы;;;;
ЦБ-00164203;ПланиЖенс дроспи таб. п/п/о 3 мг+0,03мг №21;Пероральные контрацептивы;;;;
ЦБ-00164202;ПланиЖенс дроспи таб. п/п/о 3мг+0,02мг №28;Пероральные контрацептивы;;;;
ЦБ-00160308;ПланиЖенс лакто таб. п/п/о 0,075мг №28;Пероральные контрацептивы;;;;
ЦБ-00160307;ПланиЖенс лево таб. п/о 150мкг+30мкг №21;Пероральные контрацептивы;;;;
ЦБ-00161253;ПланиЖенс номе таб.п/п/о 2,5мг+1,5мг №28;Пероральные контрацептивы;;;;
ЦБ-00171190;ПланиЖенс хло таб. п/п/о №21;Пероральные контрацептивы;;;;
ЦБ-00168837;ПланиЖенс ципро табл. 2мг + 0,035мг №28;Пероральные контрацептивы;;;;
ЦБ-00166059;Плантаго витамин Д3 таб. 2000МЕ №60;Витамин Д3;;;;
ЦБ-00166191;Плантаго витаминно-минеральный комплекс от А до Zn таб. №60;Поливитамины;;;;
ЦБ-00166718;Плантаго железо капс. №60;Препараты железа;;;;
ЦБ-00168040;Плантаго Магний B6+B1+B9 таб. №90;Препараты магния;;;;
ЦБ-00182808;Плантаго Феррум Актив капс. №60;Препараты железа;;;;
РТ-00003904;Плантиокс таб. №120;Поливитамины;;;;
ЦБ-00002317;Пластырь 3х500см;Фиксирующие катушки;;;;
ЦБ-00011410;Пластырь 3х500см  (картон уп);Фиксирующие катушки;;;;
ЦБ-00002318;Пластырь 4х500см  (картон уп);Фиксирующие катушки;;;;
ЦБ-00018138;ПЛАСТЫРЬ LEIKO ШЕЛК 5Х500 КАТУШКА;Фиксирующие катушки;;;;
ЦБ-00019952;Пластырь бактерецидный 2,5х7,2см плен. основа;Бактерицидный;;;;
ЦБ-00158445;Пластырь бактерицидный 1,9х7,2см;Бактерицидный;;;;
ЦБ-00158446;Пластырь бактерицидный 2,5х7,2см с бриллиант. зеленым;Бактерицидный;;;;
ЦБ-00011427;Пластырь бактерицидный 2.3х7.2см;Бактерицидный;;;;
ЦБ-00011428;Пластырь бактерицидный 2.5х7.2см;Бактерицидный;;;;
ЦБ-00020498;Пластырь бактерицидный 3.8х3.8;Бактерицидный;;;;
ЦБ-00011429;Пластырь бактерицидный 3.8х3.8см;Бактерицидный;;;;
ЦБ-00011430;Пластырь бактерицидный 4х10см;Бактерицидный;;;;
РТ-00002921;Пластырь бактерицидный 4х10см неткан. основа;Бактерицидный;;;;
ЦБ-00026411;Пластырь бактерицидный 4х10см ткан. основа;Бактерицидный;;;;
ЦБ-00017077;Пластырь бактерицидный 6х10 №2;Бактерицидный;;;;
ЦБ-00011431;Пластырь бактерицидный 6х10см;Бактерицидный;;;;
ЦБ-00026762;Пластырь бактерицидный 6х10см ткан. основа;Бактерицидный;;;;
ЦБ-00011435;Пластырь бактерицидный №20;Бактерицидный;;;;
ЦБ-00011432;Пластырь бактерицидный №20 бежевый;Бактерицидный;;;;
ЦБ-00011433;Пластырь бактерицидный №20 белый;Бактерицидный;;;;
ЦБ-00011436;Пластырь бактерицидный №20 телесный;Бактерицидный;;;;
ЦБ-00011434;Пластырь бактерицидный №8 бежевый;Бактерицидный;;;;
ЦБ-00022801;Пластырь бактерицидный №8 белый;Бактерицидный;;;;
ЦБ-00152203;Пластырь бактерицидный влагостойкий воздухопроницаемый 1,9*7,2см;Бактерицидный;;;;
ЦБ-00027443;Пластырь бактерицидный Люкспласт 19х72мм (полимер перф водост прозрачн);Бактерицидный;;;;
ЦБ-00011438;Пластырь бактерицидный Люкспласт 19х72мм №10  (неткан сверхтонк телесн);Бактерицидный;;;;
ЦБ-00011440;Пластырь бактерицидный Люкспласт 19х72мм №10  (полимер перф телесн);Бактерицидный;;;;
ЦБ-00011439;Пластырь бактерицидный Люкспласт 19х72мм №10  (полимер перф. прозрачн);Бактерицидный;;;;
ЦБ-00011437;Пластырь бактерицидный Люкспласт 19х72мм №10  (ткан эласт телесн);Бактерицидный;;;;
ЦБ-00011442;Пластырь бактерицидный Люкспласт 19х72мм №20  (полимер телесн);Бактерицидный;;;;
РТ-00002120;Пластырь бактерицидный Люкспласт 19х72мм №20  (ткан телесн);Бактерицидный;;;;
ЦБ-00168267;Пластырь бактерицидный Люкспласт дет. полимерная основа набор №20;Бактерицидный;;;;
ЦБ-00011443;Пластырь бактерицидный Люкспласт Универсал №40 ассорти  (неткан телесн);Бактерицидный;;;;
ЦБ-00011444;Пластырь бактерицидный Люкспласт Универсал №40 ассорти  (полимер телесн);Бактерицидный;;;;
ЦБ-00158250;Пластырь бактерицидный н/ткан 6х10см;Бактерицидный;;;;
ЦБ-00022618;Пластырь бактерицидный на плен. основе телесный 2.5х7.2см;Бактерицидный;;;;
ЦБ-00020669;Пластырь бактерицидный набор Мечта туриста №24;Бактерицидный;;;;
РТ-00010755;Пластырь бактерицидный с антисептиком на полимер. осн. 19х72мм №20;Бактерицидный;;;;
РТ-00011579;Пластырь бактерицидный с антисептиком на ткан. осн. 25х72мм №100;Бактерицидный;;;;
ЦБ-00011445;Пластырь бактерицидный Смарт №20 незаметный;Бактерицидный;;;;
ЦБ-00011446;Пластырь бактерицидный С-пласт 2.5х7.2см;Бактерицидный;;;;
ЦБ-00011447;Пластырь бактерицидный С-пласт 6х10см;Бактерицидный;;;;
ЦБ-00023074;Пластырь бактерицидный Унипласт 0,6х3,8см №30;Бактерицидный;;;;
ЦБ-00030655;Пластырь бактерицидный Унипласт 1.9х7.2см;Бактерицидный;;;;
ЦБ-00030773;Пластырь бактерицидный Унипласт 1.9х7.2см  (телесн);Бактерицидный;;;;
ЦБ-00126853;Пластырь бактерицидный Унипласт влагостойкий 1.9х7.2см;Бактерицидный;;;;
ЦБ-00011450;Пластырь бактерицидный Унипласт влагостойкий 1.9х7.2см №200  (плен);Бактерицидный;;;;
ЦБ-00156960;Пластырь бактерицидный Унипласт влагостойкий 2.5х7.2см;Бактерицидный;;;;
ЦБ-00011452;Пластырь бактерицидный Унипласт влагостойкий 2.5х7.2см №200  (плен);Бактерицидный;;;;
ЦБ-00017751;Пластырь бактерицидный Унипласт влагостойкий 6х10см;Бактерицидный;;;;
ЦБ-00011453;Пластырь бактерицидный Унипласт влагостойкий 6х10см №75  (плен);Бактерицидный;;;;
ЦБ-00011456;Пластырь бактерицидный Унипласт натуральный 6х10см №75  (ткан);Бактерицидный;;;;
ЦБ-00011458;Пластырь бактерицидный Унипласт незаметный №8;Бактерицидный;;;;
ЦБ-00011460;Пластырь бактерицидный Унипласт плюс натуральный 1.9х7.2см №20  (ткан);Бактерицидный;;;;
ЦБ-00011461;Пластырь бактерицидный Унипласт плюс натуральный 6х10см  (ткан);Бактерицидный;;;;
ЦБ-00011462;Пластырь бактерицидный Унипласт плюс незаметный №20;Бактерицидный;;;;
ЦБ-00011463;Пластырь бактерицидный Унипласт плюс незаметный №8;Бактерицидный;;;;
ЦБ-00011464;Пластырь бактерицидный Унипласт плюс эластичный 1.9х7.2см №20;Бактерицидный;;;;
ЦБ-00011468;Пластырь Бэнд эйд Антисептик Абсолютный комфорт №20;Бактерицидный;;;;
ЦБ-00011469;Пластырь Бэнд эйд Антисептик Алоэ-витамины №20;Бактерицидный;;;;
ЦБ-00011470;Пластырь Бэнд эйд Антисептик Водостойкий №20;Бактерицидный;;;;
ЦБ-00011471;Пластырь Бэнд эйд Антисептик Эластичный №20;Бактерицидный;;;;
ЦБ-00027170;Пластырь Верофарм 1х500см /карт. упак./;Фиксирующие катушки;;;;
ЦБ-00027171;Пластырь Верофарм 3х500см /карт. упак./;Фиксирующие катушки;;;;
ЦБ-00009221;Пластырь Верофарм 5х500см /пл  пенал/;Фиксирующие катушки;;;;
ЦБ-00011476;Пластырь Др хелпер алоэпласт водонепроницаемый №10;Бактерицидный;;;;
ЦБ-00011477;Пластырь Др хелпер алоэпласт деликатный №24;Бактерицидный;;;;
ЦБ-00011479;Пластырь Др хелпер алоэпласт классический №200;Бактерицидный;;;;
ЦБ-00011478;Пластырь Др хелпер алоэпласт классический №24;Бактерицидный;;;;
ЦБ-00011481;Пластырь Др хелпер алоэпласт прозрачный №200;Бактерицидный;;;;
ЦБ-00011480;Пластырь Др хелпер алоэпласт прозрачный №24;Бактерицидный;;;;
ЦБ-00011482;Пластырь Др хелпер алоэпласт спортивный №10;Бактерицидный;;;;
ЦБ-00181842;Пластырь Др хелпер алоэпласт эластичный 39х66мм №10;Бактерицидный;;;;
ЦБ-00011483;Пластырь Др хелпер алоэпласт эластичный N24;Бактерицидный;;;;
РТ-00007192;Пластырь Др хелпер алоэпласт эластичный №10;Бактерицидный;;;;
ЦБ-00011484;Пластырь Др хелпер алоэпласт эластичный №200;Бактерицидный;;;;
ЦБ-00019852;ПЛАСТЫРЬ ИПОАЛЛ ДЛЯ ВСЕЙ СЕМЬИ ТКАН ОСН;Фиксирующие катушки;;;;
ЦБ-00011495;Пластырь Космос Аква №10  (3 размера);Бактерицидный;;;;
ЦБ-00015448;Пластырь Космос Аква №10  (3 размера) прозр;Бактерицидный;;;;
ЦБ-00191898;Пластырь Космос Аква №16 (3 размера);Бактерицидный;;;;
ЦБ-00185859;Пластырь Космос Аква нестер. 2 разм. №12;Бактерицидный;;;;
ЦБ-00179276;Пластырь Космос Аква нестер. 2,5х7,2см №12;Бактерицидный;;;;
ЦБ-00011496;Пластырь Космос ватер-резистент водоотталкив 1.9х7.2см №3;Бактерицидный;;;;
ЦБ-00011497;Пластырь Космос ватер-резистент водоотталкив 2 размера №10  (535863);Бактерицидный;;;;
ЦБ-00011498;Пластырь Космос ватер-резистент водоотталкив 2 размера №20  (535123);Бактерицидный;;;;
ЦБ-00011499;Пластырь Космос ватер-резистент водоотталкив 5 размеров №20;Бактерицидный;;;;
ЦБ-00147122;Пластырь Космос ватер-резистент водоотталкив 6х10см №5;Бактерицидный;;;;
ЦБ-00026856;Пластырь Космос водоотталкивающий 6х10см №5;Бактерицидный;;;;
ЦБ-00011500;Пластырь Космос гидро актив д/небольших ран 4.5х6.5см №3;Повязка раневая;;;;
ЦБ-00011506;Пластырь Космос гидро актив на ссадины N4  (заживляющий 536023);Повязка раневая;;;;
ЦБ-00188266;Пластырь Космос Кидс 2 разм (5356235) N20;Бактерицидный;;;;
ЦБ-00022092;Пластырь Космос Кидс 2 разм(535623) N20;Бактерицидный;;;;
ЦБ-00011509;Пластырь Космос кидс 6х10см;Бактерицидный;;;;
ЦБ-00011510;Пластырь Космос кидс 6х10см с рисунком №10  (плен (535603);Бактерицидный;;;;
ЦБ-00018228;Пластырь Космос кидс 7.6х7.6см №4;Бактерицидный;;;;
ЦБ-00011511;Пластырь Космос кидс 7.6х7.6см с рисунком №4;Бактерицидный;;;;
ЦБ-00011512;Пластырь Космос Кидс с рисунком (535623) №20;Бактерицидный;;;;
ЦБ-00011514;Пластырь Космос классик ткань-телесн  6х10см №5  (535003);Бактерицидный;;;;
ЦБ-00124575;Пластырь Космос классик ткань-телесн  6х2см №250;Бактерицидный;;;;
ЦБ-00015148;Пластырь Космос классик ткань-телесн  6х2см №5;Бактерицидный;;;;
ЦБ-00011515;Пластырь Космос комфорт антисептический  2 размера №20;Бактерицидный;;;;
ЦБ-00015446;Пластырь Космос Сенсетив д/чувстит. кожи круглый №20;Бактерицидный;;;;
ЦБ-00011518;Пластырь Космос сенситив 1,9х7,2см №20;Бактерицидный;;;;
ЦБ-00011517;Пластырь Космос Сенситив 6х10см №5  (535303);Бактерицидный;;;;
ЦБ-00011516;Пластырь Космос Сенситив пластинки 1.9х7.2см №20;Бактерицидный;;;;
ЦБ-00011520;Пластырь Космос Спорт (1 размер) полиурет. (5354231) №20;Бактерицидный;;;;
ЦБ-00011521;Пластырь Космос Спорт 6х10см полиурет. (535403) №5;Бактерицидный;;;;
ЦБ-00011523;Пластырь Космос стрипс текстиль 6х2см №5;Бактерицидный;;;;
ЦБ-00122552;Пластырь Космос стрипс текстиль 6х2см*5 №50;Бактерицидный;;;;
ЦБ-00011524;Пластырь Космос стрипс текстиль 8х4см №3;Бактерицидный;;;;
ЦБ-00011525;Пластырь Космос текстиль эластик 2 размера №20  (535223);Бактерицидный;;;;
ЦБ-00011526;Пластырь Космос текстиль эластик 6х10см №5  (535203);Бактерицидный;;;;
ЦБ-00011527;Пластырь Космос фэмили №10  (с ножницами);Бактерицидный;;;;
РТ-00003029;Пластырь Курафикс Н д/фиксации повязок/скрепленя краев раны 5смх10м;Фиксирующие катушки;;;;
ЦБ-00011533;Пластырь Люкспласт 19х72мм №10  (полимер перф прозр, водост.);Бактерицидный;;;;
ЦБ-00011532;Пластырь Люкспласт №10  (неткан сверхтонк);Бактерицидный;;;;
ЦБ-00011534;Пластырь Люкспласт №10  (полимер перф телесн);Бактерицидный;;;;
ЦБ-00020665;Пластырь Люкспласт для пальцев неткан. тел. №16;Бактерицидный;;;;
ЦБ-00020576;Пластырь ЛЮКСПЛАСТ НАБОР С СЕРЕБРОМ ПОЛИУР. 25*73мм №20;Бактерицидный;;;;
ЦБ-00033487;Пластырь Люкспласт набор Стандарт19x72мм №20 (неткан.телесн);Бактерицидный;;;;
ЦБ-00011539;Пластырь Люкспласт полиурет прозрачный 38х38мм.50х72мм №9;Бактерицидный;;;;
ЦБ-00131380;Пластырь Матопат Fixopor  с повязкой из неткан. материала 6см*1м №1;Повязка раневая;;;;
ЦБ-00131454;Пластырь Матопат Fixopor с повязкой из неткан. материала 8см*1м №1;Повязка раневая;;;;
ЦБ-00131275;Пластырь Матопат Happy Tatto детский №12;Бактерицидный;;;;
ЦБ-00131331;Пластырь Матопат Софт 6см*0,5м №1;Фиксирующие катушки;;;;
ЦБ-00030776;Пластырь МДПЛАСТ 3х250см  (ткан телесн);Фиксирующие катушки;;;;
ЦБ-00011544;Пластырь мед. с алоэ вера dr. gelper аloeplast спортивные №10;Бактерицидный;;;;
РТ-00013584;Пластырь мед.стерил.бактерицидный с антисептиком 19х72мм №100 полимерная основа;Бактерицидный;;;;
РТ-00014373;Пластырь мед.стерил.бактерицидный с антисептиком 19х72мм №100 тканевая основа;Бактерицидный;;;;
РТ-00013692;Пластырь мед.стерил.бактерицидный с антисептиком 25х72мм №100 полимерная основа;Бактерицидный;;;;
ЦБ-00118841;Пластырь мед.стерил.бактерицидный с антисептиком 38ммх38мм №100 тканевая основа;Повязка раневая;;;;
РТ-00001810;Пластырь Медитек ткан. 2х500см;Фиксирующие катушки;;;;
РТ-00004594;Пластырь Медитек ткан. 3х500см;Фиксирующие катушки;;;;
ЦБ-00167867;Пластырь Медитек ткан. 5х500см;Фиксирующие катушки;;;;
ЦБ-00016528;Пластырь Мультипласт №1 6х10см тк.осн. сильн фикс.;Повязка раневая;;;;
ЦБ-00016529;Пластырь Мультипласт №20сильн фикс.телесн.;Бактерицидный;;;;
ЦБ-00026789;Пластырь Мультипласт бактерицидный 3.8х3.8см;Бактерицидный;;;;
ЦБ-00023111;Пластырь Мультипласт бактерицидный 6х10см сильн фикс.;Бактерицидный;;;;
ЦБ-00018437;Пластырь Мультипласт ткан. основа 2смх5м;Фиксирующие катушки;;;;
ЦБ-00159817;Пластырь Нимпласт бактерицидный 1.9х7.2см №10;Бактерицидный;;;;
ЦБ-00023224;Пластырь Нимпласт бактерицидный 1.9х7.2см №100;Бактерицидный;;;;
ЦБ-00020880;Пластырь Нимпласт бактерицидный 1.9х7.2см №20;Бактерицидный;;;;
ЦБ-00165778;Пластырь Омнипласт 1,25см*9,2м;Фиксирующие катушки;;;;
ЦБ-00011555;Пластырь Омнипласт 1,25смх5м (ткан телес);Фиксирующие катушки;;;;
ЦБ-00011553;Пластырь Омнипласт 2.5смх5м (ткан телес);Фиксирующие катушки;;;;
ЦБ-00011554;Пластырь Омнипласт 5смх5м (ткан телес);Фиксирующие катушки;;;;
ЦБ-00180381;Пластырь Омнипласт ткан. телесн. 2,5см*9,2м;Фиксирующие катушки;;;;
ЦБ-00011559;Пластырь Омнипор 1,25смх5м (неткан);Фиксирующие катушки;;;;
ЦБ-00011556;Пластырь Омнипор 2,5смх5м (неткан);Фиксирующие катушки;;;;
ЦБ-00011557;Пластырь Омнипор 2.5смх5м фикс.нетк.;Фиксирующие катушки;;;;
ЦБ-00011558;Пластырь Омнипор 5смх5м (неткан);Фиксирующие катушки;;;;
ЦБ-00011560;Пластырь Омнисилк 1,25смх5м (шелк);Фиксирующие катушки;;;;
ЦБ-00165775;Пластырь Омнисилк 2,5см*9,2м;Фиксирующие катушки;;;;
ЦБ-00017078;Пластырь Омнисилк 2,5смх5м (шелк);Фиксирующие катушки;;;;
ЦБ-00011561;Пластырь Омнисилк 2.5смх5м  (шелк);Фиксирующие катушки;;;;
ЦБ-00011562;Пластырь Омнисилк 5смх5м (шелк);Фиксирующие катушки;;;;
ЦБ-00030777;Пластырь Омнификс эластик 10смх10м  (неткан белый);Фиксирующие катушки;;;;
ЦБ-00011563;Пластырь Омнификс эластик 10смх2м  (неткан белый);Фиксирующие катушки;;;;
РТ-00002368;Пластырь Омнификс эластик 20смх10м  (неткан белый);Фиксирующие катушки;;;;
ЦБ-00030778;Пластырь Омнификс эластик 2смх10м  (неткан белый);Фиксирующие катушки;;;;
ЦБ-00011564;Пластырь Омнификс эластик 5смх10м (неткан белый);Фиксирующие катушки;;;;
ЦБ-00188316;Пластырь Омнификс эластик неткан.в рулоне 2,5смх10м №2;Фиксирующие катушки;;;;
ЦБ-00011565;Пластырь Омнифилм 1.25смх5м (плен прозрач);Фиксирующие катушки;;;;
ЦБ-00011566;Пластырь Омнифилм 2.5смх5м (плен прозрач);Фиксирующие катушки;;;;
ЦБ-00011567;Пластырь Омнифилм 5смх5м (плен прозрач);Фиксирующие катушки;;;;
ЦБ-00039587;Пластырь Оптимелле мед на тканевой основе 2Х250см;Фиксирующие катушки;;;;
РТ-00006508;Пластырь Ранапласт мед. фиксирующий ткан. основа 1смх500см;Фиксирующие катушки;;;;
РТ-00006696;Пластырь Ранапласт мед. фиксирующий ткан. основа 2смх500см;Фиксирующие катушки;;;;
ЦБ-00026452;ПЛАСТЫРЬ САНИТАБАН STANDART ВОД 19Х72ММ;Бактерицидный;;;;
ЦБ-00030954;Пластырь Санитапласт 1,9х7,2см №100;Бактерицидный;;;;
ЦБ-00031496;Пластырь Санитапласт 1,9х7,2см №100;Бактерицидный;;;;
ЦБ-00012655;Пластырь Санитапласт набор Мини-1 №10;Бактерицидный;;;;
ЦБ-00011418;Пластырь Санитапласт набор Мини-3 №10;Бактерицидный;;;;
ЦБ-00012657;Пластырь Санитапласт набор Стандартный-1 №10;Бактерицидный;;;;
ЦБ-00012658;Пластырь Санитапласт набор Стандартный-1 №20;Бактерицидный;;;;
ЦБ-00012659;Пластырь Санитапласт набор Стандартный-2 №20;Бактерицидный;;;;
ЦБ-00012660;Пластырь Санитапласт набор Стандартный-4 №20;Бактерицидный;;;;
ЦБ-00012661;Пластырь Санитапласт набор Стандартный-5 №30;Бактерицидный;;;;
ЦБ-00012662;Пластырь Санитапласт набор Универсальный-4 №20;Бактерицидный;;;;
ЦБ-00012663;Пластырь Санитапласт набор Универсальный-5 №20;Бактерицидный;;;;
ЦБ-00012664;Пластырь Санитапласт набор Универсальный-5 большой №30;Бактерицидный;;;;
ЦБ-00018412;Пластырь Санитапласт Некст №20 неткан;Бактерицидный;;;;
ЦБ-00018413;Пластырь Санитапласт Некст №20 неткан универсальный;Бактерицидный;;;;
ЦБ-00018414;Пластырь Санитапласт Некст №20 стандарт неткан.;Бактерицидный;;;;
ЦБ-00015447;Пластырь Санитапласт Некст №20 стандарт одинарный;Бактерицидный;;;;
ЦБ-00012651;Пластырь Санитапласт Некст №20 стандарт эласт. ткан.;Бактерицидный;;;;
ЦБ-00018415;Пластырь Санитапласт Некст №20 стандарт эласт. ткан.;Бактерицидный;;;;
ЦБ-00023316;Пластырь Санитапласт Некст №20 универс. эласт.;Бактерицидный;;;;
ЦБ-00012653;Пластырь Санитапласт Некст №20 универс. эласт. ткан.;Бактерицидный;;;;
ЦБ-00011582;Пластырь Силкопласт Аквапротект влагостойкий с серебр, подуш. №10;Бактерицидный;;;;
РТ-00001401;Пластырь Силкопласт д/нежной кожи №10;Бактерицидный;;;;
РТ-00001400;Пластырь Силкопласт Кидс №10;Бактерицидный;;;;
ЦБ-00011422;Пластырь Силкопласт Кидс №20;Бактерицидный;;;;
ЦБ-00011590;Пластырь Силкопласт Комфорт ИТ-Скар 24х5  (д/лечения ссадин);Повязка раневая;;;;
ЦБ-00011424;Пластырь Силкопласт Сенси №20;Бактерицидный;;;;
ЦБ-00011594;Пластырь Силкопласт Стандарт №20;Бактерицидный;;;;
РТ-00001599;Пластырь Силкопласт Стандарт влагостойкий №10;Бактерицидный;;;;
ЦБ-00011595;Пластырь Силкопласт Стандарт влагостойкий №20;Бактерицидный;;;;
ЦБ-00011425;Пластырь Силкопласт Универсал №20;Бактерицидный;;;;
ЦБ-00011597;Пластырь Силкопласт Универсал влагостойкий №20;Бактерицидный;;;;
ЦБ-00011421;Пластырь Силкопласт Эластик №15;Бактерицидный;;;;
РТ-00007617;Пластырь Силкофикс с антисептиком Бактерицидный на неткан. осн. д/нежной кожи набор  №20;Бактерицидный;;;;
РТ-00005653;Пластырь Силкофикс с антисептиком Влагостойкий на полим. осн. 19х72мм №10;Бактерицидный;;;;
РТ-00001503;Пластырь Силкофикс с антисептиком Эластичный на ткан. осн. 19х72мм №10;Бактерицидный;;;;
РТ-00004248;Пластырь Силкофикс с антисептиком Эластичный на ткан. осн. 19х72мм №20;Бактерицидный;;;;
РТ-00003502;Пластырь С-Пласт катушка (ацетат) ткан. осн. телесный 1,25х500см;Фиксирующие катушки;;;;
РТ-00002360;Пластырь С-Пласт катушка (ацетат) ткан. осн. телесный 2,5х500см;Фиксирующие катушки;;;;
РТ-00001591;Пластырь С-Пласт катушка неткан. осн. 1,25х500см;Фиксирующие катушки;;;;
РТ-00002354;Пластырь С-Пласт катушка неткан. осн. 2,5х500см;Фиксирующие катушки;;;;
РТ-00002356;Пластырь С-Пласт катушка пленочн. осн. 1,25х500см;Фиксирующие катушки;;;;
РТ-00002357;Пластырь С-Пласт катушка пленочн. осн. 2,5х500см;Фиксирующие катушки;;;;
РТ-00002358;Пластырь С-Пласт катушка ткан. осн. 2,5х500см;Фиксирующие катушки;;;;
ЦБ-00016277;Пластырь С-Пласт катушка ткан. осн. 5х500см;Фиксирующие катушки;;;;
ЦБ-00024921;Пластырь СФМ-стрип 6смх10см №1;Бактерицидный;;;;
ЦБ-00017744;Пластырь Унипласт 1.25х500см  (натур.осн);Фиксирующие катушки;;;;
ЦБ-00011625;Пластырь Унипласт 1.25х500см  (неткан);Фиксирующие катушки;;;;
ЦБ-00011626;Пластырь Унипласт 1.25х500см  (плен прозрачн);Фиксирующие катушки;;;;
ЦБ-00011627;Пластырь Унипласт 1.25х500см  (шелк);Фиксирующие катушки;;;;
ЦБ-00011628;Пластырь Унипласт 10х500см  (неткан);Фиксирующие катушки;;;;
ЦБ-00019916;Пластырь Унипласт 2.5х500см  (натур.осн);Фиксирующие катушки;;;;
ЦБ-00011629;Пластырь Унипласт 2.5х500см  (неткан);Фиксирующие катушки;;;;
ЦБ-00011630;Пластырь Унипласт 2.5х500см  (плен прозрачн);Фиксирующие катушки;;;;
ЦБ-00011631;Пластырь Унипласт 2.5х500см  (ткан);Фиксирующие катушки;;;;
ЦБ-00011632;Пластырь Унипласт 2.5х500см  (шелк);Фиксирующие катушки;;;;
ЦБ-00017745;Пластырь Унипласт 5х500см  (натур.осн);Фиксирующие катушки;;;;
ЦБ-00011633;Пластырь Унипласт 5х500см  (неткан);Фиксирующие катушки;;;;
ЦБ-00011634;Пластырь Унипласт 5х500см  (плен прозрачн);Фиксирующие катушки;;;;
ЦБ-00011635;Пластырь Унипласт 5х500см  (ткан эласт);Фиксирующие катушки;;;;
ЦБ-00011636;Пластырь Унипласт 5х500см  (шелк);Фиксирующие катушки;;;;
ЦБ-00187460;Пластырь Унипласт бактерицидный №55;Бактерицидный;;;;
ЦБ-00116956;Пластырь Унипласт бактерицидный амортизирующий 2,5x7,2см;Бактерицидный;;;;
ЦБ-00011448;Пластырь Унипласт бактерицидный амортизирующий №20;Бактерицидный;;;;
ЦБ-00011451;Пластырь Унипласт бактерицидный влагостойкий  №8  (плен);Бактерицидный;;;;
ЦБ-00030965;Пластырь Унипласт бактерицидный влагостойкий 2.5х7.2см (плен.);Бактерицидный;;;;
ЦБ-00011449;Пластырь Унипласт бактерицидный влагостойкий №20  (плен);Бактерицидный;;;;
ЦБ-00039014;Пластырь Унипласт бактерицидный детский Доктор Плюшева №20;Бактерицидный;;;;
ЦБ-00039577;Пластырь Унипласт бактерицидный детский Микки Маус и друзья №20;Бактерицидный;;;;
РТ-00010891;Пластырь Унипласт бактерицидный детский Мстители №20;Бактерицидный;;;;
ЦБ-00040425;Пластырь Унипласт бактерицидный детский Тачки №20;Бактерицидный;;;;
РТ-00010817;Пластырь Унипласт бактерицидный детский Холодное сердце №20;Бактерицидный;;;;
ЦБ-00011454;Пластырь Унипласт бактерицидный натуральный №20;Бактерицидный;;;;
ЦБ-00011455;Пластырь Унипласт бактерицидный натуральный №8;Бактерицидный;;;;
ЦБ-00011459;Пластырь Унипласт бактерицидный незаметный №20;Бактерицидный;;;;
ЦБ-00011465;Пластырь Унипласт бактерицидный эластичный 1.9х7.2см №20;Бактерицидный;;;;
ЦБ-00017076;Пластырь Унипласт гипоаллерген. 10х500см (н/ткан. основа);Фиксирующие катушки;;;;
ЦБ-00038820;Пластырь Унипласт набор Семейная забота №44;Бактерицидный;;;;
ЦБ-00035805;Пластырь Унипласт набор Семейная забота №55;Бактерицидный;;;;
ЦБ-00026219;Пластырь Унипласт Плюс 1.9х7,2 (плен. основа);Бактерицидный;;;;
ЦБ-00018787;Пластырь Унипласт фиксирующий 5 х500  (прозрачный);Фиксирующие катушки;;;;
РТ-00001398;Пластырь Фармадокт  Классический Премиум №10;Бактерицидный;;;;
РТ-00001397;Пластырь Фармадокт д/детей Буратино (тату эффект) бакт. №16;Бактерицидный;;;;
РТ-00001399;Пластырь Фармадокт д/детей Фантазия (тату эффект) бакт. №16;Бактерицидный;;;;
РТ-00006083;Пластырь Фармадокт Ранапласт водостойкий телесный №10;Бактерицидный;;;;
ЦБ-00020653;Пластырь фиксирующий в катушке Люкспласт неткан белый 5м*1,25см;Фиксирующие катушки;;;;
ЦБ-00030781;Пластырь фиксирующий в катушке Люкспласт неткан белый 5м*2.5см;Фиксирующие катушки;;;;
ЦБ-00011637;Пластырь фиксирующий в катушке Люкспласт полимер прозрачн 5мх2.5см №1;Фиксирующие катушки;;;;
ЦБ-00011530;Пластырь фиксирующий в катушке Люкспласт ткан. белый 5мх2.5см №1;Фиксирующие катушки;;;;
ЦБ-00011638;Пластырь фиксирующий в катушке Люкспласт шелк белый 5мх1.25см №1;Фиксирующие катушки;;;;
ЦБ-00011639;Пластырь фиксирующий в катушке Люкспласт шелк белый 5мх2.5см №1;Фиксирующие катушки;;;;
ЦБ-00085825;Пластырь фиксирующий Круопэд неткан. основа 6*8 см;Салфетки стерильные;;;;
ЦБ-00146945;Пластырь-повязка послеоперационная с абсорб. подушечкой стерил. 9х10см;Повязка раневая;;;;
ЦБ-00040471;Плацента композитум р-р д/ин. 2.2мл №100;Инъекционные и инфузионные р-ры;;;;
ЦБ-00037413;Плоский живот таб №50;Поливитамины;;;;
РТ-00003201;Победитель капс. №60;Ср-ва при эректильной дисфункции, влияющие на либидо;;;;
РТ-00014184;Повидон-йод супп. ваг. 200мг №10;Гинекологические п/воспалительные ср-ва наружные;;;;
ЦБ-00171509;Повидон-йод супп. ваг. 200мг №14;Гинекологические п/воспалительные ср-ва наружные;;;;
ЦБ-00148962;Повидон-йод супп. ваг. 200мг №15;Гинекологические п/воспалительные ср-ва наружные;;;;
РТ-00010820;Повязка Angel пластырного типа бактерицид. 8х6см №10;Повязка раневая;;;;
РТ-00011372;Повязка Angel пластырного типа бактерицид. 9х15см №10;Повязка раневая;;;;
ЦБ-00036004;Повязка Angel пластырного типа с суперабсорб. 8х6см №10;Повязка раневая;;;;
ЦБ-00034429;Повязка Angel пластырного типа с суперсорб. 9х10см №10;Повязка раневая;;;;
ЦБ-00027336;Повязка Angel пластырного типа с суперсорб. 9х10см №10;Повязка раневая;;;;
ЦБ-00159897;Повязка абсорбирующая Opsite Post Op, 10 х 12 см пленочная;Повязка раневая;;;;
ЦБ-00159898;Повязка абсорбирующая Opsite Post Op, 30 х 10 см пленочная;Повязка раневая;;;;
ЦБ-00159899;Повязка абсорбирующая Opsite Post Op, 9,5 х 8,5 см пленочная;Повязка раневая;;;;
ЦБ-00126845;Повязка Аскина Софт п/операционная с абсорб. прокл. стер. 9х15см №40;Повязка раневая;;;;
ЦБ-00159748;Повязка Аскина Софт повязка стерил. послеоперац. с абсорб. прокл. 9*5 см №1;Повязка раневая;;;;
ЦБ-00159503;Повязка бактерицидная пластырного типа стер. 6х6см №1 Вариант;Повязка раневая;;;;
РТ-00003503;Повязка бактерицидная пластырного типа стерил. 5х5см №1;Повязка раневая;;;;
ЦБ-00034357;Повязка бактерицидная пластырного типа стерил. 6х8см №1;Повязка раневая;;;;
ЦБ-00034358;Повязка бактерицидная пластырного типа стерил. 9х10см №1;Повязка раневая;;;;
ЦБ-00034359;Повязка бактерицидная пластырного типа стерил. 9х15см №1;Повязка раневая;;;;
ЦБ-00124396;Повязка ГидроКлин плюс активная с р-ром Рингера с ПГМБ квадратные 7,5*7,5см №10;Повязка раневая;;;;
ЦБ-00123559;Повязка ГидроКлин плюс активная с р-ром Рингера с ПГМБ круглые 10*10см №10;Повязка раневая;;;;
ЦБ-00123182;Повязка ГидроКлин плюс активная с р-ром Рингера с ПГМБ круглые 5,5см №10;Повязка раневая;;;;
ЦБ-00024902;Повязка Гидроколл гидроколлоидная 10х10см №10 (9007441);Повязка раневая;;;;
ЦБ-00021340;Повязка Гидроколл гидроколлоидная 15х15см №5;Повязка раневая;;;;
ЦБ-00130543;Повязка гидроколл гидроколлоидная 20х20см №5;Повязка раневая;;;;
ЦБ-00122775;Повязка Гидроколл гидроколлоидная 5*5см №10;Повязка раневая;;;;
РТ-00004735;Повязка Гидроколл гидроколлоидная 7,5х7,5см №1;Повязка раневая;;;;
ЦБ-00026857;Повязка Гидроколл гидроколлоидная 7,5х7,5см №10;Повязка раневая;;;;
ЦБ-00169469;Повязка Гидроколл гидроколлоидная на локти и пятки 8х12см №10;Повязка раневая;;;;
ЦБ-00123183;Повязка Гидроколл Тин гидроколлоидная 10х10см №10;Повязка раневая;;;;
ЦБ-00124510;Повязка Гидроколл Тин гидроколлоидная на слабоэкссудирующие раны 7,5х7,5см №10;Повязка раневая;;;;
ЦБ-00125483;Повязка ГидроТак губчатая с гидрогелевым покрытием 10х10см №10;Повязка раневая;;;;
ЦБ-00123014;Повязка ГидроТак губчатая с гидрогелевым покрытием 10х10см №3;Повязка раневая;;;;
ЦБ-00124631;Повязка ГидроТак губчатая с гидрогелевым покрытием 10х20см №3;Повязка раневая;;;;
ЦБ-00131297;Повязка гидроТак комфорт губчатая с гидрогелевым покрытием круглая d 6см №10;Повязка раневая;;;;
ЦБ-00191530;Повязка Гразолинд мазев. нейтр. 10х10см №10;Повязка раневая;;;;
ЦБ-00192143;Повязка Гразолинд мазев. нейтр. 10х10см №50;Повязка раневая;;;;
ЦБ-00190766;Повязка Гразолинд мазев. нейтр. 5х5см №10;Повязка раневая;;;;
ЦБ-00192144;Повязка Гразолинд мазев. нейтр. 5х5см №50;Повязка раневая;;;;
ЦБ-00190850;Повязка Гразолинд мазев. нейтр. 7,5х10см №10;Повязка раневая;;;;
ЦБ-00167344;Повязка коллагеновая ранозаживляющая 100х100х2мм №1;Повязка раневая;;;;
ЦБ-00168155;Повязка коллагеновая ранозаживляющая 100х100х8мм №1;Повязка раневая;;;;
ЦБ-00167873;Повязка коллагеновая ранозаживляющая 50х50х8мм №1;Повязка раневая;;;;
ЦБ-00032527;Повязка Космопор Адванс раневая самофикс.10х6см №1;Повязка раневая;;;;
ЦБ-00124509;Повязка Космопор антибактериал 10х6см №25;Повязка раневая;;;;
ЦБ-00125658;Повязка Космопор антибактериал 10х8см №25;Повязка раневая;;;;
ЦБ-00124507;Повязка Космопор Е 15х9см №10;Повязка раневая;;;;
ЦБ-00024922;Повязка Космопор Е/Cosmopor E steril 10х6см №1;Повязка раневая;;;;
ЦБ-00035798;Повязка Космопор Е/Cosmopor E steril 10х6см №25;Повязка раневая;;;;
ЦБ-00011672;Повязка Космопор Е/Cosmopor E steril 10х8см №1;Повязка раневая;;;;
ЦБ-00011671;Повязка Космопор Е/Cosmopor E steril 10х8см №10;Повязка раневая;;;;
ЦБ-00039732;Повязка Космопор Е/Cosmopor E steril 10х8см №25;Повязка раневая;;;;
ЦБ-00025303;Повязка Космопор Е/Cosmopor E steril 15х6см №1;Повязка раневая;;;;
ЦБ-00022895;Повязка Космопор Е/Cosmopor E steril 15х6см №25;Повязка раневая;;;;
ЦБ-00011669;Повязка Космопор Е/Cosmopor E steril 15х8см №1;Повязка раневая;;;;
ЦБ-00165754;Повязка Космопор Е/Cosmopor E steril 15х8см №10;Повязка раневая;;;;
ЦБ-00017491;Повязка Космопор Е/Cosmopor E steril 15х8см №25;Повязка раневая;;;;
ЦБ-00032442;Повязка Космопор Е/Cosmopor E steril 20х10см №1;Повязка раневая;;;;
РТ-00003421;Повязка Космопор Е/Cosmopor E steril 20х10см №10;Повязка раневая;;;;
ЦБ-00035674;Повязка Космопор Е/Cosmopor E steril 20х10см №25;Повязка раневая;;;;
ЦБ-00011676;Повязка Космопор Е/Cosmopor E steril 20х8см №1;Повязка раневая;;;;
РТ-00000832;Повязка Космопор Е/Cosmopor E steril 20х8см №25;Повязка раневая;;;;
ЦБ-00011677;Повязка Космопор Е/Cosmopor E steril 25х10см №1;Повязка раневая;;;;
ЦБ-00117759;Повязка Космопор Е/Cosmopor E steril 25х10см №25;Повязка раневая;;;;
ЦБ-00011678;Повязка Космопор Е/Cosmopor E steril 35х10см №1;Повязка раневая;;;;
РТ-00000833;Повязка Космопор Е/Cosmopor E steril 35х10см №25;Повязка раневая;;;;
ЦБ-00011679;Повязка Космопор Е/Cosmopor E steril 7.2х5см №1;Повязка раневая;;;;
РТ-00000408;Повязка Космопор Е/Cosmopor E steril 7.2х5см №10;Повязка раневая;;;;
ЦБ-00040355;Повязка Космопор Е/Cosmopor E steril 7.2х5см №5;Повязка раневая;;;;
ЦБ-00033569;Повязка Космопор Е/Cosmopor E steril 7.2х5см №50;Повязка раневая;;;;
ЦБ-00165749;Повязка Космопор силикон стерил. 10*8см №25;Повязка раневая;;;;
ЦБ-00165753;Повязка Космопор силикон стерил. 10х8см №10;Повязка раневая;;;;
ЦБ-00165757;Повязка Космопор силикон стерил. 10х8см №5;Повязка раневая;;;;
ЦБ-00165750;Повязка Космопор силикон стерил. 15*8см №25;Повязка раневая;;;;
ЦБ-00165758;Повязка Космопор силикон стерил. 15*8см №5;Повязка раневая;;;;
ЦБ-00175165;Повязка Космопор силикон стерил. 15*8см №5;Повязка раневая;;;;
ЦБ-00165755;Повязка Космопор силикон стерил. 20х10см №10;Повязка раневая;;;;
ЦБ-00165751;Повязка Космопор силикон стерил. 20х10см №25;Повязка раневая;;;;
ЦБ-00165759;Повязка Космопор силикон стерил. 20х10см №5;Повязка раневая;;;;
ЦБ-00165752;Повязка Космопор силикон стерил. 7,2*5см №10;Повязка раневая;;;;
ЦБ-00165748;Повязка Космопор силикон стерил. 7,2*5см №25;Повязка раневая;;;;
ЦБ-00165756;Повязка Космопор силикон стерил. 7,2*5см №5;Повязка раневая;;;;
ЦБ-00165747;Повязка Космопор силикон стерил. 7,2*5см №50;Повязка раневая;;;;
ЦБ-00011687;Повязка Космопор/Cosmopor антибактериал с серебром 10х20см №1;Повязка раневая;;;;
ЦБ-00124394;Повязка Космопор/Cosmopor антибактериал с серебром 10х20см №25;Повязка раневая;;;;
ЦБ-00011683;Повязка Космопор/Cosmopor антибактериал с серебром 10х6см №1;Повязка раневая;;;;
ЦБ-00011684;Повязка Космопор/Cosmopor антибактериал с серебром 10х8см №1;Повязка раневая;;;;
РТ-00001879;Повязка Космопор/Cosmopor антибактериал с серебром 10х8см №25;Повязка раневая;;;;
ЦБ-00011685;Повязка Космопор/Cosmopor антибактериал с серебром 15х6см №1;Повязка раневая;;;;
ЦБ-00011686;Повязка Космопор/Cosmopor антибактериал с серебром 15х8см №1;Повязка раневая;;;;
ЦБ-00011688;Повязка Космопор/Cosmopor антибактериал с серебром 7.2х5см №1;Повязка раневая;;;;
РТ-00001878;Повязка Космопор/Cosmopor антибактериал с серебром 7.2х5см №25;Повязка раневая;;;;
ЦБ-00011689;Повязка Космопор/Cosmopor антибактериал с серебром 7.2х5см №5;Повязка раневая;;;;
ЦБ-00188500;Повязка мазевая атравмат. с воск. покр-ем, стерил. Воскопран с мазью Левомеколь 5*7,5см №5;Повязка раневая;;;;
ЦБ-00040079;Повязка мазевая Бранолинд N с перуанским бальзамом 10х20см №1;Повязка раневая;;;;
ЦБ-00038534;Повязка мазевая Бранолинд N с перуанским бальзамом 10х20см №30;Повязка раневая;;;;
ЦБ-00011695;Повязка мазевая Бранолинд N с перуанским бальзамом 7.5х10см №1;Повязка раневая;;;;
ЦБ-00017229;Повязка мазевая Бранолинд N с перуанским бальзамом 7.5х10см №30;Повязка раневая;;;;
РТ-00005809;Повязка мазевая Воскопран левомеколь 10х10см №10;Повязка раневая;;;;
ЦБ-00011699;Повязка мазевая Воскопран левомеколь 7.5х5см №5;Повязка раневая;;;;
ЦБ-00016519;Повязка мазевая Воскопран метилурацил 10х10см №10;Повязка раневая;;;;
ЦБ-00011701;Повязка мазевая Воскопран метилурацил 7.5х5см №5;Повязка раневая;;;;
ЦБ-00011698;Повязка мазевая Воскопран-лм левомеколь 10х10см №30;Повязка раневая;;;;
ЦБ-00011700;Повязка мазевая Воскопран-Муц метилурацил 10х10см №30;Повязка раневая;;;;
ЦБ-00038191;Повязка Парапран с хлоргексидином  7,5Х10 см N30;Повязка раневая;;;;
ЦБ-00186581;Повязка пласт. типа впит. стер. 8х10см подуш. 3,6х6см №50;Бактерицидный;;;;
ЦБ-00035130;Повязка пластырного типа бактерицидная стер. 5х5см №1;Повязка раневая;;;;
РТ-00002136;Повязка пластырного типа стер. 20см*10см №10;Повязка раневая;;;;
РТ-00002873;Повязка пластырного типа стер. 25см*10см №10;Повязка раневая;;;;
ЦБ-00168847;Повязка пластырного типа стер. н/ткан. с вискоз. подушечкой 5х7,5см №1;Повязка раневая;;;;
ЦБ-00173421;Повязка пластырного типа стер. с абсорб. подушечкой 7х10см №1;Повязка раневая;;;;
ЦБ-00175676;Повязка пластырного типа стер. с абсорб. подушечкой 9х10см №1;Повязка раневая;;;;
ЦБ-00173759;Повязка пластырного типа стер. с абсорб. подушечкой 9х15см №1;Повязка раневая;;;;
ЦБ-00175654;Повязка пластырного типа стер. с абсорб. подушечкой 9х25см №1;Повязка раневая;;;;
РТ-00009841;Повязка пластырного типа стер. суперабсорб 20см*10см №25;Повязка раневая;;;;
ЦБ-00035941;Повязка поддерж. д/фиксации руки 1;Повязка раневая;;;;
ЦБ-00011704;Повязка поддерживающая д/фиксации руки Эласт 0110 №2;Повязка раневая;;;;
ЦБ-00011705;Повязка поддерживающая д/фиксации руки Эласт 0110 №3;Повязка раневая;;;;
ЦБ-00027335;Повязка раневая (пластырь) бактерицидная 5*5 №10;Повязка раневая;;;;
ЦБ-00027343;Повязка раневая (пластырь) бактерицидная 6*6 №10;Повязка раневая;;;;
ЦБ-00027342;Повязка раневая (пластырь) бактерицидная 6*8 №10;Повязка раневая;;;;
ЦБ-00027341;Повязка раневая (пластырь) бактерицидная 9*10 №10;Повязка раневая;;;;
ЦБ-00027340;Повязка раневая (пластырь) бактерицидная 9*15 №10;Повязка раневая;;;;
ЦБ-00027339;Повязка раневая стер. 10*20 №10;Повязка раневая;;;;
ЦБ-00027338;Повязка раневая стер. 10*25 №10;Повязка раневая;;;;
ЦБ-00027337;Повязка раневая суперабсорбирующая 6*8 №10;Повязка раневая;;;;
ЦБ-00133898;Повязка раневая суперабсорбирующая 6*8 №25;Повязка раневая;;;;
ЦБ-00022676;Повязка Силкофикс ВД 15х8см (неткан);Повязка раневая;;;;
ЦБ-00011712;Повязка Силкофикс ВД 20х10см (неткан);Повязка раневая;;;;
ЦБ-00127041;Повязка Сорбалгон 10*10см N10;Повязка раневая;;;;
ЦБ-00125229;Повязка Сорбалгон 5х5см N10;Повязка раневая;;;;
ЦБ-00098751;Повязки матопат стер. Медисорб А 10x10см №5;Повязка раневая;;;;
ЦБ-00160484;Повязки матопат стер. Медисорб Ф 10x12см №5;Повязка раневая;;;;
ЦБ-00117412;Повязки медицинские адгезивные стерильные 10х20см №5;Повязка раневая;;;;
ЦБ-00156178;Повязки медицинские адгезивные стерильные 10х20см №50;Повязка раневая;;;;
ЦБ-00120220;Повязки медицинские адгезивные стерильные 10х25см №5;Салфетки стерильные;;;;
ЦБ-00147077;Повязки медицинские адгезивные стерильные 10х35см №5;Салфетки стерильные;;;;
ЦБ-00119999;Повязки медицинские адгезивные стерильные 10х8см №5;Повязка раневая;;;;
ЦБ-00156179;Повязки медицинские адгезивные стерильные 10х8см №50;Повязка раневая;;;;
ЦБ-00177745;Повязки медицинские адгезивные стерильные 15х8см №50;Повязка раневая;;;;
ЦБ-00118620;Повязки медицинские адгезивные стерильные 7х5см №5;Повязка раневая;;;;
ЦБ-00179722;Повязки медицинские адгезивные стерильные 7х5см №5;Повязка раневая;;;;
ЦБ-00168895;Повязки медицинские адгезивные стерильные 7х5см №50;Повязка раневая;;;;
ЦБ-00176581;Поджет очки готовые 2102 (+3,75);Очки готовые;;;;
ЦБ-00176579;Поджет очки готовые 2102 (-3,5);Очки готовые;;;;
ЦБ-00176580;Поджет очки готовые 2120 (+1,5);Очки готовые;;;;
ЦБ-00176571;Поджет очки готовые 9008 (+1,5);Очки готовые;;;;
ЦБ-00176572;Поджет очки готовые 9008 (+2,0);Очки готовые;;;;
ЦБ-00176569;Поджет очки готовые 9008 (-1,5);Очки готовые;;;;
ЦБ-00176570;Поджет очки готовые 9008 (-2,0);Очки готовые;;;;
ЦБ-00184913;Позимицин пор. д/приг. р-ра д/инф./приема внутрь 1г фл. №1;Антибактериальные средства инъекционные р-ры;;;;
ЦБ-00155555;Поларайз очки а/фары;Очки готовые;;;;
ЦБ-00183014;Поларлайн Вит. С 900мг лимон таб. шип. №20;Витамин С;;;;
ЦБ-00158495;Поларлайн Магний+ В6 капс. №30;Препараты магния;;;;
ЦБ-00178909;Поларлайн Магний+ В6 таб. шип. тутти-фрутти №20;Препараты магния;;;;
ЦБ-00023949;ПОЛАРОИД ОЧКИ 4853В АРТ.4853В;Очки готовые;;;;
ЦБ-00161766;Поливитамины д/взрослых капс. №60;Поливитамины;;;;
ЦБ-00025946;Полиглюкин р-р д/инф. 6% 200мл №28;Инъекционные и инфузионные р-ры;;;;
ЦБ-00003330;Полиглюкин р-р д/инф. 60мг/мл 200мл;Инъекционные и инфузионные р-ры;;;;
РТ-00002936;Полиглюкин р-р д/инф. 60мг/мл 400мл №1;Инъекционные и инфузионные р-ры;;;;
ЦБ-00025947;Полиглюкин р-р д/инф. 60мг/мл 400мл №15;Инъекционные и инфузионные р-ры;;;;
ЦБ-00011870;Полижен капс. №12;Поливитамины;;;;
ЦБ-00011871;Полижинакс Вирго капс. д/гинекол. инстил. д/дев. №6;Гинекологические п/воспалительные ср-ва наружные;;;;
ЦБ-00003333;Полижинакс капс. ваг. №12;Гинекологические п/воспалительные ср-ва наружные;;;;
ЦБ-00003334;Полижинакс капс. ваг. №6;Гинекологические п/воспалительные ср-ва наружные;;;;
ЦБ-00168629;Полимерный-25 набор лейкопластырей бактер. на полимер.основе №25;Бактерицидный;;;;
РТ-00002536;Полимиксин В лиоф. д/р-ра д/ин. 50мг №1;Антибактериальные средства инъекционные р-ры;;;;
ЦБ-00163675;Полиневрин таб. 530мг №21;Препараты группы В, нейропротекторы;;;;
ЦБ-00125479;Полоски Омнистрип стерильные на операционные швы 6ммх76мм №150;Повязка раневая;;;;
ЦБ-00184516;Пользабум Магний д/дет. жев. конф. №60;Препараты магния;;;;
ЦБ-00025551;Популюс композитум СР капли 30 мл. х1;Уроантисептики;;;;
ЦБ-00066073;Потенциал д/мужчин комплекс СВ капс. 400мг №30;Ср-ва при эректильной дисфункции, влияющие на либидо;;;;
ЦБ-00151883;Почечный сбор таб. №20;Уроантисептики;;;;
ЦБ-00148116;Почечный сбор таб. №40;Уроантисептики;;;;
ЦБ-00003364;Праджисан  капс. 100мг №30;Заместительная гормональная терапия;;;;
ЦБ-00003363;Праджисан  капс. 200мг №10;Заместительная гормональная терапия;;;;
ЦБ-00025948;Праджисан гель вагинальный 125г;Заместительная гормональная терапия;;;;
ЦБ-00162915;Праджисан гель вагинальный 90мг/доза 1,125г апликаторы №15;Заместительная гормональная терапия;;;;
ЦБ-00003362;Праджисан капс. 100мг №30;Заместительная гормональная терапия;;;;
ЦБ-00167846;Прайм Крафт витаминно-минеральный комплекс дейли таб. №90;Поливитамины;;;;
ЦБ-00162411;Прайм Крафт капсулированный магний В6 капс. №90;Препараты магния;;;;
ЦБ-00180546;Прайм Крафт Магний+В6 капс. №120;Препараты магния;;;;
ЦБ-00163943;Прайм Крафт мультивитамин таб. №60;Поливитамины;;;;
ЦБ-00003366;Прегнил лиоф в/м 1500МЕ №3;Инъекционные и инфузионные р-ры;;;;
РТ-00014896;Презерватив Эрос Люкс №3;Презервативы;;;;
ЦБ-00118753;Презерватив Эрос Экстра №3;Презервативы;;;;
ЦБ-00130550;Презервативы On с точками симулейшн №3;Презервативы;;;;
ЦБ-00012000;Презервативы sensex №3 /ребристые/;Презервативы;;;;
ЦБ-00012002;Презервативы sensex №3 /точечные/;Презервативы;;;;
ЦБ-00012003;Презервативы sensex №3 /фруктовые/;Презервативы;;;;
ЦБ-00012004;Презервативы sensex №3 /шоколад/;Презервативы;;;;
ЦБ-00039043;Презервативы Азри для УЗИ №1;Презервативы;;;;
РТ-00010600;Презервативы Азри для УЗИ №100;Презервативы;;;;
ЦБ-00157654;Презервативы Амор Премиум классические №3;Презервативы;;;;
ЦБ-00157655;Презервативы Амор Премиум фрукт №15;Презервативы;;;;
ЦБ-00039905;Презервативы Амор Софтикс тонкие №10;Презервативы;;;;
РТ-00007086;Презервативы Априкс анатомические №12;Презервативы;;;;
РТ-00009104;Презервативы Априкс анатомические №3;Презервативы;;;;
РТ-00009996;Презервативы Априкс классические №12;Презервативы;;;;
РТ-00006189;Презервативы Априкс классические №3;Презервативы;;;;
РТ-00011872;Презервативы Априкс точечные №12;Презервативы;;;;
РТ-00006188;Презервативы Априкс точечные №3;Презервативы;;;;
РТ-00006763;Презервативы Априкс ультратонкие №12;Презервативы;;;;
РТ-00008042;Презервативы Априкс ультратонкие №3;Презервативы;;;;
РТ-00013572;Презервативы Априкс Экстра Лардж №12;Презервативы;;;;
ЦБ-00120486;Презервативы Априкс экстра лардж №3;Презервативы;;;;
ЦБ-00020495;Презервативы Вива для УЗИ №1;Презервативы;;;;
ЦБ-00015572;Презервативы Вива для УЗИ №1;Презервативы;;;;
ЦБ-00017867;Презервативы Вива для УЗИ №100;Презервативы;;;;
РТ-00000941;Презервативы Вива классические №12;Презервативы;;;;
ЦБ-00018561;Презервативы Вива классические №3;Презервативы;;;;
РТ-00003505;Презервативы Вива ребристые №12;Презервативы;;;;
ЦБ-00194189;Презервативы Вива ребристые №15;Презервативы;;;;
ЦБ-00020729;Презервативы Вива ребристые №3;Презервативы;;;;
РТ-00003506;Презервативы Вива точечные №12;Презервативы;;;;
ЦБ-00189523;Презервативы Вива точечные №15;Презервативы;;;;
ЦБ-00021002;Презервативы Вива Точечные №3;Презервативы;;;;
РТ-00000942;Презервативы Вива ультратонкие №12;Презервативы;;;;
ЦБ-00187977;Презервативы Вива ультратонкие №15;Презервативы;;;;
ЦБ-00021196;Презервативы Вива ультратонкие №3;Презервативы;;;;
ЦБ-00126817;Презервативы Вива цветные ароматизир. №12;Презервативы;;;;
ЦБ-00020730;Презервативы Вива цветные ароматизир. №3;Презервативы;;;;
ЦБ-00033401;Презервативы Визит Color Цветные ароматизированные №12;Презервативы;;;;
ЦБ-00023956;Презервативы Визит Color Цветные ароматизированные №12;Презервативы;;;;
ЦБ-00021210;Презервативы Визит Color Цветные ароматизированные №3;Презервативы;;;;
ЦБ-00023954;Презервативы Визит Dotted Точечные №12;Презервативы;;;;
ЦБ-00021209;Презервативы Визит Dotted Точечные №12;Презервативы;;;;
ЦБ-00012008;Презервативы Визит Dotted Точечные №3;Презервативы;;;;
ЦБ-00020699;Презервативы Визит Large Увеличенного размера №12;Презервативы;;;;
ЦБ-00022777;Презервативы Визит Large Увеличенного размера №12;Презервативы;;;;
ЦБ-00191531;Презервативы Визит Large Увеличенного размера №15;Презервативы;;;;
ЦБ-00021208;Презервативы Визит Large Увеличенного размера №3;Презервативы;;;;
ЦБ-00023953;Презервативы Визит Large Увеличенного размера №3;Презервативы;;;;
ЦБ-00023946;Презервативы Визит Ribbed Ребристые №12;Презервативы;;;;
ЦБ-00021201;Презервативы Визит Ribbed Ребристые №12;Презервативы;;;;
ЦБ-00190257;Презервативы Визит Ribbed Ребристые №18;Презервативы;;;;
ЦБ-00023955;Презервативы Визит Ribbed Ребристые №3;Презервативы;;;;
ЦБ-00021197;Презервативы Визит Аромат фруктов №12;Презервативы;;;;
ЦБ-00023926;Презервативы Визит Аромат фруктов №12;Презервативы;;;;
ЦБ-00012011;Презервативы Визит для УЗИ №1;Презервативы;;;;
ЦБ-00125649;Презервативы Визит классик футбол классические №24;Презервативы;;;;
ЦБ-00012007;Презервативы Визит Кольца №12;Презервативы;;;;
ЦБ-00039061;Презервативы Визит набор Коллекция №14;Презервативы;;;;
ЦБ-00017613;Презервативы Визит Нано-тек Полиуретановые №2;Презервативы;;;;
ЦБ-00020542;Презервативы Визит Нон-оксилон с кольцами и спермецидом №3;Презервативы;;;;
ЦБ-00017404;Презервативы Визит Увертюра Классические №12;Презервативы;;;;
ЦБ-00017498;Презервативы Визит Увертюра Классические №3;Презервативы;;;;
ЦБ-00017403;Презервативы Визит Увертюра Кольца №12;Презервативы;;;;
ЦБ-00017397;Презервативы Визит Увертюра Кольца №3;Презервативы;;;;
ЦБ-00012009;Презервативы Визит Увертюра Лардж №12;Презервативы;;;;
ЦБ-00012010;Презервативы Визит Увертюра Лардж №3;Презервативы;;;;
ЦБ-00017393;Презервативы Визит Увертюра Точечные №12;Презервативы;;;;
ЦБ-00017398;Презервативы Визит Увертюра Точечные №3;Презервативы;;;;
ЦБ-00020621;Презервативы Визит Увертюра Утолщенная стенка №12;Презервативы;;;;
ЦБ-00022548;Презервативы Визит Увертюра Утолщенная стенка №12;Презервативы;;;;
ЦБ-00022549;Презервативы Визит Увертюра Утолщенная стенка №12;Презервативы;;;;
ЦБ-00020620;Презервативы Визит Увертюра Утолщенная стенка №3;Презервативы;;;;
ЦБ-00017614;Презервативы Визит Увертюра Цветные Ароматизированные №12;Презервативы;;;;
ЦБ-00017615;Презервативы Визит Увертюра Цветные Ароматизированные №3;Презервативы;;;;
ЦБ-00012005;Презервативы Визит Хай-тек Pleasure С кольцами и пупырышками №3;Презервативы;;;;
ЦБ-00022355;Презервативы Визит Хай-тек Классические с анастетиком №3;Презервативы;;;;
ЦБ-00017604;Презервативы Визит Хай-тек Комфорт №12;Презервативы;;;;
ЦБ-00017402;Презервативы Визит Хай-тек Комфорт №3;Презервативы;;;;
ЦБ-00018315;Презервативы Визит Хай-тек Комфорт XL №12;Презервативы;;;;
ЦБ-00020813;Презервативы Визит Хай-тек Комфорт XL №3;Презервативы;;;;
ЦБ-00023015;Презервативы Визит Хай-тек Комфорт XL №3;Презервативы;;;;
ЦБ-00017495;Презервативы Визит Хай-тек С кольцами и анастетиком №3;Презервативы;;;;
ЦБ-00017605;Презервативы Визит Хай-тек С кольцами и пупырышками №12;Презервативы;;;;
ЦБ-00018314;Презервативы Визит Хай-тек С фиксирующим кольцом №3;Презервативы;;;;
ЦБ-00017602;Презервативы Визит Хай-тек Сверхчувствительные №12;Презервативы;;;;
ЦБ-00017497;Презервативы Визит Хай-тек Сверхчувствительные №3;Презервативы;;;;
ЦБ-00024001;Презервативы Визит Хай-тек Эрекшен №12;Презервативы;;;;
ЦБ-00017685;Презервативы Визит Хай-тек Эрекшен №3;Презервативы;;;;
ЦБ-00017612;Презервативы Визит Элит Классические №2;Презервативы;;;;
ЦБ-00023214;Презервативы Визит Элит Ультра Лайт №2;Презервативы;;;;
ЦБ-00130561;Презервативы Виталис премиум ребристые №12;Презервативы;;;;
ЦБ-00122780;Презервативы Виталис премиум ребристые №3;Презервативы;;;;
ЦБ-00122779;Презервативы Виталис премиум с охлаждающим эффектом №3;Презервативы;;;;
ЦБ-00130562;Презервативы виталис премиум сенсейшн с кольцами и точками №12;Презервативы;;;;
ЦБ-00130563;Презервативы виталис премиум сенсейшн с кольцами и точками №3;Презервативы;;;;
ЦБ-00131425;Презервативы виталис премиум увеличенного размера №12;Презервативы;;;;
ЦБ-00131607;Презервативы Виталис премиум цветные ароматизированые №!2;Презервативы;;;;
ЦБ-00037937;Презервативы Гладиатор №3;Презервативы;;;;
РТ-00003405;Презервативы Гладиатор классические гладкие №12;Презервативы;;;;
ЦБ-00120881;Презервативы Гладиатор классические гладкие №3;Презервативы;;;;
РТ-00003278;Презервативы Гладиатор ребристые №12;Презервативы;;;;
РТ-00006180;Презервативы Гладиатор ребристые №3;Презервативы;;;;
РТ-00003279;Презервативы Гладиатор ультратонкие гладкие №12;Презервативы;;;;
РТ-00011008;Презервативы Гладиатор ультратонкие гладкие №3;Презервативы;;;;
ЦБ-00033109;Презервативы Гусарские №3;Презервативы;;;;
ЦБ-00033110;Презервативы Гусарские Ароматизированные №3;Презервативы;;;;
ЦБ-00033111;Презервативы Гусарские Пролонгирующие №3;Презервативы;;;;
ЦБ-00030808;Презервативы Гусарские Ребра №3;Презервативы;;;;
ЦБ-00033112;Презервативы Гусарские Ребра №3;Презервативы;;;;
ЦБ-00033120;Презервативы Гусарские Точки №3;Презервативы;;;;
ЦБ-00030809;Презервативы Гусарские Точки и Ребра №3;Презервативы;;;;
ЦБ-00033121;Презервативы Гусарские Точки и Ребра №3;Презервативы;;;;
ЦБ-00030807;Презервативы Дюрекс дуал экстаз №3;Презервативы;;;;
ЦБ-00015097;Презервативы Дюрекс комфорт XL N2 увеличенный размер;Презервативы;;;;
ЦБ-00032657;Презервативы Дюрекс Комфорт ХЛ №12;Презервативы;;;;
ЦБ-00015623;Презервативы Дюрекс Плэжемакс №3;Презервативы;;;;
ЦБ-00015988;Презервативы Дюрекс Реал Фил №3;Презервативы;;;;
ЦБ-00058528;Презервативы Дюрекс Элит №12;Презервативы;;;;
РТ-00011676;Презервативы Ин тайм XXL №3;Презервативы;;;;
РТ-00003984;Презервативы Ин тайм Арома №12;Презервативы;;;;
РТ-00008919;Презервативы Ин тайм Арома №3;Презервативы;;;;
РТ-00006795;Презервативы Ин тайм Доттед №3;Презервативы;;;;
РТ-00003628;Презервативы Ин тайм Классические №12;Презервативы;;;;
ЦБ-00038154;Презервативы Ин тайм Классические №3;Презервативы;;;;
РТ-00004621;Презервативы Ин тайм Натуральный латекс №12;Презервативы;;;;
ЦБ-00119506;Презервативы Ин тайм Натуральный латекс №3;Презервативы;;;;
ЦБ-00038203;Презервативы Ин тайм Овертайм с анестетиком №3;Презервативы;;;;
РТ-00012718;Презервативы Ин тайм Особо тонкие №3;Презервативы;;;;
РТ-00014235;Презервативы Ин тайм Особо тонкие Файн №12;Презервативы;;;;
РТ-00004487;Презервативы Ин тайм Риббед ребристые №12;Презервативы;;;;
ЦБ-00038739;Презервативы Ин тайм Риббэд ребристые №3;Презервативы;;;;
ЦБ-00031212;ПРЕЗЕРВАТИВЫ КАНПО CLASSIC (КЛАССИЧЕСКИЕ) №12 ЧЕРНАЯ УПАКОВКА;Презервативы;;;;
ЦБ-00033068;ПРЕЗЕРВАТИВЫ КАНПО CLASSIC (КЛАССИЧЕСКИЕ) №3 ЧЕРНАЯ УПАКОВКА;Презервативы;;;;
ЦБ-00033069;ПРЕЗЕРВАТИВЫ КАНПО SENSITIVE (ТОНКИЕ №3) ЧЕРНАЯ УПАКОВКА;Презервативы;;;;
ЦБ-00036303;ПРЕЗЕРВАТИВЫ КАНПО THIN (СУПЕРТОНКИЕ) №12 ЧЕРНАЯ УПАКОВКА;Презервативы;;;;
ЦБ-00033494;ПРЕЗЕРВАТИВЫ КАНПО THIN (СУПЕРТОНКИЕ) №3 ЧЕРНАЯ УПАКОВКА;Презервативы;;;;
ЦБ-00033070;ПРЕЗЕРВАТИВЫ КАНПО СЕИ DELIKATE (СУПЕРТОНКИЕ) №12 БЕЛАЯ УПАКОВКА;Презервативы;;;;
ЦБ-00036304;ПРЕЗЕРВАТИВЫ КАНПО СЕИ ORIGINAL (ОРИГИНАЛЬНЫЕ) №12 БЕЛАЯ УПАКОВКА;Презервативы;;;;
ЦБ-00033071;ПРЕЗЕРВАТИВЫ КАНПО СЕИ ORIGINAL (ОРИГИНАЛЬНЫЕ) №3 БЕЛАЯ УПАКОВКА;Презервативы;;;;
ЦБ-00033492;ПРЕЗЕРВАТИВЫ КАНПО СЕИ RIBS (РЕБРИСТЫЕ) №3 БЕЛАЯ УПАКОВКА;Презервативы;;;;
ЦБ-00033495;ПРЕЗЕРВАТИВЫ КАНПО СЕИ RIBS (РЕБРИСТЫЕ) №3 БЕЛАЯ УПАКОВКА;Презервативы;;;;
ЦБ-00033493;ПРЕЗЕРВАТИВЫ КАНПО СЕИ SENSIBLE (ТОНКИЕ) №12 БЕЛАЯ УПАКОВКА;Презервативы;;;;
РТ-00001413;Презервативы Классические №12;Презервативы;;;;
РТ-00001416;Презервативы Классические №3;Презервативы;;;;
ЦБ-00021271;ПРЕЗЕРВАТИВЫ КЛАССИЧЕСКИЕ №3 -;Презервативы;;;;
ЦБ-00012032;Презервативы Контекс Блэк Роуз №12;Презервативы;;;;
ЦБ-00012033;Презервативы Контекс Блэк Роуз №3;Презервативы;;;;
ЦБ-00012036;Презервативы Контекс Доттед (с точками) №3;Презервативы;;;;
ЦБ-00011995;Презервативы Контекс Империал №12;Презервативы;;;;
ЦБ-00012037;Презервативы Контекс Империал №12;Презервативы;;;;
ЦБ-00012038;Презервативы Контекс Империал №3;Презервативы;;;;
ЦБ-00012039;Презервативы Контекс Классик №12;Презервативы;;;;
ЦБ-00012040;Презервативы Контекс Классик №3;Презервативы;;;;
ЦБ-00012041;Презервативы Контекс Колор №12;Презервативы;;;;
ЦБ-00012043;Презервативы Контекс лайт N12 особо тонкие;Презервативы;;;;
ЦБ-00011993;Презервативы Контекс Лайт №12;Презервативы;;;;
ЦБ-00026894;Презервативы Контекс Лайтс №18;Презервативы;;;;
ЦБ-00166136;Презервативы Контекс набор ребристые №6 + точечные №6;Презервативы;;;;
ЦБ-00012054;Презервативы Контекс Торнадо №3;Презервативы;;;;
ЦБ-00012055;Презервативы Контекс Форсед №3;Презервативы;;;;
ЦБ-00012057;Презервативы Контекс экстра лардж N12 увелич размер  (+салф);Презервативы;;;;
ЦБ-00012056;Презервативы Контекс Экстра Лардж №12;Презервативы;;;;
ЦБ-00030810;Презервативы Контекс Экстра Сенсэйшн №12;Презервативы;;;;
РТ-00000008;Презервативы латесные Классические гладкие №3;Презервативы;;;;
ЦБ-00123965;Презервативы Май сайз р.47 №10;Презервативы;;;;
ЦБ-00124391;Презервативы Май сайз р.47 №3;Презервативы;;;;
ЦБ-00131336;Презервативы Май сайз р.49 №10;Презервативы;;;;
ЦБ-00124390;Презервативы Май сайз р.49 №3;Презервативы;;;;
ЦБ-00131494;Презервативы Май сайз р.53 №10;Презервативы;;;;
ЦБ-00123385;Презервативы Май сайз р.53 №3;Презервативы;;;;
ЦБ-00123386;Презервативы Май сайз р.57 №10;Презервативы;;;;
ЦБ-00123561;Презервативы Май сайз р.57 №3;Презервативы;;;;
ЦБ-00141997;Презервативы Май сайз р.57 №36;Презервативы;;;;
ЦБ-00125952;Презервативы Май сайз р.60 №10;Презервативы;;;;
ЦБ-00123387;Презервативы Май сайз р.60 №3;Презервативы;;;;
ЦБ-00123009;Презервативы Май сайз р.64 №10;Презервативы;;;;
ЦБ-00122776;Презервативы Май сайз р.69 №10;Презервативы;;;;
ЦБ-00147195;Презервативы Май сайз р.69 №3;Презервативы;;;;
ЦБ-00027600;Презервативы Маскулан1 для УЗИ классические;Презервативы;;;;
РТ-00008978;Презервативы Плейбой 3в1 №12;Презервативы;;;;
РТ-00008368;Презервативы Плейбой 3в1 №3;Презервативы;;;;
ЦБ-00130551;Презервативы Плейбой 3в1 плотнооблегающие с ребистой и точечной повех. №3;Презервативы;;;;
РТ-00013076;Презервативы Плейбой Классик №12;Презервативы;;;;
РТ-00007956;Презервативы Плейбой Классик №3;Презервативы;;;;
РТ-00008406;Презервативы Плейбой Классик №6;Презервативы;;;;
РТ-00009291;Презервативы Плейбой Ультра №12;Презервативы;;;;
РТ-00008595;Презервативы Плейбой Ультра №3;Презервативы;;;;
РТ-00011042;Презервативы Плейбой Ультра №6;Презервативы;;;;
ЦБ-00130552;Презервативы плейбой ультра тин ультратонкие №6;Презервативы;;;;
РТ-00001411;Презервативы Пролонг №12;Презервативы;;;;
РТ-00001448;Презервативы Пролонг №3;Презервативы;;;;
РТ-00001412;Презервативы Ребристые №12;Презервативы;;;;
РТ-00001415;Презервативы Ребристые №3;Презервативы;;;;
РТ-00001418;Презервативы С точками №12;Презервативы;;;;
ЦБ-00123008;Презервативы Сагами Миракл Фит №5;Презервативы;;;;
ЦБ-00122777;Презервативы Сагами ориджинал 001 №1;Презервативы;;;;
ЦБ-00130553;Презервативы Сагами Ориджинал 001 №5;Презервативы;;;;
ЦБ-00122778;Презервативы Сагами ориджинал 002 №1;Презервативы;;;;
ЦБ-00123271;Презервативы Сагами ориджинал 002 №12;Презервативы;;;;
ЦБ-00122499;Презервативы Сагами ориджинал 002 №2;Презервативы;;;;
ЦБ-00124389;Презервативы Сагами ориджинал 002 №3;Презервативы;;;;
ЦБ-00125652;Презервативы Сагами ориджинал 002 №6;Презервативы;;;;
ЦБ-00130554;Презервативы Сагами Сквиз №5;Презервативы;;;;
ЦБ-00122498;Презервативы Сагами фил ап №3;Презервативы;;;;
ЦБ-00127013;Презервативы Сагами фил лонг №10;Презервативы;;;;
ЦБ-00122975;Презервативы Сагами Хот Кисс №10;Презервативы;;;;
ЦБ-00130556;Презервативы Сагами экстрим  кола №10;Презервативы;;;;
ЦБ-00130559;Презервативы Сагами экстрим  тайп-е №10;Презервативы;;;;
ЦБ-00130555;Презервативы Сагами Экстрим 0.04 №3;Презервативы;;;;
ЦБ-00125473;Презервативы Сагами экстрим №15;Презервативы;;;;
ЦБ-00130557;Презервативы Сагами Экстрим Кола №3;Презервативы;;;;
ЦБ-00130560;Презервативы Сагами Экстрим Тайп-Е №3;Презервативы;;;;
ЦБ-00130558;Презервативы Сагами Экстрим Фил ап №10;Презервативы;;;;
ЦБ-00122500;Презервативы Сагами экстрим энерджи №3;Презервативы;;;;
ЦБ-00017413;Презервативы Сико XXL №3;Презервативы;;;;
ЦБ-00017341;Презервативы Сико Классические SAFETY №12;Презервативы;;;;
ЦБ-00190636;Презервативы Сико Классические Safety №18;Презервативы;;;;
ЦБ-00017776;Презервативы Сико Классические SAFETY №3;Презервативы;;;;
ЦБ-00022546;Презервативы Сико Классические SAFETY №3;Презервативы;;;;
ЦБ-00128106;Презервативы Сико Классические Safety №50;Презервативы;;;;
ЦБ-00017599;Презервативы Сико Контурные анатомической формы SENSITIVE №12;Презервативы;;;;
ЦБ-00017598;Презервативы Сико Контурные анатомической формы SENSITIVE №3;Презервативы;;;;
ЦБ-00017596;Презервативы Сико Марафон Классические №12;Презервативы;;;;
ЦБ-00017493;Презервативы Сико Марафон Классические №3;Презервативы;;;;
00-00009811;Презервативы Сико Ребристые №12;Презервативы;;;;
ЦБ-00017494;Презервативы Сико Ребристые RIBBED №3;Презервативы;;;;
ЦБ-00018006;Презервативы Сико Рифленые Точечные №12;Презервативы;;;;
ЦБ-00018007;Презервативы Сико Рифленые Точечные №3;Презервативы;;;;
ЦБ-00020618;Презервативы Сико С пупырышками №12;Презервативы;;;;
ЦБ-00022545;Презервативы Сико с пупырышками №12;Презервативы;;;;
ЦБ-00020493;Презервативы Сико С пупырышками №3;Презервативы;;;;
ЦБ-00022354;Презервативы Сико с пупырышками №3;Презервативы;;;;
ЦБ-00017597;Презервативы Сико Цветные №12;Презервативы;;;;
ЦБ-00017399;Презервативы Сико Цветные №3;Презервативы;;;;
ЦБ-00022987;Презервативы Сико Экстра Сейф №3;Презервативы;;;;
ЦБ-00018371;Презервативы Сико Экстра Сейф Утолщенные №3;Презервативы;;;;
ЦБ-00036000;Презервативы Торекс классические №12;Презервативы;;;;
ЦБ-00037330;Презервативы Торекс классические №3;Презервативы;;;;
ЦБ-00038252;Презервативы Торекс продлевающие №12;Презервативы;;;;
ЦБ-00038204;Презервативы Торекс продлевающие №3;Презервативы;;;;
ЦБ-00036054;Презервативы Торекс ребристые №12;Презервативы;;;;
ЦБ-00039295;Презервативы Торекс ребристые №3;Презервативы;;;;
ЦБ-00040279;Презервативы Торекс с точками №12;Презервативы;;;;
ЦБ-00119102;Презервативы Торекс с точками №3;Презервативы;;;;
ЦБ-00036213;Презервативы Торекс сладкая любовь №12;Презервативы;;;;
РТ-00013878;Презервативы Торекс Сладкая любовь №3;Презервативы;;;;
ЦБ-00119259;Презервативы Торекс увелич.размера XL №12;Презервативы;;;;
ЦБ-00037331;Презервативы Торекс увелич.размера XL №3;Презервативы;;;;
ЦБ-00037118;Презервативы Торекс ультратонкие №12;Презервативы;;;;
РТ-00001414;Презервативы Ультра тонкие №12;Презервативы;;;;
РТ-00001417;Презервативы Ультра тонкие №3;Презервативы;;;;
РТ-00001069;Презервативы Фил 3в1 №3;Презервативы;;;;
РТ-00001410;Презервативы Фил 4в1 №12;Презервативы;;;;
РТ-00001447;Презервативы Фил 4в1 №3;Презервативы;;;;
ЦБ-00012060;Презервативы Эвисоник для УЗИ №1;Презервативы;;;;
ЦБ-00123184;Презервативы Юнилатекс доттед №12+3шт в подарок;Презервативы;;;;
ЦБ-00126818;Презервативы Юнилатекс доттед №3;Презервативы;;;;
ЦБ-00125787;Презервативы Юнилатекс мультифрукт №12+3шт. в подарок;Презервативы;;;;
ЦБ-00122973;Презервативы Юнилатекс мультифрукт №3;Презервативы;;;;
ЦБ-00123562;Презервативы Юнилатекс нейчерал плейн №12+3шт;Презервативы;;;;
ЦБ-00124184;Презервативы Юнилатекс нейчерал плейн №144;Презервативы;;;;
ЦБ-00122972;Презервативы Юнилатекс нейчерал плейн №3;Презервативы;;;;
ЦБ-00125228;Презервативы Юнилатекс ребристые №12+3шт подарок;Презервативы;;;;
ЦБ-00125651;Презервативы Юнилатекс ребристые №3;Презервативы;;;;
ЦБ-00122974;Презервативы Юнилатекс Сагами Хот Кисс №3;Презервативы;;;;
ЦБ-00122595;Презервативы Юнилатекс ультра тин №12+3шт подарок;Презервативы;;;;
ЦБ-00122970;Презервативы Юнилатекс ультра тин №144;Презервативы;;;;
ЦБ-00122501;Презервативы Юнилатекс ультра тин №3;Презервативы;;;;
РТ-00001274;Прелокс таб. №60;Ср-ва при эректильной дисфункции, влияющие на либидо;;;;
ЦБ-00154655;Премиал платочки бумажные 3-х слойные мини ромашка №10;Салфетки стерильные;;;;
ЦБ-00160257;Премиал платочки бумажные 3-х слойные мини яблоко №10;Салфетки стерильные;;;;
ЦБ-00003382;Препидил гель д/эндоцервик. введ. 0.5мг 3г  (шприц);Инъекционные и инфузионные р-ры;;;;
ЦБ-00172895;Привидение конфеты освежающие лимон №18;Драже, леденцы;;;;
ЦБ-00177598;Примапур р-р д п/к введ. 22мкг/0.5мл №1 шприц-ручка+игла №5;Инъекционные и инфузионные р-ры;;;;
ЦБ-00154755;Примапур р-р д п/к введ. 33 мкг/0.75мл №1 картриджи в шприц-ручках;Инъекционные и инфузионные р-ры;;;;
ЦБ-00003389;Примафунгин супп. ваг. 100мг №3;Гинекологические п/воспалительные ср-ва наружные;;;;
РТ-00008463;Примафунгин супп. ваг. 100мг №6;Гинекологические п/воспалительные ср-ва наружные;;;;
ЦБ-00123780;Примацин супп. ваг. 100мг №3;Гинекологические п/воспалительные ср-ва наружные;;;;
ЦБ-00171848;Примацин супп. ваг. 100мг №6;Гинекологические п/воспалительные ср-ва наружные;;;;
ЦБ-00153448;Примебар конц. л-карнитин 3000 манго 500мл;Поливитамины;;;;
ЦБ-00023115;Природная помощь Аевит капс. №30;Поливитамины;;;;
РТ-00011153;Природная помощь Аевитин капс. №30;Поливитамины;;;;
ЦБ-00012836;Природная помощь Сироп шиповника 250мл;Поливитамины;;;;
ЦБ-00189021;Природный Цеолит-Клиноптилолит пор. 200г;Препараты железа;;;;
ЦБ-00188979;Природный Цеолит-Клиноптилолит пор. 400г;Препараты железа;;;;
ЦБ-00186880;Про Магний Глицинат капс. №60;Препараты магния;;;;
ЦБ-00173359;Проаптека Витамин Д3 капс. 600МЕ №60;Витамин Д3;;;;
ЦБ-00169636;Проаптека Магний В6 таб. №60;Препараты магния;;;;
ЦБ-00194826;Проаптека пластырь мозол. гидроколлоидн. 3,7х5,5см №6;Бактерицидный;;;;
ЦБ-00194593;Проаптекапластырь бакт. влагостойк. дет. 1,9х7,2см №20;Бактерицидный;;;;
ЦБ-00003408;Пролит пилюли 225мг №100;Уроантисептики;;;;
ЦБ-00012260;Пролит Септо капс. №60;Уроантисептики;;;;
ЦБ-00017041;Пролит Супер капс. 660мг №60;Уроантисептики;;;;
ЦБ-00006736;Пролом вода минеральная 0,5 л;Минеральная вода;;;;
ЦБ-00039550;Пролом вода минеральная 1,5 л;Минеральная вода;;;;
ЦБ-00172788;Пролом вода питьевая дет. н/газ. 1,5 л;Минеральная вода;;;;
ЦБ-00039861;Прополис капс. 500мг №30;Поливитамины;;;;
РТ-00000922;Пропофол Каби  эмульсия в/в 10мг/мл амп. 20мл №5;Инъекционные и инфузионные р-ры;;;;
ЦБ-00034985;Пропофол Каби  эмульсия в/в 10мг/мл амп. 50мл №1;Инъекционные и инфузионные р-ры;;;;
ЦБ-00035258;Пропофол Каби 20мг/мл 50мл;Инъекционные и инфузионные р-ры;;;;
ЦБ-00166452;Пропофол Каби эмульсия в/в 20мг/мл 50мл флакон №10;Инъекционные и инфузионные р-ры;;;;
ЦБ-00166451;Пропофол Каби эмульсия для в/в введ. 10мг/мл 50мл фл. №10;Инъекционные и инфузионные р-ры;;;;
ЦБ-00077846;Пропофол-Бинергия эмульсия для в/в введ. 10мг/мл 20мл №5 амп.;Инъекционные и инфузионные р-ры;;;;
ЦБ-00161105;Пропофол-Бинергия эмульсия для в/в введ. 10мг/мл 50мл №1;Инъекционные и инфузионные р-ры;;;;
ЦБ-00171973;Пропофол-Липуро 10мг/мл 20мл №5 амп.;Инъекционные и инфузионные р-ры;;;;
ЦБ-00095632;Пропофол-Ново эмульсия д/инф. 10мг/мл 50мл №1;Инъекционные и инфузионные р-ры;;;;
ЦБ-00168064;Простакапс мультикомплекс раст. экстр. с пальмой сабаль капс. №30;Ср-ва при эректильной дисфункции, влияющие на либидо;;;;
ЦБ-00185307;Протеин Компани БЦАА капс. №90;Поливитамины;;;;
ЦБ-00185308;Протеин Компани Гамма-аминомасляная к-та капс. №60;Поливитамины;;;;
ЦБ-00187073;Протеин Компани Л-5-Метилфолат таб. №90;Поливитамины;;;;
ЦБ-00185309;Протеин Компани Цинк+Селен таб. №120;Поливитамины;;;;
ЦБ-00155083;Профилапрост капс. №60;Ср-ва при эректильной дисфункции, влияющие на либидо;;;;
ЦБ-00029916;Процисталь капс. 0.36г. №30;Уроантисептики;;;;
ЦБ-00026916;Псиллиум капс. 500мг №200;Поливитамины;;;;
ЦБ-00156499;Псиллиум капс. 750мг №30;Поливитамины;;;;
ЦБ-00003445;Псоринохель Н р-р д/ин. 1.1мл №5;Инъекционные и инфузионные р-ры;;;;
ЦБ-00037674;Пульсатилла композитум 2,2мл амп №5;Поливитамины;;;;
ЦБ-00131890;Пурегон-пен ручка-инжектор д/ввд. лек. средств №1;Шприцы;;;;
ЦБ-00039541;Радуга горного алтая черника очанка сироп 100мл;Поливитамины;;;;
ЦБ-00174976;Райзинстар Витамин Д3 капс. 2000МЕ №180;Витамин Д3;;;;
ЦБ-00174271;Райзинстар Магний + В6 таб. №90;Препараты магния;;;;
ЦБ-00003467;Райлис капс. №14;Поливитамины;;;;
ЦБ-00026980;Райлис капс. №28;Поливитамины;;;;
ЦБ-00012341;Райлис Леди капс. №14;Поливитамины;;;;
ЦБ-00012342;Райлис Леди капс. №28;Поливитамины;;;;
ЦБ-00169377;Ральф 0465 очки готовые (-1,25);Очки готовые;;;;
ЦБ-00169984;Ральф 0520 очки готовые тонированные (-1,00);Очки готовые;;;;
ЦБ-00167938;Ральф 0550 очки готовые (+3,50);Очки готовые;;;;
ЦБ-00167923;Ральф 0562 очки готовые тонированные (+1,50);Очки готовые;;;;
ЦБ-00167925;Ральф 0562 очки готовые тонированные (+2,00);Очки готовые;;;;
ЦБ-00167933;Ральф 0562 очки готовые тонированные (+3,00);Очки готовые;;;;
ЦБ-00183170;Ральф 0562 очки готовые тонированные (-1,00);Очки готовые;;;;
ЦБ-00167919;Ральф 0562 очки готовые тонированные (-2,50);Очки готовые;;;;
ЦБ-00167934;Ральф 0569 очки готовые тонированные (+3,00);Очки готовые;;;;
ЦБ-00167927;Ральф 0572 очки готовые тонированные (+2,00);Очки готовые;;;;
ЦБ-00167935;Ральф 0572 очки готовые тонированные (+3,00);Очки готовые;;;;
ЦБ-00167926;Ральф 5858 очки готовые (+2,00);Очки готовые;;;;
ЦБ-00188634;Ральф очки 0741 (+1,5);Очки готовые;;;;
ЦБ-00188375;Ральф очки 0741 (+4,00);Очки готовые;;;;
ЦБ-00188635;Ральф очки 0751 (+1,50);Очки готовые;;;;
ЦБ-00176722;Ральф очки 0769 (+1,5);Очки готовые;;;;
ЦБ-00176723;Ральф очки 0769 (+2,0);Очки готовые;;;;
ЦБ-00176724;Ральф очки 0769 (+3,0);Очки готовые;;;;
ЦБ-00188636;Ральф очки 0777 (+1,50);Очки готовые;;;;
ЦБ-00152513;Ральф очки арт. 0428 (+1.50);Очки готовые;;;;
ЦБ-00152514;Ральф очки арт. 0428 (+2.00);Очки готовые;;;;
ЦБ-00152515;Ральф очки арт. 0428 (+2.25);Очки готовые;;;;
ЦБ-00152516;Ральф очки арт. 0428 (+2.50);Очки готовые;;;;
ЦБ-00152517;Ральф очки арт. 0428 (+2.75);Очки готовые;;;;
ЦБ-00152518;Ральф очки арт. 0428 (+3.00);Очки готовые;;;;
ЦБ-00152519;Ральф очки арт. 0428 (+3.50);Очки готовые;;;;
ЦБ-00156612;Ральф очки арт. 0428 (-1.00);Очки готовые;;;;
ЦБ-00155477;Ральф очки арт. 0428 (-1.50);Очки готовые;;;;
ЦБ-00155478;Ральф очки арт. 0428 (-2.00);Очки готовые;;;;
ЦБ-00155479;Ральф очки арт. 0428 (-2.50);Очки готовые;;;;
ЦБ-00155480;Ральф очки арт. 0428 (-3.00);Очки готовые;;;;
ЦБ-00155481;Ральф очки арт. 0428 (-3.50);Очки готовые;;;;
ЦБ-00155482;Ральф очки арт. 0428 (-4.00);Очки готовые;;;;
ЦБ-00152520;Ральф очки арт. 0465 (+1.50);Очки готовые;;;;
ЦБ-00152521;Ральф очки арт. 0465 (+2.00);Очки готовые;;;;
ЦБ-00152522;Ральф очки арт. 0465 (+2.25);Очки готовые;;;;
ЦБ-00152523;Ральф очки арт. 0465 (+2.50);Очки готовые;;;;
ЦБ-00152524;Ральф очки арт. 0465 (+2.75);Очки готовые;;;;
ЦБ-00152525;Ральф очки арт. 0465 (+3.00);Очки готовые;;;;
ЦБ-00152526;Ральф очки арт. 0465 (+3.50);Очки готовые;;;;
ЦБ-00182290;Ральф очки арт. 0465 (+4.00);Очки готовые;;;;
ЦБ-00169991;Ральф очки арт. 0465 (-3.25);Очки готовые;;;;
ЦБ-00169992;Ральф очки арт. 0465 (-3.75);Очки готовые;;;;
ЦБ-00152527;Ральф очки арт. 0465 (-4.00);Очки готовые;;;;
ЦБ-00156387;Ральф очки арт. 0533 (+1.25);Очки готовые;;;;
ЦБ-00157549;Ральф очки арт. 0533 (+1.50);Очки готовые;;;;
ЦБ-00156266;Ральф очки арт. 0533 (+1.75);Очки готовые;;;;
ЦБ-00156613;Ральф очки арт. 0533 (+2.00);Очки готовые;;;;
ЦБ-00156614;Ральф очки арт. 0533 (+4.00);Очки готовые;;;;
ЦБ-00155365;Ральф очки арт. 0610 (+2.00);Очки готовые;;;;
ЦБ-00152528;Ральф очки арт. 0610 (+2.50);Очки готовые;;;;
ЦБ-00152529;Ральф очки арт. 0610 (+3.00);Очки готовые;;;;
ЦБ-00152530;Ральф очки арт. 0629 (-1.00);Очки готовые;;;;
ЦБ-00152531;Ральф очки арт. 0629 (-1.50);Очки готовые;;;;
ЦБ-00152532;Ральф очки арт. 0629 (-2.00);Очки готовые;;;;
ЦБ-00152533;Ральф очки арт. 0629 (-2.50);Очки готовые;;;;
ЦБ-00152534;Ральф очки арт. 0629 (-3.00);Очки готовые;;;;
ЦБ-00152535;Ральф очки арт. 0629 (-3.50);Очки готовые;;;;
ЦБ-00152536;Ральф очки арт. 0629 (-4.00);Очки готовые;;;;
ЦБ-00152537;Ральф очки арт. 0664 (+2.00);Очки готовые;;;;
ЦБ-00152538;Ральф очки арт. 0664 (+2.25);Очки готовые;;;;
ЦБ-00152539;Ральф очки арт. 0664 (+2.50);Очки готовые;;;;
ЦБ-00188367;Ральф очки арт. 0733 (-3.75);Очки готовые;;;;
ЦБ-00152540;Ральф очки арт. 0742 (+2.25);Очки готовые;;;;
ЦБ-00152541;Ральф очки арт. 0742 (+2.75);Очки готовые;;;;
ЦБ-00152542;Ральф очки арт. 0742 (+3.00);Очки готовые;;;;
ЦБ-00152543;Ральф очки арт. 0753 (-3.50);Очки готовые;;;;
ЦБ-00188640;Ральф очки арт. 0773 (+1.75);Очки готовые;;;;
ЦБ-00188645;Ральф очки арт. 0773 (+2.00);Очки готовые;;;;
ЦБ-00156164;Ральф очки арт. 0787 (+1.00);Очки готовые;;;;
ЦБ-00152544;Ральф очки арт. 0787 (+1.50);Очки готовые;;;;
ЦБ-00152545;Ральф очки арт. 0787 (+2.50);Очки готовые;;;;
ЦБ-00155283;Ральф очки арт. 0787 (+3.00);Очки готовые;;;;
ЦБ-00155754;Ральф очки арт. 0787 (-1.00);Очки готовые;;;;
ЦБ-00152546;Ральф очки арт. 0787 (-1.50);Очки готовые;;;;
ЦБ-00152547;Ральф очки арт. 0787 (-2.00);Очки готовые;;;;
ЦБ-00152548;Ральф очки арт. 0787 (-2.50);Очки готовые;;;;
ЦБ-00152549;Ральф очки арт. 0787 (-3.00);Очки готовые;;;;
ЦБ-00152550;Ральф очки арт. 0787 (-3.50);Очки готовые;;;;
ЦБ-00152551;Ральф очки арт. 0787 (-4.00);Очки готовые;;;;
ЦБ-00155755;Ральф очки арт. 0789 (+2.00);Очки готовые;;;;
ЦБ-00155756;Ральф очки арт. 0789 (+2.50);Очки готовые;;;;
ЦБ-00155757;Ральф очки арт. 0789 (+3.00);Очки готовые;;;;
ЦБ-00156615;Ральф очки арт. 0789 (+3.50);Очки готовые;;;;
ЦБ-00152552;Ральф очки арт. 0801 (+1.75);Очки готовые;;;;
ЦБ-00152553;Ральф очки арт. 0801 (+2.00);Очки готовые;;;;
ЦБ-00152554;Ральф очки арт. 0801 (+2.50);Очки готовые;;;;
ЦБ-00152555;Ральф очки арт. 0801 (+3.00);Очки готовые;;;;
ЦБ-00155436;Ральф очки арт. 0804 (+1.25);Очки готовые;;;;
ЦБ-00152556;Ральф очки арт. 0804 (+2.00);Очки готовые;;;;
ЦБ-00152557;Ральф очки арт. 0804 (+2.50);Очки готовые;;;;
ЦБ-00152558;Ральф очки арт. 0804 (+3.00);Очки готовые;;;;
ЦБ-00155483;Ральф очки арт. 0804 (-1.50);Очки готовые;;;;
ЦБ-00155366;Ральф очки арт. 0804 (-2.00);Очки готовые;;;;
ЦБ-00155484;Ральф очки арт. 0804 (-2.50);Очки готовые;;;;
ЦБ-00155485;Ральф очки арт. 0804 (-3.50);Очки готовые;;;;
ЦБ-00155758;Ральф очки арт. 0804 (-4.00);Очки готовые;;;;
ЦБ-00152559;Ральф очки арт. 0806 (+1.75);Очки готовые;;;;
ЦБ-00152560;Ральф очки арт. 0806 (-1.00);Очки готовые;;;;
ЦБ-00152561;Ральф очки арт. 0806 (-2.00);Очки готовые;;;;
ЦБ-00152562;Ральф очки арт. 0806 (-4.00);Очки готовые;;;;
ЦБ-00188646;Ральф очки арт. 0845 (+2.00);Очки готовые;;;;
ЦБ-00188641;Ральф очки арт. 0877 (+1.75);Очки готовые;;;;
ЦБ-00188647;Ральф очки арт. 0877 (+2.00);Очки готовые;;;;
ЦБ-00188364;Ральф очки арт. 0890 (-0.75);Очки готовые;;;;
ЦБ-00029295;Расти большой Вода питьевая детская 0,5л;Минеральная вода;;;;
ЦБ-00029183;Расти большой Вода питьевая детская 1,5л;Минеральная вода;;;;
ЦБ-00029184;Расти большой Вода питьевая детская 5л;Минеральная вода;;;;
ЦБ-00132878;Ратионутрилайф Витамин Д3 капс. №120;Витамин Д3;;;;
ЦБ-00160243;Ратионутрилайф Витамин С таб. №60;Витамин С;;;;
ЦБ-00171098;Ратионутрилайф Магний с вит.В6 хелатно-минеральный пептидный комплекс капс. №30;Препараты магния;;;;
ЦБ-00039000;Рационика Аскорбинка б/сахара 50мг таб. №10;Витамин С;;;;
РТ-00013035;Рационика Аскорбинка б/сахара Апельсин таб. №10;Витамин С;;;;
РТ-00014111;Рационика Аскорбинка б/сахара Малина таб. №10;Витамин С;;;;
ЦБ-00177697;Рационика аскорбинка б/сахара при диабете арбуз №10;Витамин С;;;;
ЦБ-00177199;Рационика аскорбинка б/сахара при диабете клубника №10;Витамин С;;;;
ЦБ-00104778;Реамберин р-р д/инф. 1,5% 250мл №32 (для ЛПУ);Инъекционные и инфузионные р-ры;;;;
ЦБ-00003479;Реамберин р-р д/инф. 1.5% 200мл;Инъекционные и инфузионные р-ры;;;;
ЦБ-00021832;Реамберин р-р д/инф. 1.5% 250мл №1;Инъекционные и инфузионные р-ры;;;;
РТ-00004221;Реамберин р-р д/инф. 1.5% 250мл №32;Инъекционные и инфузионные р-ры;;;;
РТ-00014606;Реамберин р-р д/инф. 1.5% 250мл №5;Инъекционные и инфузионные р-ры;;;;
ЦБ-00021568;Реамберин р-р д/инф. 1.5% 400мл;Инъекционные и инфузионные р-ры;;;;
ЦБ-00003481;Реамберин р-р д/инф. 1.5% 500мл;Инъекционные и инфузионные р-ры;;;;
РТ-00009284;Реамберин р-р д/инф. 1.5% 500мл №20;Инъекционные и инфузионные р-ры;;;;
РТ-00011229;Реамберин р-р д/инф. 1.5% 500мл №5;Инъекционные и инфузионные р-ры;;;;
РТ-00006020;Ревацио таб. п/о 20мг №90;Ср-ва при эректильной дисфункции, влияющие на либидо;;;;
ЦБ-00012360;Ревидокс капс. 465мг №15;Витамины д/сердечно-сосудистой системы;;;;
ЦБ-00012361;Ревидокс капс. 465мг №30;Витамины д/сердечно-сосудистой системы;;;;
ЦБ-00003491;Ревит др. №100;Поливитамины;;;;
ЦБ-00031601;Ревит др. №100;Поливитамины;;;;
ЦБ-00146595;Ревит др. №100;Поливитамины;;;;
ЦБ-00003492;Ревит др. №100;Поливитамины;;;;
ЦБ-00003493;Ревит др. №100;Поливитамины;;;;
ЦБ-00153995;Ревитаб таб. №50;Поливитамины;;;;
РТ-00012754;Ревитмар др. №100;Поливитамины;;;;
ЦБ-00173034;Ревит-Фармстандарт др. №100;Поливитамины;;;;
ЦБ-00003497;Регулон таб. №21;Пероральные контрацептивы;;;;
ЦБ-00003498;Регулон таб. №63;Пероральные контрацептивы;;;;
ЦБ-00158407;Резистон Уро капс. №60;Уроантисептики;;;;
ЦБ-00175188;Ре-комплекс др. №100;Поливитамины;;;;
ЦБ-00035378;Реланиум амп 2мл №10;Инъекционные и инфузионные р-ры;;;;
ЦБ-00039886;Реланиум р-р 5мг/мл 2мл №50;Инъекционные и инфузионные р-ры;;;;
ЦБ-00171883;Релфлекс презервативы с точками №12;Презервативы;;;;
ЦБ-00191798;Ремовакс Аккорд капс. №60;Поливитамины;;;;
ЦБ-00144873;Реналис капс. №30;Уроантисептики;;;;
ЦБ-00003522;Ренель таб. сублингв. №50;Уроантисептики;;;;
ЦБ-00144874;Ренессанс Уриналкон таб. п/п/о 1,15г №60;Поливитамины;;;;
ЦБ-00172719;Ренисаль таб. №45;Уроантисептики;;;;
ЦБ-00169301;Ренисаль экстракт жид. 100мл;Уроантисептики;;;;
ЦБ-00012388;Ренисамин таб. 10мг №40  (20х2);Уроантисептики;;;;
ЦБ-00184649;Ренисток капс. №30;Уроантисептики;;;;
ЦБ-00121744;Реноксилиум Мэн Стандарт здоровья таб. №10;Уроантисептики;;;;
ЦБ-00121745;Реноксилиум Фам Стандарт здоровья таб. №10;Уроантисептики;;;;
ЦБ-00012396;Реополиглюкин c глюкозой р-р д/инф. 200мл;Инъекционные и инфузионные р-ры;;;;
ЦБ-00021834;РЕОПОЛИГЛЮКИН Р-Р Д/ИНФ. 10%  ФЛАК. 200МЛ N28;Инъекционные и инфузионные р-ры;;;;
ЦБ-00003531;Реополиглюкин р-р д/инф. 10% 200мл №1;Инъекционные и инфузионные р-ры;;;;
ЦБ-00003532;Реополиглюкин р-р д/инф. 10% 200мл №1  (в р-ре NaCl 0.9%);Инъекционные и инфузионные р-ры;;;;
ЦБ-00003533;Реополиглюкин р-р д/инф. 10% 400мл №1  (в р-ре NaCl 0.9%);Инъекционные и инфузионные р-ры;;;;
ЦБ-00016833;Реополиглюкин р-р д/инф. 10% 400мл №15;Инъекционные и инфузионные р-ры;;;;
ЦБ-00177333;Реополиглюкин р-р д/инф. 400мл №1;Инъекционные и инфузионные р-ры;;;;
ЦБ-00034169;Реополиглюкин р-р д/инф. фл. 200мл №1;Инъекционные и инфузионные р-ры;;;;
ЦБ-00022662;РЕОПОЛИГЛЮКИН ФЛ 200МЛ;Инъекционные и инфузионные р-ры;;;;
ЦБ-00015346;Реополиглюкин-40 р-р инф 10% 200мл №1 КК [!д/стац];Инъекционные и инфузионные р-ры;;;;
ЦБ-00015347;Реополиглюкин-40 р-р инф 10% 400мл №1 КК [!д/стац];Инъекционные и инфузионные р-ры;;;;
ЦБ-00186689;Репрогеном ДНК 4 капс. №60;Препараты группы В, нейропротекторы;;;;
ЦБ-00148864;Ресвератрол 100% таб. №30;Поливитамины;;;;
ЦБ-00163662;Ресвератрол капс. №60;Витамины д/сердечно-сосудистой системы;;;;
ЦБ-00034571;Ретаболил р-р д/ин. 50мг 1мл амп.№1;Инъекционные и инфузионные р-ры;;;;
00-00017274;Ретинорм капс. 500мг №30;Поливитамины;;;;
ЦБ-00039978;Ретинорм капс. 500мг №90;Поливитамины;;;;
ЦБ-00181952;Рефламейд пор. д/приг. р-ра д/приема внутрь 3г пак. 8г №1;Инфекции мочевого пузыря и почек;;;;
ЦБ-00170466;Рефлекс Доттед презервативы №12;Презервативы;;;;
ЦБ-00155949;Рефлекс Доттед презервативы из натурального латекса в смазке №3;Презервативы;;;;
ЦБ-00168978;Рефлекс Классик презервативы №12;Презервативы;;;;
ЦБ-00159888;Рефлекс Классик презервативы из натурального латекса в смазке №3;Презервативы;;;;
ЦБ-00178467;Рефлекс Лайт презервативы из натур. латекса в смазке №12;Презервативы;;;;
ЦБ-00178808;Рефлекс Лайт презервативы из натурального латекса в смазке №3;Презервативы;;;;
ЦБ-00021836;РЕФОРТАН ГЭК 6% полиэт.фл. 500мл №1** !А;Инъекционные и инфузионные р-ры;;;;
ЦБ-00091954;Рибонуклеаза лиоф. д/приг. р-ра д/инъекций и местн. прим. 10мг №10 фл;Инъекционные и инфузионные р-ры;;;;
ЦБ-00012418;Рибофлавин-мононуклеотид 0.01/мл 1мл n10 амп р-р;Инъекционные и инфузионные р-ры;;;;
ЦБ-00012419;Ригевидон таб. п/о (21+7)х3 №84;Пероральные контрацептивы;;;;
ЦБ-00003557;Ригевидон таб. п/о №21;Пероральные контрацептивы;;;;
ЦБ-00012420;Ригевидон таб. п/о №21+7;Пероральные контрацептивы;;;;
ЦБ-00003558;Ригевидон таб. п/о №63;Пероральные контрацептивы;;;;
ЦБ-00025324;Ригла аскорбинка с сахаром таб.25мг №10 (крутка) (БАД);Витамин С;;;;
ЦБ-00025321;Ригла аскорбинка с сахаром таб.25мг №10 (крутка) ананас (БАД);Витамин С;;;;
ЦБ-00025323;Ригла аскорбинка с сахаром таб.25мг №10 (крутка) апельсин (БАД);Витамин С;;;;
ЦБ-00025320;Ригла аскорбинка с сахаром таб.25мг №10 (крутка) арбуз (БАД);Витамин С;;;;
ЦБ-00025335;Ригла аскорбинка с сахаром таб.25мг №10 (крутка) мята (БАД);Витамин С;;;;
ЦБ-00025322;Ригла аскорбинка с сахаром таб.25мг №10 (крутка) черника (БАД);Витамин С;;;;
ЦБ-00026933;Ригла вода мин. прир. пит. лечебно-столовая Мивела Mg++ газ. 0.5л;Минеральная вода;;;;
ЦБ-00026934;Ригла вода мин. прир. пит. лечебно-столовая Мивела Mg++ слабогаз. 0.5л;Минеральная вода;;;;
ЦБ-00026936;Ригла вода мин. прир./стол. газ.Светлояр 0.5л;Минеральная вода;;;;
ЦБ-00026937;Ригла вода мин. прир./стол. н/г Светлояр 0.5л;Минеральная вода;;;;
ЦБ-00026938;Ригла Вода пит. Никола ключик Детская высшей категории. 0.33 л;Минеральная вода;;;;
ЦБ-00158673;Риджамп таб. дисперг. в полости рта 100мг №4;Ср-ва при эректильной дисфункции, влияющие на либидо;;;;
ЦБ-00158674;Риджамп таб. дисперг. в полости рта 50мг №4;Ср-ва при эректильной дисфункции, влияющие на либидо;;;;
ЦБ-00150771;Ризингстар Витамин Д3 Иммуно спрей 500МЕ клубника 20мл;Витамин Д3;;;;
ЦБ-00150848;Ризингстар Дабл эффект К2Д3 капс. №60;Витамин Д3;;;;
ЦБ-00166727;Риминк 5 мл стик-пакеты №14 (манго);Витамин Д3;;;;
ЦБ-00166728;Риминк жид. д/приема внутрь стик-пакеты манго №28;Витамин Д3;;;;
ЦБ-00166735;Рингер р-р д/инф 250мл №1;Инъекционные и инфузионные р-ры;;;;
ЦБ-00150774;Рингер р-р д/инф 250мл №10 Гематек (для ЛПУ);Инъекционные и инфузионные р-ры;;;;
ЦБ-00159374;Рингер р-р д/инф 500мл №1;Инъекционные и инфузионные р-ры;;;;
ЦБ-00150773;Рингер р-р д/инф 500мл №10 Гематек (для ЛПУ);Инъекционные и инфузионные р-ры;;;;
ЦБ-00003566;Рингера р-р д/инф 200мл;Инъекционные и инфузионные р-ры;;;;
ЦБ-00031738;Рингера р-р д/инф 200мл №1;Инъекционные и инфузионные р-ры;;;;
ЦБ-00127960;Рингера р-р д/инф 200мл №1 пакет;Инъекционные и инфузионные р-ры;;;;
РТ-00008628;Рингера р-р д/инф 200мл №20;Инъекционные и инфузионные р-ры;;;;
ЦБ-00031739;Рингера р-р д/инф 200мл №24;Инъекционные и инфузионные р-ры;;;;
РТ-00004123;Рингера р-р д/инф 200мл №28;Инъекционные и инфузионные р-ры;;;;
ЦБ-00003563;Рингера р-р д/инф 250мл №1  (конт полиолеф б/вторич уп);Инъекционные и инфузионные р-ры;;;;
ЦБ-00135522;Рингера р-р д/инф 250мл №10 (для ЛПУ);Инъекционные и инфузионные р-ры;;;;
ЦБ-00003565;Рингера р-р д/инф 400мл;Инъекционные и инфузионные р-ры;;;;
ЦБ-00003562;Рингера р-р д/инф 400мл №1  (конт пвх-вторич уп);Инъекционные и инфузионные р-ры;;;;
ЦБ-00151962;Рингера р-р д/инф 400мл №1 контейнер;Инъекционные и инфузионные р-ры;;;;
ЦБ-00119456;Рингера р-р д/инф 400мл №12;Инъекционные и инфузионные р-ры;;;;
ЦБ-00036932;Рингера р-р д/инф 400мл бут стекл;Инъекционные и инфузионные р-ры;;;;
РТ-00001060;Рингера р-р д/инф 500мл №1;Инъекционные и инфузионные р-ры;;;;
ЦБ-00144289;Рингера р-р д/инф 500мл №1;Инъекционные и инфузионные р-ры;;;;
ЦБ-00003564;Рингера р-р д/инф 500мл №1  (конт полиолеф б/вторич уп);Инъекционные и инфузионные р-ры;;;;
ЦБ-00003475;Рингера р-р д/инф 500мл №10;Инъекционные и инфузионные р-ры;;;;
ЦБ-00132972;Рингера р-р д/инф 500мл №10 (для ЛПУ);Инъекционные и инфузионные р-ры;;;;
ЦБ-00038144;Рингера р-р д/инф 500мл №20;Инъекционные и инфузионные р-ры;;;;
ЦБ-00068416;Рингера р-р д/инф. 200мл №24 (для ЛПУ);Инъекционные и инфузионные р-ры;;;;
ЦБ-00163946;Рингера р-р д/инф. 200мл №28 (для ЛПУ);Инъекционные и инфузионные р-ры;;;;
ЦБ-00172183;Рингера р-р д/инф. 250мл №24 (для ЛПУ);Инъекционные и инфузионные р-ры;;;;
ЦБ-00175569;Рингера р-р д/инф. 400мл №12 (для ЛПУ);Инъекционные и инфузионные р-ры;;;;
ЦБ-00163944;Рингера р-р д/инф. 400мл бут. №15 (для ЛПУ);Инъекционные и инфузионные р-ры;;;;
ЦБ-00170740;Рингера р-р д/инф. 500мл №12 (для ЛПУ);Инъекционные и инфузионные р-ры;;;;
ЦБ-00185079;Рингера-ацетат р-р д/инф. 250мл (для ЛПУ);Инъекционные и инфузионные р-ры;;;;
ЦБ-00124709;Рингера-ацетат р-р д/инф. 500мл (для ЛПУ);Инъекционные и инфузионные р-ры;;;;
ЦБ-00078873;Рингер-СОЛОфарм р-р д/инф. 400мл №20 (для ЛПУ);Инъекционные и инфузионные р-ры;;;;
ЦБ-00176883;Рисингстар вит. Д3 капс. №180;Витамин Д3;;;;
ЦБ-00185340;Рисингстар вит. Д3 таб. №120;Витамин Д3;;;;
ЦБ-00180158;Рисингстар Вит. Д3/К2 апельсин спрей 20мл;Витамин Д3;;;;
ЦБ-00193776;Рисингстар В-комплекс ультра-актив капс. №30;Препараты группы В, нейропротекторы;;;;
ЦБ-00185341;Рисингстар Железа Хелат капс. №60;Препараты железа;;;;
ЦБ-00193999;Рисингстар Железа Хелат/Фумарат капс. №60;Препараты железа;;;;
ЦБ-00176437;Рисингстар кальций Д3+К2 капс. №60;Витамин Д3;;;;
ЦБ-00191458;Рисингстар Умные Мультивит. таб. жев. №60;Поливитамины;;;;
РТ-00007879;Рифампицин амп. лиоф. д/р-ра д/инф 0.15 №10;Антибактериальные средства инъекционные р-ры;;;;
ЦБ-00170554;Рифампицин-Деко лиоф. д/р-ра д/инф. 150мг №10;Антибактериальные средства инъекционные р-ры;;;;
ЦБ-00020070;Рифампицин-Ферейн лиоф. д/р-ра д/ин. 150мг №10;Антибактериальные средства инъекционные р-ры;;;;
ЦБ-00116706;Роватинекс капс.кишечнораствор.№50;Уроантисептики;;;;
ЦБ-00031432;Родиола розовая экстракт капс. 0.4 г. х40;Поливитамины;;;;
ЦБ-00179544;Родиола розовая экстракт капс. №30;Поливитамины;;;;
ЦБ-00146701;Рожетома капс. №10;Ср-ва при эректильной дисфункции, влияющие на либидо;;;;
ЦБ-00188637;Розе Джульет очки 2714 (+1,50);Очки готовые;;;;
ЦБ-00188642;Розе Джульет очки 2714 (+1,75);Очки готовые;;;;
ЦБ-00188648;Розе Джульет очки 2714 (+2,00);Очки готовые;;;;
ЦБ-00188632;Розе Джульет очки 7017 (+1,25);Очки готовые;;;;
ЦБ-00188638;Розе Джульет очки 7017 (+1,50);Очки готовые;;;;
ЦБ-00176725;Розе Джульет очки 7042 (+1,5);Очки готовые;;;;
ЦБ-00159935;Розолакрит капс. №60;Поливитамины;;;;
ЦБ-00147455;Ролепласт лейкопластырь фиксирующий на неткан.основе 10*10см;Фиксирующие катушки;;;;
ЦБ-00186978;Ролепласт лейкопластырь фиксирующий на неткан.основе 10х200см;Фиксирующие катушки;;;;
ЦБ-00145482;Ролепласт лейкопластырь фиксирующий на неткан.основе 3*1000см;Фиксирующие катушки;;;;
ЦБ-00162021;Ролепласт лейкопластырь фиксирующий на неткан.основе 3*10см;Фиксирующие катушки;;;;
ЦБ-00143671;Ролепласт лейкопластырь фиксирующий на неткан.основе 5*1000см;Фиксирующие катушки;;;;
ЦБ-00154369;Ролепласт лейкопластырь фиксирующий на неткан.основе 5*10см;Фиксирующие катушки;;;;
ЦБ-00186685;Ролепласт лейкопластырь фиксирующий на неткан.основе 5х200см;Фиксирующие катушки;;;;
ЦБ-00134565;Ролепласт лейкопластырь фиксирующий на ткан.основе 4*500см;Фиксирующие катушки;;;;
ЦБ-00003604;Роцефин пор. д/р-ра в/в 1г №1  (+вода д/ин 10мл);Антибактериальные средства инъекционные р-ры;;;;
ЦБ-00003605;Роцефин пор. д/р-ра в/м 1г №1  (+лидокаин 1% 3.5мл);Антибактериальные средства инъекционные р-ры;;;;
РТ-00013063;Рувит драже №100;Поливитамины;;;;
ЦБ-00039551;Рудольфов вода минеральная 0,5 л;Минеральная вода;;;;
ЦБ-00039552;Рудольфов вода минеральная 1,5 л;Минеральная вода;;;;
ЦБ-00169981;Руцектам пор д/р-ра в/в и в/м №1;Антибактериальные средства инъекционные р-ры;;;;
ЦБ-00187320;Руцеф пор. д/пригот. р-ра д/в/в и в/м/в 1,5г №1;Антибактериальные средства инъекционные р-ры;;;;
ЦБ-00164301;Руцеф пор. д/пригот. р-ра д/в/в и в/м/в 750мг №1;Антибактериальные средства инъекционные р-ры;;;;
РТ-00014276;С плюс Рутин таб. №50;Поливитамины;;;;
61268;Сабвиксин пор. д/ин. 50мг №1;Антибактериальные средства инъекционные р-ры;;;;
ЦБ-00141787;Сагами Голд презервативы №10;Презервативы;;;;
ЦБ-00143641;Сагами Джели пуш презервативы №5;Презервативы;;;;
ЦБ-00135933;Сагами Контур презервативы контурные №3;Презервативы;;;;
ЦБ-00145236;Сагами ориджинал 001 презервативы №10;Презервативы;;;;
ЦБ-00146813;Сагами ориджинал 002 квик презервативы №6;Презервативы;;;;
ЦБ-00142524;Сагами ориджинал 002 презервативы №12;Презервативы;;;;
ЦБ-00166734;Сагами ориджинал 002 Экстра луб презервативы №3;Презервативы;;;;
ЦБ-00127957;Сагами презервативы 6 Фит-ви №12;Презервативы;;;;
ЦБ-00127182;Сагами презервативы лимонад №5;Презервативы;;;;
ЦБ-00133702;Сагами презервативы экстрим клубника №10;Презервативы;;;;
ЦБ-00127721;Сагами презервативы экстрим ультрасейф №10;Презервативы;;;;
ЦБ-00141788;Сагами Экстрим 0.04 презервативы №24;Презервативы;;;;
ЦБ-00012525;Саймы капс. 350мг №1;Ср-ва при эректильной дисфункции, влияющие на либидо;;;;
ЦБ-00026309;Саймы капс. 350мг №1;Ср-ва при эректильной дисфункции, влияющие на либидо;;;;
ЦБ-00012526;Саймы капс. 350мг №4;Ср-ва при эректильной дисфункции, влияющие на либидо;;;;
ЦБ-00026308;Саймы капс. 350мг №4;Ср-ва при эректильной дисфункции, влияющие на либидо;;;;
ЦБ-00170572;Саймы капс. 500мг №1;Ср-ва при эректильной дисфункции, влияющие на либидо;;;;
ЦБ-00191115;Саймы капс. 500мг №16;Ср-ва при эректильной дисфункции, влияющие на либидо;;;;
ЦБ-00168809;Саймы капс. 500мг №4;Ср-ва при эректильной дисфункции, влияющие на либидо;;;;
ЦБ-00168180;Саймы капс. 500мг №8;Ср-ва при эректильной дисфункции, влияющие на либидо;;;;
ЦБ-00193190;Саливио 0009 очки готовые (+1,0);Очки готовые;;;;
ЦБ-00193191;Саливио 0009 очки готовые (+1,5);Очки готовые;;;;
ЦБ-00193192;Саливио 0009 очки готовые (+2,0);Очки готовые;;;;
ЦБ-00193193;Саливио 0009 очки готовые (+2,5);Очки готовые;;;;
ЦБ-00193194;Саливио 0009 очки готовые (+2,75);Очки готовые;;;;
ЦБ-00193195;Саливио 0009 очки готовые (+3,0);Очки готовые;;;;
ЦБ-00193196;Саливио 0009 очки готовые (+4,0);Очки готовые;;;;
ЦБ-00176713;Саливио 0017 очки готовые (+1,0);Очки готовые;;;;
ЦБ-00181393;Саливио 0017 очки готовые (-0,75);Очки готовые;;;;
ЦБ-00174941;Саливио 0017 очки готовые (-1,00);Очки готовые;;;;
ЦБ-00181394;Саливио 0017 очки готовые (-3,75);Очки готовые;;;;
ЦБ-00012539;Салфетка марлевая стер Стерилюкс ЕС 5х5см N5 8 слоев-17 нитей;Салфетки стерильные;;;;
ЦБ-00031427;Салфетка марлевая стер Стерилюкс ЕС 7.5х7.5см N3;Салфетки стерильные;;;;
ЦБ-00154321;Салфетка мед. сорбционная стер. марл. 2х слойная 16*14 №10;Салфетки стерильные;;;;
ЦБ-00154370;Салфетка мед. сорбционная стер. марл. 2х слойная 16*14 №20;Салфетки стерильные;;;;
ЦБ-00177469;Салфетка мед. сорбционная стер. марл. 5х5 №10;Салфетки стерильные;;;;
ЦБ-00156900;Салфетка мед. сорбционная стер. марл. двухслойная 45*29 №5;Салфетки стерильные;;;;
ЦБ-00154695;Салфетка мед. сорбционная стер. марл. однослойная 45*29 №5;Салфетки стерильные;;;;
ЦБ-00165772;Салфетка Стерилюкс ЕС н/стер 10*20см №100;Салфетки стерильные;;;;
ЦБ-00165773;Салфетка Стерилюкс ЕС н/стер 5*5см №100;Салфетки стерильные;;;;
ЦБ-00124797;Салфетки ЕС Компрессен марлевые нестерил. 8 слоев 10х10 №100;Салфетки стерильные;;;;
ЦБ-00125633;Салфетки ЕС-Компрессен марлевые нестерил. 8 слоев 10х10см №100;Салфетки стерильные;;;;
ЦБ-00117824;Салфетки марл.медиц.стер. 45x29см №5;Салфетки стерильные;;;;
ЦБ-00123629;Салфетки марл.стер. 16х14 №20 Навтекс;Салфетки стерильные;;;;
ЦБ-00080379;Салфетки марл.стер. 7,5х7,5 №10 (8сл.,инд. уп.) Навтекс;Салфетки стерильные;;;;
ЦБ-00183300;Салфетки марлев. стер. 10х10см 8 сложений №10;Салфетки стерильные;;;;
ЦБ-00170245;Салфетки марлевые мед. стер. (10х10см) 8сл.17нитей №10;Салфетки стерильные;;;;
ЦБ-00170247;Салфетки марлевые мед. стер. (5х5) 8сл. 17нитей №10;Салфетки стерильные;;;;
ЦБ-00117979;Салфетки марлевые мед. стер. 16х14см №10;Салфетки стерильные;;;;
ЦБ-00126949;Салфетки марлевые мед. стер. двухслойн 16х14 №20;Салфетки стерильные;;;;
ЦБ-00126948;Салфетки марлевые мед. стер.12 слоев 5х5см №10;Салфетки стерильные;;;;
ЦБ-00185385;Салфетки марлевые мед. стерил. по ТУ 9393-001-71847378-2010 5х5см 8-слойная 17 нитей №10;Салфетки стерильные;;;;
ЦБ-00120447;Салфетки марлевые медицинские стерил.8 сложений 10*10см №10;Салфетки стерильные;;;;
ЦБ-00017796;Салфетки марлевые н/стер 7,5х7,5 №5;Салфетки стерильные;;;;
ЦБ-00025787;Салфетки марлевые н/стер. 10х10 N10 двенадцатислойные;Салфетки стерильные;;;;
ЦБ-00147408;Салфетки марлевые н/стер. 8слоев 10х10см №50;Салфетки стерильные;;;;
ЦБ-00156500;Салфетки марлевые н/стер. 8слоев 5х5см №50;Салфетки стерильные;;;;
ЦБ-00161641;Салфетки марлевые нестер. 8 сложений 5х5см №50;Салфетки стерильные;;;;
ЦБ-00161642;Салфетки марлевые нестер. 8 сложений 7,5х7,5см №5;Салфетки стерильные;;;;
ЦБ-00153308;Салфетки марлевые сорбц. стер. неткан. 12 сложений 5см*5см №5;Салфетки стерильные;;;;
ЦБ-00153309;Салфетки марлевые сорбц. стер. неткан. 12 сложений 7,5см*7,5см №5;Салфетки стерильные;;;;
ЦБ-00012628;Салфетки марлевые стер 10х10см N10 2х слойные;Салфетки стерильные;;;;
ЦБ-00012629;Салфетки марлевые стер 10х10см №10;Салфетки стерильные;;;;
ЦБ-00012535;Салфетки марлевые стер 16х14см N10 2х слойные;Салфетки стерильные;;;;
ЦБ-00012631;Салфетки марлевые стер 16х14см N10 2х слойные;Салфетки стерильные;;;;
ЦБ-00012632;Салфетки марлевые стер 16х14см N10 2х слойные;Салфетки стерильные;;;;
ЦБ-00012634;Салфетки марлевые стер 16х14см N10 2х слойные;Салфетки стерильные;;;;
ЦБ-00030840;Салфетки марлевые стер 16х14см N10 2х слойные;Салфетки стерильные;;;;
ЦБ-00027643;Салфетки марлевые стер 16х14см N10 2х слойные;Салфетки стерильные;;;;
ЦБ-00024729;Салфетки марлевые стер 16х14см N10 2х слойные;Салфетки стерильные;;;;
РТ-00012585;Салфетки марлевые стер 16х14см N20 2х слойные;Салфетки стерильные;;;;
ЦБ-00024660;Салфетки марлевые стер 45х29см N5 2х слойные;Салфетки стерильные;;;;
ЦБ-00012536;Салфетки марлевые стер 45х29см №5;Салфетки стерильные;;;;
ЦБ-00124783;Салфетки марлевые стер 7,5х7,5 №10;Салфетки стерильные;;;;
ЦБ-00162022;Салфетки марлевые стер 8слож. 7,5*7,5 №5;Салфетки стерильные;;;;
ЦБ-00142141;Салфетки марлевые стер двухслойн 16*14 №20;Салфетки стерильные;;;;
ЦБ-00032008;Салфетки марлевые стер двухслойн 45х29 №5;Салфетки стерильные;;;;
ЦБ-00120634;Салфетки марлевые стер. 12слоев 7,5х7,5см №10;Салфетки стерильные;;;;
ЦБ-00154000;Салфетки марлевые стер. 16 сложений 45*29см №5;Салфетки стерильные;;;;
РТ-00013513;Салфетки марлевые стер. 16 х 14см №20;Салфетки стерильные;;;;
ЦБ-00012644;Салфетки марлевые стер. 16х14 см №10;Салфетки стерильные;;;;
ЦБ-00012645;Салфетки марлевые стер. 16х14 см №20 2-х слойные;Салфетки стерильные;;;;
ЦБ-00120692;Салфетки марлевые стер. 2слоя 16х14см (плотность 28г/м2)  №10;Салфетки стерильные;;;;
ЦБ-00135525;Салфетки марлевые стер. 2слоя 16х14см (плотность 32г/м2)  №10;Салфетки стерильные;;;;
ЦБ-00025562;Салфетки марлевые стер. 2слоя 16х14см №10;Салфетки стерильные;;;;
ЦБ-00015156;Салфетки марлевые стер. 2слоя 16х14см №10;Салфетки стерильные;;;;
ЦБ-00026991;Салфетки марлевые стер. 2слоя 16х14см №20;Салфетки стерильные;;;;
ЦБ-00025561;Салфетки марлевые стер. 2слоя 45х29см №5;Салфетки стерильные;;;;
ЦБ-00012630;Салфетки марлевые стер. 2х слойн. (16х14см) №10;Салфетки стерильные;;;;
ЦБ-00012633;Салфетки марлевые стер. 2х слойн. (16х14см) №20 Амелия;Салфетки стерильные;;;;
ЦБ-00156625;Салфетки марлевые стер. 4 сложения 7,5*7,5см №10;Салфетки стерильные;;;;
ЦБ-00026557;Салфетки марлевые стер. 45 х 29см №20;Салфетки стерильные;;;;
ЦБ-00012627;Салфетки марлевые стер. 45 х 29см №5;Салфетки стерильные;;;;
ЦБ-00012638;Салфетки марлевые стер. 45 х 29см №5;Салфетки стерильные;;;;
ЦБ-00012639;Салфетки марлевые стер. 45 х 29см №5;Салфетки стерильные;;;;
ЦБ-00012646;Салфетки марлевые стер. 45 х 29см №5;Салфетки стерильные;;;;
ЦБ-00012636;Салфетки марлевые стер. 45 х 29см №5;Салфетки стерильные;;;;
ЦБ-00012635;Салфетки марлевые стер. 45 х 29см №5 Розовый фламинго;Салфетки стерильные;;;;
ЦБ-00020482;САЛФЕТКИ МАРЛЕВЫЕ СТЕР. 5Х5 ДВУХСЛОЙНЫЕ N10;Салфетки стерильные;;;;
ЦБ-00020555;САЛФЕТКИ МАРЛЕВЫЕ СТЕР. 7.5Х7.5 N10;Салфетки стерильные;;;;
ЦБ-00182142;Салфетки марлевые стер. 8 слож. 7,5х7,5см №10;Салфетки стерильные;;;;
ЦБ-00154694;Салфетки марлевые стер. 8 сложений 16*14см №10;Салфетки стерильные;;;;
ЦБ-00156901;Салфетки марлевые стер. 8 сложений 5*5см №10;Салфетки стерильные;;;;
ЦБ-00154001;Салфетки марлевые стер. 8 сложений 5*5см №5;Салфетки стерильные;;;;
ЦБ-00150477;Салфетки марлевые стер. 8 сложений 7,5*7,5см №5;Салфетки стерильные;;;;
ЦБ-00037346;Салфетки марлевые стер. 8слоев (10х10см) №10;Салфетки стерильные;;;;
ЦБ-00038373;Салфетки марлевые стер. 8слоев (5х5см) №10;Салфетки стерильные;;;;
ЦБ-00038374;Салфетки марлевые стер. 8слоев (7,5х7,5см) №10;Салфетки стерильные;;;;
ЦБ-00162753;Салфетки марлевые стер. 8слоев 5х5см №3;Салфетки стерильные;;;;
ЦБ-00120202;Салфетки марлевые стер. NF 12слоев 5х5см №10;Салфетки стерильные;;;;
ЦБ-00036555;Салфетки марлевые стер. двухслойные 45х29 х5;Салфетки стерильные;;;;
ЦБ-00036216;Салфетки марлевые стер. Евро 12слоев 10х10см №10;Салфетки стерильные;;;;
ЦБ-00039231;Салфетки марлевые стер. Евро 12слоев 10х10см №10;Салфетки стерильные;;;;
ЦБ-00032111;Салфетки марлевые стер. Евро 12слоев 5х5см №10;Салфетки стерильные;;;;
ЦБ-00039103;Салфетки марлевые стер. Евро 12слоев 5х5см №10;Салфетки стерильные;;;;
ЦБ-00140560;Салфетки марлевые стер. евро 12слоев 7,5х7,5см №10;Салфетки стерильные;;;;
ЦБ-00040395;Салфетки марлевые стер. Евро 8слоев 10х10см №10;Салфетки стерильные;;;;
РТ-00002103;Салфетки марлевые стер. Евро 8слоев 10х10см №5;Салфетки стерильные;;;;
ЦБ-00022701;Салфетки марлевые стер. Евро 8слоев 5х5см №10;Салфетки стерильные;;;;
РТ-00003010;Салфетки марлевые стер. Евро 8слоев 5х5см №3;Салфетки стерильные;;;;
РТ-00002104;Салфетки марлевые стер. Евро 8слоев 5х5см №5;Салфетки стерильные;;;;
ЦБ-00016158;Салфетки марлевые стер. Евро 8слоев 7,5х7,5см №10;Салфетки стерильные;;;;
РТ-00003426;Салфетки марлевые стер. Евро 8слоев 7,5х7,5см №3;Салфетки стерильные;;;;
РТ-00002105;Салфетки марлевые стер. Евро 8слоев 7,5х7,5см №5;Салфетки стерильные;;;;
ЦБ-00127185;Салфетки марлевые стер. евро премиум 8 слоев 5х5см №10;Салфетки стерильные;;;;
ЦБ-00169392;Салфетки марлевые стер. мед. 1-сл 8 слож. 7,5*7,5 №10;Салфетки стерильные;;;;
ЦБ-00015580;Салфетки марлевые стер. мед. 2-сл 14x16см №10;Салфетки стерильные;;;;
ЦБ-00016240;Салфетки марлевые стер. мед. 2-сл 14x16см №20;Салфетки стерильные;;;;
ЦБ-00031406;Салфетки марлевые стер. мед. 2-сл 16x14см №10;Салфетки стерильные;;;;
РТ-00000881;Салфетки марлевые стер. мед. 2-сл 16смx14см №10;Салфетки стерильные;;;;
ЦБ-00015542;Салфетки марлевые стер. мед. 2-сл 29x45см №5;Салфетки стерильные;;;;
ЦБ-00016241;Салфетки марлевые стер. мед. 2-сл 30г/м2 29x45см №5;Салфетки стерильные;;;;
ЦБ-00153157;Салфетки марлевые стер. мед. 45х29 №5;Салфетки стерильные;;;;
ЦБ-00012637;Салфетки марлевые стер. мед. 45х29см №5 Амелия;Салфетки стерильные;;;;
ЦБ-00037059;Салфетки марлевые стер. мед. Клинса 16х14 2-сл. №10;Салфетки стерильные;;;;
ЦБ-00036239;Салфетки марлевые стер. мед. Клинса стер. 45х29 2-сл. №5;Салфетки стерильные;;;;
ЦБ-00030924;Салфетки марлевые стер. мед. Розовый Фламинго 2-сл 14x16см №20;Салфетки стерильные;;;;
РТ-00008827;Салфетки марлевые стер. мед. Фиксайд 2-сл 14x16см №10;Салфетки стерильные;;;;
РТ-00008828;Салфетки марлевые стер. мед. Фиксайд 2-сл 45x29см №5;Салфетки стерильные;;;;
ЦБ-00012642;Салфетки марлевые стер.16х14 №10 двухслойные;Салфетки стерильные;;;;
ЦБ-00012643;Салфетки марлевые стер.16х14 №20 двухслойные;Салфетки стерильные;;;;
ЦБ-00167941;Салфетки мед. н/ткан. н/стер. 4 сложения 10х10см №200;Салфетки стерильные;;;;
ЦБ-00164961;Салфетки мед. н/ткан. стер. 4 сложения 7,5х7,5см №10;Салфетки стерильные;;;;
ЦБ-00165150;Салфетки мед. н/ткан. стер. 8 сложений 5х5см №10;Салфетки стерильные;;;;
РТ-00014895;Салфетки медицинские  н/ткан. стер. однослойные 8 сложений 45x29 №5;Салфетки стерильные;;;;
ЦБ-00165655;Салфетки н/ткан. стер. 8 слоев 7,5х7,5см №10;Салфетки стерильные;;;;
ЦБ-00174049;Салфетки н/ткан. стер. 8слоев 10х10см №10;Салфетки стерильные;;;;
РТ-00012219;Салфетки нетканные стер. однослойные 16х14 см №10;Салфетки стерильные;;;;
ЦБ-00151260;Салфетки сорбционные стер. неткан. 16*14см N10;Салфетки стерильные;;;;
ЦБ-00154520;Салфетки стер. 10*10 8сл. №10;Салфетки стерильные;;;;
ЦБ-00090997;Салфетки стер. 5*5 8сл. №10;Салфетки стерильные;;;;
ЦБ-00022323;САЛФЕТКИ СТЕРИЛЬНЫЕ 5Х5 ДВУХСЛОЙНЫЕ N10;Салфетки стерильные;;;;
ЦБ-00024075;Салфетки Стерилюкс ES 10х10см №5;Салфетки стерильные;;;;
ЦБ-00140060;Салфетки Стерилюкс ЕС марлевые н/стерил. (10х10см) 8 сл. 13 нитей №100;Салфетки стерильные;;;;
ЦБ-00168753;Салфетки Стерилюкс ЕС марлевые стерил. (10х10см) 8слоев 21нитей №20;Салфетки стерильные;;;;
ЦБ-00012537;Салфетки Стерилюкс ЕС марлевые стерил. (10х10см) №10;Салфетки стерильные;;;;
ЦБ-00130608;Салфетки Стерилюкс ЕС марлевые стерил. (10х10см) №10;Салфетки стерильные;;;;
ЦБ-00122789;Салфетки Стерилюкс ЕС марлевые стерил. (10х10см) №20;Салфетки стерильные;;;;
ЦБ-00026183;Салфетки Стерилюкс ЕС марлевые стерил. (10х10см) №3;Салфетки стерильные;;;;
ЦБ-00037460;Салфетки Стерилюкс ЕС марлевые стерил. (10х10см) №5;Салфетки стерильные;;;;
ЦБ-00012538;Салфетки Стерилюкс ЕС марлевые стерил. (10х20см) №10;Салфетки стерильные;;;;
ЦБ-00026356;Салфетки Стерилюкс ЕС марлевые стерил. (10х20см) №5;Салфетки стерильные;;;;
ЦБ-00129340;Салфетки Стерилюкс ЕС марлевые стерил. (5х5см) №10;Салфетки стерильные;;;;
ЦБ-00012640;Салфетки Стерилюкс ЕС марлевые стерил. (5х5см) №10;Салфетки стерильные;;;;
ЦБ-00193197;Салфетки Стерилюкс ЕС марлевые стерил. (5х5см) №2х5;Салфетки стерильные;;;;
ЦБ-00029949;Салфетки Стерилюкс ЕС марлевые стерил. (5х5см) №3;Салфетки стерильные;;;;
ЦБ-00028340;Салфетки Стерилюкс ЕС марлевые стерил. (5х5см) №5;Салфетки стерильные;;;;
ЦБ-00129341;Салфетки Стерилюкс ЕС марлевые стерил. (7,5х7,5см №20;Салфетки стерильные;;;;
ЦБ-00140061;Салфетки Стерилюкс ЕС марлевые стерил. (7,5х7,5см) 8 слоев 17 нитей №3;Салфетки стерильные;;;;
ЦБ-00012540;Салфетки Стерилюкс ЕС марлевые стерил. (7,5х7,5см) №10;Салфетки стерильные;;;;
ЦБ-00193677;Салфетки Стерилюкс ЕС марлевые стерил. (7,5х7,5см) №2х5;Салфетки стерильные;;;;
ЦБ-00038242;Салфетки Стерилюкс ЕС марлевые стерил. (7,5х7,5см) №3;Салфетки стерильные;;;;
ЦБ-00026179;Салфетки Стерилюкс ЕС марлевые стерил. (7,5х7,5см) №5;Салфетки стерильные;;;;
ЦБ-00130609;Салфетки Стерилюкс ЕС марлевые стерил. 7,5х7,5см 8 слоев 17 нитей №3;Салфетки стерильные;;;;
ЦБ-00179097;Салфетки Стерилюкс ЕС нестер. (10х10см) 8слоев 21нить №100;Салфетки стерильные;;;;
ЦБ-00161676;Сальвадо Комплекс витаминов и минералов таб. №30;Поливитамины;;;;
ЦБ-00161440;Санатур К2+Д3 фито капс. №90;Витамин Д3;;;;
ЦБ-00162254;Санатур магний фито капс. №100;Препараты магния;;;;
ЦБ-00177176;Сандевит капс. №60;Витамин Д3;;;;
ЦБ-00033799;САНИТАПЛАСТ НЕКСТ ПЛАСТЫРЬ СТЕР ТКАН ОСН УНИВЕРС НАБОР N20;Бактерицидный;;;;
ЦБ-00160966;Санкт Бернард Ацерола таб. №180;Поливитамины;;;;
ЦБ-00177483;Санкт Бернард Ацерола таб. №300;Поливитамины;;;;
ЦБ-00186624;Санкт Бернард Вит. С Супра капс. №180;Витамин С;;;;
ЦБ-00173426;Санкт Бернард Витамин С + цинк капс. №60;Витамин С;;;;
ЦБ-00160250;Санкт Бернард Клюква-Ацерола таб. №90;Поливитамины;;;;
ЦБ-00162797;Санлайф вит. С таб. шип. 900мг №20;Витамин С;;;;
ЦБ-00153501;СанПеллегрино Контрекс вода минеральня б/газ. 0,5л пэт;Минеральная вода;;;;
ЦБ-00193220;Саншайн очки готовые 55 (+3,00);Очки готовые;;;;
ЦБ-00193217;Саншайн очки готовые 9002 (+1,00);Очки готовые;;;;
ЦБ-00193218;Саншайн очки готовые 9002 (+2,50);Очки готовые;;;;
ЦБ-00193219;Саншайн очки готовые 9002 (+3,00);Очки готовые;;;;
РТ-00005286;Светлячок вода питьевая дет. н/газ. 0,33л;Минеральная вода;;;;
ЦБ-00107580;Свисс Энерджи Актив таб. шип. №20;Поливитамины;;;;
ЦБ-00125461;Свисс Энерджи Антистресс виаминно минеральный комплекс таб. шип. №20;Поливитамины;;;;
ЦБ-00187845;Свисс Энерджи Витамин С таб. шип. 1000мг №20;Витамин С;;;;
ЦБ-00107578;Свисс Энерджи Витамин С таб. шип. 550мг №20;Витамин С;;;;
ЦБ-00145516;Свисс энерджи Джоинт кеа вит.-минерал. комплекс таб. шип. №20;Поливитамины;;;;
ЦБ-00126807;Свисс Энерджи ИСО спорт вит. минерал. комплекс таб. шип. №20;Поливитамины;;;;
ЦБ-00107576;Свисс Энерджи кальциум+вит. Д3 таб. шип. №20;Витамин Д3;;;;
ЦБ-00190743;Свисс Энерджи Мультивит капс. №30;Поливитамины;;;;
ЦБ-00079300;Свисс энерджи Супер энерджи таб. шип. №20;Поливитамины;;;;
ЦБ-00189669;Свисс Энерджи Хелатное железо капс. №30;Препараты железа;;;;
ЦБ-00156713;Свисс Энерджи шалфей + 20 альпийских трав леденцы 55г;Драже, леденцы;;;;
ЦБ-00156324;Свисс Энерджи шалфей + 20 альпийских трав леденцы №12;Драже, леденцы;;;;
ЦБ-00126945;Свит бокс аскорбинка витаминка набор щенячий патруль апельсин;Витамин С;;;;
ЦБ-00122619;Свит бокс аскорбинка детская зверята+игрушка;Витамин С;;;;
ЦБ-00126857;Свит бокс аскорбинка детская ЛОЛ+игрушка;Витамин С;;;;
ЦБ-00127603;Свит бокс аскорбинка детская ми-ми-мишки+игрушка;Витамин С;;;;
ЦБ-00127728;Свит бокс аскорбинка детская сказочный патруль+игрушка;Витамин С;;;;
ЦБ-00135527;Святой источник Активные минералы вода питьевая газ. 500мл;Минеральная вода;;;;
ЦБ-00036417;Святой Источник н/газ 5 л;Минеральная вода;;;;
ЦБ-00139169;Святой источник Светлячок вода минеральная б/газ дет. 1л;Минеральная вода;;;;
РТ-00011433;Сеалекс Силденафил таб. п/о 100мг №1;Ср-ва при эректильной дисфункции, влияющие на либидо;;;;
РТ-00011469;Сеалекс Силденафил таб. п/о 50мг №4;Ср-ва при эректильной дисфункции, влияющие на либидо;;;;
ЦБ-00087315;Сеалекс Силденафил таб. п/п/о 100мг №4;Ср-ва при эректильной дисфункции, влияющие на либидо;;;;
ЦБ-00087316;Сеалекс Силденафил таб. п/п/о 50мг №1;Ср-ва при эректильной дисфункции, влияющие на либидо;;;;
ЦБ-00012703;Сеалекс форте капс. 0.31г №12;Ср-ва при эректильной дисфункции, влияющие на либидо;;;;
ЦБ-00012704;Сеалекс форте капс. 0.31г №4;Ср-ва при эректильной дисфункции, влияющие на либидо;;;;
ЦБ-00012705;Сеалекс форте капс. 0.42г №12;Ср-ва при эректильной дисфункции, влияющие на либидо;;;;
ЦБ-00031239;Сеалекс форте капс. 0.42г №4;Ср-ва при эректильной дисфункции, влияющие на либидо;;;;
ЦБ-00035758;Сеалекс Форте Плюс  капс. 400мг №4;Ср-ва при эректильной дисфункции, влияющие на либидо;;;;
ЦБ-00035757;Сеалекс Форте Плюс капс. 400мг №12;Ср-ва при эректильной дисфункции, влияющие на либидо;;;;
ЦБ-00133387;Секс Энерджи Мэн сироп д/мужчин д/усиления эрекции 230мл;Ср-ва при эректильной дисфункции, влияющие на либидо;;;;
ЦБ-00162217;Селезолид р-р д/инф. 2мг/мл 200мл;Антибактериальные средства инъекционные р-ры;;;;
ЦБ-00151019;Селемицин р-р д/инф. и в/м введ. 250мг/мл 2мл №100;Антибактериальные средства инъекционные р-ры;;;;
ЦБ-00187135;Селмевит Интенсив таб. №60;Поливитамины;;;;
ЦБ-00015198;Селмевит Интенсив таб. №60;Поливитамины;;;;
ЦБ-00003673;Селмевит таб. п.о №30;Поливитамины;;;;
ЦБ-00147796;Селмевит таб.п/п/о №30;Поливитамины;;;;
ЦБ-00149002;Селмевит таб.п/п/о №60;Поливитамины;;;;
РТ-00002485;Сементал Бустер таб. №4;Ср-ва при эректильной дисфункции, влияющие на либидо;;;;
РТ-00002471;Сементал таб. №12;Ср-ва при эректильной дисфункции, влияющие на либидо;;;;
ЦБ-00140128;Сенджаку леденцы лимонное ассорти 66г;Драже, леденцы;;;;
ЦБ-00140129;Сенджаку леденцы с медом и лимоном 50г;Драже, леденцы;;;;
ЦБ-00133361;Сенджаку леденцы фруктовые мультивитамины лимон, клубника, яблоко 76г;Драже, леденцы;;;;
ЦБ-00180536;Сенс оф Лайф Вит. Д3 2000МЕ капс. №120;Витамин Д3;;;;
ЦБ-00180535;Сенс оф Лайф Вит. Д3 2000МЕ капс. №60;Витамин Д3;;;;
ЦБ-00180538;Сенс оф Лайф Вит. Д3 2000МЕ+К2 капс. №120;Витамин Д3;;;;
ЦБ-00180537;Сенс оф Лайф Вит. Д3 2000МЕ+К2 капс. №60;Витамин Д3;;;;
ЦБ-00019075;СЕНСЕКС ПРЕЗЕРВАТИВЫ КЛАССИК N12;Презервативы;;;;
ЦБ-00019076;СЕНСЕКС ПРЕЗЕРВАТИВЫ КЛАССИК N3;Презервативы;;;;
ЦБ-00012001;СЕНСЕКС ПРЕЗЕРВАТИВЫ НЕЖНЫЕ N3;Презервативы;;;;
ЦБ-00019077;СЕНСЕКС ПРЕЗЕРВАТИВЫ РЕБРИСТЫЕ N12;Презервативы;;;;
ЦБ-00019078;СЕНСЕКС ПРЕЗЕРВАТИВЫ РЕБРИСТЫЕ N3;Презервативы;;;;
ЦБ-00019070;СЕНСЕКС ПРЕЗЕРВАТИВЫ С ЗАПАХОМ КЛУБНИКИ N12;Презервативы;;;;
ЦБ-00019079;СЕНСЕКС ПРЕЗЕРВАТИВЫ С ЗАПАХОМ КЛУБНИКИ N3;Презервативы;;;;
ЦБ-00019071;СЕНСЕКС ПРЕЗЕРВАТИВЫ С ЗАПАХОМ ФРУКТОВ N12;Презервативы;;;;
ЦБ-00019072;СЕНСЕКС ПРЕЗЕРВАТИВЫ С ЗАПАХОМ ФРУКТОВ N3;Презервативы;;;;
ЦБ-00019073;СЕНСЕКС ПРЕЗЕРВАТИВЫ С ЗАПАХОМ ШОКОЛАДА N12;Презервативы;;;;
ЦБ-00019074;СЕНСЕКС ПРЕЗЕРВАТИВЫ С ЗАПАХОМ ШОКОЛАДА N3;Презервативы;;;;
ЦБ-00019069;СЕНСЕКС ПРЕЗЕРВАТИВЫ С УВЛАЖН. КОЛ. СМАЗКОЙ N12;Презервативы;;;;
ЦБ-00019080;СЕНСЕКС ПРЕЗЕРВАТИВЫ СУПЕРТОНКИЕ N12;Презервативы;;;;
ЦБ-00019081;СЕНСЕКС ПРЕЗЕРВАТИВЫ СУПЕРТОНКИЕ N3;Презервативы;;;;
ЦБ-00019082;СЕНСЕКС ПРЕЗЕРВАТИВЫ ТОЧЕЧНЫЕ N12;Презервативы;;;;
ЦБ-00019083;СЕНСЕКС ПРЕЗЕРВАТИВЫ ТОЧЕЧНЫЕ N3;Презервативы;;;;
ЦБ-00169374;Септофемин таб. ваг. 10мг №6;Гинекологические п/воспалительные ср-ва наружные;;;;
ЦБ-00012802;Сердечные травы Леовит таб. 300мг №30;Витамины д/сердечно-сосудистой системы;;;;
ЦБ-00160232;Сердце Континента Аевитаминный комплекс капс. №20;Поливитамины;;;;
ЦБ-00189571;Сердце Континента Боровая вода мин. природная столовая газ. 0,5л;Минеральная вода;;;;
ЦБ-00160237;Сердце Континента Витамин Д3 2000МЕ капс. №30;Витамин Д3;;;;
ЦБ-00175336;Сердце Континента вода мин. лечебно-столовая газ. 0,5л;Минеральная вода;;;;
ЦБ-00175354;Сердце Континента вода мин. лечебно-столовая н/газ. 0,5л;Минеральная вода;;;;
ЦБ-00175355;Сердце Континента вода мин. природная столовая газ. 0,5л;Минеральная вода;;;;
ЦБ-00175356;Сердце Континента вода мин. природная столовая н/газ. 0,5л;Минеральная вода;;;;
ЦБ-00192754;Сердце Континента карамель леденцовая петушок с цинком и вит. С вишня 17г;Драже, леденцы;;;;
ЦБ-00189574;Сердце Континента карамель леденцовая петушок с цинком и вит. С дюшес 17г;Драже, леденцы;;;;
ЦБ-00192755;Сердце Континента карамель леденцовая петушок с цинком и вит. С малина/ежевика 17г;Драже, леденцы;;;;
ЦБ-00172109;Сесдерма С-Вит дефенс жид. д/приема внутрь 250мл;Витамин С;;;;
ЦБ-00170014;Сиавелл таб. п/п/о 20мг №1;Ср-ва при эректильной дисфункции, влияющие на либидо;;;;
ЦБ-00176924;Сиавелл таб. п/п/о 20мг №4;Ср-ва при эректильной дисфункции, влияющие на либидо;;;;
ЦБ-00174772;Сиавелл таб. п/п/о 5мг №30;Ср-ва при эректильной дисфункции, влияющие на либидо;;;;
ЦБ-00012808;Сиалис таб. 20мг №1;Ср-ва при эректильной дисфункции, влияющие на либидо;;;;
ЦБ-00003697;Сиалис таб. 20мг №2;Ср-ва при эректильной дисфункции, влияющие на либидо;;;;
ЦБ-00003698;Сиалис таб. 20мг №4;Ср-ва при эректильной дисфункции, влияющие на либидо;;;;
ЦБ-00003699;Сиалис таб. 20мг №8;Ср-ва при эректильной дисфункции, влияющие на либидо;;;;
ЦБ-00003700;Сиалис таб. 5мг №14;Ср-ва при эректильной дисфункции, влияющие на либидо;;;;
ЦБ-00012809;Сиалис таб. 5мг №28;Ср-ва при эректильной дисфункции, влияющие на либидо;;;;
ЦБ-00034904;Сибазон р-р д/ин. 5мг/мл 2мл №5;Инъекционные и инфузионные р-ры;;;;
ЦБ-00167304;Си-Депо + цинк таб. №30;Витамин С;;;;
ЦБ-00037334;Сидерал капли 30мл;Препараты железа;;;;
ЦБ-00030979;Сидерал капс. №20;Препараты железа;;;;
ЦБ-00031316;Сидерал капс. №20;Препараты железа;;;;
ЦБ-00033359;Сидерал Форте капс. №20;Препараты железа;;;;
ЦБ-00021263;СИЛАМЭН КАПС №30  0.45 Г УП;Ср-ва при эректильной дисфункции, влияющие на либидо;;;;
РТ-00010860;Силден таб. п/о 100мг №4;Ср-ва при эректильной дисфункции, влияющие на либидо;;;;
ЦБ-00031390;Силденафил Вертекс таб. п/о 100мг №1;Ср-ва при эректильной дисфункции, влияющие на либидо;;;;
ЦБ-00038138;Силденафил Вертекс таб. п/о 100мг №10;Ср-ва при эректильной дисфункции, влияющие на либидо;;;;
ЦБ-00027469;Силденафил Вертекс таб. п/о 100мг №4;Ср-ва при эректильной дисфункции, влияющие на либидо;;;;
ЦБ-00036607;Силденафил Вертекс таб. п/о 100мг №4;Ср-ва при эректильной дисфункции, влияющие на либидо;;;;
ЦБ-00029112;Силденафил Вертекс таб. п/о 25мг №1;Ср-ва при эректильной дисфункции, влияющие на либидо;;;;
ЦБ-00027470;Силденафил Вертекс таб. п/о 50мг №1;Ср-ва при эректильной дисфункции, влияющие на либидо;;;;
ЦБ-00039542;Силденафил Вертекс таб. п/о 50мг №10;Ср-ва при эректильной дисфункции, влияющие на либидо;;;;
ЦБ-00027471;Силденафил Вертекс таб. п/о 50мг №4;Ср-ва при эректильной дисфункции, влияющие на либидо;;;;
РТ-00007527;Силденафил Кардио таб. п/о 20мг №90;Ср-ва при эректильной дисфункции, влияющие на либидо;;;;
ЦБ-00149800;Силденафил Реневал таб. п/п/о 100мг №1;Ср-ва при эректильной дисфункции, влияющие на либидо;;;;
ЦБ-00170920;Силденафил Реневал таб. п/п/о 100мг №10;Ср-ва при эректильной дисфункции, влияющие на либидо;;;;
ЦБ-00154376;Силденафил Реневал таб. п/п/о 100мг №20;Ср-ва при эректильной дисфункции, влияющие на либидо;;;;
ЦБ-00149051;Силденафил Реневал таб. п/п/о 100мг №4;Ср-ва при эректильной дисфункции, влияющие на либидо;;;;
ЦБ-00149923;Силденафил Реневал таб. п/п/о 50мг №10;Ср-ва при эректильной дисфункции, влияющие на либидо;;;;
ЦБ-00156903;Силденафил Реневал таб. п/п/о 50мг №20;Ср-ва при эректильной дисфункции, влияющие на либидо;;;;
ЦБ-00149052;Силденафил Реневал таб. п/п/о 50мг №4;Ср-ва при эректильной дисфункции, влияющие на либидо;;;;
ЦБ-00037329;Силденафил С3 таб. п/о 25мг №20;Ср-ва при эректильной дисфункции, влияющие на либидо;;;;
ЦБ-00038644;Силденафил С3 таб. п/о 25мг №4;Ср-ва при эректильной дисфункции, влияющие на либидо;;;;
ЦБ-00035773;Силденафил С3 таб. п/о 50мг №10;Ср-ва при эректильной дисфункции, влияющие на либидо;;;;
ЦБ-00039018;Силденафил С3 таб. п/о 50мг №14;Ср-ва при эректильной дисфункции, влияющие на либидо;;;;
ЦБ-00038249;Силденафил С3 таб. п/о 50мг №20;Ср-ва при эректильной дисфункции, влияющие на либидо;;;;
ЦБ-00027280;Силденафил С3 таб. п/о 50мг №4;Ср-ва при эректильной дисфункции, влияющие на либидо;;;;
ЦБ-00031466;Силденафил СЗ таб. п/о 100мг №10;Ср-ва при эректильной дисфункции, влияющие на либидо;;;;
ЦБ-00039374;Силденафил СЗ таб. п/о 100мг №14;Ср-ва при эректильной дисфункции, влияющие на либидо;;;;
ЦБ-00037228;Силденафил СЗ таб. п/о 100мг №20;Ср-ва при эректильной дисфункции, влияющие на либидо;;;;
РТ-00001452;Силденафил СЗ таб. п/о 100мг №4;Ср-ва при эректильной дисфункции, влияющие на либидо;;;;
РТ-00000765;Силденафил таб. п/о 100мг №1;Ср-ва при эректильной дисфункции, влияющие на либидо;;;;
РТ-00007524;Силденафил таб. п/о 100мг №10;Ср-ва при эректильной дисфункции, влияющие на либидо;;;;
РТ-00002183;Силденафил таб. п/о 100мг №2;Ср-ва при эректильной дисфункции, влияющие на либидо;;;;
РТ-00001666;Силденафил таб. п/о 100мг №4;Ср-ва при эректильной дисфункции, влияющие на либидо;;;;
ЦБ-00039862;Силденафил таб. п/о 50мг №1;Ср-ва при эректильной дисфункции, влияющие на либидо;;;;
РТ-00008724;Силденафил таб. п/о 50мг №10;Ср-ва при эректильной дисфункции, влияющие на либидо;;;;
РТ-00005502;Силденафил таб. п/о 50мг №2;Ср-ва при эректильной дисфункции, влияющие на либидо;;;;
ЦБ-00157382;Силденафил таб. п/о 50мг №20;Ср-ва при эректильной дисфункции, влияющие на либидо;;;;
РТ-00002160;Силденафил таб. п/о 50мг №4;Ср-ва при эректильной дисфункции, влияющие на либидо;;;;
ЦБ-00176877;Силденафил таб. п/п/о 100мг №10;Ср-ва при эректильной дисфункции, влияющие на либидо;;;;
ЦБ-00181570;Силденафил таб. п/п/о 100мг №10;Ср-ва при эректильной дисфункции, влияющие на либидо;;;;
ЦБ-00165336;Силденафил таб. п/п/о 100мг №2;Ср-ва при эректильной дисфункции, влияющие на либидо;;;;
ЦБ-00169946;Силденафил таб. п/п/о 100мг №20;Ср-ва при эректильной дисфункции, влияющие на либидо;;;;
ЦБ-00173841;Силденафил таб. п/п/о 100мг №20;Ср-ва при эректильной дисфункции, влияющие на либидо;;;;
ЦБ-00174899;Силденафил таб. п/п/о 100мг №20;Ср-ва при эректильной дисфункции, влияющие на либидо;;;;
ЦБ-00177698;Силденафил таб. п/п/о 100мг №20;Ср-ва при эректильной дисфункции, влияющие на либидо;;;;
ЦБ-00189027;Силденафил таб. п/п/о 100мг №20;Ср-ва при эректильной дисфункции, влияющие на либидо;;;;
ЦБ-00162715;Силденафил таб. п/п/о 100мг №4;Ср-ва при эректильной дисфункции, влияющие на либидо;;;;
ЦБ-00165740;Силденафил таб. п/п/о 100мг №4;Ср-ва при эректильной дисфункции, влияющие на либидо;;;;
ЦБ-00174671;Силденафил таб. п/п/о 100мг №4;Ср-ва при эректильной дисфункции, влияющие на либидо;;;;
ЦБ-00158258;Силденафил таб. п/п/о 20мг №90;Ср-ва при эректильной дисфункции, влияющие на либидо;;;;
ЦБ-00168223;Силденафил таб. п/п/о 25мг №14;Ср-ва при эректильной дисфункции, влияющие на либидо;;;;
ЦБ-00174511;Силденафил таб. п/п/о 25мг №20;Ср-ва при эректильной дисфункции, влияющие на либидо;;;;
ЦБ-00171388;Силденафил таб. п/п/о 50мг №1;Ср-ва при эректильной дисфункции, влияющие на либидо;;;;
ЦБ-00162515;Силденафил таб. п/п/о 50мг №10;Ср-ва при эректильной дисфункции, влияющие на либидо;;;;
ЦБ-00177404;Силденафил таб. п/п/о 50мг №10;Ср-ва при эректильной дисфункции, влияющие на либидо;;;;
ЦБ-00177877;Силденафил таб. п/п/о 50мг №10;Ср-ва при эректильной дисфункции, влияющие на либидо;;;;
ЦБ-00162714;Силденафил таб. п/п/о 50мг №2;Ср-ва при эректильной дисфункции, влияющие на либидо;;;;
ЦБ-00175677;Силденафил таб. п/п/о 50мг №20;Ср-ва при эректильной дисфункции, влияющие на либидо;;;;
ЦБ-00179423;Силденафил таб. п/п/о 50мг №20;Ср-ва при эректильной дисфункции, влияющие на либидо;;;;
ЦБ-00189028;Силденафил таб. п/п/о 50мг №20;Ср-ва при эректильной дисфункции, влияющие на либидо;;;;
ЦБ-00174898;Силденафил таб. п/п/о 50мг №4;Ср-ва при эректильной дисфункции, влияющие на либидо;;;;
ЦБ-00162444;Силденафил Экспресс Канон таб. дисперг. в пол. рта 50мг №4;Ср-ва при эректильной дисфункции, влияющие на либидо;;;;
ЦБ-00177627;Силденафил-Ксантис таб. п/п/о 100мг №10;Ср-ва при эректильной дисфункции, влияющие на либидо;;;;
ЦБ-00158259;Силденафил-Ксантис таб. п/п/о 100мг №12;Ср-ва при эректильной дисфункции, влияющие на либидо;;;;
ЦБ-00160945;Силденафил-Ксантис таб. п/п/о 100мг №4;Ср-ва при эректильной дисфункции, влияющие на либидо;;;;
ЦБ-00179170;Силденафил-Ксантис таб. п/п/о 50мг №10;Ср-ва при эректильной дисфункции, влияющие на либидо;;;;
ЦБ-00157589;Силденафил-Ксантис таб. п/п/о 50мг №12;Ср-ва при эректильной дисфункции, влияющие на либидо;;;;
ЦБ-00157871;Силденафил-Ксантис таб. п/п/о 50мг №4;Ср-ва при эректильной дисфункции, влияющие на либидо;;;;
ЦБ-00119453;Силденафил-СЗ гранулы д/приема внутрь 100 мг №4;Ср-ва при эректильной дисфункции, влияющие на либидо;;;;
ЦБ-00119454;Силденафил-СЗ гранулы д/приема внутрь 50 мг №4;Ср-ва при эректильной дисфункции, влияющие на либидо;;;;
ЦБ-00161244;Силденафил-Тева таб. п/п/о 100мг №12;Ср-ва при эректильной дисфункции, влияющие на либидо;;;;
ЦБ-00162084;Силденафил-Тева таб. п/п/о 100мг №24;Ср-ва при эректильной дисфункции, влияющие на либидо;;;;
ЦБ-00164963;Силденафил-Тева таб. п/п/о 100мг №4;Ср-ва при эректильной дисфункции, влияющие на либидо;;;;
ЦБ-00161549;Силденафил-Тева таб. п/п/о 50мг №12;Ср-ва при эректильной дисфункции, влияющие на либидо;;;;
ЦБ-00161429;Силденафил-Тева таб. п/п/о 50мг №24;Ср-ва при эректильной дисфункции, влияющие на либидо;;;;
ЦБ-00161243;Силденафил-Тева таб. п/п/о 50мг №4;Ср-ва при эректильной дисфункции, влияющие на либидо;;;;
РТ-00014174;Силденафил-ФПО таб. п/о 100мг №10;Ср-ва при эректильной дисфункции, влияющие на либидо;;;;
РТ-00011642;Силденафил-ФПО таб. п/о 100мг №20;Ср-ва при эректильной дисфункции, влияющие на либидо;;;;
РТ-00014649;Силденафил-ФПО таб. п/о 100мг №4;Ср-ва при эректильной дисфункции, влияющие на либидо;;;;
ЦБ-00166958;Силденафил-ФПО таб. п/о 50мг №20;Ср-ва при эректильной дисфункции, влияющие на либидо;;;;
ЦБ-00131887;Силденафил-ФПО таб. п/п/о 100мг №20;Ср-ва при эректильной дисфункции, влияющие на либидо;;;;
ЦБ-00124305;Силденафил-ФПО таб. п/п/о 50мг №10;Ср-ва при эректильной дисфункции, влияющие на либидо;;;;
ЦБ-00117797;Силденафил-ФПО таб. п/п/о 50мг №4;Ср-ва при эректильной дисфункции, влияющие на либидо;;;;
ЦБ-00172785;Силиконовый шнурок д/очков;Очки готовые;;;;
ЦБ-00147574;Силкофикс лейкопластырь мед. бактерицид. полимер. телесн. 1,9*7,2см №10;Бактерицидный;;;;
ЦБ-00148063;Силкофикс лейкопластырь мед. бактерицид. полимер. телесн. 1,9*7,2см №20;Бактерицидный;;;;
ЦБ-00147804;Силкофикс лейкопластырь мед. бактерицид. полимер. телесн. фокс 1,9*7,2см №10;Бактерицидный;;;;
ЦБ-00142239;Силкофикс лейкопластырь с хлоргексидином на полим. осн. единорог 19х72мм №10;Бактерицидный;;;;
ЦБ-00012811;Силует таб. 2мг+0.03мг №21;Пероральные контрацептивы;;;;
ЦБ-00012812;Силует таб. 2мг+0.03мг №63;Пероральные контрацептивы;;;;
ЦБ-00151561;Силум вит. Д3 д/всей семьи таб. жев. №30;Витамин Д3;;;;
ЦБ-00150805;Силум вит. Д3 д/всей семьи таб. жев. №90;Витамин Д3;;;;
РТ-00003905;Симзия р-р д/ин. п/к 200мг/мл 1мл шприц с иглой №2;Инъекционные и инфузионные р-ры;;;;
ЦБ-00074833;Симпони р-р д/п/к введ. 50мг/0,5мл 0,5мл шприц-ручка №1;Инъекционные и инфузионные р-ры;;;;
ЦБ-00030849;Синокром 1% 2мл №1 шприц;Инъекционные и инфузионные р-ры;;;;
ЦБ-00031209;Синокром мини 1% 1 мл №1 шприц;Инъекционные и инфузионные р-ры;;;;
ЦБ-00031210;Синокром форте 2% 2 мл №1 шприц;Инъекционные и инфузионные р-ры;;;;
ЦБ-00031211;Синокром форте 2% 4 мл №1 шприц;Инъекционные и инфузионные р-ры;;;;
ЦБ-00142724;Синтомицин супп. ваг. 250мг № 10;Гинекологические п/воспалительные ср-ва наружные;;;;
ЦБ-00003740;Синтомицин супп. ваг. 250мг №10;Гинекологические п/воспалительные ср-ва наружные;;;;
ЦБ-00003741;Синтомицин супп. ваг. 250мг №10;Гинекологические п/воспалительные ср-ва наружные;;;;
ЦБ-00003742;Синтомицин супп. ваг. 250мг №10;Гинекологические п/воспалительные ср-ва наружные;;;;
РТ-00003207;Синтомицин супп. ваг. 250мг №10;Гинекологические п/воспалительные ср-ва наружные;;;;
ЦБ-00154605;Синусалин жидк. экстракт 100мл;Поливитамины;;;;
ЦБ-00016850;Синэстрол р-р д/ин. масляный 1мг/мл 1мл №10;Заместительная гормональная терапия;;;;
ЦБ-00022118;Синэстрол р-р д/ин. масляный 2% 1мл №10;Заместительная гормональная терапия;;;;
ЦБ-00024869;СИНЭСТРОЛ Р-Р Д/ИН.МАСЛ. АМП. 2% 1МЛ N10;Заместительная гормональная терапия;;;;
ЦБ-00012820;Сироп боярышник 250мл;Поливитамины;;;;
ЦБ-00040458;Сироп Зеленый чай с шиповником и витамином С 250мл;Поливитамины;;;;
ЦБ-00140220;Сироп из клубней топинамбура мультифруктовый б/сахара 330г;Поливитамины;;;;
ЦБ-00133388;Сироп из клубней топинамбура с брусникой б/сахара 330г;Поливитамины;;;;
ЦБ-00125442;Сироп из клубней топинамбура с вишней б/сахара 330г;Поливитамины;;;;
ЦБ-00133389;Сироп из клубней топинамбура с красной смородиной б/сахара 330г;Поливитамины;;;;
ЦБ-00140221;Сироп из клубней топинамбура с черной смородиной б/сахара 330г;Поливитамины;;;;
ЦБ-00035182;Сироп имбирный 250мл;Поливитамины;;;;
ЦБ-00035181;Сироп имбирный апельсин 250 мл;Поливитамины;;;;
ЦБ-00147407;Сироп имбирный с шиповником и лимоном фреш 250мл;Поливитамины;;;;
РТ-00006096;Сироп калины 135г;Поливитамины;;;;
ЦБ-00015499;Сироп калины 250мл;Поливитамины;;;;
ЦБ-00128028;Сироп калины кардионорм 250мл;Поливитамины;;;;
ЦБ-00034576;Сироп калины на сорбите 250мл;Поливитамины;;;;
РТ-00004404;Сироп калины на фруктозе 250мл;Поливитамины;;;;
РТ-00002301;Сироп калины с медуницей Кардинорм обогащенный вит. С 250г;Поливитамины;;;;
ЦБ-00034575;Сироп клюква/малина 330мл;Поливитамины;;;;
ЦБ-00034577;Сироп малина 250мл;Поливитамины;;;;
ЦБ-00036365;Сироп малина на фруктозе 250мл;Поливитамины;;;;
ЦБ-00165422;Сироп малина на фруктозе 250мл;Поливитамины;;;;
ЦБ-00038570;Сироп Облепиха на сорбите 250мл;Поливитамины;;;;
РТ-00009970;Сироп облепихи с вит С 250мл;Поливитамины;;;;
РТ-00001513;Сироп облепихово-рябиновый 250мл;Поливитамины;;;;
РТ-00001514;Сироп облепихово-смородиновый (черная) 250мл;Поливитамины;;;;
ЦБ-00038677;Сироп Облепиховый 250мл;Поливитамины;;;;
РТ-00010712;Сироп подорожника с мятой и медом 150мл;Поливитамины;;;;
РТ-00010713;Сироп подорожника с мятом и медом 150 мл Мирролла;Поливитамины;;;;
ЦБ-00034578;Сироп при простуде 100мл с малиной;Поливитамины;;;;
РТ-00008830;Сироп рябины и аронии 250мл;Поливитамины;;;;
ЦБ-00012825;Сироп Слоненок ням д/повышения аппетита 100мл  (здравландия);Поливитамины;;;;
РТ-00011415;Сироп Смородина черная на фруктозе 250мл;Поливитамины;;;;
РТ-00004082;Сироп солодки с витамином С 100мл;Поливитамины;;;;
РТ-00010068;Сироп солодки с витамином С 100мл;Поливитамины;;;;
ЦБ-00140961;Сироп топинамбур клубника б/сахара 330г;Поливитамины;;;;
ЦБ-00012826;Сироп топинамбур клюква натуральный 250мл;Поливитамины;;;;
ЦБ-00012827;Сироп топинамбур лимон натуральный 250мл;Поливитамины;;;;
ЦБ-00012828;Сироп топинамбур малина натуральный 250мл;Поливитамины;;;;
ЦБ-00160658;Сироп топинамбур натуральный б/сах. 300мл;Поливитамины;;;;
ЦБ-00160180;Сироп топинамбур натуральный вит.Д3 б/сах. 250мл;Поливитамины;;;;
ЦБ-00012829;Сироп топинамбур премиум ананас натуральный 250мл;Поливитамины;;;;
ЦБ-00012831;Сироп топинамбур премиум яблоко-корица натуральный 250мл;Поливитамины;;;;
ЦБ-00012832;Сироп топинамбур шиповник натуральный 250мл;Поливитамины;;;;
ЦБ-00034579;Сироп черная смородина на фрукт 250мл;Поливитамины;;;;
РТ-00009844;Сироп черника 250мл;Поливитамины;;;;
ЦБ-00034580;Сироп черника 330мл витамин;Поливитамины;;;;
ЦБ-00031787;Сироп Черника на сорбите 250мл (стеклянная бутылка. винт);Поливитамины;;;;
ЦБ-00036367;Сироп черника на фруктозе 250мл;Поливитамины;;;;
ЦБ-00034833;Сироп черника с травами 250мл;Поливитамины;;;;
ЦБ-00017211;Сироп шиповника 100мл;Поливитамины;;;;
ЦБ-00150322;Сироп шиповника 100мл;Поливитамины;;;;
РТ-00004737;Сироп шиповника 100мл;Поливитамины;;;;
ЦБ-00030567;Сироп шиповника 250мл;Поливитамины;;;;
ЦБ-00012833;Сироп шиповника 250мл;Поливитамины;;;;
ЦБ-00012834;Сироп шиповника 250мл;Поливитамины;;;;
РТ-00007932;Сироп шиповника 250мл;Поливитамины;;;;
ЦБ-00146247;Сироп шиповника 250мл;Поливитамины;;;;
ЦБ-00040228;Сироп шиповника 250мл;Поливитамины;;;;
ЦБ-00012835;Сироп шиповника 250мл;Поливитамины;;;;
ЦБ-00031786;Сироп шиповника 250мл на фруктозе;Поливитамины;;;;
ЦБ-00034644;Сироп шиповника Золотая капля флакон 250мл;Поливитамины;;;;
ЦБ-00038906;Сироп шиповника Золотая капля флакон 250мл;Поливитамины;;;;
РТ-00000491;Сироп шиповника на фруктозе 250мл;Поливитамины;;;;
РТ-00012577;Сироп шиповника Премиум Забытый вкус 100мл;Поливитамины;;;;
ЦБ-00123453;Сироп шиповника Премиум Забытый вкус 250мл;Поливитамины;;;;
ЦБ-00184574;Сироп шиповника Премиум Забытый вкус 250мл №6;Поливитамины;;;;
РТ-00008183;Сироп шиповника с вит С 250мл;Поливитамины;;;;
ЦБ-00004661;Сироп шиповника с вит С 250мл;Поливитамины;;;;
ЦБ-00145093;Сироп шиповника с вит С 500мл;Поливитамины;;;;
ЦБ-00036368;Сироп ягод черники витаминизир 250мл;Поливитамины;;;;
ЦБ-00097972;Система д/перелив. крови однораз. Vogt Medical;Шприцы;;;;
ЦБ-00033255;Систематик Магний + В6 таб №30;Препараты магния;;;;
ЦБ-00191377;Скандик конфеты б/сахара арктическая мята 14г;Драже, леденцы;;;;
ЦБ-00191378;Скандик конфеты б/сахара манго 14г;Драже, леденцы;;;;
ЦБ-00145531;Скандик освежающие драже б/сахара лесные ягоды с вит. С 14г;Драже, леденцы;;;;
ЦБ-00146648;Скандик освежающие драже б/сахара цитрусовый микс с вит. С 14г;Драже, леденцы;;;;
ЦБ-00188417;Скертцо пор. д/приг.сусп. для приема внутрь 20мг/мл 26,5г фл. №1;Антибактериальные средства инъекционные р-ры;;;;
ЦБ-00142375;Скин Интенс фил презервативы текстурированные №3;Презервативы;;;;
ЦБ-00142136;Скин Ориджинал презервативы классические №10;Презервативы;;;;
ЦБ-00127580;Скин Ориджинал презервативы классические №3;Презервативы;;;;
ЦБ-00124185;Скин Элит презервативы латексные особо тонкие №10;Презервативы;;;;
ЦБ-00128261;Скин Элит презервативы особо тонкие №3;Презервативы;;;;
ЦБ-00150236;Славяночка вода минеральная стекло 0,5л;Минеральная вода;;;;
ЦБ-00021242;СЛИМКЛИНЗ №30 КАПС УП;Поливитамины;;;;
ЦБ-00191387;Смарт Пауэр 3МА Цинк/Магний/В6 капс. №170;Поливитамины;;;;
ЦБ-00163649;Смартгам магний таб. жеват. №10;Препараты магния;;;;
ЦБ-00175966;Смартлайф Витамин С с биофлавоноидами капс. №60;Витамин С;;;;
ЦБ-00166294;Смартлайф липосомальное железо 100мл;Препараты железа;;;;
ЦБ-00193463;Смартлайф липосомальное железо бисглицината хелат капс. №60;Препараты железа;;;;
ЦБ-00193557;Смартлайф липосомальный биактив смартслип система флак. 30мл;Препараты группы В, нейропротекторы;;;;
ЦБ-00187697;Смартлайф Липосомальный вит. В12 жидк. фл. 100мл;Препараты группы В, нейропротекторы;;;;
ЦБ-00188512;Смартлайф липосомальный вит. С Про флак. с дозат. 100мл;Витамин С;;;;
ЦБ-00187696;Смартлайф липосомальный вит. С Про флак. с дозат. 50мл;Витамин С;;;;
ЦБ-00165468;Смартлайф липосомальный вит. С флак. с пипет. 100мл;Витамин С;;;;
ЦБ-00175658;Смартлайф Липосомальный вит.С 50мл;Витамин С;;;;
ЦБ-00179733;Смартлайф липосомальный витамин Д3 500 МЕ флак. 10мл;Витамин Д3;;;;
ЦБ-00158027;Смартлайф липосомальный витамин Д3 флак. 30мл;Витамин Д3;;;;
ЦБ-00186407;Смартлайф липосомальный витамин Д3+К2 флак. 30мл;Витамин Д3;;;;
ЦБ-00191614;Смартлайф липосомальный В-компл. жидк. 100мл;Препараты группы В, нейропротекторы;;;;
ЦБ-00194170;Смартлайф Магний В6 Премиум стоп-стресс формула капс. №90;Препараты магния;;;;
ЦБ-00192136;Смартлайф Магния Цитрат капс. №90;Препараты железа;;;;
ЦБ-00194543;СМИ бинт самофикс. зеленый 10смх4,5м;Бинты самофиксирующие;;;;
ЦБ-00107756;СМОФ Кабивен центр. эмулс. д/инф. 1477мл №4 конт.пласт.трехкамерный;Инъекционные и инфузионные р-ры;;;;
РТ-00005650;СМОФлипид эмульсия д/инф. 100мл;Инъекционные и инфузионные р-ры;;;;
ЦБ-00190534;Соик Нефрон д/почек капс. №60;Уроантисептики;;;;
ЦБ-00012892;Солгар L-Аргинин 1000мг таб. №90;Витамины д/сердечно-сосудистой системы;;;;
ЦБ-00012893;Солгар L-Аргинин 500мг капс. №50;Витамины д/сердечно-сосудистой системы;;;;
ЦБ-00017576;СОЛГАР L-АРГИНИНА 500 МГ КАПС. N50;Витамины д/сердечно-сосудистой системы;;;;
ЦБ-00020873;СОЛГАР L-АРГИНИНА КАПС. 1000МГ N90;Витамины д/сердечно-сосудистой системы;;;;
ЦБ-00020799;СОЛГАР L-ГЛЮТАМИН ТАБЛ.1000МГ N60;Поливитамины;;;;
ЦБ-00023000;СОЛГАР L-ГЛЮТАМИН ТАБЛ.1000МГ N60;Поливитамины;;;;
ЦБ-00031345;Солгар L-Карнитин таб. 500мг №30;Поливитамины;;;;
ЦБ-00039307;Солгар L-Лизин таб. 1000мг №50;Витамины д/сердечно-сосудистой системы;;;;
ЦБ-00012897;Солгар №7 капс. №30;Поливитамины;;;;
ЦБ-00020763;Солгар Алоэ вера капс. №100;Поливитамины;;;;
ЦБ-00020590;Солгар Альфа-липоевая кислота 60мг капс. №30;Витамины д/сердечно-сосудистой системы;;;;
ЦБ-00012901;Солгар Антиоксидантная формула капс. 870мг №60;Поливитамины;;;;
ЦБ-00017874;СОЛГАР АНТИОКСИДАНТНАЯ ФОРМУЛА КАПС. N60;Поливитамины;;;;
ЦБ-00020589;Солгар Антиоксидантная формула капс. №30;Поливитамины;;;;
ЦБ-00012900;Солгар Антиоксидантная формула капс. №30;Поливитамины;;;;
ЦБ-00022523;Солгар Антиоксидантная формула капс. №30;Поливитамины;;;;
ЦБ-00020864;Солгар Ацидофилус плюс капс. №60;Поливитамины;;;;
ЦБ-00012903;Солгар Ацидофилус плюс капс. №60;Поливитамины;;;;
ЦБ-00021552;СОЛГАР БЕТА КАРОТИН 7МГ КАПС. N60;Поливитамины;;;;
ЦБ-00020767;СОЛГАР БЕТА-ГЛЮКАНЫ 1,3 ТАБЛ. N60;Поливитамины;;;;
РТ-00008021;Солгар Витамин Д3 600МЕ капс. №120;Витамин Д3;;;;
ЦБ-00012908;Солгар Витамин Д3 600МЕ капс. №60;Витамин Д3;;;;
ЦБ-00012902;Солгар Витамин С и шиповник таб. №100;Витамин С;;;;
ЦБ-00155848;Солгар Витамин С капс. 500мг №100;Витамин С;;;;
ЦБ-00020696;Солгар Витамин С с малиновым вкусом таб. 500мг №90;Витамин С;;;;
РТ-00012879;Солгар В-Комплекс капс. №50;Препараты группы В, нейропротекторы;;;;
ЦБ-00165470;Солгар Вэй ту гоу белковая сыворотка б/ароматизатора 377г;Поливитамины;;;;
ЦБ-00162486;Солгар Вэй ту гоу белковая сыворотка со вкусом шоколада 377г;Поливитамины;;;;
ЦБ-00034040;Солгар Вэй ту гоу белковая сыворотка со вкусом шоколада 454мг;Поливитамины;;;;
ЦБ-00185650;Солгар Глицинат Магния капс. №60;Препараты магния;;;;
ЦБ-00159937;Солгар Джентл Айрон легкодоступное железо капс. №180;Препараты железа;;;;
ЦБ-00020597;Солгар Джентл Айрон легкодоступное железо капс. №90;Препараты железа;;;;
ЦБ-00012931;Солгар Джентл Айрон легкодоступное Железо Хелат капс. №90;Препараты железа;;;;
ЦБ-00100682;Солгар Кальций-Магний с витамином D3 таб. №150;Поливитамины;;;;
ЦБ-00020600;Солгар Кангавитес с витамином С апельсин таб. №90;Поливитамины;;;;
ЦБ-00031659;Солгар Кангавитес с витамином С апельсин таб. №90;Поливитамины;;;;
ЦБ-00022530;Солгар Кангавитес с витамином С апельсин таб. №90;Поливитамины;;;;
ЦБ-00012922;Солгар Кангавитес с витамином С малина таб. №90;Поливитамины;;;;
ЦБ-00017823;Солгар Кангавитес с мультивит.и минералами тропич. фрукты таб. №60;Поливитамины;;;;
ЦБ-00012925;Солгар Кардио Саппорт плюс таб. 120мг №60;Витамины д/сердечно-сосудистой системы;;;;
ЦБ-00020719;Солгар Кардио Саппорт плюс таб. 120мг №60;Поливитамины;;;;
ЦБ-00022824;Солгар Кардио Саппорт плюс таб. 120мг №60;Поливитамины;;;;
ЦБ-00160649;Солгар Коджи железо ферм. капс №30;Препараты железа;;;;
ЦБ-00023207;Солгар Комплекс Модуляторы глюкозы таб. №60;Поливитамины;;;;
ЦБ-00020872;Солгар Комплекс основных аминокислот капс. №30;Поливитамины;;;;
ЦБ-00024912;Солгар Корень дягиля капс. №100;Поливитамины;;;;
ЦБ-00012928;Солгар Корень дягиля плюс капс. №100;Поливитамины;;;;
ЦБ-00021528;Солгар Корень дягиля плюс капс. №100;Поливитамины;;;;
ЦБ-00035607;Солгар Кран Флора с клюквой ,пробиотиками и Эстер-С №60;Поливитамины;;;;
ЦБ-00020601;Солгар Липотропный фактор таб. №50;Витамины д/сердечно-сосудистой системы;;;;
ЦБ-00031344;Солгар Мульти-I таб. №30;Поливитамины;;;;
РТ-00002549;Солгар Мульти-I таб. №60;Поливитамины;;;;
ЦБ-00020588;СОЛГАР МУЛЬТИДОФИЛУС ПЛЮС КАПС. N60;Поливитамины;;;;
ЦБ-00017577;СОЛГАР НАТУРАЛЬНЫЙ СОЕВЫЙ ЛЕЦИТИН КАПС. N100;Поливитамины;;;;
ЦБ-00020603;Солгар Неронутриентс капс. №30;Поливитамины;;;;
ЦБ-00022531;Солгар Неронутриентс капс. №30;Поливитамины;;;;
ЦБ-00017573;Солгар Перлес Чесночное масло капс. №100;Поливитамины;;;;
ЦБ-00020768;Солгар Перлес Чесночное масло капс. №100;Поливитамины;;;;
ЦБ-00020695;Солгар Ресвератрол капс. №60;Поливитамины;;;;
ЦБ-00012948;Солгар Ресвератрол таб. №60;Поливитамины;;;;
ЦБ-00022532;СОЛГАР СЕЛЕН 6- 100 МКГ ТАБЛ. N100;Поливитамины;;;;
ЦБ-00020605;Солгар Селен-6 100мкг таб. №100;Поливитамины;;;;
ЦБ-00012951;Солгар соевый лецитин капс. №100;Поливитамины;;;;
ЦБ-00020606;Солгар Суперконцентрат изофлавонов таб. №30;Поливитамины;;;;
ЦБ-00020596;Солгар Фолиевая кислота 400мкг таб. №100;Поливитамины;;;;
ЦБ-00012958;Солгар Фолиевая кислота 400мкг таб. №100;Поливитамины;;;;
ЦБ-00022528;Солгар Фолиевая кислота 400мкг таб. №100;Поливитамины;;;;
ЦБ-00012959;Солгар Хелатный Магний таб. №100;Препараты магния;;;;
ЦБ-00186959;Солгар Цитрат Магния пор. 108г;Препараты магния;;;;
ЦБ-00142147;Солгар Цитрат магния таб. №120;Препараты магния;;;;
ЦБ-00020798;Солгар Цитрат магния таб. №60;Препараты магния;;;;
ЦБ-00012961;Солгар Цитрат магния таб. №60;Препараты магния;;;;
ЦБ-00031378;Солгар Шарики Про-Био №30;Поливитамины;;;;
ЦБ-00020599;Солгар Экстракт Виноградных косточек капс. №30;Поливитамины;;;;
ЦБ-00022529;Солгар Экстракт Виноградных косточек капс. №30;Поливитамины;;;;
ЦБ-00018037;Солгар Экстракт Готу Кола капс. №100;Поливитамины;;;;
ЦБ-00020877;Солгар Экстракт листьев артишока капс. №60;Поливитамины;;;;
ЦБ-00020762;Солгар Экстракт листьев Зеленого чая капс. №60;Поливитамины;;;;
ЦБ-00017574;Солгар Экстракт Эхинацеи пурпурной капс. №100;Поливитамины;;;;
РТ-00014894;Солгар Эстер-С Плюс 500мг Витамин С капс. №100;Витамин С;;;;
ЦБ-00017575;Солгар Эстер-С плюс 500мг Витамин С капс. №50;Витамин С;;;;
ЦБ-00012968;Солгар Эстер-С плюс 500мг Витамин С капс. №50;Витамин С;;;;
ЦБ-00020769;Солгар Ягоды Со Пальметто капс. №100;Поливитамины;;;;
ЦБ-00158677;Соли Д3 600МЕ капс. №60;Витамин Д3;;;;
ЦБ-00178172;Солигамма таб. п/п/о 10000 МЕ №30;Витамин Д3;;;;
ЦБ-00148793;Солидаго композитум С р-р в/м 2,2мл №100;Уроантисептики;;;;
ЦБ-00142820;Солидаго композитум С р-р в/м 2,2мл №5;Уроантисептики;;;;
ЦБ-00030129;Солидаго композитум С р-р д/ин. 2.2мл №5;Инъекционные и инфузионные р-ры;;;;
ЦБ-00185348;Солнышко аскорбиновая к-та с сахаром/глюкозой таб. дыня №10;Витамин С;;;;
ЦБ-00163069;Солнышко Мультифорте аскорбиновая к-та с сахаром апельсин таб. жев. №10;Витамин С;;;;
ЦБ-00179227;Солнышко Мультифорте аскорбиновая к-та с сахаром вишня таб. жев. №10;Витамин С;;;;
ЦБ-00163070;Солнышко Мультифорте аскорбиновая к-та с сахаром клубника таб. жев. №10;Витамин С;;;;
ЦБ-00178380;Солнышко Мультифорте аскорбиновая к-та с сахаром лимон №10;Витамин С;;;;
ЦБ-00162957;Солнышко Мультифорте аскорбиновая к-та с сахаром таб. жев. №10;Витамин С;;;;
РТ-00005651;Солувит Н лиоф. д/р-ра д/инф. 10мл №10;Поливитамины;;;;
ЦБ-00183399;Соновью лиоф. д/приг. сусп. д/ин. 8мкл/мл 25мг фл.+р-ль 5мл с адаптером;Инъекционные и инфузионные р-ры;;;;
ЦБ-00003793;Сорбифер Дурулес таб. п/о №30;Препараты железа;;;;
ЦБ-00003794;Сорбифер Дурулес таб. п/о №50;Препараты железа;;;;
ЦБ-00166761;Сорбифер Дурулес таб. п/п/о №100;Препараты железа;;;;
ЦБ-00184491;Спайс Актив Вит. Д3 500МЕ капли д/приема внутрь 30мл;Витамин Д3;;;;
ЦБ-00187998;Спайс Актив вит.С 500мг с биофлавоноидами и имбирем капс. №120;Витамин С;;;;
ЦБ-00188713;Спайс Актив вит.С 500мг с биофлавоноидами и имбирем капс. №60;Витамин С;;;;
ЦБ-00187832;Спайс Актив Магний Цитрат капс. №60;Препараты магния;;;;
ЦБ-00188880;Спайс Актив Магний Цитрат с экстр. шафрана капс. №120;Препараты магния;;;;
ЦБ-00166525;Спасатель вит. Д3 2000МЕ капс. №30;Витамин Д3;;;;
ЦБ-00163175;Спасатель вит. Д3 капс. №30;Витамин Д3;;;;
ЦБ-00169749;Сперматренд капс.№90;Ср-ва при эректильной дисфункции, влияющие на либидо;;;;
ЦБ-00174290;Сплат Биохак+ Магний+В1+В6 капс. №60;Препараты магния;;;;
ЦБ-00174443;Сплат Биохак+ Магний+В1+В6 капс. №90;Препараты магния;;;;
ЦБ-00176336;Сплат Биохак+Железо плюс синергисты йод капс. №90;Препараты магния;;;;
ЦБ-00013071;Сплат Фито таб. №30;Поливитамины;;;;
ЦБ-00037649;СпортЭксперт аминокислотный комплекс саше №10;Поливитамины;;;;
РТ-00009753;СпортЭксперт БЦАА+ капс. №170;Поливитамины;;;;
ЦБ-00149183;СпортЭксперт БЦАА+ капс. №180;Поливитамины;;;;
ЦБ-00183598;СпортЭксперт креатин 270,0;Поливитамины;;;;
РТ-00012078;СпортЭксперт креатин 450,0;Поливитамины;;;;
ЦБ-00013073;СпортЭксперт левзея таб. №40;Поливитамины;;;;
ЦБ-00038354;СпортЭксперт протеиновый батончик 50,0;Поливитамины;;;;
РТ-00008091;СпортЭксперт протеиновый коктейль 360,0;Поливитамины;;;;
РТ-00007933;СпортЭксперт протеиновый коктейль 908,0;Поливитамины;;;;
РТ-00011585;СпортЭксперт сывороточный протеин 908,0;Поливитамины;;;;
РТ-00012720;СпортЭксперт Энергия 50мл №8;Поливитамины;;;;
ЦБ-00135932;Спринг Баблз презервативы с пупырышками №3;Презервативы;;;;
ЦБ-00130902;Спринг баблз презервативы с пупырышками №9;Презервативы;;;;
ЦБ-00135931;Спринг презевативы ароматизированные №3;Презервативы;;;;
ЦБ-00129461;Спринг скай лайт презервативы ультратонкие №3;Презервативы;;;;
ЦБ-00135934;Спринг Ультра стронг презервативы ультрапрочные №3;Презервативы;;;;
РТ-00001293;Спулан д/мужчин капс. №2;Ср-ва при эректильной дисфункции, влияющие на либидо;;;;
РТ-00000504;Спулан д/мужчин капс. №8;Ср-ва при эректильной дисфункции, влияющие на либидо;;;;
ЦБ-00003817;Стабизол ГЭК 6% р-р д/инф. 500мл №10;Инъекционные и инфузионные р-ры;;;;
ЦБ-00122268;Стандарт Здоровья Реноксилиум Мэн таб. 600мг №20;Уроантисептики;;;;
ЦБ-00122269;Стандарт Здоровья Реноксилиум Фам таб. 350мг №20;Уроантисептики;;;;
ЦБ-00186941;Стармакс Вит. В12 липосом. капс. №60;Препараты группы В, нейропротекторы;;;;
ЦБ-00180012;Стармакс Вит. Д3+К2 липосом. капс. №60;Поливитамины;;;;
ЦБ-00187027;Стармакс Железо липосом./Вит. С/В9/В12 капс. №60;Препараты железа;;;;
ЦБ-00146728;Старый источник №17 вода мин. газ. 0,5л;Минеральная вода;;;;
ЦБ-00146727;Старый источник №4 вода мин. газ. 0,5л;Минеральная вода;;;;
ЦБ-00146906;Старый источник Нагутская-26 вода мин. газ. 0,5л стекло;Минеральная вода;;;;
ЦБ-00146907;Старый источник Нагутская-26 вода мин. газ. 1,5л ПЭТ;Минеральная вода;;;;
ЦБ-00164292;Старый источник Славянская жемчужина 1,5л ПЭТ;Минеральная вода;;;;
РТ-00006021;Стелфрин р-р д/ин. 1% 1мл №10;Инъекционные и инфузионные р-ры;;;;
ЦБ-00145309;Стерилюкс ЕС салфетки марлевые стерил. (5х5см) 8слоев 17нитей №3;Салфетки стерильные;;;;
ЦБ-00180301;Стерофундин Г-1 р-р д/инф. 500мл фл. №10 (для ЛПУ);Инъекционные и инфузионные р-ры;;;;
ЦБ-00171395;Стерофундин Г-5 р-р д/инф. 1000мл №10;Инъекционные и инфузионные р-ры;;;;
ЦБ-00091945;Стерофундин Г-5 р-р д/инф. флак. 500мл №10;Инъекционные и инфузионные р-ры;;;;
ЦБ-00037675;Стерофундин изотонический 1000мл №10;Инъекционные и инфузионные р-ры;;;;
РТ-00008537;Стерофундин изотонический 500мл №10;Инъекционные и инфузионные р-ры;;;;
ЦБ-00146155;Стерофундин изотонический р-р д/инф. 250мл №10;Инъекционные и инфузионные р-ры;;;;
ЦБ-00013374;Стимол р-р внутр 10мл №18;Поливитамины;;;;
ЦБ-00155507;Стимэрект капс. №20;Ср-ва при эректильной дисфункции, влияющие на либидо;;;;
ЦБ-00026939;СТМ вода минеральная природная Негазированная Спорт 0.5 л;Минеральная вода;;;;
ЦБ-00038786;Стрептомицин 1г №50 флак пор. д/р-ра в/м;Антибактериальные средства инъекционные р-ры;;;;
ЦБ-00039933;Стрептомицин 1г флак пор. д/р-ра в/м;Антибактериальные средства инъекционные р-ры;;;;
ЦБ-00003850;Строфантин-Г р-р в/в 0.025% 1мл №10;Инъекционные и инфузионные р-ры;;;;
ЦБ-00029528;СТЭЛМАС - O2 (кислород) 1.5л ПЭТ;Минеральная вода;;;;
РТ-00002681;Стэлмас Mg+ вода минеральная очищающая 0,5л;Минеральная вода;;;;
ЦБ-00163564;Стэлмас Mg+ вода минеральная очищающая 1л;Минеральная вода;;;;
РТ-00013999;Стэлмас вода минеральная газ. 0,6л;Минеральная вода;;;;
РТ-00014002;Стэлмас вода минеральная газ. 1,5л;Минеральная вода;;;;
ЦБ-00162926;Стэлмас вода минеральная дет. б/газ. 0,33л 3+ ПЭТ;Минеральная вода;;;;
ЦБ-00162927;Стэлмас вода минеральная дет. б/газ. 0,6л 3+ ПЭТ;Минеральная вода;;;;
ЦБ-00162928;Стэлмас вода минеральная дет. б/газ. 1,5л 3+ ПЭТ;Минеральная вода;;;;
ЦБ-00162929;Стэлмас вода минеральная дет. б/газ. 5л 3+ ПЭТ;Минеральная вода;;;;
РТ-00007794;Стэлмас вода питьевая дет. 0+ 0,6л;Минеральная вода;;;;
РТ-00014343;Стэлмас вода питьевая дет. 0+ 1,5л;Минеральная вода;;;;
РТ-00012751;Стэлмас вода питьевая дет. спорт 0,33л;Минеральная вода;;;;
ЦБ-00006805;Стэлмас кислород вода минеральная н/газ. 1,5л;Минеральная вода;;;;
ЦБ-00006807;Стэлмас кислород вода питьевая н/газ. 0,6л;Минеральная вода;;;;
ЦБ-00146863;Стэлмас минерал вода питьевая б/газ. 0,33мл;Минеральная вода;;;;
РТ-00000810;Стэлмас цинк/селен вода питьев. негаз. 0,6л;Минеральная вода;;;;
ЦБ-00179920;Стэлмас цинк/селен вода питьевая негаз. 0,6л;Минеральная вода;;;;
ЦБ-00168695;Судорогинум таб. №56;Препараты магния;;;;
ЦБ-00146269;Суксаметония йодид р-р д/в/в и в/м введ. 20 мг/мл 5 мл №10;Инъекционные и инфузионные р-ры;;;;
ЦБ-00006808;Сулинка вода минеральная 1,25л;Минеральная вода;;;;
ЦБ-00006811;Сулинка кремниевая вода минеральная 1,25л;Минеральная вода;;;;
РТ-00000441;Сульзонцеф пор. д/ин. 1000мг+1000мг;Антибактериальные средства инъекционные р-ры;;;;
ЦБ-00160090;Сульмаграф пор.д/приг.р-ра. для в/в и в/м введ. 1г+1г №1;Антибактериальные средства инъекционные р-ры;;;;
ЦБ-00189932;Сульмацефта пор. д/приг. р-ра д/в/в и в/м введ. 500мг+250мг №1 фл.;Антибактериальные средства инъекционные р-ры;;;;
ЦБ-00163981;Сульмацефта пор. д/пригот. р-ра д/в/в в/м введ. 1000мг+500мг №1;Антибактериальные средства инъекционные р-ры;;;;
ЦБ-00003855;Сульперазон пор. д/ин. 1000мг+1000мг;Антибактериальные средства инъекционные р-ры;;;;
ЦБ-00016567;Сультасин 1.5г в/в. в/м инд.уп.;Антибактериальные средства инъекционные р-ры;;;;
ЦБ-00175683;Сультасин пор. д/приг. р-ра д/в/в и в/м введ. 1000мг+500мг №50;Инъекционные и инфузионные р-ры;;;;
ЦБ-00084934;Сульцеф пор.д/пригот.р-ра в/в, в/м фл. 1г+1г №1 инд.уп.;Антибактериальные средства инъекционные р-ры;;;;
ЦБ-00003870;Сумамед лиоф. д/инф. 500мг №5;Антибактериальные средства инъекционные р-ры;;;;
ЦБ-00013445;Супер йохимбе плюс таб. 1.2г №30;Ср-ва при эректильной дисфункции, влияющие на либидо;;;;
ЦБ-00142875;Супер кардио комплекс капс. №30;Витамины д/сердечно-сосудистой системы;;;;
РТ-00001710;Супер Кремний капс. №20;Поливитамины;;;;
ЦБ-00194497;Супер Мишки Магний паст. жев. вишня №60;Препараты магния;;;;
ЦБ-00040114;Супер мультивитамины д-ра Лайнуса Полинга таб. №120;Поливитамины;;;;
ЦБ-00034251;Супер Оптимал (для мужчин) таб. №90;Ср-ва при эректильной дисфункции, влияющие на либидо;;;;
ЦБ-00038210;Супергематоген  40г;Гематоген;;;;
ЦБ-00003879;Суперджекс таб. раст. 4г №20;Поливитамины;;;;
ЦБ-00167054;Суперум вит. С таб. шипучие 200мг №20;Витамин С;;;;
ЦБ-00083090;Супра Вит Витамин С таб. шип. 850мг №20;Витамин С;;;;
ЦБ-00116387;Суправит Витамин С таб. шипучие №20;Витамин С;;;;
РТ-00004900;Суправит Железо Плюс таб. шипучие №20;Препараты железа;;;;
ЦБ-00036902;Суправит Кальций Магний Цинк таб. шипучие №20;Поливитамины;;;;
РТ-00008832;Суправит Кальций плюс Д3 таб. шипучие №20;Поливитамины;;;;
РТ-00006223;Суправит Кальций плюс С таб. шипучие №20;Поливитамины;;;;
ЦБ-00039057;Суправит Магний+В-комплекс таб. шипучие №20;Поливитамины;;;;
ЦБ-00038985;Суправит Мульти Кидс таб. шипучие №20;Поливитамины;;;;
РТ-00013096;Суправит Мульти таб. шипучие №20;Поливитамины;;;;
ЦБ-00039056;Суправит Остео таб. шипучие №20;Поливитамины;;;;
ЦБ-00029700;Супрадин др. №30;Поливитамины;;;;
ЦБ-00185829;Супрадин Иммуно вит. С таб. шип. №15;Витамин С;;;;
ЦБ-00172207;Супрадин Мультивитамины актив таб. шип. №15;Поливитамины;;;;
ЦБ-00003883;Супрадин таб. п/о  №30;Поливитамины;;;;
ЦБ-00039244;Супрадин таб. п/о  №60;Поливитамины;;;;
ЦБ-00003884;Супрадин таб. шипучие №10;Поливитамины;;;;
ЦБ-00013458;Супрадин таб. шипучие №20;Поливитамины;;;;
ЦБ-00003882;Супрадин таб.шип №10;Поливитамины;;;;
ЦБ-00032719;СФМ Лейкопл.бактер. 3.8х3.8 N1 нетк.;Бактерицидный;;;;
ЦБ-00032887;СФМ лейкопластырь  2X250СМ;Фиксирующие катушки;;;;
ЦБ-00169978;СФМ-Пластер лейкопластырь фикс. н/ткан. 1х500см;Фиксирующие катушки;;;;
ЦБ-00169944;СФМ-Пластер лейкопластырь фикс. н/ткан. 2,5х500см;Фиксирующие катушки;;;;
ЦБ-00173917;СФТрио шприц 3-х комп. 20мл игла 21G (0,8х40мм) №1;Шприцы;;;;
ЦБ-00003895;Таваник р-р д/инф. 5мг/мл 100мл;Антибактериальные средства инъекционные р-ры;;;;
ЦБ-00003900;Тавегил р-р в/в и в/м 1мг/мл 2мл №5;Инъекционные и инфузионные р-ры;;;;
ЦБ-00188342;Тадакардил Канон таб. п/п/о 20мг №30;Ср-ва при эректильной дисфункции, влияющие на либидо;;;;
РТ-00013037;Тадалафил Бактэр таб. п/о 20мг №1;Ср-ва при эректильной дисфункции, влияющие на либидо;;;;
РТ-00012483;Тадалафил Бактэр таб. п/о 5мг №28;Ср-ва при эректильной дисфункции, влияющие на либидо;;;;
ЦБ-00119031;Тадалафил Бактэр таб. п/п/о 5мг №14;Ср-ва при эректильной дисфункции, влияющие на либидо;;;;
ЦБ-00189879;Тадалафил Велфарм таб. п/п/о 5мг №30;Ср-ва при эректильной дисфункции, влияющие на либидо;;;;
ЦБ-00154517;Тадалафил Канон таб. п/п/о 20мг №1;Ср-ва при эректильной дисфункции, влияющие на либидо;;;;
ЦБ-00156798;Тадалафил Канон таб. п/п/о 5мг №28;Ср-ва при эректильной дисфункции, влияющие на либидо;;;;
ЦБ-00154238;Тадалафил таб. п/п/о 20мг №1 Озон;Ср-ва при эректильной дисфункции, влияющие на либидо;;;;
ЦБ-00195074;Тадалафил таб. п/п/о 20мг №10;Ср-ва при эректильной дисфункции, влияющие на либидо;;;;
ЦБ-00195195;Тадалафил таб. п/п/о 20мг №10;Ср-ва при эректильной дисфункции, влияющие на либидо;;;;
ЦБ-00154239;Тадалафил таб. п/п/о 20мг №2 Озон;Ср-ва при эректильной дисфункции, влияющие на либидо;;;;
ЦБ-00147673;Тадалафил таб. п/п/о 20мг №4;Ср-ва при эректильной дисфункции, влияющие на либидо;;;;
ЦБ-00170279;Тадалафил таб. п/п/о 20мг №4;Ср-ва при эректильной дисфункции, влияющие на либидо;;;;
ЦБ-00154240;Тадалафил таб. п/п/о 20мг №8 Озон;Ср-ва при эректильной дисфункции, влияющие на либидо;;;;
ЦБ-00154241;Тадалафил таб. п/п/о 5мг №14 Озон;Ср-ва при эректильной дисфункции, влияющие на либидо;;;;
ЦБ-00149142;Тадалафил таб. п/п/о 5мг №28;Ср-ва при эректильной дисфункции, влияющие на либидо;;;;
ЦБ-00166909;Тадалафил таб. п/п/о 5мг №30;Ср-ва при эректильной дисфункции, влияющие на либидо;;;;
ЦБ-00167494;Тадалафил таб. п/п/о 5мг №30;Ср-ва при эректильной дисфункции, влияющие на либидо;;;;
ЦБ-00193976;Тадалафил таб. п/п/о 5мг №30;Ср-ва при эректильной дисфункции, влияющие на либидо;;;;
ЦБ-00195196;Тадалафил таб. п/п/о 5мг №30;Ср-ва при эректильной дисфункции, влияющие на либидо;;;;
ЦБ-00174562;Тадалафил-Алиум таб. п/п/о 20мг №1;Ср-ва при эректильной дисфункции, влияющие на либидо;;;;
ЦБ-00173740;Тадалафил-Алиум таб. п/п/о 20мг №4;Ср-ва при эректильной дисфункции, влияющие на либидо;;;;
ЦБ-00165666;Тадалафил-Алиум таб. п/п/о 20мг №8;Ср-ва при эректильной дисфункции, влияющие на либидо;;;;
ЦБ-00160600;Тадалафил-Алиум таб. п/п/о 5мг №30;Ср-ва при эректильной дисфункции, влияющие на либидо;;;;
ЦБ-00135605;Тадалафил-Вертекс таб. п/п/о 20мг №1;Ср-ва при эректильной дисфункции, влияющие на либидо;;;;
ЦБ-00124307;Тадалафил-Вертекс таб. п/п/о 20мг №10;Ср-ва при эректильной дисфункции, влияющие на либидо;;;;
ЦБ-00125624;Тадалафил-Вертекс таб. п/п/о 20мг №2;Ср-ва при эректильной дисфункции, влияющие на либидо;;;;
ЦБ-00121606;Тадалафил-Вертекс таб. п/п/о 20мг №5;Ср-ва при эректильной дисфункции, влияющие на либидо;;;;
ЦБ-00121972;Тадалафил-Вертекс таб. п/п/о 5мг №14;Ср-ва при эректильной дисфункции, влияющие на либидо;;;;
ЦБ-00121506;Тадалафил-Вертекс таб. п/п/о 5мг №28;Ср-ва при эректильной дисфункции, влияющие на либидо;;;;
ЦБ-00152361;Тадалафил-Ксантис таб. п/п/о 20мг №10;Ср-ва при эректильной дисфункции, влияющие на либидо;;;;
ЦБ-00152732;Тадалафил-Ксантис таб. п/п/о 20мг №4;Ср-ва при эректильной дисфункции, влияющие на либидо;;;;
ЦБ-00152731;Тадалафил-Ксантис таб. п/п/о 20мг №8;Ср-ва при эректильной дисфункции, влияющие на либидо;;;;
ЦБ-00151732;Тадалафил-Ксантис таб. п/п/о 5мг №28;Ср-ва при эректильной дисфункции, влияющие на либидо;;;;
РТ-00010489;Тадалафил-СЗ таб. п/о 20мг №1;Ср-ва при эректильной дисфункции, влияющие на либидо;;;;
РТ-00007526;Тадалафил-СЗ таб. п/о 20мг №10;Ср-ва при эректильной дисфункции, влияющие на либидо;;;;
РТ-00007525;Тадалафил-СЗ таб. п/о 20мг №4;Ср-ва при эректильной дисфункции, влияющие на либидо;;;;
РТ-00007143;Тадалафил-СЗ таб. п/о 20мг №8;Ср-ва при эректильной дисфункции, влияющие на либидо;;;;
РТ-00008503;Тадалафил-СЗ таб. п/о 5мг №28;Ср-ва при эректильной дисфункции, влияющие на либидо;;;;
РТ-00008466;Тадалафил-СЗ таб. п/о 5мг №30;Ср-ва при эректильной дисфункции, влияющие на либидо;;;;
ЦБ-00193636;Тадалафил-СЗ таб. п/п/о 20мг №20;Ср-ва при эректильной дисфункции, влияющие на либидо;;;;
ЦБ-00110815;Тадалафил-СЗ таб. п/п/о 5мг №14;Ср-ва при эректильной дисфункции, влияющие на либидо;;;;
ЦБ-00183958;Тадалафил-СЗ таб. п/п/о 5мг №60;Ср-ва при эректильной дисфункции, влияющие на либидо;;;;
ЦБ-00185985;Тадалафил-Тева таб. п/п/о 20мг №1;Ср-ва при эректильной дисфункции, влияющие на либидо;;;;
ЦБ-00191589;Тадалафил-Тева таб. п/п/о 20мг №2;Ср-ва при эректильной дисфункции, влияющие на либидо;;;;
ЦБ-00185652;Тадалафил-Тева таб. п/п/о 20мг №4;Ср-ва при эректильной дисфункции, влияющие на либидо;;;;
ЦБ-00185058;Тадалафил-Тева таб. п/п/о 20мг №8;Ср-ва при эректильной дисфункции, влияющие на либидо;;;;
ЦБ-00185119;Тадалафил-Тева таб. п/п/о 5мг №14;Ср-ва при эректильной дисфункции, влияющие на либидо;;;;
ЦБ-00185011;Тадалафил-Тева таб. п/п/о 5мг №28;Ср-ва при эректильной дисфункции, влияющие на либидо;;;;
ЦБ-00186481;Таданорд таб. п/п/о 20мг №10;Ср-ва при эректильной дисфункции, влияющие на либидо;;;;
ЦБ-00186134;Таданорд таб. п/п/о 20мг №4;Ср-ва при эректильной дисфункции, влияющие на либидо;;;;
ЦБ-00187469;Таданорд таб. п/п/о 5мг №30;Ср-ва при эректильной дисфункции, влияющие на либидо;;;;
ЦБ-00013505;Таксиер таб. п/о 100мг №1;Ср-ва при эректильной дисфункции, влияющие на либидо;;;;
ЦБ-00020129;Таксиер таб. п/о 100мг №4;Ср-ва при эректильной дисфункции, влияющие на либидо;;;;
ЦБ-00013506;Таксиер таб. п/о 50мг №1;Ср-ва при эректильной дисфункции, влияющие на либидо;;;;
ЦБ-00020130;Таксиер таб. п/о 50мг №4;Ср-ва при эректильной дисфункции, влияющие на либидо;;;;
ЦБ-00185898;Тамерит лиофил. д/приг. р-ра д/в/м введ. 100мг №5;Инъекционные и инфузионные р-ры;;;;
ЦБ-00188222;Тамерит лиофил. д/р-ра в/м 100мг №5 + вода д/ин. 3мл №5;Инъекционные и инфузионные р-ры;;;;
ЦБ-00122315;Тамсулозин таб. с пролонг. высв. п/п/о 400мг №30;Ср-ва при эректильной дисфункции, влияющие на либидо;;;;
ЦБ-00003921;Тантум Роза пор. д/р-ра ваг. 500мг №10;Гинекологические п/воспалительные ср-ва наружные;;;;
ЦБ-00017117;Тантум Роза р-р ваг. 0.1% 140мл №5;Гинекологические п/воспалительные ср-ва наружные;;;;
ЦБ-00013575;Тантум Роза р-р ваг. 0.1% 140мл №5;Гинекологические п/воспалительные ср-ва наружные;;;;
ЦБ-00013577;Тардиферон ретард 80 мг.таб. пролонг. покр. сах. оболочкой №30;Препараты железа;;;;
ЦБ-00020241;Тардиферон Ретард таб. п/о пролонг. 80мг №30;Препараты железа;;;;
ЦБ-00131885;Таржифорт супп. ваг. №10;Гинекологические п/воспалительные ср-ва наружные;;;;
ЦБ-00171920;Таурин капс. №90;Витамины д/сердечно-сосудистой системы;;;;
ЦБ-00130883;Тенерис T-Пор лейкопластырь фикс. н/ткан 8*15см;Повязка раневая;;;;
ЦБ-00161944;Тенерис T-Пор лейкопластырь фикс. н/ткан 8х15см №10;Повязка раневая;;;;
ЦБ-00146908;Тенерис Аква лейкопластырь прозрач. на полимер. осн. №20;Бактерицидный;;;;
ЦБ-00181728;Тенерис Аква сильвер лейкопластырь бактер. полимер. осн. №20;Бактерицидный;;;;
ЦБ-00175580;Тенерис Алоэ лейкопластырь бактер. полимер. осн. №20;Бактерицидный;;;;
ЦБ-00159367;Тенерис Антишок лейкопластырь бактер. полимер. осн. с ион. серебра №20;Бактерицидный;;;;
ЦБ-00195174;Тенерис Квикфикс бинт когезивный самофикс. ткан. с латексом белый 10смх4м;Бинты самофиксирующие;;;;
ЦБ-00195171;Тенерис Квикфикс бинт когезивный самофикс. ткан. с латексом белый 4смх4м;Бинты самофиксирующие;;;;
ЦБ-00195172;Тенерис Квикфикс бинт когезивный самофикс. ткан. с латексом белый 6смх4м;Бинты самофиксирующие;;;;
ЦБ-00195173;Тенерис Квикфикс бинт когезивный самофикс. ткан. с латексом белый 8смх4м;Бинты самофиксирующие;;;;
ЦБ-00195168;Тенерис Квикфикс бинт когезивный самофикс. ткан. с латексом красный 4смх4м;Бинты самофиксирующие;;;;
ЦБ-00195170;Тенерис Квикфикс бинт когезивный самофикс. ткан. с латексом красный 6смх4м;Бинты самофиксирующие;;;;
ЦБ-00195167;Тенерис Квикфикс бинт когезивный самофикс. ткан. с латексом синий 4смх4м;Бинты самофиксирующие;;;;
ЦБ-00195169;Тенерис Квикфикс бинт когезивный самофикс. ткан. с латексом синий 6смх4м;Бинты самофиксирующие;;;;
ЦБ-00037292;Тенерис Комфорт лейкопластырь бактер. полимер. осн. с ион. серебра №20;Бактерицидный;;;;
ЦБ-00187789;Тенерис лейкопластырь бактер. неткан. с серебром 10х10см;Повязка раневая;;;;
ЦБ-00187790;Тенерис лейкопластырь бактер. неткан. с серебром 10х15см;Повязка раневая;;;;
ЦБ-00187788;Тенерис лейкопластырь бактер. неткан. с серебром 6х7см;Повязка раневая;;;;
ЦБ-00174864;Тенерис лейкопластырь мед. фикс. н/ткан. 10смх10м;Фиксирующие катушки;;;;
ЦБ-00167080;Тенерис лейкопластырь мед. фикс. н/ткан. основ. 15х1000см;Фиксирующие катушки;;;;
ЦБ-00170153;Тенерис лейкопластырь мед. фикс. н/ткан. основ. 5х1000см;Фиксирующие катушки;;;;
ЦБ-00150492;Тенерис лейкопластырь мед. фикс. неткан. осн. 10*10см №25;Повязка раневая;;;;
ЦБ-00150493;Тенерис лейкопластырь мед. фикс. неткан. осн. 10*15см №25;Повязка раневая;;;;
ЦБ-00150491;Тенерис лейкопластырь мед. фикс. неткан. осн. 10*25см №25;Повязка раневая;;;;
ЦБ-00194481;Тенерис лейкопластырь мед. фикс. неткан. осн. 10*30см №1;Повязка раневая;;;;
ЦБ-00191526;Тенерис лейкопластырь мед. фикс. неткан. осн. 10*35см №1;Повязка раневая;;;;
ЦБ-00150494;Тенерис лейкопластырь мед. фикс. неткан. осн. 6*7см №50;Повязка раневая;;;;
ЦБ-00150495;Тенерис лейкопластырь мед. фикс. неткан. осн. 8*10см №25;Повязка раневая;;;;
ЦБ-00185305;Тенерис лейкопластырь рулон. фикс. неткан. 10х200см;Повязка раневая;;;;
ЦБ-00187034;Тенерис лейкопластырь рулон. фикс. неткан. 5х200см;Повязка раневая;;;;
ЦБ-00037291;Тенерис Сенсетив лейкопластырь бактер. н/ткан. осн. с ион. серебра №20;Бактерицидный;;;;
ЦБ-00168342;Тенерис Т-Пор лейкопластырь фикс. н/ткан 8х10см №10;Повязка раневая;;;;
ЦБ-00163608;Тенерис Т-Пор лейкопластырь фикс. н/ткан. 7,2х5см №10;Повязка раневая;;;;
ЦБ-00037289;Тенерис Универсальный лейкопластырь бактер. полимер. осн. с ион. серебра №20;Бактерицидный;;;;
РТ-00007758;Тенерис Фан Кидс лейкопластырь бактер. полимер. осн. с ион. серебра рисунок №20;Бактерицидный;;;;
ЦБ-00175587;Тенерис Ф-Когезив бинт когезивный ткан. с латексом 10х400см;Бинты самофиксирующие;;;;
ЦБ-00175581;Тенерис Ф-Когезив бинт когезивный ткан. с латексом 4х400см;Бинты самофиксирующие;;;;
ЦБ-00175582;Тенерис Ф-Когезив бинт когезивный ткан. с латексом 6х400см;Бинты самофиксирующие;;;;
ЦБ-00175583;Тенерис Ф-Когезив бинт когезивный ткан. с латексом 8х400см;Бинты самофиксирующие;;;;
РТ-00007759;Тенерис Эластик лейкопластырь бактер. ткан. осн. с ион. серебра №20;Бактерицидный;;;;
ЦБ-00003947;Тентекс форте таб. п.о №100;Ср-ва при эректильной дисфункции, влияющие на либидо;;;;
ЦБ-00003969;Тержинан таб. ваг. №10;Гинекологические п/воспалительные ср-ва наружные;;;;
ЦБ-00003970;Тержинан таб. ваг. №6;Гинекологические п/воспалительные ср-ва наружные;;;;
ЦБ-00181492;Тетралаб L-аргинин капс. №60;Витамины д/сердечно-сосудистой системы;;;;
ЦБ-00159157;Тетралаб L-аргинин таб. №60;Витамины д/сердечно-сосудистой системы;;;;
ЦБ-00179306;Тетралаб Астаксантин капс. №90;Витамины д/сердечно-сосудистой системы;;;;
ЦБ-00160742;Тетралаб Витамин В12(метилкобаламин) таб. №60;Препараты группы В, нейропротекторы;;;;
ЦБ-00159164;Тетралаб Витамин В12(метилкобаламин) таб. №90;Препараты группы В, нейропротекторы;;;;
ЦБ-00177489;Тетралаб Витамин Д3 2000 диспергируемый таб. №120;Витамин Д3;;;;
ЦБ-00159165;Тетралаб Витамин Д3 2000 таб. №120;Витамин Д3;;;;
ЦБ-00159166;Тетралаб Витамин Д3+К2 таб. №60;Витамин Д3;;;;
ЦБ-00159171;Тетралаб Железа хелат таб. №90;Препараты железа;;;;
ЦБ-00159231;Тетралаб Иммуно С таб. №90;Витамин С;;;;
ЦБ-00159177;Тетралаб Кальций Магний Цинк Д3 таб. №60;Препараты магния;;;;
ЦБ-00158654;Тетралаб Комплекс L-аргинин + L-цитруллин капс. №60;Витамины д/сердечно-сосудистой системы;;;;
ЦБ-00171631;Тетралаб Комплекс хелата магния с вит.В6/вит.В2/цинком таб. №60;Препараты магния;;;;
ЦБ-00186944;Тетралаб Л-Лизин таб. №60;Витамины д/сердечно-сосудистой системы;;;;
ЦБ-00182543;Тетралаб Магний Л-Треонат капс. №60;Препараты магния;;;;
ЦБ-00175634;Тетралаб Магния цитрат капс. №60;Препараты магния;;;;
ЦБ-00177542;Тетралаб Молибден хелат таб. №90;Поливитамины;;;;
ЦБ-00159183;Тетралаб Мульти В-комплекс таб. №60;Препараты группы В, нейропротекторы;;;;
ЦБ-00159184;Тетралаб Мультивит максимум таб. №60;Поливитамины;;;;
ЦБ-00177737;Тетралаб Мультивитамины Премиум от А до Zn д/детей от 7 до 14 лет таб. жев. №60;Поливитамины;;;;
РТ-00007356;Тигацил р-р д/инф. 50мг №10;Антибактериальные средства инъекционные р-ры;;;;
ЦБ-00171512;Тигелин АФ лиофил. д/конц. д/р-ра д/инф. 50мг №1;Антибактериальные средства инъекционные р-ры;;;;
ЦБ-00155176;Тигецивер лиоф. д/приг. конц. д/приг. р-ра д/инф. 50мг фл. №10;Антибактериальные средства инъекционные р-ры;;;;
ЦБ-00165152;Тигециклин лиоф. д/приг. конц. д/приг. р-ра д/инф. 50мг №1;Антибактериальные средства инъекционные р-ры;;;;
ЦБ-00184179;Тигециклин лиоф. д/приг. конц. д/приг. р-ра д/инф. 50мг №1;Антибактериальные средства инъекционные р-ры;;;;
ЦБ-00163873;Тигециклин ПСК лиоф. д/конц. д/р-ра д/инф. 50мг №1;Антибактериальные средства инъекционные р-ры;;;;
ЦБ-00141163;Тиелвел пор. д/р-ра д/инф. 500мг+500мг 20мл;Антибактериальные средства инъекционные р-ры;;;;
РТ-00003985;Тиепенем пор. д/ин. 500+500мг флак. 1г;Антибактериальные средства инъекционные р-ры;;;;
ЦБ-00013757;Тинктал сироп 250мл;Поливитамины;;;;
ЦБ-00174315;Тобрамицин ПСК р-р для инг. 75 мг/мл 4 мл. фл. №14;Антибактериальные средства инъекционные р-ры;;;;
ЦБ-00139128;Толофитин таб. п/о №30;Уроантисептики;;;;
ЦБ-00004034;Тонгкат али платинум капс. 382мг №10;Ср-ва при эректильной дисфункции, влияющие на либидо;;;;
ЦБ-00004035;Тонгкат али платинум капс. 382мг №2;Ср-ва при эректильной дисфункции, влияющие на либидо;;;;
РТ-00002878;Тонгкат Али Премиум капс. №10;Ср-ва при эректильной дисфункции, влияющие на либидо;;;;
ЦБ-00122940;Тонзилла композитум р-р в/м 2.2мл №100;Инъекционные и инфузионные р-ры;;;;
ЦБ-00004037;Тонзилла композитум р-р д/ин. 2.2мл №5;Инъекционные и инфузионные р-ры;;;;
ЦБ-00153671;Тонзисаль таб. №45;Поливитамины;;;;
РТ-00006846;ТОНУС Стандарт здоровья таб. №20;Поливитамины;;;;
ЦБ-00017194;ТОНУС ЭЛАСТ БИНТ ЭЛАСТИЧНЫЙ ТРУБЧАТЫЙ N1 9605;Бинты;;;;
ЦБ-00027794;ТОНУС ЭЛАСТ БИНТ ЭЛАСТИЧНЫЙ ТРУБЧАТЫЙ N1 9605;Бинты;;;;
ЦБ-00017195;ТОНУС ЭЛАСТ БИНТ ЭЛАСТИЧНЫЙ ТРУБЧАТЫЙ N2 9605;Бинты;;;;
ЦБ-00017196;ТОНУС ЭЛАСТ БИНТ ЭЛАСТИЧНЫЙ ТРУБЧАТЫЙ N4 9605;Бинты;;;;
ЦБ-00118370;Топотекан-Тева лиоф. д/пригот р-ра д/инф. 1мг 5мл №1;Инъекционные и инфузионные р-ры;;;;
ЦБ-00188883;Торбад Компл. вит. группы В капс. №60;Препараты группы В, нейропротекторы;;;;
ЦБ-00184518;Торбад Магний Хелат+В6/р-5-р капс. №120;Препараты магния;;;;
ЦБ-00154381;Торекс презервативы классические лимитированная коллекция №3;Презервативы;;;;
ЦБ-00185649;Торекс презервативы с анест. №12+пакеты д/утил. №12;Презервативы;;;;
ЦБ-00186958;Торекс презервативы с анест. №3+пакеты д/утил. №3;Презервативы;;;;
ЦБ-00131524;Торекс презервативы сладкая любовь со вкусом клубик №3;Презервативы;;;;
ЦБ-00120396;Торекс презервативы ультратонкие гладкие №3;Презервативы;;;;
ЦБ-00154380;Торекс презервативы ультратонкие лимитированная коллекция №3;Презервативы;;;;
ЦБ-00013844;Торнетис таб. 100мг №1;Ср-ва при эректильной дисфункции, влияющие на либидо;;;;
ЦБ-00023358;Торнетис таб. 100мг №4;Ср-ва при эректильной дисфункции, влияющие на либидо;;;;
ЦБ-00004048;Тотема р-р внутр амп. 10мл №20;Препараты железа;;;;
ЦБ-00162545;Тотурен таб. шип. №80;Уроантисептики;;;;
ЦБ-00164898;Транексамовая кислота Велфарм р-р д/в/в введ. 50 мг/мл амп. 5 мл №10;Инъекционные и инфузионные р-ры;;;;
ЦБ-00164606;Транексамовая кислота р-р для в/в введ. 100мг/мл  5мл амп. №10 Эллара;Инъекционные и инфузионные р-ры;;;;
ЦБ-00151134;Транексамовая кислота р-р для в/в введ. 50 мг/мл. 5 мл №10;Инъекционные и инфузионные р-ры;;;;
ЦБ-00040054;Трибестан таб. п.о 250мг №180;Ср-ва при эректильной дисфункции, влияющие на либидо;;;;
ЦБ-00004075;Трибестан таб. п.о 250мг №60;Ср-ва при эректильной дисфункции, влияющие на либидо;;;;
ЦБ-00025641;Триган амп. 2мл №5;Инъекционные и инфузионные р-ры;;;;
ЦБ-00018231;ТРИГЕСТРЕЛ ТАБЛ.П.О. N21;Пероральные контрацептивы;;;;
ЦБ-00023142;ТРИГЕСТРЕЛ ТАБЛ.П.О. N63;Пероральные контрацептивы;;;;
ЦБ-00004081;Триджекс таб. раст. 4г №20;Поливитамины;;;;
ЦБ-00004083;Триквилар др. №21;Пероральные контрацептивы;;;;
ЦБ-00004068;Три-Мерси таб. п.о №21;Пероральные контрацептивы;;;;
ЦБ-00189880;Три-Мерси таб. п/п/о №63;Пероральные контрацептивы;;;;
ЦБ-00182607;Тринейро таб п/п/о 200мг+100мг+0.2мг №30;Препараты группы В, нейропротекторы;;;;
ЦБ-00182435;Тринейро таб п/п/о 200мг+100мг+0.2мг №60;Препараты группы В, нейропротекторы;;;;
ЦБ-00004091;Триовит капс. №30;Поливитамины;;;;
ЦБ-00013871;Трипсин кристаллический пор. д/ин. 10мг №10;Антибактериальные средства инъекционные р-ры;;;;
ЦБ-00123486;Трипсин кристаллический пор. д/ин. 10мг №5;Антибактериальные средства инъекционные р-ры;;;;
ЦБ-00110468;Трипсин лиоф. д/приг. р-ра д/ин., местн. прим. 10мг №5 фл.;Антибактериальные средства инъекционные р-ры;;;;
ЦБ-00004069;Три-регол 21+7 таб. №28;Пероральные контрацептивы;;;;
ЦБ-00004070;Три-регол таб. №21;Пероральные контрацептивы;;;;
ЦБ-00004071;Три-регол таб. №63;Пероральные контрацептивы;;;;
ЦБ-00016868;Три-регол таб. п/о №28х3;Пероральные контрацептивы;;;;
РТ-00001658;Трисоль р-р д/ин. 200мл №28;Инъекционные и инфузионные р-ры;;;;
ЦБ-00040188;Трисоль р-р д/ин. 400мл №15;Инъекционные и инфузионные р-ры;;;;
ЦБ-00166399;Трисоль р-р д/инф. 200мл №20 (для ЛПУ);Инъекционные и инфузионные р-ры;;;;
ЦБ-00123885;Трисоль р-р д/инф. 200мл фл.;Инъекционные и инфузионные р-ры;;;;
ЦБ-00004097;Трихопол таб. ваг. 500мг №10;Гинекологические п/воспалительные ср-ва наружные;;;;
ЦБ-00126786;Трихосепт супп. ваг. 500мг №10;Гинекологические п/воспалительные ср-ва наружные;;;;
ЦБ-00172466;Триэксин жид. д/приема внутрь стик-пак. №14;Витамин С;;;;
ЦБ-00172139;Триэксин жид. д/приема внутрь стик-пак. №28;Витамин С;;;;
ЦБ-00158725;Турамин L-аргинин капс. №90;Витамины д/сердечно-сосудистой системы;;;;
ЦБ-00167882;Турамин L-лизин капс. №90;Витамины д/сердечно-сосудистой системы;;;;
ЦБ-00189080;Турамин Аскорбат Вит. С некисл. форма таб. №30;Витамин С;;;;
ЦБ-00185804;Турамин Холин капс. №60;Препараты группы В, нейропротекторы;;;;
ЦБ-00168845;Тураника магний + В6 р-р 250мл;Препараты магния;;;;
ЦБ-00156977;Тураника Магний В6 форте таб. №50;Препараты магния;;;;
ЦБ-00160627;Тураника Фолиевая кислота с вит. В6 и В12 таб. №50;Препараты группы В, нейропротекторы;;;;
РТ-00008158;Турбогематоген Детский 25г;Гематоген;;;;
ЦБ-00027880;Турбогематоген Детский 35г;Гематоген;;;;
ЦБ-00086002;Турбогематоген детский 35г (ФИКСИКИ);Гематоген;;;;
ЦБ-00026359;Турбогематоген Детский Лунтик с инулином 35г;Гематоген;;;;
ЦБ-00026630;Турбогематоген Детский Ну, погоди с фосфолипидами 35г;Гематоген;;;;
ЦБ-00026352;Турбогематоген Детский Смешарики 35г;Гематоген;;;;
ЦБ-00039596;Турбогематоген Детский Школьник 30г;Гематоген;;;;
ЦБ-00016226;Турбослим Мультивитамины капс/компл №60;Поливитамины;;;;
ЦБ-00191554;Уесаппс Ультра энерджи Витамин Д3 капс. 2000МЕ №120;Витамин Д3;;;;
ЦБ-00191100;Уесаппс Ультра энерджи Витамин Д3 капс. 2000МЕ №240;Витамин Д3;;;;
ЦБ-00187895;Уесаппс Ультра энерджи Магния цитрат капс. №90;Препараты магния;;;;
ЦБ-00187897;Уесаппс Ультра энерджи Тестобуст капс. №90;Ср-ва при эректильной дисфункции, влияющие на либидо;;;;
ЦБ-00187359;Ультра Энерджи Вит. Д3/К2 капс. №30;Витамин Д3;;;;
ЦБ-00186858;Ультра Энерджи Витамин В комплекс капс. №60;Препараты группы В, нейропротекторы;;;;
ЦБ-00186612;Ультра Энерджи Витамин В комплекс капс. №90;Препараты группы В, нейропротекторы;;;;
ЦБ-00186776;Ультра Энерджи Магния Цитрат капс. №60;Препараты магния;;;;
ЦБ-00186122;Ультрабаланс 3МА комплекс капс. №180;Поливитамины;;;;
ЦБ-00177586;Ультрабаланс 3МА комплекс капс. №60;Поливитамины;;;;
ЦБ-00187247;Ультрабаланс 3МА комплекс премиум капс. №60;Поливитамины;;;;
ЦБ-00191664;Ультрабаланс Барбарис компл. хром/биоперин капс. №60;Поливитамины;;;;
ЦБ-00163205;УльтраБаланс вит. Д3 2000МЕ капс. №60;Витамин Д3;;;;
ЦБ-00185186;Ультрабаланс В-комплекс экстра капс. №60;Препараты группы В, нейропротекторы;;;;
ЦБ-00174178;Ультрабаланс Железо хелат премиум капс. №90;Препараты железа;;;;
ЦБ-00187971;Ультрабаланс Л-лизин премиум капс. №120;Витамины д/сердечно-сосудистой системы;;;;
ЦБ-00174138;Ультрабаланс Магний В6 премиум капс. №120;Препараты магния;;;;
ЦБ-00172893;Ультрабаланс Магний В6 премиум капс. №60;Препараты магния;;;;
ЦБ-00177205;Ультрабаланс Магний В6 премиум саше №30;Препараты магния;;;;
ЦБ-00175987;УльтраБаланс Премиум вит. Д3 2000МЕ капли 50мл;Витамин Д3;;;;
ЦБ-00174827;УльтраБаланс Премиум вит. С капс. 500мг №90;Витамин С;;;;
ЦБ-00123093;УльтраВит Ацетиен Л-карнитин капс. №60;Витамин Д3;;;;
ЦБ-00142964;УльтраВит Витамин В комплекс капс.№90;Препараты группы В, нейропротекторы;;;;
ЦБ-00120166;УльтраВит Витамин Д3 капс.№120;Витамин Д3;;;;
РТ-00012418;УльтраВит Витамин С капс. №60;Витамин С;;;;
ЦБ-00131864;УльтраВит витаминно-минерал. комплекс паст. жев. №60;Поливитамины;;;;
ЦБ-00038954;Ультра-Д Вит. Д3 таб. жеват. №60;Витамин Д3;;;;
ЦБ-00065908;Ультра-Д витамин Д3 таб. жеват. №120;Витамин Д3;;;;
ЦБ-00126936;Ультра-Д витамин Д3 таб. жеват. №120;Витамин Д3;;;;
ЦБ-00129618;Ультра-Д витамин Д3 таб. жеват. №360;Витамин Д3;;;;
ЦБ-00131780;Ультра-Д витамин Д3 таб. жеват. №360;Витамин Д3;;;;
ЦБ-00126934;Ультра-Д витамин Д3 таб. жеват. №60;Витамин Д3;;;;
ЦБ-00134697;Ультра-Д витамин Д3 таб. жеват. №720;Витамин Д3;;;;
ЦБ-00153237;Ультра-Д спрей 140доз фл. 20мл;Витамин Д3;;;;
ЦБ-00175015;Ультрасаппс Витамин В комплекс капс. №60;Препараты группы В, нейропротекторы;;;;
ЦБ-00174206;Ультрасаппс Витамин В комплекс капс. №90;Препараты группы В, нейропротекторы;;;;
ЦБ-00185044;Ультрасаппс Витамин В6 компл. капс. №30;Препараты группы В, нейропротекторы;;;;
ЦБ-00173996;Ультрасаппс Витамин Д3 капс. 2000МЕ №180;Витамин Д3;;;;
ЦБ-00186571;Ультрасаппс Витамин Д3 капс. 2000МЕ №60;Витамин Д3;;;;
ЦБ-00179680;Ультрасаппс Витамин Д3/К2 капс. №30;Витамин Д3;;;;
ЦБ-00178406;Ультрасаппс Витамин С 1000 таб. №60;Витамин С;;;;
ЦБ-00190163;Ультрасаппс Железо капс. №60;Препараты железа;;;;
ЦБ-00175635;Ультрасаппс Магний цитрат капс.№60;Препараты магния;;;;
ЦБ-00173879;Ультрасаппс Магний цитрат капс.№90;Препараты магния;;;;
ЦБ-00190419;Ультрасаппс Ультра Голд ЗМА капс. №90;Препараты магния;;;;
ЦБ-00108708;Уман альбумин р-р д/инф. 250мг/мл 50мл;Инъекционные и инфузионные р-ры;;;;
РТ-00008127;Умкавит иммуно пастилки жеват. №30;Витамин С;;;;
ЦБ-00130696;Умные сладости леденцы б/сахара апельсин 55г;Драже, леденцы;;;;
ЦБ-00130697;Умные сладости леденцы б/сахара зеленое яблоко 55г;Драже, леденцы;;;;
ЦБ-00040537;Ундевит др. №50;Поливитамины;;;;
ЦБ-00142963;Ундевит др. №50;Поливитамины;;;;
ЦБ-00004152;Ундевит др. №50;Поливитамины;;;;
ЦБ-00004153;Ундевит др. №50;Поливитамины;;;;
РТ-00012326;Ундевитмар др. №50;Поливитамины;;;;
ЦБ-00171661;Унде-комплекс драже №50;Поливитамины;;;;
ЦБ-00177292;Унипласт лейкопласт. бактер. амортизир. 3,8x7,2см;Бактерицидный;;;;
ЦБ-00144179;Унипласт пластырь бактерицидный амортизирующий №12;Бактерицидный;;;;
ЦБ-00146039;Унипласт пластырь бактерицидный дет. бактерицидный холодное сердце-2 №12;Бактерицидный;;;;
ЦБ-00170154;Унипласт пластырь бактерицидный детский машины №20;Бактерицидный;;;;
ЦБ-00146632;Унипласт пластырь бактерицидный детский человек-паук №12;Бактерицидный;;;;
ЦБ-00148115;Унипласт пластырь гидрокаллоидный от натоптышей 42*45мм №6;Бактерицидный;;;;
ЦБ-00146643;Унипласт пластырь гидрокаллоидный от сух. мозолей 17*48мм №10;Бактерицидный;;;;
ЦБ-00192946;Унифузол р-р д/инф. 14г/л 500мл №1;Инъекционные и инфузионные р-ры;;;;
ЦБ-00190117;Унифузол р-р д/инф. 14г/л 500мл №5;Инъекционные и инфузионные р-ры;;;;
ЦБ-00194959;Урактив Баланс капс. №20;Уроантисептики;;;;
ЦБ-00127879;Ураликс капс. №30;Уроантисептики;;;;
ЦБ-00177772;Урбан формула Айрон капс. №30;Препараты железа;;;;
ЦБ-00179739;Урбан Формула Акне Файтер таб. №120;Поливитамины;;;;
ЦБ-00154079;Урбан Формула Витамин Д3 капс. №30;Витамин Д3;;;;
ЦБ-00173318;Урбан формула Витамины группы В капс. №30;Препараты группы В, нейропротекторы;;;;
ЦБ-00157180;Урбан формула Комплекс с экстр. пустрыника 5-НТР магнием и вит. группы В капс. №60;Препараты группы В, нейропротекторы;;;;
ЦБ-00169698;Урбан формула Магний В6 форте таб. №60;Препараты магния;;;;
ЦБ-00022295;УРГО ПЛАСТЫРЬ УРГОСИВАЛ ФИКСИРУЮЩИЙ 2.5СМХ5М НА ТКАН.ОСН. БЕЛЫЙ;Фиксирующие катушки;;;;
ЦБ-00149868;Уринакеар таб. №30;Уроантисептики;;;;
ЦБ-00162762;Уринал Кидс сироп 150мл;Уроантисептики;;;;
ЦБ-00164967;Уринал Протект капс. №60;Уроантисептики;;;;
ЦБ-00164969;Уриналгин Ф таб. п/п/о 100мг №12;Инфекции мочевого пузыря и почек;;;;
ЦБ-00004159;Урисан капс. 550мг №60;Уроантисептики;;;;
ЦБ-00037138;Урисан пилюли. 550мг №100;Уроантисептики;;;;
ЦБ-00157249;Урисан Форте капс. 650мг №60;Уроантисептики;;;;
ЦБ-00021874;УРИФЛОРИН ТАБЛ. 300МГ N20;Уроантисептики;;;;
ЦБ-00122543;Уробион капс. №30;Уроантисептики;;;;
ЦБ-00151109;Уробион капс. №90;Уроантисептики;;;;
ЦБ-00110462;Уро-Гиал протектор слизистой мочевого пузыря стер. ph 6,5-7,5 50мл;Уроантисептики;;;;
ЦБ-00004161;Урографин р-р д/ин. 76% 20мл №10;Инъекционные и инфузионные р-ры;;;;
ЦБ-00179176;Уродан гран. 100г;Уроантисептики;;;;
ЦБ-00154225;Уроленит капс. №60;Поливитамины;;;;
ЦБ-00004162;Уролесан капли 25мл;Уроантисептики;;;;
РТ-00009143;Уролесан капс. №40;Уроантисептики;;;;
ЦБ-00026904;Уролесан сироп 180мл;Уроантисептики;;;;
ЦБ-00038717;Уронорм табл п.о. №30;Уроантисептики;;;;
РТ-00009354;Уронормин-Ф пор. д/приг. р-ра д/приема внутрь 2г №1;Инфекции мочевого пузыря и почек;;;;
РТ-00004175;Уронормин-Ф пор. д/приг. р-ра д/приема внутрь 3г №1;Инфекции мочевого пузыря и почек;;;;
РТ-00004357;Уронормин-Ф пор. д/приг. р-ра д/приема внутрь 3г №2;Инфекции мочевого пузыря и почек;;;;
ЦБ-00014004;Уропрофит капс. 300мг №30;Уроантисептики;;;;
ЦБ-00032042;Уропрофит капс. 300мг №30;Уроантисептики;;;;
ЦБ-00035072;Уропрофит капс. 495мг №30;Уроантисептики;;;;
ЦБ-00134357;Урофит форте таб. №60;Уроантисептики;;;;
ЦБ-00156021;Урофосцин гран. д/приг. р-ра д/приема внутрь 3г;Инфекции мочевого пузыря и почек;;;;
РТ-00010666;Урофурагин таб. 50мг №30;Инфекции мочевого пузыря и почек;;;;
ЦБ-00174581;УроХелс капс. №60;Уроантисептики;;;;
ЦБ-00171044;Уро-Эксперт Цист Офф таб. б/сахара №30;Уроантисептики;;;;
РТ-00014158;Урсептия капс. 200мг №20;Уроантисептики;;;;
ЦБ-00030144;Утрожестан капс. 100мг №28;Заместительная гормональная терапия;;;;
ЦБ-00026924;Утрожестан капс. 100мг №28;Заместительная гормональная терапия;;;;
ЦБ-00004183;Утрожестан капс. 100мг №30;Заместительная гормональная терапия;;;;
ЦБ-00004184;Утрожестан капс. 100мг №30;Заместительная гормональная терапия;;;;
ЦБ-00004186;Утрожестан капс. 200мг №14;Заместительная гормональная терапия;;;;
ЦБ-00031536;Утрожестан капс. 200мг №14;Заместительная гормональная терапия;;;;
ЦБ-00004185;Утрожестан капс. 200мг №14;Заместительная гормональная терапия;;;;
ЦБ-00176197;Утрожестан капс. ваг. 300мг №14;Заместительная гормональная терапия;;;;
ЦБ-00176198;Утрожестан капс. ваг. 400мг №14;Заместительная гормональная терапия;;;;
ЦБ-00157048;Фабиа Монти корриг. очки арт. FM0603 красные (+1.00);Очки готовые;;;;
ЦБ-00176573;Фабиа Монти очки 528 (-2.0);Очки готовые;;;;
ЦБ-00185707;Фабиа Монти очки арт. 0240 (+2.00);Очки готовые;;;;
ЦБ-00185708;Фабиа Монти очки арт. 0240 (+2.50);Очки готовые;;;;
ЦБ-00185709;Фабиа Монти очки арт. 0240 (+3.00);Очки готовые;;;;
ЦБ-00185710;Фабиа Монти очки арт. 0240 (+4.00);Очки готовые;;;;
ЦБ-00152563;Фабиа Монти очки арт. 0248 (+1.75);Очки готовые;;;;
ЦБ-00155368;Фабиа Монти очки арт. 0254 (+2.00);Очки готовые;;;;
ЦБ-00155367;Фабиа Монти очки арт. 0254 (-4.00);Очки готовые;;;;
ЦБ-00188371;Фабиа Монти очки арт. 0636 (+1,75);Очки готовые;;;;
ЦБ-00193210;Фабиа Монти очки арт. 158 (+1.75);Очки готовые;;;;
ЦБ-00193211;Фабиа Монти очки арт. 158 (+2.50);Очки готовые;;;;
ЦБ-00169987;Фабиа Монти очки арт. 371 (-2.50);Очки готовые;;;;
ЦБ-00188366;Фабиа Монти очки арт. 395 (+1.50);Очки готовые;;;;
ЦБ-00188365;Фабиа Монти очки арт. 395 (-1.50);Очки готовые;;;;
ЦБ-00155569;Фабиа Монти очки арт. 399 (-1.00);Очки готовые;;;;
ЦБ-00155570;Фабиа Монти очки арт. 399 (-1.50);Очки готовые;;;;
ЦБ-00155571;Фабиа Монти очки арт. 399 (-2.00);Очки готовые;;;;
ЦБ-00155760;Фабиа Монти очки арт. 399 (-2.50);Очки готовые;;;;
ЦБ-00155370;Фабиа Монти очки арт. 4411 (+1.00);Очки готовые;;;;
ЦБ-00189471;Фабиа Монти очки арт. 717 (+1.75);Очки готовые;;;;
ЦБ-00169985;Фабиа Монти очки арт. 791 (-2.00);Очки готовые;;;;
ЦБ-00169986;Фабиа Монти очки арт. 882 (-2.00);Очки готовые;;;;
ЦБ-00156165;Фабиа Монти очки арт. 8922 (+1.50);Очки готовые;;;;
ЦБ-00156166;Фабиа Монти очки арт. 8922 (+2.00);Очки готовые;;;;
ЦБ-00155487;Фабиа Монти очки арт. 8922 (+2.50);Очки готовые;;;;
ЦБ-00188629;Фабия Монти 0205 очки готовые (-1,50);Очки готовые;;;;
ЦБ-00188630;Фабия Монти 0246 очки готовые (-3,75);Очки готовые;;;;
ЦБ-00188633;Фабия Монти 0276 очки готовые (+1,50);Очки готовые;;;;
ЦБ-00188643;Фабия Монти 0276 очки готовые (+2,00);Очки готовые;;;;
ЦБ-00181395;Фабия Монти 0957 очки готовые (-1,00);Очки готовые;;;;
ЦБ-00174945;Фабия Монти 0991 очки готовые (+1,75);Очки готовые;;;;
ЦБ-00174946;Фабия Монти 0991 очки готовые (+2,00);Очки готовые;;;;
ЦБ-00174950;Фабия Монти 0991 очки готовые (+2,25);Очки готовые;;;;
ЦБ-00174951;Фабия Монти 0991 очки готовые (+2,50);Очки готовые;;;;
ЦБ-00174957;Фабия Монти 0991 очки готовые (+2,75);Очки готовые;;;;
ЦБ-00174958;Фабия Монти 0991 очки готовые (+3,00);Очки готовые;;;;
ЦБ-00174960;Фабия Монти 0991 очки готовые (+3,25);Очки готовые;;;;
ЦБ-00174961;Фабия Монти 0991 очки готовые (+3,50);Очки готовые;;;;
ЦБ-00181397;Фабия Монти 3026 очки готовые (+1,50);Очки готовые;;;;
ЦБ-00181398;Фабия Монти 3026 очки готовые (+2,00);Очки готовые;;;;
ЦБ-00181399;Фабия Монти 3026 очки готовые (+2,50);Очки готовые;;;;
ЦБ-00181400;Фабия Монти 3026 очки готовые (+3,00);Очки готовые;;;;
ЦБ-00172770;Фабия Монти 353 очки готовые (-1,25);Очки готовые;;;;
ЦБ-00172772;Фабия Монти 353 очки готовые (-1,75);Очки готовые;;;;
ЦБ-00172773;Фабия Монти 353 очки готовые (-2,25);Очки готовые;;;;
ЦБ-00172786;Фабия Монти 353 очки готовые (-2,75);Очки готовые;;;;
ЦБ-00172774;Фабия Монти 353 очки готовые (-3,00);Очки готовые;;;;
ЦБ-00173621;Фабия Монти 369 очки готовые (-1,50);Очки готовые;;;;
ЦБ-00173622;Фабия Монти 369 очки готовые (-2,00);Очки готовые;;;;
ЦБ-00173628;Фабия Монти 369 очки готовые (-2,50);Очки готовые;;;;
ЦБ-00173629;Фабия Монти 369 очки готовые (-3,00);Очки готовые;;;;
ЦБ-00172775;Фабия Монти 375 очки готовые (-1,25);Очки готовые;;;;
ЦБ-00167916;Фабия Монти 375 очки готовые (-1,50);Очки готовые;;;;
ЦБ-00172778;Фабия Монти 375 очки готовые (-1,75);Очки готовые;;;;
ЦБ-00172871;Фабия Монти 375 очки готовые (-2,25);Очки готовые;;;;
ЦБ-00167918;Фабия Монти 375 очки готовые (-2,50);Очки готовые;;;;
ЦБ-00172872;Фабия Монти 375 очки готовые (-2,75);Очки готовые;;;;
ЦБ-00172873;Фабия Монти 375 очки готовые (-3,00);Очки готовые;;;;
ЦБ-00172781;Фабия Монти 375 очки готовые (-3,25);Очки готовые;;;;
ЦБ-00172782;Фабия Монти 375 очки готовые (-3,50);Очки готовые;;;;
ЦБ-00172819;Фабия Монти 512 очки готовые (+0,75);Очки готовые;;;;
ЦБ-00172820;Фабия Монти 512 очки готовые (+1,25);Очки готовые;;;;
ЦБ-00167920;Фабия Монти 512 очки готовые (+1,50);Очки готовые;;;;
ЦБ-00172821;Фабия Монти 512 очки готовые (+1,75);Очки готовые;;;;
ЦБ-00167924;Фабия Монти 512 очки готовые (+2,00);Очки готовые;;;;
ЦБ-00172822;Фабия Монти 512 очки готовые (+2,25);Очки готовые;;;;
ЦБ-00167928;Фабия Монти 512 очки готовые (+2,50);Очки готовые;;;;
ЦБ-00172823;Фабия Монти 512 очки готовые (+2,75);Очки готовые;;;;
ЦБ-00167931;Фабия Монти 512 очки готовые (+3,00);Очки готовые;;;;
ЦБ-00172824;Фабия Монти 512 очки готовые (+3,25);Очки готовые;;;;
ЦБ-00172825;Фабия Монти 512 очки готовые (+3,50);Очки готовые;;;;
ЦБ-00172826;Фабия Монти 512 очки готовые (+3,75);Очки готовые;;;;
ЦБ-00181396;Фабия Монти 512 очки готовые (-2,00);Очки готовые;;;;
ЦБ-00173619;Фабия Монти 702 очки готовые (-1,25);Очки готовые;;;;
ЦБ-00173620;Фабия Монти 702 очки готовые (-1,50);Очки готовые;;;;
ЦБ-00173623;Фабия Монти 702 очки готовые (-1,75);Очки готовые;;;;
ЦБ-00173624;Фабия Монти 702 очки готовые (-2,00);Очки готовые;;;;
ЦБ-00173625;Фабия Монти 702 очки готовые (-2,25);Очки готовые;;;;
ЦБ-00173626;Фабия Монти 702 очки готовые (-3,00);Очки готовые;;;;
ЦБ-00173627;Фабия Монти 702 очки готовые (-3,50);Очки готовые;;;;
ЦБ-00167914;Фабия Монти 791 очки готовые (-1,00);Очки готовые;;;;
ЦБ-00172783;Фабия монти 8035-X футляр на магните;Очки готовые;;;;
ЦБ-00172784;Фабия монти 861L5 футляр на магните;Очки готовые;;;;
ЦБ-00167921;Фабия Монти 873 очки готовые (+1,50);Очки готовые;;;;
ЦБ-00168789;Фабия Монти 873 очки готовые (+4,00);Очки готовые;;;;
ЦБ-00167922;Фабия Монти 882 очки готовые (+1,50);Очки готовые;;;;
ЦБ-00143986;Фаво пластырь фикс. ткан. основа 1*500см;Фиксирующие катушки;;;;
ЦБ-00143298;Фаво пластырь фикс. ткан. основа 2*500см;Фиксирующие катушки;;;;
ЦБ-00142612;Фаво пластырь фикс. ткан. основа 3*500см;Фиксирующие катушки;;;;
ЦБ-00145272;Фаво пластырь фикс. ткан. основа 4*500см;Фиксирующие катушки;;;;
ЦБ-00145729;Фаво пластырь фикс. ткан. основа 5*500см;Фиксирующие катушки;;;;
ЦБ-00174942;Фаворит 7751 очки готовые (+1,00);Очки готовые;;;;
ЦБ-00132658;Файн натто киназа таб. №240;Витамины д/сердечно-сосудистой системы;;;;
ЦБ-00169730;Фамотидин лиоф. д/приг. р-ра для в/в введ. 20мг №5 + р-тель 5мл №5 Озон Фарм;Инъекционные и инфузионные р-ры;;;;
ЦБ-00158491;Фамотидин лиоф. д/приг. р-ра для в/в введ.20мг амп.№5 + рас.-тель натрия хлорида р-р 0,9% амп.5мл №5;Инъекционные и инфузионные р-ры;;;;
ЦБ-00187973;Фарм Сфера марля отрез н/стер. 0,9x10м №1;Бинты;;;;
ЦБ-00146387;Фармадокт Ранапласт пластырь прозрачный водостойкий на полимер. осн. №10;Бактерицидный;;;;
ЦБ-00146642;Фармадокт Ранапласт пластырь стандартный водостойкий на полимер. осн. №10;Бактерицидный;;;;
ЦБ-00145900;Фармадокт Ранапласт пластырь стандартный на полимер. осн. №10;Бактерицидный;;;;
ЦБ-00159414;Фармацеротто Тела пластырь фикс. текстильный бел. 2,5см*5м;Фиксирующие катушки;;;;
ЦБ-00165208;Фармацеротто Тела пластырь фикс. текстильный бел. 5смх5м;Фиксирующие катушки;;;;
ЦБ-00158346;Фармгрупп Полинефрон таб. №90;Уроантисептики;;;;
ЦБ-00156360;Фарси антиблик очки черные арт. 3311 (+1.50);Очки готовые;;;;
ЦБ-00156361;Фарси антиблик очки черные арт. 3311 (+2.00);Очки готовые;;;;
ЦБ-00156362;Фарси антиблик очки черные арт. 3311 (+2.50);Очки готовые;;;;
ЦБ-00155369;Фарси очки арт. 3377 (+2.50);Очки готовые;;;;
ЦБ-00155437;Фарси очки арт. 4411 (+1.25);Очки готовые;;;;
ЦБ-00155488;Фарси очки арт. 4411 (+3.00);Очки готовые;;;;
ЦБ-00155491;Фарси очки арт. 7979 (+1.25);Очки готовые;;;;
ЦБ-00155371;Фарси очки арт. 7979 (+2.00);Очки готовые;;;;
ЦБ-00155372;Фарси очки арт. 7979 (+2.25);Очки готовые;;;;
ЦБ-00155492;Фарси очки арт. 7979 (+3.00);Очки готовые;;;;
ЦБ-00155493;Фарси очки арт. 7979 (+4.00);Очки готовые;;;;
ЦБ-00155572;Фарси очки арт. 7979 (-1.50);Очки готовые;;;;
ЦБ-00155573;Фарси очки арт. 7979 (-2.50);Очки готовые;;;;
ЦБ-00155489;Фарси очки арт. 7979 (-3.00);Очки готовые;;;;
ЦБ-00155761;Фарси очки арт. 7979 (-3.50);Очки готовые;;;;
ЦБ-00155490;Фарси очки арт. 7979 (-4.00);Очки готовые;;;;
ЦБ-00155553;Фарси очки в ассортименте;Очки готовые;;;;
ЦБ-00157049;Фарси очки корриг. арт. А8844 голубые (+1.50);Очки готовые;;;;
ЦБ-00151727;Фелозилит паста д/приг. суспензии д/приема внутрь 100г.;Уроантисептики;;;;
ЦБ-00193263;Фемидель Про таб. ваг. 10мг №6;Гинекологические п/воспалительные ср-ва наружные;;;;
ЦБ-00004221;Фемилекс супп. ваг. 100мг №10;Гинекологические п/воспалительные ср-ва наружные;;;;
ЦБ-00040062;Фемилекс супп. ваг. 100мг №5;Гинекологические п/воспалительные ср-ва наружные;;;;
ЦБ-00004223;Фемоден др. №21;Пероральные контрацептивы;;;;
ЦБ-00033749;Фемоден таб. п.о. 75мкг+30мкг №21;Пероральные контрацептивы;;;;
РТ-00009422;Феназалгин таб. п/о 100мг №10;Уроантисептики;;;;
ЦБ-00122289;Феназалгин таб. п/п/о 100мг №12;Уроантисептики;;;;
ЦБ-00141689;Фенок Микрогиалурон 25мл фл. №14;Поливитамины;;;;
ЦБ-00035198;Фенотерол-натив р-р д/инг. 1мг/мл 20мл;Инъекционные и инфузионные р-ры;;;;
ЦБ-00034908;Фентанил р-р д/ин. 50мкг/мл 2мл №5;Инъекционные и инфузионные р-ры;;;;
ЦБ-00004244;Фенюльс капс. №10;Препараты железа;;;;
ЦБ-00004245;Фенюльс капс. №30;Препараты железа;;;;
ЦБ-00039303;Феокарпин форте капс. №24;Поливитамины;;;;
ЦБ-00171481;Фердинандов Прамен вода слабоминерализ. газ. ПЭТ 0,5л;Минеральная вода;;;;
ЦБ-00171482;Фердинандов Прамен вода слабоминерализ. газ. ПЭТ 1,5л;Минеральная вода;;;;
ЦБ-00004248;Ферлатум р-р внутр 800мг 15мл №10;Препараты железа;;;;
ЦБ-00004249;Ферлатум р-р внутр 800мг 15мл №20;Препараты железа;;;;
ЦБ-00004247;Ферлатум фол р-р д/приема внутрь 15мл №10;Препараты железа;;;;
ЦБ-00194297;Ферлип капс. №30;Препараты железа;;;;
00-00012001;Фероглобин-B12 капс. №30;Препараты железа;;;;
ЦБ-00004250;Фероглобин-B12 сироп 200мл;Препараты железа;;;;
ЦБ-00190152;Феросомал пор. стик-пакеты №30;Препараты железа;;;;
ЦБ-00184821;Феррактив саше клубника №30;Препараты железа;;;;
ЦБ-00004251;Ферретаб комп. капс. пролонг. №30;Препараты железа;;;;
ЦБ-00150385;Феррогематоген Fit жев. пастилки 50г АКЦИЯ АЛОЭ;Гематоген;;;;
ЦБ-00150386;Феррогематоген Детский паст.жев. 40г №1 (БАД) АКЦИЯ АЛОЭ;Гематоген;;;;
ЦБ-00028438;Феррогематоген Детский пастилки 25г;Гематоген;;;;
РТ-00007180;Феррогематоген Детский пастилки 30г;Гематоген;;;;
РТ-00006885;Феррогематоген Детский пастилки 40г;Гематоген;;;;
ЦБ-00028439;Феррогематоген Детский пастилки 50г;Гематоген;;;;
ЦБ-00030148;Феррогематоген пастилки 50г;Поливитамины;;;;
ЦБ-00014160;Феррогематоген пастилки 50г;Гематоген;;;;
ЦБ-00141345;Феррогематоген Фит пастилки жев. 50г;Гематоген;;;;
ЦБ-00156199;Феррогематоген Форте паст. жев. 40г;Гематоген;;;;
ЦБ-00160455;Феррокей капс. №60;Препараты железа;;;;
ЦБ-00174102;Ферромальт капли д/приема внутрь 100мл;Препараты железа;;;;
ЦБ-00170602;Ферромальт капли д/приема внутрь 30мл;Препараты железа;;;;
ЦБ-00174101;Ферромальт капли д/приема внутрь 50мл;Препараты железа;;;;
ЦБ-00004252;Ферро-фольгамма капс. №20;Препараты железа;;;;
ЦБ-00004253;Ферро-фольгамма капс. №50;Препараты железа;;;;
ЦБ-00165974;Ферро-фольгамма Нео таб. п/о с модиф. высвоб. №50;Препараты железа;;;;
ЦБ-00108772;Ферроцин таб. 500 мг №10 (ЛПУ);Препараты железа;;;;
ЦБ-00014161;Феррум лек в/м 100мг амп. 2мл №5;Препараты железа;;;;
ЦБ-00004257;Феррум Лек сироп 50мг/5мл 100мл;Препараты железа;;;;
ЦБ-00004258;Феррум Лек таб. жев. 100мг №30;Препараты железа;;;;
ЦБ-00004259;Феррум Лек таб. жев. 100мг №50;Препараты железа;;;;
ЦБ-00031414;Феррум Лек таб. жев. 100мг №90;Препараты железа;;;;
ЦБ-00190178;Феррумвиталь флак. 200мл;Препараты железа;;;;
ЦБ-00014162;Феррум-лек 0,05/мл 2мл n5 амп р-р в/м;Препараты железа;;;;
РТ-00013921;Феррумтабс таб. п/о №30;Препараты железа;;;;
ЦБ-00180075;Ферстэйд бинт когезивный самофикс. 4мх10см;Бинты самофиксирующие;;;;
ЦБ-00176969;Ферстэйд бинт когезивный самофикс. 4мх4см;Бинты самофиксирующие;;;;
ЦБ-00177088;Ферстэйд бинт когезивный самофикс. 4мх6см;Бинты самофиксирующие;;;;
ЦБ-00179071;Ферстэйд бинт когезивный самофикс. 4мх8см;Бинты самофиксирующие;;;;
ЦБ-00194051;Ферстэйд бинт когезивный самофикс. нетк. красный 4мх10см;Бинты самофиксирующие;;;;
ЦБ-00193518;Ферстэйд бинт когезивный самофикс. нетк. синий 4мх6см;Бинты самофиксирующие;;;;
ЦБ-00194052;Ферстэйд бинт когезивный самофикс. полипропил. беж. 4мх8см;Бинты самофиксирующие;;;;
ЦБ-00187873;Ферстэйд бинт когезивный самофикс. полипропил. фиолет. 4мх4см;Бинты самофиксирующие;;;;
ЦБ-00166895;Ферстэйд бинт марлевый мед. стер. 5мх10см;Бинты;;;;
ЦБ-00119551;ФЕРСТЭЙД Бинт марлевый медицинский нестерильный 7х14см;Бинты;;;;
ЦБ-00165742;Ферстэйд бинт марлевый медицинский стерильный 7х14см;Бинты;;;;
ЦБ-00188720;Ферстэйд бинт мед. нестер. 5мх10см;Бинты;;;;
ЦБ-00190135;Ферстэйд Интекс бинт эласт. трубчатый латексно-полиэфирный 0,15м3см №4;Бинты самофиксирующие;;;;
ЦБ-00190134;Ферстэйд Интекс бинт эласт. трубчатый латексно-полиэфирный 0,15мХ2,5см №3;Бинты самофиксирующие;;;;
ЦБ-00183172;Ферстэйд Интекс бинт эласт. трубчатый латексно-полиэфирный 0,15мХ3,5см №5;Бинты самофиксирующие;;;;
ЦБ-00190118;Ферстэйд Интекс бинт эласт. трубчатый латексно-полиэфирный 0,1мХ1,5см №1;Бинты самофиксирующие;;;;
ЦБ-00190817;Ферстэйд Интекс бинт эласт. трубчатый латексно-полиэфирный 0,1мХ2см №2;Бинты самофиксирующие;;;;
ЦБ-00188321;Ферстэйд Интекс бинт эласт. трубчатый латексно-полиэфирный 20х4см №6;Бинты самофиксирующие;;;;
ЦБ-00179521;Ферстэйд лейколастырь мед. фиксир. неткан. 2.5х500см;Фиксирующие катушки;;;;
ЦБ-00189881;Ферстэйд лейколастырь мед. фиксир. неткан. 5х500см;Фиксирующие катушки;;;;
ЦБ-00177089;ФЕРСТЭЙД лейколастырь мед. фиксирующий ткан. 2.5х500см;Фиксирующие катушки;;;;
ЦБ-00184583;Ферстэйд лейкопласт. медиц. фиксир. неткан. 10х1000см;Фиксирующие катушки;;;;
ЦБ-00177254;ФЕРСТЭЙД лейкопласт. медиц. фиксир. неткан. 10х200см;Фиксирующие катушки;;;;
ЦБ-00186717;Ферстэйд лейкопластырь мед. бакт. полим. 1,9х7,2см №20;Бактерицидный;;;;
ЦБ-00195072;Ферстэйд лейкопластырь мед. бакт. полим. невидимый 2,5х5,6см №10;Бактерицидный;;;;
ЦБ-00185211;Ферстэйд лейкопластырь мед. бакт. ткан. №16;Бактерицидный;;;;
ЦБ-00188806;Ферстэйд марля медиц. нестерильная 10м*90см;Бинты;;;;
ЦБ-00123846;Ферстэйд марля медиц. нестерильная 3 м*90см;Бинты;;;;
ЦБ-00176853;ФЕРСТЭЙД Набор пластырь бактер. влагост. воздухопрониц. №20;Бактерицидный;;;;
ЦБ-00025750;ФЕРСТЭЙД Набор пластырь универсальный текстильный №16;Бактерицидный;;;;
ЦБ-00025333;ФЕРСТЭЙД Пластырь бактер. влагостойкий 1.9х7.2см №6;Бактерицидный;;;;
ЦБ-00025332;ФЕРСТЭЙД Пластырь влагостойкий воздухопроницаемый 1.9х7.2см №20;Бактерицидный;;;;
ЦБ-00025339;ФЕРСТЭЙД Пластырь мед. фиксирующий 2.5х500см;Фиксирующие катушки;;;;
ЦБ-00025340;ФЕРСТЭЙД Пластырь мед. фиксирующий полимер. 1.25х500см;Фиксирующие катушки;;;;
ЦБ-00191127;Ферстэйд Пластырь мед. фиксирующий полимер. 5х500см;Фиксирующие катушки;;;;
ЦБ-00187781;ФЕРСТЭЙД Пластырь мед. фиксирующий ткан. 2.5х500см;Фиксирующие катушки;;;;
ЦБ-00191427;Ферстэйд Пластырь мед. фиксирующий ткан. осн. 5х500см;Фиксирующие катушки;;;;
ЦБ-00025406;ФЕРСТЭЙД Пластырь невидимый N10;Бактерицидный;;;;
ЦБ-00181959;Ферстэйд повязка пластырного типа стер. выс. впит. 10х20см №10;Повязка раневая;;;;
ЦБ-00025338;ФЕРСТЭЙД Повязка пластырного типа стерильная 15х9 см №10;Повязка раневая;;;;
ЦБ-00025443;ФЕРСТЭЙД Повязка пластырного типа стерильная 8х6 см №10;Повязка раневая;;;;
ЦБ-00177091;Ферстэйд салфетка медиц. сорб. неткан. стер. 5х5см №5;Салфетки стерильные;;;;
ЦБ-00193793;Ферстэйд салфетки марл. стер. 10х10см №10;Салфетки стерильные;;;;
ЦБ-00189432;Ферстэйд салфетки марл. стер. 45х29см №5;Салфетки стерильные;;;;
ЦБ-00186377;Ферстэйд салфетки марл. стер. 5х5см №10;Салфетки стерильные;;;;
ЦБ-00187164;Ферстэйд салфетки марл. стер. неткан. 10х10см №5;Салфетки стерильные;;;;
ЦБ-00187426;Ферстэйд салфетки стер. 16х14см №10;Салфетки стерильные;;;;
ЦБ-00189115;Ферстэйд салфетки стер. 7,5х7,5см №10;Салфетки стерильные;;;;
ЦБ-00187782;Ферстэйд Фриласт бинт. фикс. 1,7мх6см;Бинты;;;;
ЦБ-00187228;Ферстэйд шприц однораз. 22G 5мл №10;Шприцы;;;;
ЦБ-00186534;Ферстэйд шприц однораз. 23G 2мл №10;Шприцы;;;;
ЦБ-00189283;Ферстэйд шприц однораз. 3-х комп. с иглой 22G (0,7х40мм) 5мл №100;Шприцы;;;;
ЦБ-00192895;Ферстэйд шприц однораз. 3-х комп. с иглой 23G (0,6х25мм) 3мл №100;Шприцы;;;;
ЦБ-00189436;Ферстэйд шприц однораз. 3-х комп. с иглой 23G 1/4 (0,6х32мм) 2мл №10;Шприцы;;;;
ЦБ-00191429;Фертиль-Актив капс. №60;Поливитамины;;;;
ЦБ-00153683;Фикс эйд бинт стерильный марлевый 7х14см;Бинты;;;;
ЦБ-00036565;ФИЛВЕЛ  25мл  флакон;Поливитамины;;;;
ЦБ-00170157;Филмо презервативы 3в1 №12;Презервативы;;;;
ЦБ-00171032;Филмо презервативы 3в1 №3;Презервативы;;;;
ЦБ-00171643;Филмо презервативы гладкие классические №12;Презервативы;;;;
ЦБ-00176923;Филмо презервативы гладкие классические №3;Презервативы;;;;
ЦБ-00170240;Филмо презервативы ультратонкие №12;Презервативы;;;;
ЦБ-00174220;Филмо презервативы ультратонкие №3;Презервативы;;;;
ЦБ-00174286;Филмо презервативы экстра большие №12;Презервативы;;;;
ЦБ-00172000;Филмо презервативы экстра большие №3;Презервативы;;;;
РТ-00012019;Фит актив карамель леденц. витаминная с шипучей начинкой Лимон и Кола 48г;Поливитамины;;;;
ЦБ-00154015;Фитокомплекс д/почек паста д/приём. внутрь 100мл;Уроантисептики;;;;
РТ-00003899;Фитолизин Нефрокапс капс. №30;Уроантисептики;;;;
ЦБ-00004287;Фитолизин паста внутр. 100г;Уроантисептики;;;;
ЦБ-00147348;Фитонефрин паста д/приема внутрь 100мл;Уроантисептики;;;;
РТ-00012906;Фитонефрон капс. №60;Уроантисептики;;;;
РТ-00001323;Фитопростан таб. №60;Уроантисептики;;;;
РТ-00011881;Фитосепт Леденцы Апельсин №20;Поливитамины;;;;
ЦБ-00110191;Фитофрон таб. п/о №60;Уроантисептики;;;;
ЦБ-00004296;Флагил супп. ваг. супп. ваг. 500мг №10;Гинекологические п/воспалительные ср-ва наружные;;;;
ЦБ-00129925;Флер Альпин вода детская питьевая с рождения 250мл;Минеральная вода;;;;
ЦБ-00129926;Флер Альпин вода детская питьевая с рождения 500мл;Минеральная вода;;;;
ЦБ-00129927;Флер Альпин органик Вода детская питьевая с рождения 1л;Минеральная вода;;;;
РТ-00005276;Флорадикс Айронвиталь р-р 250мл;Поливитамины;;;;
ЦБ-00131938;Флорадикс айронвиталь р-р 500мл;Поливитамины;;;;
ЦБ-00145879;Флорадикс Витамин-В-Комплекс 250мл;Препараты группы В, нейропротекторы;;;;
РТ-00008306;Флорадикс Ликвид Айрон Формула р-р 250мл;Препараты железа;;;;
ЦБ-00123234;Флорадикс ликвид айрон формула р-р 500мл;Препараты железа;;;;
РТ-00010715;Флорадикс Мультивиталь р-р 250мл;Поливитамины;;;;
ЦБ-00127567;Флорадикс протектор 250мл;Поливитамины;;;;
ЦБ-00035733;Флорадикс протектор плюс 250мл;Поливитамины;;;;
РТ-00012490;Флорадикс таб. №84;Поливитамины;;;;
РТ-00011589;Флорадикс Эпресат Мультивитамин Энергетикум р-р 250мл;Поливитамины;;;;
ЦБ-00004347;Флуомизин таб. ваг. 10мг №6;Гинекологические п/воспалительные ср-ва наружные;;;;
ЦБ-00167397;Флюковаг супп. ваг. №1;Гинекологические п/воспалительные ср-ва наружные;;;;
ЦБ-00167886;Флюковаг супп. ваг. №2;Гинекологические п/воспалительные ср-ва наружные;;;;
ЦБ-00018775;ФО МЭН 36.6 ПРЕЗЕРВ.КЛАССИЧЕСКИЕ №3;Презервативы;;;;
ЦБ-00019595;ФО МЭН 36.6 ПРЕЗЕРВ.УЛЬТРАТОНКИЕ №12;Презервативы;;;;
ЦБ-00018776;ФО МЭН 36.6 ПРЕЗЕРВ.УЛЬТРАТОНКИЕ №3;Презервативы;;;;
ЦБ-00152564;Фокус очки арт. 2013 (-1.00);Очки готовые;;;;
ЦБ-00152565;Фокус очки арт. 2013 (-1.50);Очки готовые;;;;
ЦБ-00152566;Фокус очки арт. 2013 (-2.00);Очки готовые;;;;
ЦБ-00152567;Фокус очки арт. 2013 (-2.50);Очки готовые;;;;
ЦБ-00152568;Фокус очки арт. 2013 (-3.00);Очки готовые;;;;
ЦБ-00152569;Фокус очки арт. 2013 (-3.50);Очки готовые;;;;
ЦБ-00155373;Фокус очки арт. 2034 (+2.00);Очки готовые;;;;
ЦБ-00155374;Фокус очки арт. 2034 (+2.50);Очки готовые;;;;
ЦБ-00155375;Фокус очки арт. 2040 (+1.50);Очки готовые;;;;
ЦБ-00155285;Фокус очки арт. 2040 (+2.00);Очки готовые;;;;
ЦБ-00155762;Фокус очки арт. 2040 (+2.50);Очки готовые;;;;
ЦБ-00155763;Фокус очки арт. 2040 (+3.50);Очки готовые;;;;
ЦБ-00155376;Фокус очки арт. 2045 (+1.50);Очки готовые;;;;
ЦБ-00152570;Фокус очки арт. 2045 (+3.50);Очки готовые;;;;
ЦБ-00155764;Фокус очки арт. 2056 (-3.00);Очки готовые;;;;
ЦБ-00156167;Фокус очки арт. 2056 (-4.00);Очки готовые;;;;
ЦБ-00155494;Фокус очки арт. 2058 (+2.50);Очки готовые;;;;
ЦБ-00155438;Фокус очки арт. 2059 (+1.25);Очки готовые;;;;
ЦБ-00155284;Фокус очки арт. 2060 (+2.25);Очки готовые;;;;
ЦБ-00155574;Фокус очки арт. 2060 (+2.50);Очки готовые;;;;
ЦБ-00155377;Фокус очки арт. 2061 (+1.25);Очки готовые;;;;
ЦБ-00156168;Фокус очки арт. 2061 (+2.25);Очки готовые;;;;
ЦБ-00155286;Фокус очки арт. 3001 (+1.00);Очки готовые;;;;
ЦБ-00155287;Фокус очки арт. 3001 (+1.50);Очки готовые;;;;
ЦБ-00155288;Фокус очки арт. 3001 (+1.75);Очки готовые;;;;
ЦБ-00152571;Фокус очки арт. 3001 (+2.00);Очки готовые;;;;
ЦБ-00155289;Фокус очки арт. 3001 (+2.50);Очки готовые;;;;
ЦБ-00155290;Фокус очки арт. 3001 (+2.75);Очки готовые;;;;
ЦБ-00155291;Фокус очки арт. 3001 (+3.00);Очки готовые;;;;
ЦБ-00152572;Фокус очки арт. 3001 (+3.50);Очки готовые;;;;
ЦБ-00155292;Фокус очки арт. 3001 (+4.00);Очки готовые;;;;
ЦБ-00155378;Фокус очки арт. 3002 (+1.25);Очки готовые;;;;
ЦБ-00155692;Фокус очки арт. 3002 (+2.00);Очки готовые;;;;
ЦБ-00155575;Фокус очки арт. 3002 (+2.25);Очки готовые;;;;
ЦБ-00156169;Фокус очки арт. 3002 (+2.50);Очки готовые;;;;
ЦБ-00152573;Фокус очки арт. 3002 (-1.00);Очки готовые;;;;
ЦБ-00152574;Фокус очки арт. 3002 (-1.50);Очки готовые;;;;
ЦБ-00152575;Фокус очки арт. 3002 (-2.00);Очки готовые;;;;
ЦБ-00152576;Фокус очки арт. 3002 (-3.00);Очки готовые;;;;
ЦБ-00152577;Фокус очки арт. 3002 (-3.50);Очки готовые;;;;
ЦБ-00155439;Фокус очки арт. 3002 (-4.00);Очки готовые;;;;
ЦБ-00152578;Фокус очки арт. 805 (+1.50);Очки готовые;;;;
ЦБ-00152579;Фокус очки арт. 805 (+2.00);Очки готовые;;;;
ЦБ-00152580;Фокус очки арт. 805 (+2.50);Очки готовые;;;;
ЦБ-00152581;Фокус очки арт. 805 (+3.00);Очки готовые;;;;
ЦБ-00155379;Фокус очки арт. 805 (+3.50);Очки готовые;;;;
ЦБ-00152582;Фокус очки арт. 805 (+4.00);Очки готовые;;;;
ЦБ-00152583;Фокус очки арт. 805 (-1.00);Очки готовые;;;;
ЦБ-00152584;Фокус очки арт. 805 (-2.00);Очки готовые;;;;
ЦБ-00152585;Фокус очки арт. 805 (-3.00);Очки готовые;;;;
ЦБ-00152586;Фокус очки арт. 805 (-4.00);Очки готовые;;;;
ЦБ-00155380;Фокус очки арт. 8072 (+1.00);Очки готовые;;;;
ЦБ-00155381;Фокус очки арт. 8072 (+1.25);Очки готовые;;;;
ЦБ-00155576;Фокус очки арт. 8072 (+1.50);Очки готовые;;;;
ЦБ-00156267;Фокус очки арт. 8072 (+2.00);Очки готовые;;;;
ЦБ-00155440;Фокус очки арт. 8072 (+2.25);Очки готовые;;;;
ЦБ-00155441;Фокус очки арт. 8072 (+2.75);Очки готовые;;;;
ЦБ-00155382;Фокус очки арт. 8072 (+4,00);Очки готовые;;;;
ЦБ-00155495;Фокус очки арт. 8084 (+1.50);Очки готовые;;;;
ЦБ-00155496;Фокус очки арт. 8123 (+1.00);Очки готовые;;;;
ЦБ-00155497;Фокус очки арт. 8132 (+1.50);Очки готовые;;;;
ЦБ-00155498;Фокус очки арт. 8146 (+2.50);Очки готовые;;;;
ЦБ-00152587;Фокус очки арт. 820 (+1.00);Очки готовые;;;;
ЦБ-00152588;Фокус очки арт. 820 (+1.25);Очки готовые;;;;
ЦБ-00152589;Фокус очки арт. 820 (+1.50);Очки готовые;;;;
ЦБ-00152590;Фокус очки арт. 820 (+1.75);Очки готовые;;;;
ЦБ-00152591;Фокус очки арт. 820 (+3.50);Очки готовые;;;;
ЦБ-00152592;Фокус очки арт. 820 (+4.00);Очки готовые;;;;
ЦБ-00152593;Фокус очки арт. 820 (-1.00);Очки готовые;;;;
ЦБ-00152594;Фокус очки арт. 820 (-1.50);Очки готовые;;;;
ЦБ-00152595;Фокус очки арт. 820 (-2.00);Очки готовые;;;;
ЦБ-00152596;Фокус очки арт. 820 (-2.50);Очки готовые;;;;
ЦБ-00152597;Фокус очки арт. 820 (-3.00);Очки готовые;;;;
ЦБ-00152598;Фокус очки арт. 820 (-3.50);Очки готовые;;;;
ЦБ-00152599;Фокус очки арт. 820 (-4.00);Очки готовые;;;;
ЦБ-00155293;Фокус очки арт. 8216 (+1.00);Очки готовые;;;;
ЦБ-00155294;Фокус очки арт. 8216 (+1.25);Очки готовые;;;;
ЦБ-00155295;Фокус очки арт. 8216 (+1.50);Очки готовые;;;;
ЦБ-00155296;Фокус очки арт. 8216 (+1.75);Очки готовые;;;;
ЦБ-00155297;Фокус очки арт. 8216 (+2.00);Очки готовые;;;;
ЦБ-00155298;Фокус очки арт. 8216 (+2.25);Очки готовые;;;;
ЦБ-00155299;Фокус очки арт. 8216 (+2.50);Очки готовые;;;;
ЦБ-00155300;Фокус очки арт. 8216 (+2.75);Очки готовые;;;;
ЦБ-00155301;Фокус очки арт. 8216 (+3.00);Очки готовые;;;;
ЦБ-00155302;Фокус очки арт. 8216 (+4.00);Очки готовые;;;;
ЦБ-00152600;Фокус очки арт. 8216 (-1.00);Очки готовые;;;;
ЦБ-00152601;Фокус очки арт. 8216 (-1.50);Очки готовые;;;;
ЦБ-00152602;Фокус очки арт. 8216 (-2.00);Очки готовые;;;;
ЦБ-00152603;Фокус очки арт. 8216 (-2.50);Очки готовые;;;;
ЦБ-00152604;Фокус очки арт. 8216 (-3.00);Очки готовые;;;;
ЦБ-00152605;Фокус очки арт. 8216 (-3.50);Очки готовые;;;;
ЦБ-00152606;Фокус очки арт. 8216 (-4.00);Очки готовые;;;;
ЦБ-00155499;Фокус очки арт. 8221 (+1.00);Очки готовые;;;;
ЦБ-00152607;Фокус очки арт. 8221 (+1.25);Очки готовые;;;;
ЦБ-00152608;Фокус очки арт. 8221 (+1.75);Очки готовые;;;;
ЦБ-00152609;Фокус очки арт. 8221 (+2.25);Очки готовые;;;;
ЦБ-00152610;Фокус очки арт. 8221 (+2.75);Очки готовые;;;;
ЦБ-00152611;Фокус очки арт. 8221 (+3.50);Очки готовые;;;;
ЦБ-00155303;Фокус очки арт. 8221 (+4.00);Очки готовые;;;;
ЦБ-00152612;Фокус очки арт. 8221 (-4.00);Очки готовые;;;;
ЦБ-00152613;Фокус очки арт. 8232 (+1.00);Очки готовые;;;;
ЦБ-00152614;Фокус очки арт. 8232 (+2.50);Очки готовые;;;;
ЦБ-00152615;Фокус очки арт. 8232 (+3.00);Очки готовые;;;;
ЦБ-00155768;Фокус очки арт. 8237 (+2.00);Очки готовые;;;;
ЦБ-00155769;Фокус очки арт. 8237 (+2.25);Очки готовые;;;;
ЦБ-00155442;Фокус очки арт. 8245 (+3.00);Очки готовые;;;;
ЦБ-00155766;Фокус очки арт. 825 (+1.00);Очки готовые;;;;
ЦБ-00155580;Фокус очки арт. 825 (+1.75);Очки готовые;;;;
ЦБ-00155767;Фокус очки арт. 825 (+2.25);Очки готовые;;;;
ЦБ-00155443;Фокус очки арт. 825 (+2.50);Очки готовые;;;;
ЦБ-00155500;Фокус очки арт. 825 (+2.75);Очки готовые;;;;
ЦБ-00155444;Фокус очки арт. 825 (+3.00);Очки готовые;;;;
ЦБ-00156616;Фокус очки арт. 825 (+3.50);Очки готовые;;;;
ЦБ-00194727;Фокус очки арт. 825 (-0,5);Очки готовые;;;;
ЦБ-00156170;Фокус очки арт. 825 (-1.50);Очки готовые;;;;
ЦБ-00156171;Фокус очки арт. 825 (-2.00);Очки готовые;;;;
ЦБ-00155577;Фокус очки арт. 825 (-2.50);Очки готовые;;;;
ЦБ-00155578;Фокус очки арт. 825 (-3.00);Очки готовые;;;;
ЦБ-00155765;Фокус очки арт. 825 (-3.50);Очки готовые;;;;
ЦБ-00155579;Фокус очки арт. 825 (-4.00);Очки готовые;;;;
ЦБ-00155304;Фокус очки арт. 8253 (+1.00);Очки готовые;;;;
ЦБ-00155305;Фокус очки арт. 8253 (+1.25);Очки готовые;;;;
ЦБ-00155306;Фокус очки арт. 8253 (+1.50);Очки готовые;;;;
ЦБ-00155307;Фокус очки арт. 8253 (+1.75);Очки готовые;;;;
ЦБ-00155308;Фокус очки арт. 8253 (+2.00);Очки готовые;;;;
ЦБ-00155309;Фокус очки арт. 8253 (+2.50);Очки готовые;;;;
ЦБ-00155501;Фокус очки арт. 8253 (+2.75);Очки готовые;;;;
ЦБ-00152616;Фокус очки арт. 8253 (+3.00);Очки готовые;;;;
ЦБ-00155383;Фокус очки арт. 8253 (+3.50);Очки готовые;;;;
ЦБ-00155384;Фокус очки арт. 8253 (+4.00);Очки готовые;;;;
ЦБ-00156172;Фокус очки арт. 8253 (-1.00);Очки готовые;;;;
ЦБ-00157550;Фокус очки арт. 8253 (-2.00);Очки готовые;;;;
ЦБ-00155581;Фокус очки арт. 8253 (-3.00);Очки готовые;;;;
ЦБ-00152617;Фокус очки арт. 8287 (+1.00);Очки готовые;;;;
ЦБ-00155385;Фокус очки арт. 8291 (+1.50);Очки готовые;;;;
ЦБ-00155386;Фокус очки арт. 8291 (+2.00);Очки готовые;;;;
ЦБ-00155387;Фокус очки арт. 8291 (+2.75);Очки готовые;;;;
ЦБ-00152618;Фокус очки арт. 8291 (-3.00);Очки готовые;;;;
ЦБ-00156173;Фокус очки арт. 8291 (-3.50);Очки готовые;;;;
ЦБ-00155582;Фокус очки арт. 8291 (-4.00);Очки готовые;;;;
ЦБ-00152619;Фокус очки арт. 8292 (+1.00);Очки готовые;;;;
ЦБ-00152620;Фокус очки арт. 8292 (+2.00);Очки готовые;;;;
ЦБ-00152621;Фокус очки арт. 8292 (+2.50);Очки готовые;;;;
ЦБ-00155314;Фокус очки арт. 8292 (+4.00);Очки готовые;;;;
ЦБ-00155310;Фокус очки арт. 8292 (-1.00);Очки готовые;;;;
ЦБ-00155311;Фокус очки арт. 8292 (-1.50);Очки готовые;;;;
ЦБ-00155312;Фокус очки арт. 8292 (-2.50);Очки готовые;;;;
ЦБ-00155313;Фокус очки арт. 8292 (-4.00);Очки готовые;;;;
ЦБ-00156388;Фокус очки арт. 8297 (+1.00);Очки готовые;;;;
ЦБ-00156389;Фокус очки арт. 8297 (+1.25);Очки готовые;;;;
ЦБ-00156617;Фокус очки арт. 8297 (+1.50);Очки готовые;;;;
ЦБ-00156268;Фокус очки арт. 8297 (+1.75);Очки готовые;;;;
ЦБ-00155388;Фокус очки арт. 8297 (+2.00);Очки готовые;;;;
ЦБ-00157551;Фокус очки арт. 8297 (+2.25);Очки готовые;;;;
ЦБ-00156618;Фокус очки арт. 8297 (+2.50);Очки готовые;;;;
ЦБ-00155502;Фокус очки арт. 8297 (+2.75);Очки готовые;;;;
ЦБ-00155445;Фокус очки арт. 8297 (+3.50);Очки готовые;;;;
ЦБ-00156269;Фокус очки арт. 8297 (+4.00);Очки готовые;;;;
ЦБ-00152622;Фокус очки арт. 8301 (-1.00);Очки готовые;;;;
ЦБ-00152623;Фокус очки арт. 8301 (-1.50);Очки готовые;;;;
ЦБ-00152624;Фокус очки арт. 8301 (-2.00);Очки готовые;;;;
ЦБ-00152625;Фокус очки арт. 8301 (-2.50);Очки готовые;;;;
ЦБ-00152626;Фокус очки арт. 8301 (-3.00);Очки готовые;;;;
ЦБ-00152627;Фокус очки арт. 8301 (-3.50);Очки готовые;;;;
ЦБ-00152628;Фокус очки арт. 8301 (-4.00);Очки готовые;;;;
ЦБ-00152629;Фокус очки арт. 8312 (-1.00);Очки готовые;;;;
ЦБ-00152630;Фокус очки арт. 8312 (-1.50);Очки готовые;;;;
ЦБ-00152631;Фокус очки арт. 8312 (-2.00);Очки готовые;;;;
ЦБ-00152632;Фокус очки арт. 8312 (-2.50);Очки готовые;;;;
ЦБ-00152633;Фокус очки арт. 8312 (-3.00);Очки готовые;;;;
ЦБ-00152634;Фокус очки арт. 8312 (-3.50);Очки готовые;;;;
ЦБ-00152635;Фокус очки арт. 8312 (-4.00);Очки готовые;;;;
ЦБ-00152636;Фокус очки арт. 8313 (+2.25);Очки готовые;;;;
ЦБ-00152637;Фокус очки арт. 8313 (+2.50);Очки готовые;;;;
ЦБ-00152638;Фокус очки арт. 8313 (+3.00);Очки готовые;;;;
ЦБ-00152639;Фокус очки арт. 8313 (-1.50);Очки готовые;;;;
ЦБ-00152640;Фокус очки арт. 8313 (-3.00);Очки готовые;;;;
ЦБ-00157552;Фокус очки арт. 8327 (+2.00);Очки готовые;;;;
ЦБ-00155583;Фокус очки арт. 8327 (+2.75);Очки готовые;;;;
ЦБ-00156174;Фокус очки арт. 8327 (+3.00);Очки готовые;;;;
ЦБ-00194728;Фокус очки арт. 8339 (+2,00) тонир.;Очки готовые;;;;
ЦБ-00156175;Фокус очки арт. 9031 (+1.25);Очки готовые;;;;
ЦБ-00152641;Фокус очки арт. 9050 (+1.25);Очки готовые;;;;
ЦБ-00152642;Фокус очки арт. 9050 (+1.75);Очки готовые;;;;
ЦБ-00152643;Фокус очки арт. 9050 (+2.25);Очки готовые;;;;
ЦБ-00155503;Фокус очки арт. 9050 (+2.50);Очки готовые;;;;
ЦБ-00152644;Фокус очки арт. 9050 (+2.75);Очки готовые;;;;
ЦБ-00152645;Фокус очки арт. 9050 (+3.00);Очки готовые;;;;
ЦБ-00152646;Фокус очки арт. 9050 (+3.50);Очки готовые;;;;
ЦБ-00155770;Фокус очки арт. 9059 (+2.00);Очки готовые;;;;
ЦБ-00155771;Фокус очки арт. 9059 (-1.00);Очки готовые;;;;
ЦБ-00152647;Фокус очки арт. 9060 (-2.00);Очки готовые;;;;
ЦБ-00152648;Фокус очки арт. 9060 (-3.50);Очки готовые;;;;
ЦБ-00194729;Фокус тудей очки арт. 8531 (+2,75);Очки готовые;;;;
ЦБ-00194730;Фокус тудей очки арт. 8531 (+3,00);Очки готовые;;;;
ЦБ-00194731;Фокус тудей очки арт. 8531 (+3,50);Очки готовые;;;;
ЦБ-00194732;Фокус тудей очки арт. 8531 (+4,00);Очки готовые;;;;
ЦБ-00194733;Фокус тудей очки арт. 859 (+2,00);Очки готовые;;;;
ЦБ-00194734;Фокус тудей очки арт. 859 (+2,50);Очки готовые;;;;
ЦБ-00194735;Фокус тудей очки арт. 873 (+2,25);Очки готовые;;;;
ЦБ-00194736;Фокус тудей очки арт. 873 (+2,50);Очки готовые;;;;
ЦБ-00194737;Фокус тудей очки арт. 873 (+2,75);Очки готовые;;;;
ЦБ-00194745;Фокус тудей очки арт. 873 (+3,00);Очки готовые;;;;
ЦБ-00194738;Фокус тудей очки арт. 873 (+3,50);Очки готовые;;;;
ЦБ-00016478;Фолиевая кислота В12+В6 220мг табл. №40;Поливитамины;;;;
ЦБ-00154870;Формаг таб. №90;Препараты магния;;;;
РТ-00004146;Форстео р-р д/ин. п/к 250мкг/мл 2,4мл шприц-ручка №1;Инъекционные и инфузионные р-ры;;;;
ЦБ-00171798;Фортамин таб. №30;Поливитамины;;;;
ЦБ-00173039;Фортевит Витамин Д3 таб.шип. N20;Витамин Д3;;;;
ЦБ-00129448;Фортедетрим капс. 10000МЕ №30;Витамин Д3;;;;
ЦБ-00179522;Фортедетрим капс. 20000МЕ №30;Витамин Д3;;;;
ЦБ-00129497;Фортедетрим капс. 4000МЕ №30;Витамин Д3;;;;
ЦБ-00179897;Фортедетрим капс. 50000МЕ №10;Витамин Д3;;;;
ЦБ-00016559;Фортум пор. д/ин фл. 2г в/в и в/м;Антибактериальные средства инъекционные р-ры;;;;
ЦБ-00033526;Фортум пор. д/р-ра  500мг №1;Антибактериальные средства инъекционные р-ры;;;;
ЦБ-00020255;Фортум пор.д/ин. фл. 1г в/в и в/м;Антибактериальные средства инъекционные р-ры;;;;
ЦБ-00178042;Фосфомицин Канон гран. д/приг. р-ра д/приема внутрь 3г №1;Инфекции мочевого пузыря и почек;;;;
ЦБ-00117338;Фосфомицин пор. в/в 2г №1 Красфарма;Инфекции мочевого пузыря и почек;;;;
ЦБ-00038988;Фосфомицин пор. д/инъек. 1г №1;Инфекции мочевого пузыря и почек;;;;
ЦБ-00175573;Фосфомицин пор. д/р-ра д/приема внутрь 3г №1;Инфекции мочевого пузыря и почек;;;;
РТ-00010653;Фосфомицин Эспарма пор. д/приг. р-ра д/приема внутрь 3г №1;Инфекции мочевого пузыря и почек;;;;
ЦБ-00145231;Фосфомицин-Лект пор. д/р-ра д/приема внутрь 3г №1;Инфекции мочевого пузыря и почек;;;;
ЦБ-00169824;Фосфомицин-ЛекТ пор. д/р-ра д/приема внутрь 8г №2;Инфекции мочевого пузыря и почек;;;;
ЦБ-00179586;Фосфомицин-Тева гранулы д/приг. р-ра д/приема внутрь 3г №1;Инфекции мочевого пузыря и почек;;;;
ЦБ-00180881;Фосфомицин-Тева гранулы д/приг. р-ра д/приема внутрь 3г №2;Инфекции мочевого пузыря и почек;;;;
ЦБ-00039003;Фосфорал пор. пак. 3г №1;Инфекции мочевого пузыря и почек;;;;
ЦБ-00187385;Фофреш Витамин Д3 2000МЕ таб. дисп. №120;Витамин Д3;;;;
ЦБ-00173095;Фофреш Витамин Д3 2000МЕ таб. п/языч. №90;Витамин Д3;;;;
ЦБ-00176620;Фофреш Витамин С таб. №90;Витамин С;;;;
ЦБ-00171046;Фофреш Магний В6 таб. №60;Препараты магния;;;;
ЦБ-00052253;Фреймитус таб. п/о 20мг №1;Ср-ва при эректильной дисфункции, влияющие на либидо;;;;
ЦБ-00052665;Фреймитус таб. п/о 20мг №2;Ср-ва при эректильной дисфункции, влияющие на либидо;;;;
ЦБ-00051733;Фреймитус таб. п/о 20мг №4;Ср-ва при эректильной дисфункции, влияющие на либидо;;;;
ЦБ-00051734;Фреймитус таб. п/о 20мг №8;Ср-ва при эректильной дисфункции, влияющие на либидо;;;;
ЦБ-00051736;Фреймитус таб. п/о 5мг №14;Ср-ва при эректильной дисфункции, влияющие на либидо;;;;
ЦБ-00051735;Фреймитус таб. п/о 5мг №28;Ср-ва при эректильной дисфункции, влияющие на либидо;;;;
ЦБ-00122343;Фриостерин р-р д/инф. 500мл №20(для стационаров);Инъекционные и инфузионные р-ры;;;;
ЦБ-00016168;ФрутоНяня Вода питьевая артез 0.33л №1*12;Минеральная вода;;;;
ЦБ-00006830;ФрутоНяня вода питьевая дет. 0,33л;Минеральная вода;;;;
ЦБ-00022811;ФрутоНяня Вода питьевая детская 1.5л;Минеральная вода;;;;
ЦБ-00140350;ФрутоНяня Вода питьевая детская 5л;Минеральная вода;;;;
ЦБ-00020004;ФрутоНяня Вода питьевая детская б/газа 1.5л №6;Минеральная вода;;;;
ЦБ-00151996;Фруттилар Витамин Д3 2000ме пастилки жев. №30;Витамин Д3;;;;
ЦБ-00119269;Фруттилар Витамин Д3 пастилки жев. 600мг №30;Витамин Д3;;;;
ЦБ-00150924;Фурагин Авексима таб. 50мг №30;Инфекции мочевого пузыря и почек;;;;
ЦБ-00158374;Фурагин капс. 50мг №30;Инфекции мочевого пузыря и почек;;;;
ЦБ-00033976;Фурагин ЛекТ таб 50 мг №30;Инфекции мочевого пузыря и почек;;;;
ЦБ-00119030;Фурагин таб. 25мг №30;Инфекции мочевого пузыря и почек;;;;
ЦБ-00004405;Фурагин таб. 50мг №10;Инфекции мочевого пузыря и почек;;;;
ЦБ-00033975;Фурагин таб. 50мг №10;Инфекции мочевого пузыря и почек;;;;
ЦБ-00129561;Фурагин таб. 50мг №10;Инфекции мочевого пузыря и почек;;;;
ЦБ-00014475;Фурагин таб. 50мг №20;Инфекции мочевого пузыря и почек;;;;
ЦБ-00030159;Фурагин таб. 50мг №30;Инфекции мочевого пузыря и почек;;;;
РТ-00014159;Фурагин таб. 50мг №30;Инфекции мочевого пузыря и почек;;;;
ЦБ-00040457;Фурагин таб. 50мг №30;Инфекции мочевого пузыря и почек;;;;
ЦБ-00118500;Фурагин таб. 50мг №30;Инфекции мочевого пузыря и почек;;;;
ЦБ-00194197;Фурагин таб. 50мг №30;Инфекции мочевого пузыря и почек;;;;
ЦБ-00004407;Фурагин таб. 50мг №30;Инфекции мочевого пузыря и почек;;;;
ЦБ-00014476;Фурагин таб. 50мг №30;Инфекции мочевого пузыря и почек;;;;
ЦБ-00035405;Фурагин-Актифур капс. 50 мг №30;Инфекции мочевого пузыря и почек;;;;
ЦБ-00153198;Фурагин-Алиум таб. 50мг №30;Инфекции мочевого пузыря и почек;;;;
ЦБ-00033244;Фурагин-ЛЕК Т таб 50 мг №30;Инфекции мочевого пузыря и почек;;;;
ЦБ-00015376;Фурадонин Авексима таб. 50мг №10;Уроантисептики;;;;
ЦБ-00157160;Фурадонин Реневал таб. 100мг №20;Уроантисептики;;;;
ЦБ-00157202;Фурадонин Реневал таб. 50мг №10;Уроантисептики;;;;
ЦБ-00153861;Фурадонин Реневал таб. 50мг №20;Уроантисептики;;;;
ЦБ-00014478;Фурадонин таб. 100мг №20;Уроантисептики;;;;
РТ-00003413;Фурадонин таб. 100мг №20;Уроантисептики;;;;
ЦБ-00146275;Фурадонин таб. 100мг №20;Уроантисептики;;;;
ЦБ-00151459;Фурадонин таб. 100мг №20;Уроантисептики;;;;
ЦБ-00153407;Фурадонин таб. 100мг №20;Уроантисептики;;;;
ЦБ-00004408;Фурадонин таб. 100мг №20;Уроантисептики;;;;
ЦБ-00073776;Фурадонин таб. 50мг №10;Уроантисептики;;;;
ЦБ-00004409;Фурадонин таб. 50мг №10;Уроантисептики;;;;
ЦБ-00014477;Фурадонин таб. 50мг №10;Уроантисептики;;;;
ЦБ-00129596;Фурадонин таб. 50мг №10;Уроантисептики;;;;
ЦБ-00154624;Фурадонин таб. 50мг №10;Уроантисептики;;;;
ЦБ-00016587;Фурадонин таб. 50мг №20;Уроантисептики;;;;
ЦБ-00004410;Фурадонин таб. 50мг №20;Уроантисептики;;;;
ЦБ-00151461;Фурадонин таб. 50мг №20;Уроантисептики;;;;
ЦБ-00158003;Фурадонин таб. 50мг №20;Уроантисептики;;;;
РТ-00014947;Фурадонин таб. 50мг №20;Уроантисептики;;;;
ЦБ-00167348;Фурадонин-ЛекТ таб. 50мг №20;Уроантисептики;;;;
ЦБ-00004415;Фурамаг капс. 25мг №30;Инфекции мочевого пузыря и почек;;;;
ЦБ-00004416;Фурамаг капс. 50мг №30;Инфекции мочевого пузыря и почек;;;;
ЦБ-00004417;Фурасол пор. д/р-ра местн/наружн. 100мг №15;Уроантисептики;;;;
ЦБ-00162080;Фурасол пор. д/р-ра местн/наружн. 100мг №5;Уроантисептики;;;;
ЦБ-00192914;Фэйм Ресвератрол капc. №60;Витамины д/сердечно-сосудистой системы;;;;
ЦБ-00155446;Фэмили очки арт. 0641 (+1.50);Очки готовые;;;;
ЦБ-00155772;Фэмили очки арт. 0641 (+2.00);Очки готовые;;;;
ЦБ-00155773;Фэмили очки арт. 0641 (+2.50);Очки готовые;;;;
ЦБ-00155584;Фэмили очки арт. 0641 (+2.75);Очки готовые;;;;
ЦБ-00155774;Фэмили очки арт. 0641 (+3.00);Очки готовые;;;;
ЦБ-00156176;Фэмили очки арт. 0641/1 (+4.00);Очки готовые;;;;
ЦБ-00155585;Фэмили очки арт. 0642 (+1.75);Очки готовые;;;;
ЦБ-00185320;Хаас Вит. С с лим. вкусом таб. №20;Витамин С;;;;
ЦБ-00189566;Хаас Вит. С с цитрус. вкусом таб. №20;Витамин С;;;;
ЦБ-00024941;ХАРТМАН БИНТ КОМПРЕССИОННЫЙ СРЕДНЕРАСТЯЖИМЫЙ 8СМ*5М ПУТТЕРБИНД;Бинты;;;;
ЦБ-00022202;ХАРТМАН ОМНИПЛАСТ ПЛАСТЫРЬ ИЗ ТЕКСТИЛЬНОЙ ТКАНИ ЦВЕТ КОЖИ 5Х5СМ 900532/8;Фиксирующие катушки;;;;
ЦБ-00026218;ХАРТМАН ПЕХА-ХАФТ БИНТ ФИКСИРУЮЩИЙ КОГЕЗИВНЫЙ 4Х8СМ;Бинты;;;;
РТ-00004192;Хартмана р-р д/инф. 200мл №28;Инъекционные и инфузионные р-ры;;;;
ЦБ-00003476;Хартмана р-р д/инф. 500мл №10;Инъекционные и инфузионные р-ры;;;;
ЦБ-00122862;Хартманн бинт мед.компрес. Идеаласт сред. 8см*5м;Бинты самофиксирующие;;;;
ЦБ-00145807;Хартманн бинт Ролта Софт ватный синтетич. подкладной 3м*10см №30;Бинты;;;;
ЦБ-00122864;Хартманн бинт Ролта Софт ватный синтетич. подкладной 3м*10см №6;Бинты;;;;
ЦБ-00144043;Хартманн бинт Ролта Софт ватный синтетич. подкладной 3м*15см №20;Бинты;;;;
ЦБ-00103885;Хартманн Гидрофильм Плюс повязка прозрач. 5*7,2см №5;Повязка раневая;;;;
ЦБ-00108831;Хартманн Гидрофильм плюс повязка прозрачная 9*15см №5;Повязка раневая;;;;
ЦБ-00130895;Хартманн Гидрофильм ролл лейкопластырь 10см*10м №1;Повязка раневая;;;;
ЦБ-00145256;Хартманн Идеаласт бинт мед.компрес. сред. 10см*4м синий;Бинты самофиксирующие;;;;
ЦБ-00134504;Хартманн Идеаласт бинт мед.компрес. сред. 4см*6м красный;Бинты самофиксирующие;;;;
ЦБ-00153422;Хартманн Идеаласт бинт эласт. компрес. ср. 12см*5м;Бинты самофиксирующие;;;;
ЦБ-00153423;Хартманн Идеаласт бинт эласт. компрес. ср. 8см*5м;Бинты самофиксирующие;;;;
ЦБ-00117100;Хартманн Пластырь Гидрофильм 10смх2м №1;Фиксирующие катушки;;;;
ЦБ-00182041;Хартманн Пластырь Омнипор неткан. белого цвета 2,5см*9,2м;Фиксирующие катушки;;;;
ЦБ-00157989;Хартманн Повязка Бранолинд Н мазев. Перуанский бальзам 7,5*10см №5;Повязка раневая;;;;
ЦБ-00136339;Хартманн Штюльпа бинт трикотаж. трубчатаый 3R 8см*15м;Бинты самофиксирующие;;;;
ЦБ-00174695;Хасико презервативы классические гладкие №12;Презервативы;;;;
РТ-00008329;Хасико Презервативы классические гладкие №3;Презервативы;;;;
ЦБ-00185724;Хасико Презервативы продлевающие №12;Презервативы;;;;
ЦБ-00182832;Хасико Презервативы продлевающие №3;Презервативы;;;;
РТ-00004516;Хасико Презервативы продлевающие гладкие №3;Презервативы;;;;
ЦБ-00174000;Хасико презервативы ребристые №3;Презервативы;;;;
ЦБ-00177723;Хасико презервативы с точками №3;Презервативы;;;;
ЦБ-00174339;Хасико презервативы увеличенного размера №12;Презервативы;;;;
ЦБ-00191979;Хасико презервативы увеличенного размера №3;Презервативы;;;;
ЦБ-00173980;Хасико Презервативы ультратонкие гладкие №12;Презервативы;;;;
РТ-00003908;Хасико Презервативы ультратонкие гладкие №3;Презервативы;;;;
ЦБ-00166115;Хелатный комплекс железа кас. №30;Препараты железа;;;;
ЦБ-00174709;Хелп лейкопластырь бакт. стер. детский (19х63мм) N20;Бактерицидный;;;;
ЦБ-00174114;Хелп лейкопластырь бакт. стер. универс. (19х72мм) N20;Бактерицидный;;;;
ЦБ-00188710;Хелп лейкопластырь фикс. мед. полим. осн. 2,5*500см;Фиксирующие катушки;;;;
ЦБ-00189138;Хелп лейкопластырь фикс. мед. полимер. осн. 5х500см;Фиксирующие катушки;;;;
ЦБ-00189694;Хелп лейкопластырь фикс. мед. ткан. осн. 2,5*500см;Фиксирующие катушки;;;;
ЦБ-00148994;Хелп лейкопластырь фикс. мед. ткан. осн. 5*500см;Фиксирующие катушки;;;;
ЦБ-00164247;Хелф Лайн шприц 10мл 3-х дет. стер. с иглой 22G (0,7х38мм) №10;Шприцы;;;;
ЦБ-00163457;Хелф Лайн шприц 2мл 3-х дет стер. однокр. с иглой 22G (0,7х32мм) №10;Шприцы;;;;
ЦБ-00168295;Хелф Лайн шприц 5мл 3-х дет. стер. с иглой 22G (0,7х32мм) №1;Шприцы;;;;
ЦБ-00163645;Хелф Лайн шприц 5мл 3-х дет. стер. с иглой 22G (0,7х32мм) №10;Шприцы;;;;
ЦБ-00162248;Хелф солюшн 5-HTP комплекс капс. №60;Поливитамины;;;;
ЦБ-00180968;Хелф солюшн вит. группы В капс. №60;Препараты группы В, нейропротекторы;;;;
ЦБ-00191481;Хелф солюшн л-карнитин/экстр. гуавы/форсколин капс. №30;Поливитамины;;;;
ЦБ-00182803;Хелф солюшн Магний таб. №60;Препараты магния;;;;
ЦБ-00194937;Хелф солюшн Магний цитрат пор. ананас 180г;Препараты магния;;;;
ЦБ-00188093;Хелф солюшн Магний цитрат пор. черная смородина 180г;Препараты магния;;;;
ЦБ-00164123;Хелф солюшн мемори комплекс д/нервной сист. и улучшения памяти капс. №60;Препараты группы В, нейропротекторы;;;;
ЦБ-00030160;Хемомицин лиоф. д/инф. 500мг;Антибактериальные средства инъекционные р-ры;;;;
ЦБ-00174924;Херб сироп шиповника с вит.С 250мл;Поливитамины;;;;
ЦБ-00170454;Хербс Астаксантин капс. №60;Витамины д/сердечно-сосудистой системы;;;;
ЦБ-00163556;Хербс витамин С таб. шип. 900мг №20;Витамин С;;;;
ЦБ-00166590;Хербс комплекс вит. группы В таб. №60;Препараты группы В, нейропротекторы;;;;
ЦБ-00168792;Хербс Комплекс магний + B6 таб. №60;Препараты магния;;;;
РТ-00009150;Хилабак Омега капс. 860мг №60;Поливитамины;;;;
ЦБ-00175775;Хималайя Чеснок таб. №60;Витамины д/сердечно-сосудистой системы;;;;
ЦБ-00014523;Химопсин лиоф. д/р-ра 50мг 5мл №10;Антибактериальные средства инъекционные р-ры;;;;
РТ-00010861;Химопсин лиоф. д/р-ра 50мг 5мл №5;Антибактериальные средства инъекционные р-ры;;;;
ЦБ-00004455;Химотрипсин лиоф. д/ин. 10мг №10;Антибактериальные средства инъекционные р-ры;;;;
РТ-00007074;Химотрипсин лиоф. д/ин. 10мг №5;Антибактериальные средства инъекционные р-ры;;;;
ЦБ-00165562;Хирана шприц 10мл 3-х комп. без иглы;Шприцы;;;;
ЦБ-00149438;Хитопран повязка раневая биополимерная стер. 5*7,5см №5;Повязка раневая;;;;
ЦБ-00004457;Хлое таб. п/о 35мкг+2мг №28;Пероральные контрацептивы;;;;
ЦБ-00015378;Хлое таб. п/о 35мкг+2мг №84;Пероральные контрацептивы;;;;
ЦБ-00185213;Хлоргексидин Авексима супп. ваг. 16мг №10;Гинекологические п/воспалительные ср-ва наружные;;;;
ЦБ-00149777;Хлоргексидин супп. ваг. 16мг №10;Гинекологические п/воспалительные ср-ва наружные;;;;
ЦБ-00166081;Хлоргексидин супп. ваг. 16мг №10;Гинекологические п/воспалительные ср-ва наружные;;;;
ЦБ-00192987;Хлоргексидин супп. ваг. 16мг №10;Гинекологические п/воспалительные ср-ва наружные;;;;
ЦБ-00025182;Хлоргексидин супп. вагинальные 16мг №10;Гинекологические п/воспалительные ср-ва наружные;;;;
РТ-00007567;Хлоргексидин супп. вагинальные 16мг №10;Гинекологические п/воспалительные ср-ва наружные;;;;
ЦБ-00167374;Хлоргексидин супп. вагинальные 16мг №12;Гинекологические п/воспалительные ср-ва наружные;;;;
ЦБ-00194777;Хлорэтта таб. п/п/о №21;Пероральные контрацептивы;;;;
ЦБ-00194708;Хлорэтта таб. п/п/о №63;Пероральные контрацептивы;;;;
ЦБ-00016885;Хлосоль р-р д/ин. 400мл бут. №28;Инъекционные и инфузионные р-ры;;;;
ЦБ-00073814;Хлосоль р-р д/инф. 200мл;Инъекционные и инфузионные р-ры;;;;
ЦБ-00165346;ХЛС вит. Д3 капс. 600МЕ №60;Витамин Д3;;;;
ЦБ-00189066;ХЛС Железо/Вит. С капс. №60;Препараты железа;;;;
ЦБ-00161530;ХЛС Кальций вит. Д3 №90;Витамин Д3;;;;
ЦБ-00192964;ХЛС Липосомальный вит. С капс. №90;Витамин С;;;;
ЦБ-00191671;ХЛС Мульти компл. капс. №60;Поливитамины;;;;
ЦБ-00191456;ХЛС Цинк+Селен капс. №60;Поливитамины;;;;
ЦБ-00159715;Холина альфосцерат амп. 250мг/мл 4мл №5;Инъекционные и инфузионные р-ры;;;;
ЦБ-00156641;Холит Форте капс. №60;Уроантисептики;;;;
ЦБ-00146056;Холс Разноцветное ассорти леденцы №9 12 уп.;Драже, леденцы;;;;
ЦБ-00193224;Хондростейн р-р в/м 100 мг/мл 1мл №10;Инъекционные и инфузионные р-ры;;;;
ЦБ-00182436;Хондростейн р-р в/м 100 мг/мл 2мл №10;Инъекционные и инфузионные р-ры;;;;
ЦБ-00162648;Хоумлаб витамин Д3 2000МЕ флакон с пипеткой 30мл;Витамин Д3;;;;
ЦБ-00162200;Хоумлаб витамин Д3 2000МЕ флакон-спрей с дозатором 30мл;Витамин Д3;;;;
ЦБ-00033867;Хумана Вода питьевая детская с рождения 0,5л;Минеральная вода;;;;
ЦБ-00022461;Хумана Вода питьевая детская с рождения 1,5л;Минеральная вода;;;;
ЦБ-00146081;Цевимед вит. С капли д/приема внутрь 10мл;Витамин С;;;;
РТ-00001811;Целевит Витамин С таб. п/о №30;Витамин С;;;;
ЦБ-00033389;Цель Т р-р в/м 2.2мл №100;Инъекционные и инфузионные р-ры;;;;
ЦБ-00004513;Центрум мультивитаминный комплекс  A-Z таб. п.о №60;Поливитамины;;;;
ЦБ-00004512;Центрум Мультивитаминный комплекс  A-Z таб. п/о №30;Поливитамины;;;;
ЦБ-00014590;Центрум мультивитаминный комплекс от а до цинка таб. № 30;Поливитамины;;;;
ЦБ-00108207;Цепим пор. д/пригот. р-ра д/в/в и в/м/в 1г;Антибактериальные средства инъекционные р-ры;;;;
ЦБ-00139252;Цетувит плюс повязка сорбционная стер. 20*25см №10;Повязка раневая;;;;
ЦБ-00123013;Цетувит Плюс повязка суперадсорб. стер. 10х10см №10;Повязка раневая;;;;
ЦБ-00124506;Цетувит Плюс повязка суперадсорб. стер. 10х20см №10;Повязка раневая;;;;
ЦБ-00140932;Цетувит Плюс повязка суперадсорб. стер. 15х20см №10;Повязка раневая;;;;
ЦБ-00170346;Цетувит Плюс Силикон Бордер повязка суперадсорб. стер. 10х10см №10;Повязка раневая;;;;
ЦБ-00170345;Цетувит Плюс Силикон Бордер повязка суперадсорб. стер. 12,5х12,5см №10;Повязка раневая;;;;
ЦБ-00180060;Цетувит Плюс Силикон повязка суперадсорб. стер. 10х20см №10;Повязка раневая;;;;
ЦБ-00170347;Цетувит Плюс Силикон повязка суперадсорб. стер. 12,5х12,5см №10;Повязка раневая;;;;
ЦБ-00020259;Цефазолин пор д/р-р в/в в/м 1г №1;Антибактериальные средства инъекционные р-ры;;;;
ЦБ-00004541;Цефазолин пор д/р-р в/в в/м 1г №1;Антибактериальные средства инъекционные р-ры;;;;
ЦБ-00004544;Цефазолин пор д/р-р в/в в/м 1г №1;Антибактериальные средства инъекционные р-ры;;;;
ЦБ-00004545;Цефазолин пор д/р-р в/в в/м 1г №1;Антибактериальные средства инъекционные р-ры;;;;
ЦБ-00015383;Цефазолин пор д/р-р в/в в/м 1г №1;Антибактериальные средства инъекционные р-ры;;;;
РТ-00001927;Цефазолин пор д/р-р в/в в/м 1г №1;Антибактериальные средства инъекционные р-ры;;;;
ЦБ-00021893;Цефазолин пор д/р-р в/в в/м 1г №1;Антибактериальные средства инъекционные р-ры;;;;
ЦБ-00028443;Цефазолин пор д/р-р в/в в/м 1г №1;Антибактериальные средства инъекционные р-ры;;;;
ЦБ-00026883;Цефазолин пор д/р-р в/в в/м 1г №50 (для ЛПУ);Антибактериальные средства инъекционные р-ры;;;;
ЦБ-00035876;Цефазолин пор д/р-ра для в/в в/м введ 1г фл;Антибактериальные средства инъекционные р-ры;;;;
ЦБ-00083817;Цефазолин пор. д/р-р в/в/ в/м 1г №1;Антибактериальные средства инъекционные р-ры;;;;
ЦБ-00185989;Цефазолин пор. для приг. р-ра для в/в и в/м введ. 1г №1;Инъекционные и инфузионные р-ры;;;;
ЦБ-00086519;Цефазолин пор. для р-ра в/в и в/м 1г №1;Антибактериальные средства инъекционные р-ры;;;;
ЦБ-00180336;Цефазолин пор. для р-ра в/в и в/м 1г №10;Антибактериальные средства инъекционные р-ры;;;;
ЦБ-00016889;ЦЕФАЗОЛИН ПОР.Д/ИН. В/В В/М ФЛАК 1Г N50;Антибактериальные средства инъекционные р-ры;;;;
ЦБ-00020260;ЦЕФАЗОЛИН САНДОЗ ПОР Д/ИН 1Г ФЛ №50;Антибактериальные средства инъекционные р-ры;;;;
ЦБ-00125858;Цефазолин Эльфа пор. д/р-ра в/м в/в 1г №1;Антибактериальные средства инъекционные р-ры;;;;
ЦБ-00014594;Цефазолина натриев. соль пор. д/приг. р-ра в/в. в/м фл. 1 г. х40;Антибактериальные средства инъекционные р-ры;;;;
ЦБ-00021892;ЦЕФАЗОЛИН-АКОС 1Г ФЛ. №10 (СИНТЕЗ);Антибактериальные средства инъекционные р-ры;;;;
ЦБ-00016888;ЦЕФАЗОЛИН-АКОС 500МГ N1;Антибактериальные средства инъекционные р-ры;;;;
ЦБ-00004542;Цефазолин-Акос пор в/в и в/м 1г №1;Антибактериальные средства инъекционные р-ры;;;;
РТ-00003408;Цефазолин-Акос пор в/в и в/м 1г №50 (для ЛПУ);Антибактериальные средства инъекционные р-ры;;;;
ЦБ-00030165;Цефазолин-Акос пор в/в и в/м 500мг №1;Антибактериальные средства инъекционные р-ры;;;;
ЦБ-00004543;Цефазолин-акос пор. д/ин. в/м фл. 500мг №50 (цефазолина натриевая соль);Антибактериальные средства инъекционные р-ры;;;;
ЦБ-00038652;Цефаксон пор. в/в, в/м 1г фл.№1;Антибактериальные средства инъекционные р-ры;;;;
ЦБ-00031759;Цефамезин пор.пригот.р-ра в/м и в/в 1000мг фл. №1. Словения;Антибактериальные средства инъекционные р-ры;;;;
ЦБ-00094440;Цефанорм пор. в/в в/м 1г №1;Антибактериальные средства инъекционные р-ры;;;;
ЦБ-00181131;Цефбактам пор. д/приг. р-ра для в/в и в/м введ. 1г+1г №1 фл.;Инъекционные и инфузионные р-ры;;;;
ЦБ-00084900;Цефепим пор. д/ин. в/в в/м фл. 1г №1;Антибактериальные средства инъекционные р-ры;;;;
00-00007626;Цефепим пор. д/ин. в/в, в/м фл. 0,5г №1;Антибактериальные средства инъекционные р-ры;;;;
ЦБ-00149696;Цефепим пор. д/ин. в/в, в/м фл. 1,0г №1;Антибактериальные средства инъекционные р-ры;;;;
РТ-00012641;Цефепим пор. д/ин. в/в, в/м фл. 1г №1;Антибактериальные средства инъекционные р-ры;;;;
ЦБ-00122818;Цефепим пор. д/ин. в/в, в/м фл. 2,0г №1;Антибактериальные средства инъекционные р-ры;;;;
ЦБ-00111023;Цефепим пор. д/ин. фл. 1г в/в, в/м Биосинтез;Антибактериальные средства инъекционные р-ры;;;;
ЦБ-00151832;Цефепим пор. д/приг. р-ра д/в/в и в/м введ. 1,0 г №1;Антибактериальные средства инъекционные р-ры;;;;
ЦБ-00079286;Цефепим пор. д/приг.р-ра для в/в и в/м введ. 1г + лидокаин р-р д/ин. 10мг/мл 3,5мл №1;Антибактериальные средства инъекционные р-ры;;;;
ЦБ-00094445;Цефепим пор. д/пригот. р-ра в/в в/м 1г №1;Антибактериальные средства инъекционные р-ры;;;;
ЦБ-00180020;Цефепим пор. д/р-ра для в/в и в/м введ. 1г №1;Антибактериальные средства инъекционные р-ры;;;;
ЦБ-00191715;Цефепим пор. д/р-ра для в/в и в/м введ. 1г №5;Антибактериальные средства инъекционные р-ры;;;;
ЦБ-00171870;Цефепим-АКОС пор. д/приг. р-ра д/в/в и в/м введ. 1 г №1;Антибактериальные средства инъекционные р-ры;;;;
ЦБ-00004553;Цефепим-Виал пор. д/ин. в/в, в/м фл. 1г №1;Антибактериальные средства инъекционные р-ры;;;;
ЦБ-00014595;Цефобид пор. д/ин. 1г №1;Антибактериальные средства инъекционные р-ры;;;;
ЦБ-00089590;Цефомакс пор. д/ин. фл. 1г в/в, в/м;Антибактериальные средства инъекционные р-ры;;;;
ЦБ-00165248;Цефомакс пор. д/приг. р-ра д/в/в и в/м введ. 2г фл. Рузфарма;Антибактериальные средства инъекционные р-ры;;;;
ЦБ-00118602;Цефомакс пор.для приг.р-ра для в/в и в/м введ . 0,5г фл.;Антибактериальные средства инъекционные р-ры;;;;
ЦБ-00085206;Цефоперазон и Сульбактам Джодас пор. д/р-ра в/м в/в 1г+1г фл.;Антибактериальные средства инъекционные р-ры;;;;
ЦБ-00156399;Цефоперазон и Сульбактам пор. д/приг. р-ра для в/в, в/м введ. 1,5г+1,5г фл.;Антибактериальные средства инъекционные р-ры;;;;
ЦБ-00160050;Цефоперазон и Сульбактам пор. д/приг. р-ра для в/в, в/м введ. 1000мг+1000мг фл. №1;Антибактериальные средства инъекционные р-ры;;;;
РТ-00004170;Цефоперазон пор. д/ин. 1г №1;Антибактериальные средства инъекционные р-ры;;;;
ЦБ-00154944;Цефоперазон+Сульбактам пор. д/р-ра в/в в/м 1000мг+1000мг флак. N1;Антибактериальные средства инъекционные р-ры;;;;
ЦБ-00121063;Цефоперазон+Сульбактам пор. д/р-ра в/в в/м 500мг+500мг флак. N1;Антибактериальные средства инъекционные р-ры;;;;
ЦБ-00004554;Цефосин пор в/в и в/м 1г №1;Антибактериальные средства инъекционные р-ры;;;;
РТ-00013472;Цефосин пор в/в и в/м 1г №50 (для ЛПУ);Антибактериальные средства инъекционные р-ры;;;;
ЦБ-00026884;Цефотаксим 1г №50 в/м. в/в Рузфарма;Антибактериальные средства инъекционные р-ры;;;;
ЦБ-00015054;Цефотаксим ЛЕКСВМ пор в/в и в/м 1г №1;Антибактериальные средства инъекционные р-ры;;;;
ЦБ-00037965;Цефотаксим ЛЕКСВМ пор в/в и в/м 1г №50;Антибактериальные средства инъекционные р-ры;;;;
ЦБ-00004555;Цефотаксим пор в/в и в/м 1г №1;Антибактериальные средства инъекционные р-ры;;;;
РТ-00012695;Цефотаксим пор в/в и в/м 1г №1;Антибактериальные средства инъекционные р-ры;;;;
ЦБ-00015055;Цефотаксим пор в/в и в/м 1г №1;Антибактериальные средства инъекционные р-ры;;;;
ЦБ-00037171;Цефотаксим пор в/в и в/м 1г №1+р-ль (вода д/ин);Антибактериальные средства инъекционные р-ры;;;;
ЦБ-00119348;Цефотаксим пор в/в и в/м 1г №40;Антибактериальные средства инъекционные р-ры;;;;
ЦБ-00004556;Цефотаксим пор. д/ин. 1г №1;Антибактериальные средства инъекционные р-ры;;;;
ЦБ-00004557;Цефотаксим пор. д/ин. 1г №1;Антибактериальные средства инъекционные р-ры;;;;
ЦБ-00004558;Цефотаксим пор. д/ин. 1г №1;Антибактериальные средства инъекционные р-ры;;;;
ЦБ-00034183;Цефотаксим пор. д/ин. 1г №1;Антибактериальные средства инъекционные р-ры;;;;
ЦБ-00037564;Цефотаксим пор. д/ин. 1г №50;Антибактериальные средства инъекционные р-ры;;;;
ЦБ-00021894;Цефотаксим пор. д/ин. 1г №50;Антибактериальные средства инъекционные р-ры;;;;
ЦБ-00016891;Цефотаксим пор. д/ин.1г №5;Антибактериальные средства инъекционные р-ры;;;;
ЦБ-00148736;Цефотаксим пор. д/приг. р-ра для в/в и в/м введ.1г №50 Синтез (для ЛПУ);Антибактериальные средства инъекционные р-ры;;;;
ЦБ-00124756;Цефотаксим пор. д/приг. р-ра для в/в, в/м введ. 0,5г №1;Антибактериальные средства инъекционные р-ры;;;;
ЦБ-00188430;Цефотаксим пор. д/р-ра в/в и в/м введ. 1г №1;Антибактериальные средства инъекционные р-ры;;;;
ЦБ-00150876;Цефотаксим пор. д/р-ра д/ин. 1г №50;Антибактериальные средства инъекционные р-ры;;;;
ЦБ-00191487;Цефотаксим-Алвис пор в/в и в/м 1г №5;Антибактериальные средства инъекционные р-ры;;;;
ЦБ-00037122;Цефотаксим-Виал пор. д/ин. 1г №10;Антибактериальные средства инъекционные р-ры;;;;
ЦБ-00030167;Цефсон пор. д/р-ра в/м 1г №1  (+лидокаин г/хл 1%-3.5мл);Антибактериальные средства инъекционные р-ры;;;;
ЦБ-00025636;Цефсон пор.1г фл.+ р-ль вода д/ин.;Антибактериальные средства инъекционные р-ры;;;;
ЦБ-00120352;Цефтазидим пор в/в и в/м 0,5г №1;Антибактериальные средства инъекционные р-ры;;;;
ЦБ-00004559;Цефтазидим пор в/в и в/м 1г №1;Антибактериальные средства инъекционные р-ры;;;;
ЦБ-00026295;Цефтазидим пор в/в и в/м 1г №1;Антибактериальные средства инъекционные р-ры;;;;
РТ-00011576;Цефтазидим пор в/в и в/м 1г №1;Антибактериальные средства инъекционные р-ры;;;;
ЦБ-00081178;Цефтазидим пор. д/р-ра в/в в/м 1г №1;Антибактериальные средства инъекционные р-ры;;;;
ЦБ-00169949;Цефтазидим пор. д/р-ра для в/в и в/м введ. 1г №1;Антибактериальные средства инъекционные р-ры;;;;
РТ-00001925;Цефтазидим-Акос пор в/в и в/м 0,5г №1;Антибактериальные средства инъекционные р-ры;;;;
ЦБ-00025991;Цефтазидим-Акос пор в/в и в/м 1г №1;Антибактериальные средства инъекционные р-ры;;;;
ЦБ-00016892;Цефтазидим-Акос пор в/в и в/м 2г №1;Антибактериальные средства инъекционные р-ры;;;;
ЦБ-00030168;Цефтазидим-АКОС. пор. д/р-ра для в/в и в/м введ. 1 г фл. 10 мл;Антибактериальные средства инъекционные р-ры;;;;
ЦБ-00037350;Цефтазидим-Виал пор.д/в/в и в/м 1г №1;Антибактериальные средства инъекционные р-ры;;;;
ЦБ-00121237;Цефтриаксон- Акос пор. для приг. р-ра для в/в и в/м введ. 1г №1;Антибактериальные средства инъекционные р-ры;;;;
ЦБ-00123126;Цефтриаксон- Акос пор. для приг. р-ра для в/в и в/м введ. 1г №50;Антибактериальные средства инъекционные р-ры;;;;
ЦБ-00123031;Цефтриаксон- Акос пор. для приг. р-ра для в/в и в/м введ. 2г №1;Антибактериальные средства инъекционные р-ры;;;;
ЦБ-00030169;Цефтриаксон Каби 1г флакон №1;Антибактериальные средства инъекционные р-ры;;;;
ЦБ-00040202;Цефтриаксон Каби пор. д/р-р д/ин. 1г №10;Антибактериальные средства инъекционные р-ры;;;;
ЦБ-00033704;Цефтриаксон пор в/в и в/м 0,5г №1;Антибактериальные средства инъекционные р-ры;;;;
РТ-00001801;Цефтриаксон пор в/в и в/м 1г №1;Антибактериальные средства инъекционные р-ры;;;;
ЦБ-00004562;Цефтриаксон пор в/в и в/м 1г №1;Антибактериальные средства инъекционные р-ры;;;;
РТ-00012666;Цефтриаксон пор в/в и в/м 1г №1;Антибактериальные средства инъекционные р-ры;;;;
ЦБ-00004564;Цефтриаксон пор в/в и в/м 1г №1;Антибактериальные средства инъекционные р-ры;;;;
ЦБ-00004561;Цефтриаксон пор в/в и в/м 1г №1  (пач картон);Антибактериальные средства инъекционные р-ры;;;;
РТ-00013444;Цефтриаксон пор в/в и в/м 1г №1 д/стационаров;Антибактериальные средства инъекционные р-ры;;;;
ЦБ-00161784;Цефтриаксон пор в/в и в/м 1г №1+растворитель лидокаин р-р д/ин. 1% 3,5мл;Антибактериальные средства инъекционные р-ры;;;;
РТ-00007890;Цефтриаксон пор в/в и в/м 1г №10;Антибактериальные средства инъекционные р-ры;;;;
ЦБ-00142859;Цефтриаксон пор в/в и в/м 1г №10;Антибактериальные средства инъекционные р-ры;;;;
ЦБ-00139130;Цефтриаксон пор в/в и в/м 1г №25 (для ЛПУ);Антибактериальные средства инъекционные р-ры;;;;
ЦБ-00004563;Цефтриаксон пор в/в и в/м 1г №50;Антибактериальные средства инъекционные р-ры;;;;
ЦБ-00118007;Цефтриаксон пор в/в и в/м 1г №50;Антибактериальные средства инъекционные р-ры;;;;
РТ-00004699;Цефтриаксон пор в/в и в/м 1г №50;Антибактериальные средства инъекционные р-ры;;;;
ЦБ-00154026;Цефтриаксон пор д/приг р-ра в/в и в/м введ. 1г;Антибактериальные средства инъекционные р-ры;;;;
ЦБ-00014596;Цефтриаксон пор д/р-р в/м в/в 1.0 фл. №1;Антибактериальные средства инъекционные р-ры;;;;
ЦБ-00162357;Цефтриаксон пор д/р-ра в/в в/м 1г №1;Антибактериальные средства инъекционные р-ры;;;;
ЦБ-00032828;Цефтриаксон пор. 1г №1;Антибактериальные средства инъекционные р-ры;;;;
ЦБ-00016894;Цефтриаксон пор. в/в и в/м 2г №1;Антибактериальные средства инъекционные р-ры;;;;
ЦБ-00036828;Цефтриаксон пор. д/ин. в/в и в/м 1г флакон №1 + растворитель (Вода д/ин.) амп. 5мл №2;Антибактериальные средства инъекционные р-ры;;;;
ЦБ-00004565;Цефтриаксон пор. д/р-ра в/м 1г №1;Антибактериальные средства инъекционные р-ры;;;;
РТ-00004535;Цефтриаксон пор. д/р-ра в/м 1г №50;Антибактериальные средства инъекционные р-ры;;;;
РТ-00008638;Цефтриаксон пор. д/р-ра в/м 2г №1;Антибактериальные средства инъекционные р-ры;;;;
ЦБ-00186305;Цефтриаксон пор. д/р-ра д/инф. 2г №1;Антибактериальные средства инъекционные р-ры;;;;
ЦБ-00035601;Цефтриаксон пор. для в/в, в/м 1,0;Антибактериальные средства инъекционные р-ры;;;;
РТ-00007613;Цефтриаксон пор. для приг. р-ра для в/в и в/м введ. 1г №1;Антибактериальные средства инъекционные р-ры;;;;
ЦБ-00177734;Цефтриаксон пор. для приг. р-ра для в/в и в/м введ. 1г №5;Антибактериальные средства инъекционные р-ры;;;;
ЦБ-00033880;Цефтриаксон пор.1г №50 в/в, в/м  Биосинтез;Антибактериальные средства инъекционные р-ры;;;;
ЦБ-00116598;Цефтриаксон пор.1г №50 в/в, в/м (для ЛПУ) Красфарма;Антибактериальные средства инъекционные р-ры;;;;
ЦБ-00097161;Цефтриаксон пор.1г №50 в/в, в/м Деко;Антибактериальные средства инъекционные р-ры;;;;
ЦБ-00032993;Цефтриаксон пор.1г №50 в/в. в/м (для ЛПУ);Антибактериальные средства инъекционные р-ры;;;;
ЦБ-00143628;Цефтриаксон Протекх пор. д/р-ра в/в в/м 1г №1;Антибактериальные средства инъекционные р-ры;;;;
ЦБ-00016893;Цефтриаксон р-р д/ин. 1г №1;Антибактериальные средства инъекционные р-ры;;;;
ЦБ-00038902;Цефтриаксон флак пор в/в в/м 1,0 N20;Антибактериальные средства инъекционные р-ры;;;;
ЦБ-00035637;Цефтриаксон-Na фл. 1г;Антибактериальные средства инъекционные р-ры;;;;
ЦБ-00004560;Цефтриаксон-Виал пор в/в и в/м 1г №1;Антибактериальные средства инъекционные р-ры;;;;
ЦБ-00037964;Цефтриаксон-ЛЕКСВМ пор. д/ин 1,0 №50;Антибактериальные средства инъекционные р-ры;;;;
ЦБ-00089257;Цефтриаксон-ЛЕКСВМ пор. д/р-ра д/в/в и в/м 1г №1;Антибактериальные средства инъекционные р-ры;;;;
ЦБ-00190853;Цефтро-АГ пор. д/р-ра в/в в/м введ. 1000мг №1;Антибактериальные средства инъекционные р-ры;;;;
ЦБ-00091526;Цефуроксим пор. д/приг. р-ра для в/в, в/м введ. 750мг №1 фл.;Антибактериальные средства инъекционные р-ры;;;;
ЦБ-00095918;Цефуроксим-Каби пор. д/р-ра для в/в в/м 750мг №10;Антибактериальные средства инъекционные р-ры;;;;
РТ-00012674;Цефурус пор. д/ин. 0,75г №1;Антибактериальные средства инъекционные р-ры;;;;
РТ-00000426;Цефурус пор. д/ин. 1,5г №1;Антибактериальные средства инъекционные р-ры;;;;
ЦБ-00170867;Цикадокс лиоф. д/р-ра в/в и в/м 10мг №5;Инъекционные и инфузионные р-ры;;;;
ЦБ-00092446;Цилапенем пор.д/р-ра д/инф. 500мг+500мг фл.№1;Антибактериальные средства инъекционные р-ры;;;;
ЦБ-00167193;Цинк + вит.Д3 + вит.С + кверцетин таб. №50;Поливитамины;;;;
ЦБ-00107572;Цинк таб. №50 Фортевит;Поливитамины;;;;
ЦБ-00154384;Цинк+Витамин С таб. №200;Витамин С;;;;
ЦБ-00036424;Цинк+Витамин С таб. №50;Поливитамины;;;;
ЦБ-00150552;Цинк+Витамин С таб. шип. №15;Витамин С;;;;
ЦБ-00038403;Цинк10 + С шип таб 120мг + 10мг №20;Поливитамины;;;;
ЦБ-00159614;Цинказол р-р в/м 1мл №10;Инъекционные и инфузионные р-ры;;;;
ЦБ-00004595;Ципринол конц.д/инф. 100мг 10мл №5;Антибактериальные средства инъекционные р-ры;;;;
ЦБ-00020262;ЦИПРИНОЛ Р-Р Д/ИНФ 2МГ 100МЛ ФЛ №1;Антибактериальные средства инъекционные р-ры;;;;
ЦБ-00021895;Ципролет р-р д/ин. 2мг/мл 100мл;Антибактериальные средства инъекционные р-ры;;;;
ЦБ-00024847;Ципролет р-р д/ин. 2мг/мл 100мл;Антибактериальные средства инъекционные р-ры;;;;
ЦБ-00031144;Ципрофлоксацин капли гл. 0.3% тюб-кап 2мл №5;Антибактериальные средства инъекционные р-ры;;;;
ЦБ-00015386;Ципрофлоксацин р-р д/ин. 2мг/мл 100мл;Антибактериальные средства инъекционные р-ры;;;;
ЦБ-00021896;Ципрофлоксацин р-р д/ин. 2мг/мл 100мл;Антибактериальные средства инъекционные р-ры;;;;
61080;Ципрофлоксацин р-р д/инф. 0,2% 100мл №1 для ЛПУ;Антибактериальные средства инъекционные р-ры;;;;
ЦБ-00125867;Ципрофлоксацин р-р д/инф. 2 мг/мл 100мл контейнер №72;Антибактериальные средства инъекционные р-ры;;;;
РТ-00005290;Ципрофлоксацин р-р д/инф. 2мг/мл 100мл;Антибактериальные средства инъекционные р-ры;;;;
ЦБ-00142472;Ципрофлоксацин р-р для инф. 2 мг/мл 100 мл фл. №50 Алиум;Антибактериальные средства инъекционные р-ры;;;;
ЦБ-00166181;Цисталис Д плюс пор. 3,2г лесные ягоды №7;Уроантисептики;;;;
ЦБ-00122930;Цисталис капс. №60;Уроантисептики;;;;
ЦБ-00176867;Цистберри таб. шип. №20;Уроантисептики;;;;
ЦБ-00158726;Цистикапс капс. №30;Уроантисептики;;;;
ЦБ-00119576;Цистифлюкс плюс пор. пак. 8г №14;Уроантисептики;;;;
ЦБ-00039651;Цистоит ГФ гранулы д/рассас. 8г;Уроантисептики;;;;
ЦБ-00014626;Цистотранзит концентрат напитка 100мл;Уроантисептики;;;;
ЦБ-00124071;Цистэль Кидс таб. жев. 2,4 г №20;Уроантисептики;;;;
ЦБ-00122817;Цитадель окси капс.№30;Поливитамины;;;;
ЦБ-00152725;Цитипигам композитум таблетки п/п/о 100мг + 100мг №30;Препараты группы В, нейропротекторы;;;;
ЦБ-00153747;Цитипигам композитум таблетки п/п/о 100мг + 100мг №60;Препараты группы В, нейропротекторы;;;;
ЦБ-00173154;Цитрамаг Магний цитрат + рибофлавин таб. шип. №20;Препараты магния;;;;
ЦБ-00014636;Цитроджекс витамин С 900мг таб. шип. №20;Витамин С;;;;
ЦБ-00152242;Цитроплант Эвалар таб. №30;Поливитамины;;;;
ЦБ-00028379;Цифран р-р д/инф 2мг/мл 100 мл;Антибактериальные средства инъекционные р-ры;;;;
РТ-00001074;Цунами капс. №30;Уроантисептики;;;;
РТ-00009194;Чай Эвалар Био черный с цветками ромашки 1,5г №20;Поливитамины;;;;
ЦБ-00004638;Чарозетта таб. п.о 75мкг №28;Пероральные контрацептивы;;;;
ЦБ-00004639;Чарозетта таб. п.о 75мкг №84;Пероральные контрацептивы;;;;
ЦБ-00167405;Черноголовская вода питьевая дет. н/газ 0,5л;Минеральная вода;;;;
ЦБ-00147868;Черноголовская вода питьевая дет. н/газ. 0,33л;Минеральная вода;;;;
ЦБ-00147062;Черноголовская вода питьевая дет. н/газ. 1,5л;Минеральная вода;;;;
ЦБ-00173546;Чикалаб Витамин Д3 + К2 капс. №60;Витамин Д3;;;;
ЦБ-00153230;Чикалаб Магний 600мг капс. №60;Препараты магния;;;;
ЦБ-00185567;Чистозерье вода лечебно-столовая газ. 0,5л;Минеральная вода;;;;
ЦБ-00124245;Чупа-Флю леденец на палочке при дискомфорте в горле №1 Апельсин;Драже, леденцы;;;;
ЦБ-00124246;Чупа-Флю леденец на палочке при дискомфорте в горле №1 Малина;Драже, леденцы;;;;
ЦБ-00185563;Шамбала вода питьевая газ. 0,285л;Минеральная вода;;;;
ЦБ-00185566;Шамбала вода питьевая газ. стекло 0,585л;Минеральная вода;;;;
ЦБ-00185564;Шамбала вода питьевая негаз. 0,285л;Минеральная вода;;;;
ЦБ-00185565;Шамбала вода питьевая негаз. стекло 0,585л;Минеральная вода;;;;
ЦБ-00168008;Шиповника сироп 135г;Витамин С;;;;
ЦБ-00161395;Шприу 5мл 3-х дет Хелф Лайн стер. однокр. с иглой 22G №100;Шприцы;;;;
ЦБ-00079767;Шприц 0,5мл 3-х комп. инсул. 30Gх1/2 “(0.30 мм х 8,0 мм) U-100 SFM №10;Шприцы;;;;
ЦБ-00178388;Шприц 0,5мл 3-х комп.инсул. 30Gх1/2 (0.30 мм х 8 мм) U-100 №1 интегрир.;Шприцы;;;;
ЦБ-00122091;Шприц 0,5мл инсулин. U-100 (3-х)SFM онораз. стерильн. с интегр. Иглой 0,30х8,0 – 30G№10;Шприцы;;;;
ЦБ-00124688;Шприц 0,5мл инсулин. однократ. прим. FEELject с иглой 31G (0.26*8мм) U-100 №10 (без НДС);Шприцы;;;;
ЦБ-00082293;Шприц 0,5мл инсулин. однократ.прим. FEELject с иглой 31G (0.26*8мм) №10;Шприцы;;;;
РТ-00007076;Шприц 0,5мл инсулин. с интегр. иглой FEELject 31G (0.26*8мм) U-100 №10;Шприцы;;;;
ЦБ-00103614;Шприц 1 мл. инъектор инсулиновый 2-х комп. 100U 0,4х13мм;Шприцы;;;;
ЦБ-00142394;Шприц 1 мл. инъекционный туберкулиновый 2-х комп., 26G 0,45х12мм №1;Шприцы;;;;
ЦБ-00140506;Шприц 1 мл. инъекционный туберкулиновый 2-х комп., 26G 0,45х12мм №100;Шприцы;;;;
ЦБ-00082746;Шприц 1 мл. инъекционный туберкулиновый 2-х комп., 27G 0,4х13мм;Шприцы;;;;
ЦБ-00119657;Шприц 1 мл. инъекционный туберкулиновый 2-х комп., 27G 0,4х13мм №1 (упак. 100 шт.);Шприцы;;;;
ЦБ-00096563;"Шприц 10 мл двухкомпонентный с надетой иглой 21G 1 1/2""(0,8мм*40мм)";Шприцы;;;;
ЦБ-00156215;"Шприц 10 мл двухкомпонентный с надетой иглой 21G 1 1/2""(0,8мм*40мм)№1 (упак. 10 шт.)";Шприцы;;;;
ЦБ-00014816;Шприц 10мл;Шприцы;;;;
ЦБ-00189993;Шприц 10мл 21Gх11/2 (0,80х38мм) №100;Шприцы;;;;
ЦБ-00162624;Шприц 10мл 2-хкомп. Луер  с иглой (0,8мм х 40мм) №100;Шприцы;;;;
ЦБ-00149082;Шприц 10мл 2-хкомп. с приложенной иглой 10Б Луер (0,8мм*40мм) №10;Шприцы;;;;
ЦБ-00119659;Шприц 10мл 2-хкомп. с приложенной иглой 10Б Луер (0,8мм*40мм) №100;Шприцы;;;;
ЦБ-00162448;Шприц 10мл 3-х дет Хелф Лайн стер. однокр. с иглой 22G (0,7х38мм) №80;Шприцы;;;;
ЦБ-00025005;ШПРИЦ 10МЛ 3-Х КОМП С ИГЛ.21G ОМНИФ.N100;Шприцы;;;;
ЦБ-00068043;Шприц 10мл 3-х комп. Паскаль с иглой 21G (0,8x40мм) №1;Шприцы;;;;
ЦБ-00120542;Шприц 10мл 3-х комп. с иглой 21G 0,8x40мм №100;Шприцы;;;;
ЦБ-00161528;"Шприц 10мл 3-х комп. с иглой 21Gх1 1/2"" (0,8x40мм) №10 Pascal";Шприцы;;;;
ЦБ-00165978;"Шприц 10мл 3-х комп. с иглой 21Gх1 1/2"" (0,8x40мм) Pascal №1 (уп.№100)";Шприцы;;;;
ЦБ-00121255;Шприц 10мл 3-х комп. стер. с иглой 22G №100;Шприцы;;;;
ЦБ-00156910;Шприц 10мл 3-х комп.стер. луер с иглой 0,6*40мм премиум №100;Шприцы;;;;
ЦБ-00074019;"Шприц 10мл B.BRAUN ""Инжект"" с иглой 21G";Шприцы;;;;
ЦБ-00018554;Шприц 10мл №50;Шприцы;;;;
ЦБ-00155790;Шприц 10мл однораз 3-х дет. стер. с иглой 21G 0,8*38мм;Шприцы;;;;
ЦБ-00174363;Шприц 10мл однораз 3-х дет. стер. с иглой 21G 0,8*38мм №1;Шприцы;;;;
ЦБ-00169471;Шприц 10мл однораз 3-х дет. стер. с иглой 21G 0,8*38мм №10;Шприцы;;;;
ЦБ-00152387;"Шприц 1мл ""Инжект"" дуо U-40 c иглой №100";Шприцы;;;;
ЦБ-00190069;Шприц 1мл 26Gх1/2 (0,45х12мм) №100;Шприцы;;;;
ЦБ-00149504;Шприц 1мл 3-х комп. инсул. с интегр.иглой 29G (0,33*12,7мм) U-100 SFM №1;Шприцы;;;;
ЦБ-00086343;Шприц 1мл 3-х комп. инсул. с интегр.иглой 29G (0,33*12,7мм) U-100 SFM №10;Шприцы;;;;
ЦБ-00086330;Шприц 1мл 3-х комп. инсул. с интегр.иглой 29G (0,33*12,7мм) U-100 SFM №100;Шприцы;;;;
ЦБ-00122838;Шприц 1мл 3-х комп. инсул. с интегр.иглой 30G (0,3*8мм) U-100 SFM №1;Шприцы;;;;
ЦБ-00086342;Шприц 1мл 3-х комп. инсул. с интегр.иглой 30G (0,3*8мм) U-100 SFM №10;Шприцы;;;;
ЦБ-00158785;Шприц 1мл 3-х комп. с иглой (0,4x13мм) Pascal;Шприцы;;;;
ЦБ-00173930;Шприц 1мл 3-х комп. с иглой 27G (0,4x13мм) №1;Шприцы;;;;
ЦБ-00168182;Шприц 1мл 3-х комп. с иглой 27Gx*1/2 (0,4x13мм) Pascal №1 (уп.№100);Шприцы;;;;
ЦБ-00023138;ШПРИЦ 1МЛ ИНС. U-40  3-КОМП. МИКРО-ФАЙН №1;Шприцы;;;;
ЦБ-00094758;Шприц 1мл инс. U-40/100 имп.игл. (МПК Елец);Шприцы;;;;
ЦБ-00022686;ШПРИЦ 1МЛ ИНС. С ИГЛОЙ U-40 №10;Шприцы;;;;
ЦБ-00079312;Шприц 1мл инсулин. однократ.прим. FEELject с иглой 31G 8мм №10;Шприцы;;;;
ЦБ-00124689;Шприц 1мл инсулин. однократ.прим. FEELject с иглой 31G 8мм U-100 №10 (без НДС);Шприцы;;;;
РТ-00007343;Шприц 1мл инсулин. с интегр. иглой FEELject 30G (0.3*12,7мм) №10;Шприцы;;;;
РТ-00012603;Шприц 1мл инсулин. с интегр. иглой FEELject 31G 8мм №10;Шприцы;;;;
ЦБ-00169700;Шприц 1мл однораз 3-х дет. стер. с иглой 26G (0,45-12мм) №10;Шприцы;;;;
ЦБ-00155599;Шприц 1мл однораз 3-х дет. стер. с иглой 26G 0,45-12мм №1;Шприцы;;;;
ЦБ-00165841;Шприц 1мл однораз 3-х дет. стер. с иглой 26G 0,45х13мм №1;Шприцы;;;;
ЦБ-00114708;Шприц 1мл однораз. стер. Vogt  Medical  инсул.  U-100 интег. игла 30 G 1 1/2 (0.30х13 мм) трехкомп;Шприцы;;;;
26718;Шприц 1мл туб. с имп.игл. (МПК Елец) премиум;Шприцы;;;;
ЦБ-00158194;Шприц 2 мл 3-х комп. стер. луер с иглой 0,6*30 №100;Шприцы;;;;
ЦБ-00096566;"Шприц 2 мл двухкомпонентный с надетой иглой 23G 1 1/4""(0,6 мм*30мм)";Шприцы;;;;
68505;Шприц 20 мл 2-х дет.с имп.иглой (МПК Елец);Шприцы;;;;
ЦБ-00098325;"Шприц 20Б ""Луер"" с имп.игл. 21G (0,8х40мм) двухдетальный";Шприцы;;;;
ЦБ-00189493;Шприц 20мл 21Gх11/2 (0,80х38мм) №60;Шприцы;;;;
ЦБ-00164673;Шприц 20мл 2-х комп. Луер  с иглой (0,8ммх40мм) №50;Шприцы;;;;
ЦБ-00155843;Шприц 20мл 2-хкомп. с приложенной иглой 20Б Луер (0,8мм*40мм) №5;Шприцы;;;;
ЦБ-00120696;Шприц 20мл 2-хкомп. с приложенной иглой 20В (0,8мм*40мм)№50;Шприцы;;;;
ЦБ-00156217;"Шприц 20мл 2-хкомп. с приложенной иглой 21G 1 1/2""(0,8мм*40мм)№1 (упак. 5 шт.)";Шприцы;;;;
ЦБ-00068045;Шприц 20мл 3-х комп. Паскаль с иглой 21G (0,8x40мм) №1;Шприцы;;;;
ЦБ-00161529;"Шприц 20мл 3-х комп. с иглой 21Gх1 1/2"" (0,8x40мм) №5 Pascal";Шприцы;;;;
ЦБ-00129519;"Шприц 20мл 3-х комп. с иглой 21Gх1 1/2"" (0,8x40мм) №80";Шприцы;;;;
ЦБ-00160546;Шприц 20мл 3-х комп. с иглой Луер 0,8*40мм №50;Шприцы;;;;
ЦБ-00104900;Шприц 20мл 3-х комп. с имп.иглой (МПК Елец);Шприцы;;;;
ЦБ-00157874;Шприц 20мл 3-х комп. с имп.иглой Луер 0,8*40мм премиум №40;Шприцы;;;;
68507;Шприц 20мл 3-х комп. с имп.иглой Луер-Лок (МПК Елец);Шприцы;;;;
ЦБ-00120620;Шприц 20мл 3-х комп. стер. с иглой 21G №50;Шприцы;;;;
ЦБ-00156911;Шприц 20мл 3-х комп.стер. с иглой 21G №1;Шприцы;;;;
ЦБ-00161836;Шприц 20мл 3-х компонентный игла сьемн Омнификс 21G(0,8*40);Шприцы;;;;
ЦБ-00074026;"Шприц 20мл B.BRAUN ""Инжект"" с иглой 21G";Шприцы;;;;
ЦБ-00022313;Шприц 20мл №1;Шприцы;;;;
ЦБ-00169843;Шприц 20мл однораз 3-х дет. стер. с иглой 21G (0,8х38мм) №5;Шприцы;;;;
ЦБ-00014821;Шприц 2мл;Шприцы;;;;
ЦБ-00190420;Шприц 2мл 23Gх11/4 (0,60х32мм) №100;Шприцы;;;;
26732;Шприц 2мл 2-х дет.с имп.иглой (МПК Елец);Шприцы;;;;
ЦБ-00162029;Шприц 2мл 2-х комп.стер. луер с иглой 0,6*30мм премиум №100;Шприцы;;;;
ЦБ-00162449;Шприц 2мл 3-х дет Хелф Лайн стер. однокр. с иглой 22G (0,7х32мм) №150;Шприцы;;;;
ЦБ-00110219;Шприц 2мл 3-х дет. инъекцион. однокр.прим. стерил. с имп.иглой Луер 0,6*30мм (МПК Елец);Шприцы;;;;
ЦБ-00068044;Шприц 2мл 3-х комп. Паскаль с иглой 23G (0,6x30мм) №1;Шприцы;;;;
ЦБ-00149475;Шприц 2мл 3-х комп. с иглой 22G (0,7x40мм);Шприцы;;;;
ЦБ-00161523;"Шприц 2мл 3-х комп. с иглой 22Gх1 1/2"" (0,7x40мм) №10 Pascal";Шприцы;;;;
ЦБ-00161522;"Шприц 2мл 3-х комп. с иглой 23Gх1 1/4"" (0,6x30мм) №10 Pascal";Шприцы;;;;
ЦБ-00184594;Шприц 2мл 3-х комп. стер. Луер с иглой 0,6*30 №100;Шприцы;;;;
ЦБ-00121930;Шприц 2мл 3-х комп. стер. с иглой 23G №200;Шприцы;;;;
ЦБ-00155969;Шприц 2мл 3-х комп.стер. луер с иглой 0,6*30мм премиум №100;Шприцы;;;;
ЦБ-00074006;"Шприц 2мл B.BRAUN ""Инжект"" c иглой 23G";Шприцы;;;;
ЦБ-00017378;Шприц 2мл №1;Шприцы;;;;
ЦБ-00156205;Шприц 2мл однораз 3-х дет. стер. с иглой 23G 0,6-32мм №1;Шприцы;;;;
ЦБ-00169258;Шприц 2мл однораз 3-х дет. стер. с иглой 23G 0,6-32мм №10;Шприцы;;;;
РТ-00001613;Шприц 2-х комп 10мл 21G (0,8х40) №100;Шприцы;;;;
ЦБ-00119238;Шприц 2-х комп 10мл Луер с иглой 21G (0,8х40) блистер №100;Шприцы;;;;
РТ-00006689;Шприц 2-х комп 10мл с иглой (21G) №1;Шприцы;;;;
ЦБ-00134708;Шприц 2-х комп 10мл с иглой 21G (0,8мм*40мм) №1;Шприцы;;;;
ЦБ-00129518;Шприц 2-х комп 20мл 21G c иглой (0,8х40мм) №36;Шприцы;;;;
ЦБ-00021272;Шприц 2-х комп 20мл 21G №100;Шприцы;;;;
ЦБ-00122090;Шприц 2-х комп 20мл 21G с иглой (0,8х40мм) №50;Шприцы;;;;
РТ-00010797;Шприц 2-х комп 20мл 21G с надетой иглой (0,8х40мм) №1;Шприцы;;;;
РТ-00010799;Шприц 2-х комп 20мл 21G с приложенной иглой (0,8х40мм) №1;Шприцы;;;;
ЦБ-00146941;Шприц 2-х комп 2мл;Шприцы;;;;
РТ-00012040;Шприц 2-х комп 2мл 23G с надетой иглой (0,6х30мм) №1;Шприцы;;;;
ЦБ-00014833;Шприц 2-х комп 2мл Инжект (23G 0.6x30) №100;Шприцы;;;;
ЦБ-00121839;Шприц 2-х комп 2мл с иглой 23G (0,6мм*30мм) №100;Шприцы;;;;
ЦБ-00033426;Шприц 2-х комп 5мл c иглой  21G №100;Шприцы;;;;
ЦБ-00127562;Шприц 2-х комп 5мл Инжект (игла 0,7*40 мм) №100;Шприцы;;;;
ЦБ-00036535;Шприц 2-х комп 5мл Инжект (игла 0,8х40 мм) №100;Шприцы;;;;
РТ-00014083;Шприц 2-х комп 5мл Луер с иглой 5А 0,7х40 №100;Шприцы;;;;
ЦБ-00121064;Шприц 2-х комп 5мл с двумя иглами 21G(0,8х38мм) 22G (0,7х40мм);Шприцы;;;;
РТ-00010001;Шприц 2-х комп 5мл с иглой 22G (0,7мм*40мм) №1;Шприцы;;;;
РТ-00009305;Шприц 2-х комп 5мл с иглой 22G (0,7мм*40мм) №100;Шприцы;;;;
ЦБ-00036884;Шприц 2-х комп 5мл с иглой 22G №100;Шприцы;;;;
РТ-00005787;Шприц 2-х комп Луер 2А (0,6х25);Шприцы;;;;
ЦБ-00166005;Шприц 2-х комп. 2мл с иглой 23G (0,6х30мм) №1;Шприцы;;;;
ЦБ-00160295;Шприц 2-х комп. 2мл с иглой 23G №100;Шприцы;;;;
ЦБ-00130817;Шприц 2-х комп. 5мл №1;Шприцы;;;;
ЦБ-00068723;Шприц 2-х комп. 5мл с иглой 22G 0,7мм*40мм №1;Шприцы;;;;
ЦБ-00141321;Шприц 2х-комп. 2мл с иглой 23G (0,6 мм*30мм) №1 (упак. 10 шт.);Шприцы;;;;
ЦБ-00190182;Шприц 3мл 23Gх11/4 (0,60х32мм) №100;Шприцы;;;;
ЦБ-00023914;ШПРИЦ 3МЛ 3-Х КОМП С ИГЛ 23G ОМНИФ.N100;Шприцы;;;;
ЦБ-00146086;Шприц 3мл 3-х комп. Паскаль с иглой 23G (0,6х30мм) №1;Шприцы;;;;
ЦБ-00133884;Шприц 3мл 3-х комп. с иглой 22G (0,7x40мм) №100;Шприцы;;;;
ЦБ-00161525;"Шприц 3мл 3-х комп. с иглой 22Gх1 1/2"" (0,7x40мм) №10 Pascal";Шприцы;;;;
ЦБ-00161524;"Шприц 3мл 3-х комп. с иглой 23Gх1 1/4"" (0,6x30мм) №10 Pascal";Шприцы;;;;
ЦБ-00018555;Шприц 3мл №50;Шприцы;;;;
ЦБ-00157624;Шприц 3мл однораз 3-х дет. стер. с иглой 23G 0,6-32мм №1;Шприцы;;;;
ЦБ-00169459;Шприц 3мл однораз 3-х дет. стер. с иглой 23G 0,6-32мм №10;Шприцы;;;;
ЦБ-00172234;Шприц 3-х дет. 3мл однораз. стер. с иглой 23G (0,6х25мм) №100;Шприцы;;;;
ЦБ-00158193;Шприц 3-х дет. с катетерным наконечн. 150мл №1;Шприцы;;;;
РТ-00002074;Шприц 3-х комп 10мл 21G (0,8*40мм) №60;Шприцы;;;;
ЦБ-00023042;Шприц 3-х комп 10мл 21G (0,8х40мм) №1;Шприцы;;;;
РТ-00013887;Шприц 3-х комп 10мл №1;Шприцы;;;;
ЦБ-00040028;Шприц 3-х комп 10мл Луер с иглой 10А (0,8*38) №100;Шприцы;;;;
РТ-00011577;Шприц 3-х комп 10мл Луер с иглой 21G (0,8*40) №10;Шприцы;;;;
РТ-00010794;Шприц 3-х комп 10мл Луер с иглой №100;Шприцы;;;;
ЦБ-00014815;Шприц 3-х комп 10мл с игл. 21G*38мм;Шприцы;;;;
РТ-00014201;Шприц 3-х комп 10мл с иглой (0,8х40) №100;Шприцы;;;;
ЦБ-00194080;Шприц 3-х комп 10мл с иглой (0,8х40) №5;Шприцы;;;;
ЦБ-00121065;Шприц 3-х комп 10мл с иглой 21G (0,8х40);Шприцы;;;;
РТ-00010717;Шприц 3-х комп 10мл с иглой 21G №1;Шприцы;;;;
РТ-00014893;Шприц 3-х комп 10мл с иглой 21G №10;Шприцы;;;;
РТ-00002075;Шприц 3-х комп 20мл (21G 0,8*40) №36;Шприцы;;;;
РТ-00010798;Шприц 3-х комп 20мл (21G 0.8х40мм) №1;Шприцы;;;;
ЦБ-00135466;Шприц 3-х комп 20мл (21G 0.8х40мм) №50;Шприцы;;;;
РТ-00014153;Шприц 3-х комп 20мл №1;Шприцы;;;;
РТ-00009851;Шприц 3-х комп 20мл Луер с иглой 21G (0,8*40) №5;Шприцы;;;;
ЦБ-00142232;Шприц 3-х комп 20мл Луер с иглой 21G (0,8*40) №80;Шприцы;;;;
РТ-00003541;Шприц 3-х комп 20мл с иглой (0,8х40) №50;Шприцы;;;;
ЦБ-00024726;Шприц 3-х комп 20мл с иглой 21G;Шприцы;;;;
ЦБ-00120511;Шприц 3-х комп 20мл с иглой 21G (0,8х40);Шприцы;;;;
ЦБ-00122065;Шприц 3-х комп 20мл с иглой 21G №5;Шприцы;;;;
РТ-00005156;Шприц 3-х комп 2мл (23G 0.6х25) №100;Шприцы;;;;
РТ-00013884;Шприц 3-х комп 2мл №1;Шприцы;;;;
ЦБ-00146915;Шприц 3-х комп 2мл №10;Шприцы;;;;
ЦБ-00119236;Шприц 3-х комп 2мл Луер 23G (0,6*30) с иглой №100;Шприцы;;;;
РТ-00012176;Шприц 3-х комп 2мл Луер 23G с иглой №100;Шприцы;;;;
РТ-00009304;Шприц 3-х комп 2мл Луер с иглой (0,6*32) №100;Шприцы;;;;
РТ-00011018;Шприц 3-х комп 2мл Луер с иглой 22G (0,7*40) №10;Шприцы;;;;
ЦБ-00116970;Шприц 3-х комп 2мл Луер с иглой 22G (0,7*40) №100 Паскаль;Шприцы;;;;
РТ-00010962;Шприц 3-х комп 2мл Луер с иглой 23G (0,6*30) №10;Шприцы;;;;
ЦБ-00040029;Шприц 3-х комп 2мл Луер с иглой 2А (0,6*32) №100;Шприцы;;;;
РТ-00011169;Шприц 3-х комп 2мл Луер-Лок с иглой;Шприцы;;;;
ЦБ-00193567;Шприц 3-х комп 2мл с иглой (0,6х32) №10;Шприцы;;;;
ЦБ-00120402;Шприц 3-х комп 2мл с иглой (0,6х32) №100;Шприцы;;;;
ЦБ-00143233;Шприц 3-х комп 2мл с иглой 22G (0.7х40мм) №10;Шприцы;;;;
РТ-00001494;Шприц 3-х комп 2мл с иглой 23G (0,6х30) №120;Шприцы;;;;
ЦБ-00182301;Шприц 3-х комп 2мл с иглой 23G (0,6х30) №120;Шприцы;;;;
РТ-00005693;Шприц 3-х комп 2мл с иглой 23G (0,6х30мм) №100;Шприцы;;;;
ЦБ-00014845;Шприц 3-х комп 2мл с иглой 23G (0.6х30мм) №1;Шприцы;;;;
ЦБ-00121668;Шприц 3-х комп 2мл с иглой 23G (0.6х30мм) №100;Шприцы;;;;
РТ-00008992;Шприц 3-х комп 2мл с иглой 23G №1;Шприцы;;;;
РТ-00010800;Шприц 3-х комп 3мл 23G (0,6х30мм) №1;Шприцы;;;;
ЦБ-00135467;Шприц 3-х комп 3мл 23G (0,6х30мм) №100;Шприцы;;;;
ЦБ-00141956;Шприц 3-х комп 3мл 23G (0,6х30мм) №100;Шприцы;;;;
ЦБ-00149308;Шприц 3-х комп 3мл 23G (0,6х30мм) №100;Шприцы;;;;
ЦБ-00014822;Шприц 3-х комп 3мл №1;Шприцы;;;;
РТ-00013885;Шприц 3-х комп 3мл №1;Шприцы;;;;
ЦБ-00040119;Шприц 3-х комп 3мл №100;Шприцы;;;;
РТ-00011032;Шприц 3-х комп 3мл Луер 23G с иглой №100;Шприцы;;;;
ЦБ-00182300;Шприц 3-х комп 3мл Луер с иглой 22G (0,7*40) №1;Шприцы;;;;
РТ-00009998;Шприц 3-х комп 3мл Луер с иглой 22G (0,7*40) №10;Шприцы;;;;
ЦБ-00125783;Шприц 3-х комп 3мл Луер с иглой 22G (0,7*40) №100;Шприцы;;;;
РТ-00009999;Шприц 3-х комп 3мл Луер с иглой 23G (0,6*30) №10;Шприцы;;;;
РТ-00012706;Шприц 3-х комп 3мл Луер с иглой 23G (0,6*30) №100;Шприцы;;;;
ЦБ-00164027;Шприц 3-х комп 3мл Луер с иглой 23G (0.6х30мм) №1;Шприцы;;;;
ЦБ-00191384;Шприц 3-х комп 3мл Луер с иглой 23G (0.6х30мм) №100;Шприцы;;;;
РТ-00010688;Шприц 3-х комп 3мл Луер-Лок с иглой;Шприцы;;;;
ЦБ-00193565;Шприц 3-х комп 3мл с иглой (0,6х32) №10;Шприцы;;;;
РТ-00009820;Шприц 3-х комп 3мл с иглой (0,6х32) №100;Шприцы;;;;
ЦБ-00141247;Шприц 3-х комп 3мл с иглой 22G (0,7*40) Паскаль №100;Шприцы;;;;
ЦБ-00116971;Шприц 3-х комп 3мл с иглой 23G (0,6х30) №1;Шприцы;;;;
РТ-00010363;Шприц 3-х комп 3мл с иглой 23G №1;Шприцы;;;;
ЦБ-00168758;Шприц 3-х комп 50мл 18G с иглой (1,2х40мм) №1;Шприцы;;;;
ЦБ-00184205;Шприц 3-х комп 50мл с иглой 18G (1,20x40мм) №25;Шприцы;;;;
РТ-00008458;Шприц 3-х комп 5мл (22G 0.7х38) №10;Шприцы;;;;
РТ-00007299;Шприц 3-х комп 5мл (23G 0.6х32) №100;Шприцы;;;;
РТ-00010007;Шприц 3-х комп 5мл 22G (0.7x40) №1;Шприцы;;;;
РТ-00011294;Шприц 3-х комп 5мл 22G (0.7x40) №1;Шприцы;;;;
ЦБ-00014823;Шприц 3-х комп 5мл №1;Шприцы;;;;
РТ-00013886;Шприц 3-х комп 5мл №1;Шприцы;;;;
РТ-00009484;Шприц 3-х комп 5мл Луер с иглой (0.7*40);Шприцы;;;;
РТ-00009852;Шприц 3-х комп 5мл Луер с иглой 22G (0,7*30) №10;Шприцы;;;;
РТ-00010492;Шприц 3-х комп 5мл Луер с иглой 22G (0,7*40) №10;Шприцы;;;;
ЦБ-00159447;Шприц 3-х комп 5мл Луер с иглой 22G (0,7*40) №100;Шприцы;;;;
ЦБ-00061737;Шприц 3-х комп 5мл Луер с иглой 22G(0,7*30) №100;Шприцы;;;;
ЦБ-00018112;Шприц 3-х комп 5мл Луер с иглой 5А 0,7х38 №100;Шприцы;;;;
РТ-00009966;Шприц 3-х комп 5мл Луер с иглой №100;Шприцы;;;;
РТ-00012651;Шприц 3-х комп 5мл Луер-Лок с иглой;Шприцы;;;;
ЦБ-00166830;Шприц 3-х комп 5мл Паскаль с иглой 21G (0,8х40мм) №1;Шприцы;;;;
РТ-00003420;Шприц 3-х комп 5мл с иглой (0,7х40) №100;Шприцы;;;;
ЦБ-00159535;Шприц 3-х комп 5мл с иглой (0,7х40) №100;Шприцы;;;;
РТ-00013053;Шприц 3-х комп 5мл с иглой 22G (0,7*40) Паскаль;Шприцы;;;;
ЦБ-00119656;Шприц 3-х комп 5мл с иглой 22G (0,7*40) Паскаль №100;Шприцы;;;;
РТ-00014969;Шприц 3-х комп 5мл с иглой 22G (0,7мм*40мм) №1;Шприцы;;;;
ЦБ-00121669;Шприц 3-х комп 5мл с иглой 22G (0,7мм*40мм) №100;Шприцы;;;;
ЦБ-00149543;Шприц 3-х комп 5мл с иглой 22G (0,7мм*40мм) №100;Шприцы;;;;
РТ-00014022;Шприц 3-х комп 5мл с иглой 22G (0,7мм*40мм) №100;Шприцы;;;;
ЦБ-00120621;Шприц 3-х комп 5мл с иглой 22G (0,7х40) №1;Шприцы;;;;
РТ-00009425;Шприц 3-х комп 5мл с иглой 22G №1;Шприцы;;;;
ЦБ-00164674;Шприц 3-х комп 5мл с иглой Луер-Лок (0,70х40мм) №100;Шприцы;;;;
РТ-00006688;Шприц 3-х комп инсулин 1мл 26G (0,45х12мм);Шприцы;;;;
РТ-00004848;Шприц 3-х комп инсулин 1мл U-100  с интегр. иглой 29G (0,33*12,7мм) №1;Шприцы;;;;
РТ-00011295;Шприц 3-х комп инсулин/туберк. 1мл U-100 26Gх1/2 (0,45х12мм) №1;Шприцы;;;;
ЦБ-00135610;Шприц 3-х комп инсулин/туберк. 1мл U-100 26Gх1/2 (0,45х12мм) №100;Шприцы;;;;
ЦБ-00140710;Шприц 3-х комп с иглой 1 мл 26G;Шприцы;;;;
ЦБ-00117947;Шприц 3-х комп с иглой 1 мл 26G №10;Шприцы;;;;
ЦБ-00168162;Шприц 3-х комп с иглой 10 мл;Шприцы;;;;
ЦБ-00167030;Шприц 3-х комп с иглой 2 мл 23G №1;Шприцы;;;;
РТ-00014380;Шприц 3-х комп с иглой 2 мл 23G №10;Шприцы;;;;
РТ-00014243;Шприц 3-х комп с иглой 3 мл 23G №10;Шприцы;;;;
ЦБ-00164814;Шприц 3-х комп с иглой 5 мл 22G №1;Шприцы;;;;
РТ-00014379;Шприц 3-х комп с иглой 5 мл 22G №10;Шприцы;;;;
ЦБ-00166335;Шприц 3-х комп с иглой 5мл 22G (0,7х40мм) №100;Шприцы;;;;
ЦБ-00162030;Шприц 3-х комп. 10мл игла 21G 0,8*38мм №1;Шприцы;;;;
ЦБ-00161837;Шприц 3-х комп. 1мл игла 27G 0,4*12мм №1;Шприцы;;;;
ЦБ-00161627;Шприц 3-х комп. 20мл игла 21G 0,8*38мм №1;Шприцы;;;;
ЦБ-00161838;Шприц 3-х комп. 2мл игла 23G 0,6*30мм №1;Шприцы;;;;
ЦБ-00168245;Шприц 3-х комп. 2мл игла 23G 0,6*30мм №150;Шприцы;;;;
ЦБ-00179056;Шприц 3-х комп. 2мл с иглой 25G (0,5х25мм) тонкостен. №10;Шприцы;;;;
ЦБ-00165497;Шприц 3-х комп. 3мл игла 23G 0,6х38мм №150;Шприцы;;;;
ЦБ-00161623;Шприц 3-х комп. 50мл игла 18G 1,2*38мм №1;Шприцы;;;;
ЦБ-00166437;Шприц 3-х комп. 5мл игла 22G (0,7х38мм) №100;Шприцы;;;;
ЦБ-00161786;Шприц 3-х комп. 5мл игла 22G 0,7*38мм №1;Шприцы;;;;
ЦБ-00172140;Шприц 3-х комп. 5мл игла 23G (0,6х38мм) №10;Шприцы;;;;
ЦБ-00173511;Шприц 3-х комп. 5мл с двумя иглами 25G (0,5х38мм) и 23G (0,6х38мм) №10;Шприцы;;;;
ЦБ-00030557;Шприц 3-х комп. Plastipak 2мл с иглой 08-40мм №10 зелен.(301967);Шприцы;;;;
ЦБ-00030558;Шприц 3-х комп. Plastipak 5мл с иглой 07-30 мм №10 черн.(301968);Шприцы;;;;
ЦБ-00170336;Шприц 3-х комп. стер. 10 мл с иглой 21G (0,8х38мм) №1;Шприцы;;;;
ЦБ-00168228;Шприц 3-х комп. стер. 10мл;Шприцы;;;;
ЦБ-00161970;Шприц 3х-компонент. 10мл игла 0,8*40мм №100;Шприцы;;;;
ЦБ-00163789;Шприц 3х-компонент. 10мл игла 21G (0,8х40мм) №10;Шприцы;;;;
ЦБ-00189599;Шприц 3х-компонент. 10мл Луер игла 21G (0,8х40мм) №10;Шприцы;;;;
ЦБ-00162180;Шприц 3х-компонент. 1мл игла 0,4*12мм №10;Шприцы;;;;
ЦБ-00162181;Шприц 3х-компонент. 1мл игла 0,4*12мм №100;Шприцы;;;;
ЦБ-00166159;Шприц 3х-компонент. 1мл игла 26G (0,45х12мм) №100;Шприцы;;;;
ЦБ-00163408;Шприц 3х-компонент. 20мл Луер игла 0,8х40мм №10;Шприцы;;;;
ЦБ-00163596;Шприц 3х-компонент. 20мл Луер игла 0,8х40мм №100;Шприцы;;;;
ЦБ-00182870;Шприц 3х-компонент. 20мл Луер игла 21G 0,8х40мм №50;Шприцы;;;;
ЦБ-00161971;Шприц 3х-компонент. 2мл игла 0,6*30мм №10;Шприцы;;;;
ЦБ-00161835;Шприц 3х-компонент. 2мл игла 0,6*30мм №100;Шприцы;;;;
ЦБ-00166120;Шприц 3х-компонент. 2мл Луер игла 23G (0,6х25мм) №10;Шприцы;;;;
ЦБ-00164026;Шприц 3х-компонент. 2мл Луер игла 23G (0,6х25мм) №100;Шприцы;;;;
ЦБ-00189580;Шприц 3х-компонент. 2мл Луер игла 23G (0,6х30мм) №10;Шприцы;;;;
ЦБ-00162719;Шприц 3х-компонент. 3мл игла 0,6*30мм №10;Шприцы;;;;
ЦБ-00163877;Шприц 3х-компонент. 3мл игла 23G (0,6х30мм) №100;Шприцы;;;;
ЦБ-00166161;Шприц 3х-компонент. 3мл Луер игла 23G (0,6х25мм) №10;Шприцы;;;;
ЦБ-00166384;Шприц 3х-компонент. 3мл Луер игла 23G (0,6х25мм) №100;Шприцы;;;;
ЦБ-00189581;Шприц 3х-компонент. 3мл Луер игла 23G (0,6х30мм) №10;Шприцы;;;;
ЦБ-00161746;Шприц 3х-компонент. 5мл игла 0,7*40мм №10;Шприцы;;;;
ЦБ-00163725;Шприц 3х-компонент. 5мл игла 21G (0,8х40мм) №10;Шприцы;;;;
ЦБ-00164742;Шприц 3х-компонент. 5мл игла 21G (0,8х40мм) №100;Шприцы;;;;
ЦБ-00165421;Шприц 3х-компонент. 5мл игла 22G (0,7х40мм) №10;Шприцы;;;;
ЦБ-00161972;Шприц 3х-компонент. 5мл игла 22G (0,7х40мм) №100;Шприцы;;;;
ЦБ-00143234;Шприц 3х-компонент. KD-ject 5мл;Шприцы;;;;
ЦБ-00111233;Шприц 4 мл 3-х комп. с двумя иглами (МПК Елец);Шприцы;;;;
ЦБ-00068084;Шприц 4 мл 3-х комп. с имп.иглой (МПК Елец);Шприцы;;;;
ЦБ-00096565;"Шприц 5 мл двухкомпонентный с надетой иглой 22G 1 1/2""(0,7мм*40мм)";Шприцы;;;;
ЦБ-00190944;Шприц 50мл 18Gх11/2 (1,2х38мм) №20;Шприцы;;;;
ЦБ-00157332;Шприц 50мл 3-х дет. стер. прим. луер с иглой 1,2*40мм №50;Шприцы;;;;
ЦБ-00092334;Шприц 50мл 3-х комп. с иглой 1,2*40 Стерин luer-slip;Шприцы;;;;
ЦБ-00111249;"Шприц 50мл 3-х компонентный игла с фильтром  luеr-lock ""Перфузор"" (8728852F-20) №100";Шприцы;;;;
ЦБ-00014824;Шприц 5мл;Шприцы;;;;
ЦБ-00190368;Шприц 5мл 22Gх11/2 (0,70х38мм) №100;Шприцы;;;;
26731;Шприц 5мл 2-х дет.с имп.иглой (МПК Елец);Шприцы;;;;
ЦБ-00162385;Шприц 5мл 2-х комп.стер. луер с иглой 0,7х40мм премиум №100;Шприцы;;;;
ЦБ-00154908;Шприц 5мл 3-х дет. 0,7*40 Луер №100;Шприцы;;;;
ЦБ-00159550;Шприц 5мл 3-х комп. игла 0,7*40мм №100;Шприцы;;;;
ЦБ-00123719;Шприц 5мл 3-х комп. Паскаль с иглой 22G (0,7х40мм) №1;Шприцы;;;;
ЦБ-00193796;Шприц 5мл 3-х комп. с иглой (0,7x40мм) №10;Шприцы;;;;
ЦБ-00165977;"Шприц 5мл 3-х комп. с иглой 22Gх1 1/2"" (0,7x40мм) №1 (уп.№100)";Шприцы;;;;
ЦБ-00161526;"Шприц 5мл 3-х комп. с иглой 22Gх1 1/4"" (0,7x30мм) №10 Pascal";Шприцы;;;;
ЦБ-00161521;"Шприц 5мл 3-х комп. с иглой 22Gх1 1/4"" (0,7x30мм) Pascal";Шприцы;;;;
ЦБ-00121569;Шприц 5мл 3-х комп. стер. с иглой 22G №150;Шприцы;;;;
ЦБ-00157270;Шприц 5мл 3-х комп.с иглой;Шприцы;;;;
ЦБ-00158124;Шприц 5мл 3-х комп.стер. однократный прим Луер с иглой 0,7*30мм №100;Шприцы;;;;
ЦБ-00162521;Шприц 5мл 3-х комп.стер. однократный прим Луер с иглой 0,7*40мм №100;Шприцы;;;;
ЦБ-00068917;"Шприц 5мл B.BRAUN ""Инжект""c иглой ( 0,7x30) мм 22G (арт. 4645057C)";Шприцы;;;;
ЦБ-00017127;Шприц 5мл №1;Шприцы;;;;
ЦБ-00171417;Шприц 5мл двухкомпонентный с иглой (0,8ммх40мм) №1;Шприцы;;;;
ЦБ-00134742;Шприц 5мл двухкомпонентный с иглой 0,7мм*40мм №10;Шприцы;;;;
ЦБ-00155970;Шприц 5мл однораз 3-х дет. стер. с иглой 22G 0,7*38мм;Шприцы;;;;
ЦБ-00169472;Шприц 5мл однораз 3-х дет. стер. с иглой 22G 0,7*38мм №10;Шприцы;;;;
ЦБ-00014828;Шприц BD инсулин микро-файн+ 0.5мл  (U100 G30 0.3х8) №10;Шприцы;;;;
ЦБ-00156528;Шприц MOP 3-х комп. 10 мл с иглой 21G 0.8х40мм №60;Шприцы;;;;
ЦБ-00023105;ШПРИЦ SFM ИНСУЛ.U-40 3-КОМП.1МЛ №10;Шприцы;;;;
ЦБ-00037448;Шприц БД 0.5мл инс. с интегр.иглой 29G (0.33*12.7мм) U-100 №10;Шприцы;;;;
ЦБ-00014827;Шприц БД 10мл (0.8x40);Шприцы;;;;
ЦБ-00018227;Шприц БД 10мл №1;Шприцы;;;;
ЦБ-00022242;Шприц БД 10мл №1;Шприцы;;;;
ЦБ-00030559;Шприц БД 2мл 0.6*25 №10 (голубой);Шприцы;;;;
ЦБ-00017525;Шприц БД 2мл №100;Шприцы;;;;
ЦБ-00017524;Шприц БД 5мл №100;Шприцы;;;;
РТ-00006638;Шприц БД Дискардит 20мл с иглой №1;Шприцы;;;;
ЦБ-00033189;Шприц БД Дискардит 2-х комп 10мл с иглой (0.8*40мм) №1;Шприцы;;;;
ЦБ-00025675;Шприц БД Дискардит 2-х комп 10мл с иглой 21G (0.8*40мм) №100;Шприцы;;;;
ЦБ-00124201;Шприц БД Дискардит 2-х комп 20мл 21G (0.8х40мм) №1;Шприцы;;;;
ЦБ-00017526;Шприц БД Дискардит 2-х комп 20мл 21G (0.8х40мм) №80;Шприцы;;;;
ЦБ-00122816;Шприц БД Дискардит 2-х комп 5мл 22G (0,7х40мм) №1;Шприцы;;;;
ЦБ-00150591;Шприц БД Дискардит 2-х комп 5мл с иглой (0,7*40мм) №100;Шприцы;;;;
ЦБ-00033459;Шприц БД Дискардит 2-х комп 5мл с иглой (0,8*40мм) №1;Шприцы;;;;
ЦБ-00121224;Шприц БД Дискардит 2-х комп 5мл с иглой (0.7*40мм) №1;Шприцы;;;;
ЦБ-00126787;Шприц БД Дискардит 2-х комп 5мл с иглой (0.7*40мм) №100;Шприцы;;;;
ЦБ-00149747;Шприц БД Дискардит 3-х комп 2мл (0,6*30мм) №100;Шприцы;;;;
РТ-00000037;Шприц БД Дискардит 3-х комп 2мл 23G (0,6*30мм) №1;Шприцы;;;;
ЦБ-00037261;Шприц БД инсулин 100МЕ/0,3мл №10;Шприцы;;;;
ЦБ-00037324;Шприц БД МикроФайн Плюс Деми инсулин 0,3мл U-100 с интегр.иглой 30G (0,3*8мм) №10;Шприцы;;;;
РТ-00009152;Шприц БД МикроФайн Плюс Деми инсулин 0,3мл U-100 с интегр.иглой 30G (0,3*8мм) №100;Шприцы;;;;
ЦБ-00026799;Шприц БД МикроФайн Плюс инсулин 0,5мл U-100  с интегр.иглой 29G (0.33*12.7мм) №10;Шприцы;;;;
РТ-00003716;Шприц БД МикроФайн Плюс инсулин 0,5мл U-100 29G (0.33*12,7мм) №10;Шприцы;;;;
РТ-00003638;Шприц БД МикроФайн Плюс инсулин 0,5мл U-100 31G (025*6мм) №10;Шприцы;;;;
ЦБ-00033702;Шприц БД МикроФайн Плюс инсулин 0.5мл U100 30G (0.3*8мм) №10;Шприцы;;;;
ЦБ-00024723;Шприц БД МикроФайн Плюс инсулин 0.5мл U-100 с интегр.иглой 30G (0.3*8мм) №100;Шприцы;;;;
ЦБ-00014829;Шприц БД МикроФайн Плюс инсулин 1мл U-100 29G (0.33*12,7мм) №10;Шприцы;;;;
ЦБ-00161894;Шприц БД МикроФайн Плюс инсулин 1мл U-100 30G (0.3*8мм) №1;Шприцы;;;;
ЦБ-00036936;Шприц БД МикроФайн Плюс инсулин 1мл U100 30G (0.3*8мм) №10;Шприцы;;;;
ЦБ-00033247;Шприц БД МикроФайн Плюс инсулин 1мл U-100 30G (0.3*8мм) №10;Шприцы;;;;
РТ-00004770;Шприц БД МикроФайн Плюс инсулин 1мл U-100 31G (0,25*6мм) №10;Шприцы;;;;
ЦБ-00021523;Шприц БД МикроФайн Плюс инсулин 1мл U-100 31G (0,25*6мм) №100;Шприцы;;;;
ЦБ-00025128;Шприц БД МикроФайн Плюс инсулин 1мл U-100 с интегр.иглой 30G (0.3*8мм) №100;Шприцы;;;;
ЦБ-00017461;Шприц БД МикроФайн Плюс инсулин 1мл U-40 29G (0,33*12,7мм) №10;Шприцы;;;;
РТ-00007344;Шприц БД МикроФайн Плюс инсулин 1мл U-40 с интегр. иглой 30G (0.3*8мм) №10;Шприцы;;;;
ЦБ-00017527;Шприц БД Микрофайн Плюс инсулин. (U-40) 29G 3х-комп. 1мл №10;Шприцы;;;;
ЦБ-00017563;Шприц БД Пластипак 2мл  3х-комп. (06/25мм голубой) №10;Шприцы;;;;
ЦБ-00017562;Шприц БД Пластипак 2мл  3х-комп. (08/40мм зеленый) №10;Шприцы;;;;
ЦБ-00017629;Шприц БД Пластипак 3-х комп 2мл  (22G черный) №10;Шприцы;;;;
ЦБ-00034198;Шприц БД Пластипак 3-х комп 2мл (06/25мм голубой) №10;Шприцы;;;;
ЦБ-00034199;Шприц БД Пластипак 3-х комп 2мл (07/30мм черный) №10;Шприцы;;;;
ЦБ-00026189;Шприц БД Пластипак 3-х комп 2мл (08/40мм зеленый) №10;Шприцы;;;;
ЦБ-00026190;Шприц БД Пластипак 3-х комп 5мл (07/30мм черный) №10;Шприцы;;;;
ЦБ-00034200;Шприц БД Пластипак 3-х комп 5мл (08/40мм зеленый) №10;Шприцы;;;;
ЦБ-00017564;Шприц БД Пластипак 5мл  3х-комп. (08/40мм зеленый) №10;Шприцы;;;;
ЦБ-00017630;Шприц БД Пластипак 5мл (22G черный) №10;Шприцы;;;;
ЦБ-00024618;Шприц БД Эмеральд 2-х комп 5мл (0.7*40мм) №100;Шприцы;;;;
ЦБ-00034203;Шприц БД Эмеральд 3-х комп 10мл (0.6*30мм) №100;Шприцы;;;;
ЦБ-00033236;Шприц БД Эмеральд 3-х комп 10мл (0.8*40мм) №1;Шприцы;;;;
ЦБ-00035099;Шприц БД Эмеральд 3-х комп 10мл 21G (0.8*40мм) №100;Шприцы;;;;
ЦБ-00018247;Шприц БД Эмеральд 3-х комп 2мл (0,6*30мм) №100;Шприцы;;;;
РТ-00003445;Шприц БД Эмеральд 3-х комп 2мл 21G (0,8х40мм) зеленый №10;Шприцы;;;;
ЦБ-00037445;Шприц БД Эмеральд 3-х комп 2мл 22G (0,7х30мм) черный №10;Шприцы;;;;
ЦБ-00017125;Шприц БД Эмеральд 3-х комп 2мл 23G (0,6*30мм) №1;Шприцы;;;;
РТ-00003446;Шприц БД Эмеральд 3-х комп 2мл 23G (0,6х25мм голубой) №10;Шприцы;;;;
ЦБ-00034202;Шприц БД Эмеральд 3-х комп 2мл 23G (0.6*30мм) №100;Шприцы;;;;
ЦБ-00030555;Шприц БД Эмеральд 3-х комп 2мл с иглой 0.6х30мм №100 (307761);Шприцы;;;;
ЦБ-00018187;Шприц БД Эмеральд 3-х комп 2мл с иглой 063*32 №100;Шприцы;;;;
ЦБ-00034201;Шприц БД Эмеральд 3-х комп 5мл (0.6*30мм) №100;Шприцы;;;;
РТ-00003182;Шприц БД Эмеральд 3-х комп 5мл (0.7*30мм) 22G №100;Шприцы;;;;
ЦБ-00018248;Шприц БД Эмеральд 3-х комп 5мл (0.7*40мм) №100;Шприцы;;;;
ЦБ-00017124;Шприц БД Эмеральд 3-х комп 5мл (0.8*40мм) №1;Шприцы;;;;
ЦБ-00027239;Шприц БД Эмеральд 3-х комп 5мл (0.8*40мм) №100;Шприцы;;;;
ЦБ-00037889;Шприц БД Эмеральд 3-х комп 5мл 21G (0,8х40мм) зеленый №10;Шприцы;;;;
РТ-00000107;Шприц БД Эмеральд 3-х комп 5мл 22G (0,7х30мм) черный №10;Шприцы;;;;
ЦБ-00035098;Шприц БД Эмеральд 3-х комп 5мл 22G (0.7*40мм) №100;Шприцы;;;;
ЦБ-00030556;Шприц БД Эмеральд 3-х комп 5мл с иглой 0.7х40мм №100 (307764);Шприцы;;;;
РТ-00002717;Шприц Бейджинг 3-х комп 50мл с иглой 18G;Шприцы;;;;
ЦБ-00159454;Шприц БО инс. 0,3мл 31G 6мм №10;Шприцы;;;;
ЦБ-00157776;Шприц БО инс. 0,5мл 31G 12,7мм №10;Шприцы;;;;
ЦБ-00157366;Шприц БО инс. 1мл 31G 8мм №10;Шприцы;;;;
ЦБ-00142860;Шприц Вогт Медикал 1мл U-100 0,33мм(29G)*13мм;Шприцы;;;;
РТ-00005825;Шприц Вогт Медикал 1мл инсул U-40 с иглой 29G 1 1/2 (0,33*13мм);Шприцы;;;;
ЦБ-00018009;Шприц Вогт Медикал 20мл 21G (0,8*40мм) №1;Шприцы;;;;
ЦБ-00019932;Шприц Вогт Медикал 2-х комп 10мл с иглой  21G 1 1/2 (0.8x40мм);Шприцы;;;;
ЦБ-00024313;Шприц Вогт Медикал 2-х комп 20мл 21GХ1 1/2 (0.8Х40мм) №1;Шприцы;;;;
РТ-00008834;Шприц Вогт Медикал 2-х комп 3мл с иглой  23G 1 1/4 (0.6x30мм);Шприцы;;;;
ЦБ-00147366;Шприц Вогт Медикал 3-х комп 10мл;Шприцы;;;;
ЦБ-00134353;Шприц Вогт Медикал 3-х комп 10мл 21G №100;Шприцы;;;;
ЦБ-00033787;Шприц Вогт Медикал 3-х комп 10мл с иглой 21G 1 1/2 (0,8x40мм);Шприцы;;;;
ЦБ-00025145;Шприц Вогт Медикал 3-х комп 10мл с иглой. 21G (0.8х40мм);Шприцы;;;;
ЦБ-00192245;Шприц Вогт Медикал 3-х комп 2(2,5)мл 22G (0,7х30мм) №10;Шприцы;;;;
ЦБ-00019931;Шприц Вогт Медикал 3-х комп 2(2,5)мл 23G 1 1/4 (0,6х30мм);Шприцы;;;;
РТ-00010052;Шприц Вогт Медикал 3-х комп 2(2,5)мл 23G 1 1/4 (0,6х30мм) №10;Шприцы;;;;
ЦБ-00121225;Шприц Вогт Медикал 3-х комп 2(2,5)мл 23G(0,6х30мм) №10;Шприцы;;;;
РТ-00009819;Шприц Вогт Медикал 3-х комп 20 (22)мл с иглой  21G 1 1/2 (0.8x40мм) №50;Шприцы;;;;
ЦБ-00032994;Шприц Вогт Медикал 3-х комп 20мл с иглой  21G 1 1/2 (0.8x40мм);Шприцы;;;;
ЦБ-00147367;Шприц Вогт Медикал 3-х комп 21G 5мл №10;Шприцы;;;;
ЦБ-00017735;Шприц Вогт Медикал 3-х комп 22G 5мл №10;Шприцы;;;;
ЦБ-00147383;Шприц Вогт Медикал 3-х комп 2мл;Шприцы;;;;
ЦБ-00022567;Шприц Вогт Медикал 3-х комп 3мл 23GХ1 1/2 №1;Шприцы;;;;
ЦБ-00017374;Шприц Вогт Медикал 3-х комп 5(6)мл 22G 1 1/2 (0,7х40мм);Шприцы;;;;
РТ-00011496;Шприц Вогт Медикал 3-х комп 5(6)мл 22G 1 1/2 (0,7х40мм) №10;Шприцы;;;;
ЦБ-00020630;Шприц Вогт Медикал 3-х комп 5мл 22GХ1 1/2 №1;Шприцы;;;;
ЦБ-00033703;Шприц Вогт Медикал 3-х комп 5мл с иглой 21G 1 1/4 (0.8*40мм);Шприцы;;;;
РТ-00009485;Шприц Вогт Медикал 3-х комп 5мл с иглой 21G 1 1/4 (0.8*40мм) №10;Шприцы;;;;
ЦБ-00032997;Шприц Вогт Медикал 3-х комп 5мл с иглой 22G 1 1/2 (0.7*40мм);Шприцы;;;;
ЦБ-00033766;Шприц Вогт Медикал инсулин 1мл U-100 с иглой 29G 1 1/2 (0,33*13мм);Шприцы;;;;
ЦБ-00027222;Шприц Вогт Медикал Луер Слип 2мл с иглой 23G 0.6х30мм №1;Шприцы;;;;
ЦБ-00028335;Шприц Вогт Медикал Луер Слип 3мл с иглой 23G (0.6х30мм) Х1 И/м;Шприцы;;;;
ЦБ-00032995;Шприц Вогт Медикал Луер Слип 3-х комп 2мл с иглой 23G 1 1/4 (0.6*30мм);Шприцы;;;;
РТ-00008095;Шприц Вогт Медикал Луер Слип 3-х комп 2мл с иглой 23G 1 1/4 (0.6*30мм) №100;Шприцы;;;;
ЦБ-00032996;Шприц Вогт Медикал Луер Слип 3-х комп 3мл с иглой 23G 1 1/4 (0.6*30мм);Шприцы;;;;
РТ-00012724;Шприц двухдентальный 2А 2мл Луер с иглой 23G (0,6*30) №100;Шприцы;;;;
ЦБ-00014831;Шприц ЖАНЭ 150мл;Шприцы;;;;
ЦБ-00033417;Шприц ЖАНЭ 150мл с наконечником Луер-Лок;Шприцы;;;;
ЦБ-00037810;Шприц ИМП инсулин-туб 3-х комп 1мл с иглой 26G (0,45х10мм);Шприцы;;;;
ЦБ-00020775;ШПРИЦ ИНСУЛ U100 №10;Шприцы;;;;
ЦБ-00156026;Шприц инсул. 1мл 3-х дет. 100 ин/ед луер с иглой 0,4;Шприцы;;;;
ЦБ-00017126;Шприц инсулин 1мл №1;Шприцы;;;;
ЦБ-00034121;Шприц инсулин 1мл №10 ПП;Шприцы;;;;
ЦБ-00038560;Шприц инсулин 1мл №100;Шприцы;;;;
ЦБ-00018556;Шприц инсулин 1мл №50;Шприцы;;;;
ЦБ-00193797;Шприц инсулин 1мл U-100 (0,3*13мм) №20;Шприцы;;;;
ЦБ-00037370;Шприц инсулин 1мл U-100 30G №100;Шприцы;;;;
РТ-00008922;Шприц инсулин 1мл с иглой 27G (0,4х13мм) №1;Шприцы;;;;
ЦБ-00024722;Шприц инсулин 3-х комп 1мл;Шприцы;;;;
РТ-00002953;Шприц инсулин 3-х комп 1мл Луер №1;Шприцы;;;;
ЦБ-00161396;Шприц инсулин U-100 c игл. (0,4*12) №10;Шприцы;;;;
ЦБ-00162226;Шприц инсулин U-100 c игл. (0,4*12) №100;Шприцы;;;;
ЦБ-00167194;Шприц инсулин. 3х-компонент. 1мл игла 26G (0,45х12мм) №10;Шприцы;;;;
ЦБ-00168659;Шприц инсулин. 3х-компонент. 1мл игла 27G (0,4х12мм) №1;Шприцы;;;;
ЦБ-00167946;Шприц инсулин. 3х-компонент. 1мл игла 27G (0,4х12мм) №100;Шприцы;;;;
ЦБ-00189888;Шприц инсулин. инжект 40 дуо 1мл U-40 №100;Шприцы;;;;
РТ-00009175;Шприц инсулиновый 1мл 3-х комп. U100 29G (0.33х13) №100;Шприцы;;;;
ЦБ-00121887;Шприц инсулиновый U-100 3-х комп 0,5мл 30G №10;Шприцы;;;;
РТ-00014171;Шприц инсулиновый с иглой 1мл U100 (0,4*13) №100;Шприцы;;;;
ЦБ-00184660;Шприц инсулиновый с интегр. иглой 1мл 3-х комп. U100 (0.33х13) №100;Шприцы;;;;
РТ-00003914;Шприц инсулин-туберкулин 1мл с иглой 27G (0,4х13мм) №100;Шприцы;;;;
РТ-00009694;Шприц Канпо 3-х комп 10мл (21G 0,8x38) №50;Шприцы;;;;
РТ-00008498;Шприц Канпо 3-х комп 10мл (21G 0,8x40) №5;Шприцы;;;;
РТ-00008648;Шприц Канпо 3-х комп 20мл (21G 0,8x38) №5;Шприцы;;;;
РТ-00008909;Шприц Канпо 3-х комп 2мл (23G 0,6x32) №10;Шприцы;;;;
РТ-00006426;Шприц Канпо 3-х комп. инсулин 1мл 23G (0.6х25) №100;Шприцы;;;;
РТ-00008910;Шприц Канпо 3-х комп. инсулин 1мл U100 29G (0.33х13) №10;Шприцы;;;;
ЦБ-00014811;Шприц Комарик 10мл с имп.иглой 10А 0.8*40;Шприцы;;;;
ЦБ-00014812;Шприц Комарик инсулин Премиум с имп.иглой 1А 0.45*15мм;Шприцы;;;;
ЦБ-00014813;Шприц Комарик инсулин с имп.иглой 0.45*15;Шприцы;;;;
ЦБ-00014818;Шприц Комарик Премиум 1А с имп.иглой 0.4*12 №100;Шприцы;;;;
РТ-00015013;Шприц Луер 3-х комп 2мл с иглой 23G (0.6*30мм) №1;Шприцы;;;;
ЦБ-00154670;Шприц Луер КДМ с иглой 21G (0,8*40) №1;Шприцы;;;;
ЦБ-00167355;Шприц Луер-Лок с иглой 10мл №100;Шприцы;;;;
ЦБ-00131861;Шприц МОР 3-х комп 20мл с иглой 21G (0,8х40) №36;Шприцы;;;;
ЦБ-00130818;Шприц МОР 3-х комп. 2мл с иглой 23G 0,6х30мм №120;Шприцы;;;;
ЦБ-00147137;Шприц МОР 3-х комп. 3мл с иглой 23G 0,6х30мм №120;Шприцы;;;;
ЦБ-00154192;Шприц МОР 3-х комп. 5мл с иглой 22G 0,7х40мм №100;Шприцы;;;;
ЦБ-00022568;ШПРИЦ ОДНОРАЗ. 3-Х КОМП.VOGT MEDICAL 22GХ1 1/2 5МЛ N1;Шприцы;;;;
ЦБ-00178811;Шприц однораз. 5мл стер. 22G (0,7х38мм) №90;Шприцы;;;;
ЦБ-00161397;Шприц однораз. стер. инсулиновый Медик Планет 3-х комп. U-100 с игл. 27G (0,4*13) №1;Шприцы;;;;
ЦБ-00161307;Шприц одноразовый INEKTA 10мл 3-х комп.;Шприцы;;;;
ЦБ-00161308;Шприц одноразовый INEKTA 20мл 3-х комп.;Шприцы;;;;
ЦБ-00161304;Шприц одноразовый INEKTA 2мл 3-х комп.;Шприцы;;;;
ЦБ-00161305;Шприц одноразовый INEKTA 3мл 3-х комп.;Шприцы;;;;
ЦБ-00161309;Шприц одноразовый INEKTA 50мл 3-х комп.;Шприцы;;;;
ЦБ-00161306;Шприц одноразовый INEKTA 5мл 3-х комп.;Шприцы;;;;
ЦБ-00035734;Шприц Омникан 3-х комп 1мл инсулин U100 с иглой 30G №100;Шприцы;;;;
ЦБ-00023913;Шприц Омнификс 3-х комп 10мл (21G) №100;Шприцы;;;;
ЦБ-00035713;Шприц Омнификс 3-х комп 1мл инсулин 26G №100;Шприцы;;;;
РТ-00008856;Шприц Омнификс 3-х комп 20мл (21G) №100;Шприцы;;;;
РТ-00008857;Шприц Омнификс 3-х комп 2мл 23G (0,6х32мм ) №100;Шприцы;;;;
ЦБ-00021190;Шприц Омнификс 3-х комп 3мл (23G) №100;Шприцы;;;;
РТ-00008214;Шприц Омнификс 3-х комп 3мл 23G (0,6х30мм ) №1;Шприцы;;;;
ЦБ-00037345;Шприц Омнификс 3-х комп 5мл №100;Шприцы;;;;
ЦБ-00097539;Шприц Перфузор 50 мл с иглой (8728810F-20)  №100;Шприцы;;;;
ЦБ-00027125;Шприц Смарт Плюс 3-х комп 10мл с иглой 21G 0.8х38мм;Шприцы;;;;
РТ-00010079;Шприц Смарт Плюс 3-х комп 20мл с иглой 21G 0,8х38мм;Шприцы;;;;
ЦБ-00025782;Шприц Смарт Плюс 3-х комп 2мл с иглой 23G 0.60х25мм;Шприцы;;;;
ЦБ-00026184;Шприц Смарт Плюс 3-х комп 5мл с иглой 22Gх1 1/2 0.7х38мм;Шприцы;;;;
РТ-00001109;Шприц Смарт Плюс инсулин 3-х комп 1мл 27G 0,4х13мм;Шприцы;;;;
ЦБ-00154029;Шприц СФМ 1мл 26G (0,4мм*12мм) №20;Шприцы;;;;
ЦБ-00023133;Шприц СФМ 20мл с иглой 21G (0.80*40мм) №5;Шприцы;;;;
ЦБ-00141955;Шприц СФМ 2-х комп 10мл №1;Шприцы;;;;
РТ-00006771;Шприц СФМ 2-х комп 20мл 21G (0,8х40мм) №1;Шприцы;;;;
РТ-00006053;Шприц СФМ 2-х комп 2мл (23G) №1;Шприцы;;;;
РТ-00005072;Шприц СФМ 2-х комп 2мл (23G) №1;Шприцы;;;;
РТ-00007722;Шприц СФМ 2-х комп 2мл №100;Шприцы;;;;
РТ-00000375;Шприц СФМ 2-х комп 5мл с иглой. (0,7х40мм) №100;Шприцы;;;;
РТ-00004596;Шприц СФМ 2-х комп инсулин 1мл 26G (0,45х12мм) №1;Шприцы;;;;
ЦБ-00149702;Шприц СФМ 2-х комп. туберкулин. 1мл 26G 0,45*12мм №1;Шприцы;;;;
ЦБ-00142447;Шприц СФМ 2-х комп. туберкулин. 1мл 26G 0,45*12мм №10;Шприцы;;;;
ЦБ-00014835;Шприц СФМ 3-х комп 10мл 21G (0,8х40мм) №1;Шприцы;;;;
РТ-00008213;Шприц СФМ 3-х комп 10мл 21G (0,8х40мм) №10;Шприцы;;;;
ЦБ-00131783;Шприц СФМ 3-х комп 10мл 21G (0.8х40мм) №1;Шприцы;;;;
ЦБ-00014837;Шприц СФМ 3-х комп 10мл 21G (0.8х40мм) №100;Шприцы;;;;
ЦБ-00014839;Шприц СФМ 3-х комп 10мл 21G (0.8х40мм) №5;Шприцы;;;;
ЦБ-00060286;Шприц СФМ 3-х комп 10мл №1;Шприцы;;;;
ЦБ-00014817;Шприц СФМ 3х комп 10мл №100  (21G 0.8х40);Шприцы;;;;
ЦБ-00014838;Шприц СФМ 3х комп 10мл №5  (21G 0.8х40);Шприцы;;;;
ЦБ-00020850;Шприц СФМ 3-х комп 20мл (21G 0,8х40мм) №5;Шприцы;;;;
00-00016145;Шприц СФМ 3-х комп 20мл (21G 0.8x40мм) №5;Шприцы;;;;
ЦБ-00014840;Шприц СФМ 3-х комп 20мл (21G 0.8х40мм) №1;Шприцы;;;;
ЦБ-00014843;Шприц СФМ 3-х комп 20мл (21G 0.8х40мм) №50;Шприцы;;;;
ЦБ-00014820;Шприц СФМ 3х комп 20мл №1  (21G 0.8x40);Шприцы;;;;
ЦБ-00014841;Шприц СФМ 3х комп 20мл №5  (21G 0.8x40);Шприцы;;;;
ЦБ-00014849;Шприц СФМ 3х комп 2мл;Шприцы;;;;
ЦБ-00014847;Шприц СФМ 3-х комп 2мл (22G 0.7x40) №10;Шприцы;;;;
ЦБ-00014848;Шприц СФМ 3-х комп 2мл (23G 0.63х32) №10;Шприцы;;;;
РТ-00013587;Шприц СФМ 3-х комп 2мл (23G);Шприцы;;;;
ЦБ-00014844;Шприц СФМ 3-х комп 2мл 23G (0,6х30мм) №1;Шприцы;;;;
ЦБ-00039894;Шприц СФМ 3-х комп 2мл 23G (0,6х30мм) №100;Шприцы;;;;
РТ-00013715;Шприц СФМ 3-х комп 2мл 23G (0,6х32мм) №1;Шприцы;;;;
ЦБ-00014846;Шприц СФМ 3-х комп 2мл №10;Шприцы;;;;
ЦБ-00160072;Шприц СФМ 3-х комп 2мл №100;Шприцы;;;;
ЦБ-00036242;Шприц СФМ 3х комп 2мл №100  (23G 0.63х32);Шприцы;;;;
ЦБ-00031401;Шприц СФМ 3-х комп 3мл (0,6х30мм) №100;Шприцы;;;;
ЦБ-00014851;Шприц СФМ 3-х комп 3мл (23G 0.63х32) №1;Шприцы;;;;
ЦБ-00014852;Шприц СФМ 3-х комп 3мл (23G 0.63х32) №10;Шприцы;;;;
ЦБ-00014850;Шприц СФМ 3-х комп 3мл 23G (0,6х30мм) №1;Шприцы;;;;
00-00007367;Шприц СФМ 3-х комп 3мл 23G (0,6х32мм) №100;Шприцы;;;;
ЦБ-00014830;Шприц СФМ 3-х комп 50мл с иглой 18G (1,20x40мм);Шприцы;;;;
ЦБ-00014856;Шприц СФМ 3-х комп 5мл (0.70Х40) №100;Шприцы;;;;
ЦБ-00023043;Шприц СФМ 3-х комп 5мл (0.70Х40) №100;Шприцы;;;;
ЦБ-00014825;Шприц СФМ 3-х комп 5мл 22G (0.7x40) №1;Шприцы;;;;
ЦБ-00014854;Шприц СФМ 3-х комп 5мл 22G (0.7x40) №1;Шприцы;;;;
ЦБ-00014855;Шприц СФМ 3-х комп 5мл 22G (0.7x40) №10;Шприцы;;;;
ЦБ-00014853;Шприц СФМ 3-х комп 5мл №1;Шприцы;;;;
ЦБ-00022706;Шприц СФМ 3-х комп 5мл с иглой №100;Шприцы;;;;
РТ-00005866;Шприц СФМ 3-х комп инсулин 0,5мл U-100 29Gх1/2 (0,33х12,7мм) №10;Шприцы;;;;
ЦБ-00023034;Шприц СФМ 3-х комп инсулин 1мл U-100 26G (0,45х12мм) №20;Шприцы;;;;
РТ-00001140;Шприц СФМ 3-х комп инсулин 1мл U-100 №10;Шприцы;;;;
ЦБ-00036435;Шприц СФМ 3-х комп инсулин 1мл U-100 с иглой 29G (0,33Х13мм) №200;Шприцы;;;;
ЦБ-00014859;Шприц СФМ 3-х комп инсулин 1мл U-100 с иглой интегр. 29G (0,33*12,7мм) №10;Шприцы;;;;
РТ-00007461;Шприц СФМ 3-х комп инсулин 1мл U-100 с интегр. иглой 29G (0,33*12,7мм) №100;Шприцы;;;;
ЦБ-00020851;Шприц СФМ 3-х комп инсулин 1мл U-40  №10;Шприцы;;;;
РТ-00014112;Шприц СФМ 3-х комп инсулин 1мл U-40  №20;Шприцы;;;;
РТ-00004286;Шприц СФМ 3-х комп инсулин 1мл U-40 26G (0,45х12мм) №1;Шприцы;;;;
ЦБ-00141957;Шприц СФМ 3-х комп инсулин 1мл U-40 26G 0,45*12мм №1;Шприцы;;;;
ЦБ-00033540;Шприц СФМ 3-х комп инсулин 1мл U-40 26GX1/2 (0,45х12мм) №100;Шприцы;;;;
ЦБ-00015122;Шприц СФМ 3-х комп инсулин 1мл U-40 с иглой Луер;Шприцы;;;;
РТ-00006928;Шприц СФМ 3-х комп инсулин 1мл U-40 с интегр. иглой 30G (0,3х8мм) №10;Шприцы;;;;
ЦБ-00014814;Шприц СФМ 3-х комп инсулин 1мл U-40 с интегр.иглой 29G (0.33х12.7мм) №10;Шприцы;;;;
РТ-00011693;Шприц СФМ 3-х комп инсулин 1мл U-40 с интегр.иглой 29G (0.33х12.7мм) №100;Шприцы;;;;
ЦБ-00014858;Шприц СФМ 3-х комп инсулин 1мл с синим поршнем игла 26G (0.45-12)  №1;Шприцы;;;;
ЦБ-00014861;Шприц СФМ 3-х комп инсулин/туберк. 1мл  (0.33х14);Шприцы;;;;
ЦБ-00014857;Шприц СФМ 3-х комп инсулин/туберк. 1мл U40/U100 26G (0,45х12мм) №1;Шприцы;;;;
ЦБ-00166203;Шприц СФМ 3-х комп. инсулин. 1мл U-100 с иглой 26G (0,45х12мм) №100;Шприцы;;;;
ЦБ-00014826;Шприц СФМ 5мл с игл.22G;Шприцы;;;;
ЦБ-00153811;Шприц СФМ инсулин 1мл U-40 с интегр.иглой 26G (0.45х12мм) №20;Шприцы;;;;
ЦБ-00127819;Шприц СФМ инсулин 3-х комп 1мл U-100 игла 26G;Шприцы;;;;
ЦБ-00014860;Шприц СФМ инсулин 3-х комп 1мл U-40 №10;Шприцы;;;;
ЦБ-00036830;Шприц СФМ инсулин 3-х комп 1мл U-40 инт. игла 29G (0.33-12.7) №10;Шприцы;;;;
ЦБ-00039994;Шприц туберкулин 3х комп 1мл Луер 1А №100;Шприцы;;;;
ЦБ-00155401;Шприц туберкулиновый 1мл 3-х детальн. прим луер с иглой 0,4*12мм №100;Шприцы;;;;
ЦБ-00123330;Шприц туберкулиновый 27G (0,4х12мм) 1мл №1;Шприцы;;;;
ЦБ-00123277;Шприц туберкулиновый 27G (0.4*12мм) 1мл №1;Шприцы;;;;
ЦБ-00166869;Шприц туберкулиновый 3х-компонент. 1мл игла 26G (0,45х12мм) №100;Шприцы;;;;
ЦБ-00165498;Шприц туберкулиновый 3х-компонент. 1мл игла 27G (0,4х12мм) №10;Шприцы;;;;
ЦБ-00164784;Шприц туберкулиновый 3х-компонент. 1мл игла 27G (0,4х12мм) №100;Шприцы;;;;
ЦБ-00016061;"Шприц Хельм  2мл 2-х комп23Gх1 1/4"" (0,6х30мм)";Шприцы;;;;
ЦБ-00018008;Шприц Хельм 10мл №1;Шприцы;;;;
ЦБ-00033827;Шприц Хельм 10мл №1;Шприцы;;;;
ЦБ-00020488;Шприц Хельм 10мл №100;Шприцы;;;;
ЦБ-00031202;Шприц Хельм 10мл №100;Шприцы;;;;
ЦБ-00032915;Шприц Хельм 1мл №100;Шприцы;;;;
ЦБ-00031910;Шприц Хельм 20мл №100;Шприцы;;;;
ЦБ-00040004;Шприц Хельм 20мл с иглой 0,9x40мм №1;Шприцы;;;;
ЦБ-00014819;Шприц Хельм 20мл с иглой 0.8х40мм;Шприцы;;;;
ЦБ-00031913;Шприц Хельм 2мл №100;Шприцы;;;;
ЦБ-00017734;Шприц Хельм 5мл №1;Шприцы;;;;
ЦБ-00018010;Шприц Хельм 5мл №1;Шприцы;;;;
ЦБ-00033828;Шприц Хельм 5мл №1;Шприцы;;;;
ЦБ-00014862;Шприц Хельм 5мл №10;Шприцы;;;;
ЦБ-00032921;Шприц Хельм 5мл №100;Шприцы;;;;
ЦБ-00031203;Шприц Хельм инсулин 1мл №100;Шприцы;;;;
ЦБ-00014832;Шприц Хельм инсулин. 1мл №1;Шприцы;;;;
ЦБ-00014863;Шприц Хельм инсулиновый 1мл №1;Шприцы;;;;
ЦБ-00035878;Шприц-пистолет Калашникова уст-во механиз. д/инъекций;Шприцы;;;;
РТ-00007224;Шприц-ручка Новопен Эхо (красная) 3мл (шаг 0,5);Шприцы;;;;
ЦБ-00014865;Шприц-ручка Новопен Эхо 3мл (шаг 0,5);Шприцы;;;;
ЦБ-00014864;Шприц-ручка Новопен-4 3мл (шаг 1,0);Шприцы;;;;
ЦБ-00014866;Шприц-ручка ОптиПен Про (шаг 1,0);Шприцы;;;;
РТ-00014910;Шприц-ручка Росинсулин КомфортПен д/ин инсулина б/катридж;Шприцы;;;;
ЦБ-00179123;Эборнс Витамин Д 1000 капс. №60;Витамин Д3;;;;
ЦБ-00182935;Эборнс Витамин С жев. таб. апельсин/клубника №60;Витамин С;;;;
ЦБ-00175189;Эборнс Цинк + вит.С капс. №60;Поливитамины;;;;
ЦБ-00173327;Эваделит р-р д/в/в введ. 250 мг/5 мл 5 мл амп. №5;Инъекционные и инфузионные р-ры;;;;
ЦБ-00164832;Эвалар Лаб L-лизин таб. п/о 1000мг №60;Витамины д/сердечно-сосудистой системы;;;;
ЦБ-00167427;Эвалар Лаб Магния L-треонат таб. п/о №90;Препараты магния;;;;
ЦБ-00162757;Эвалар Лаб Холин таб. 350мг №60;Препараты группы В, нейропротекторы;;;;
ЦБ-00190349;Эвалар Метил В-12 таб. жев. №120;Препараты группы В, нейропротекторы;;;;
ЦБ-00172244;Эвам Витамин С премиум таб. шип. №20;Витамин С;;;;
ЦБ-00190569;Эвам Витамин С таб. шип. №20;Витамин С;;;;
ЦБ-00171785;Эвам Кальций + магний + вит.Д3 таб. шип. №15;Поливитамины;;;;
ЦБ-00171399;Эвам Мультивитамины таб. шип. апельсин №20;Поливитамины;;;;
ЦБ-00172653;Эвам Цинк + вит.С таб. шип. №20;Витамин С;;;;
ЦБ-00169905;ЭверсЛайф салфетка марлевая сорбционная стерил. 2 слоя 45смх29см №5;Салфетки стерильные;;;;
РТ-00002427;ЭверсЛайф-Гель гидрогель п/ожогов ранозаживляющий стерил. 10г;Повязка раневая;;;;
РТ-00003344;ЭверсЛайф-Гемо салфетка кровоост. стерил. 18смх13см №1;Повязка раневая;;;;
РТ-00002428;ЭверсЛайф-СП средство перевяз. гидрогел. п/ожогов стерил. 18смх13см №1;Повязка раневая;;;;
ЦБ-00163663;ЭверсЛайф-СП средство перевяз. гидрогел. п/ожогов стерил. 24смх24см №1;Повязка раневая;;;;
ЦБ-00174088;ЭверсМед бинт марлевый н/стер. 5мх10см №1;Бинты;;;;
ЦБ-00174089;ЭверсМед бинт марлевый стер. 5мх10см №1;Бинты;;;;
ЦБ-00173194;ЭверсМед бинт марлевый стер. 7мх14см №1;Бинты;;;;
ЦБ-00186797;ЭверсМед салфетка мед. сорбционная стер. 7,5х7,5см №10;Салфетки стерильные;;;;
ЦБ-00174253;ЭверсМед салфетка мед. сорбционная стер. н/ткан. однослойная 45х29см №5;Салфетки стерильные;;;;
ЦБ-00177677;Эверсмед салфетки мед. сорбционные стер. марлевые 8слож. 5*5см №5;Салфетки стерильные;;;;
ЦБ-00034848;Эвтекс повязка с суперадсорбентом 10х20см пластырного типа стер. №1;Повязка раневая;;;;
ЦБ-00034849;Эвтекс повязка с суперадсорбентом 10х25см пластырного типа стер. №1;Повязка раневая;;;;
ЦБ-00034361;Эвтекс повязка с суперадсорбентом 9х10см пластырного типа стер. №1;Повязка раневая;;;;
ЦБ-00036141;Эвтекс повязка с суперадсорбентом 9х15см пластырного типа стер.  №10;Повязка раневая;;;;
ЦБ-00034362;Эвтекс повязка с суперадсорбентом 9х15см пластырного типа стер. №1;Повязка раневая;;;;
ЦБ-00034360;Эвтекс повязка с суперадсорбентом 6х8см пластырного типа стер. №1;Повязка раневая;;;;
РТ-00009850;Эвтекс повязка с суперадсорбентом 6х8см пластырного типа стер. №10;Повязка раневая;;;;
ЦБ-00179729;Эвтекс салфетки мед. сорбционные стер. 8слож. 10*10см №5;Салфетки стерильные;;;;
ЦБ-00154073;Эвтекс салфетки мед. сорбционные стер. марлевые 8слож. 10*10см;Салфетки стерильные;;;;
ЦБ-00155138;Эвтекс салфетки мед. сорбционные стер. марлевые 8слож. 5*5см;Салфетки стерильные;;;;
ЦБ-00155038;Эвтекс салфетки мед. сорбционные стер. марлевые 8слож. 7,5*7,5см №10;Салфетки стерильные;;;;
ЦБ-00160328;Эвтекс салфетки мед. сорбционные стер. марлевые 8слож. 7,5*7,5см №5;Салфетки стерильные;;;;
ЦБ-00181647;Эвтекс салфетки мед. сорбционные стер. неткан. 8слож. 7,5*7,5см №5;Салфетки стерильные;;;;
ЦБ-00023961;Эдас-102 Селен капли фл. 25мл;Поливитамины;;;;
ЦБ-00178334;Эдас-928 нефронал гран. гомеопат. 20г;Уроантисептики;;;;
ЦБ-00123190;Эделим капс. №60;Ср-ва при эректильной дисфункции, влияющие на либидо;;;;
ЦБ-00023645;ЭДЕЛЬВЕЙС ВОДА МИНЕРАЛЬНАЯ ГАЗ. 0,5Л;Минеральная вода;;;;
ЦБ-00027000;Эдицин лиоф. д/инф. 0.5г. №1 фл.;Антибактериальные средства инъекционные р-ры;;;;
ЦБ-00154103;Экобиотик Иммуно леденцы б/сах. вишня 3+ №10;Драже, леденцы;;;;
ЦБ-00177610;Экоклиндин супп. вагин. 100мг №3;Гинекологические п/воспалительные ср-ва наружные;;;;
ЦБ-00181071;Эколаб Магний В6 капс. №90;Препараты магния;;;;
РТ-00009288;Экопласт Пластырь Экопор 1,25смх5м (н/ткан);Фиксирующие катушки;;;;
РТ-00009453;Экопласт Пластырь Экопор 2,5смх5м (н/ткан);Фиксирующие катушки;;;;
РТ-00010518;Экопласт Пластырь Экопор 5смх5м (н/ткан);Фиксирующие катушки;;;;
РТ-00010609;Экопласт Пластырь Экопор Плюс 2,5смх5м (н/ткан);Фиксирующие катушки;;;;
ЦБ-00127190;Экопласт пластырь экосилк 1,25смх5м (ткан);Фиксирующие катушки;;;;
ЦБ-00119696;Экопласт Пластырь Экосилк 2,5смх5м (ткан);Фиксирующие катушки;;;;
РТ-00010009;Экопласт Пластырь Экосилк 5смх5м (ткан);Фиксирующие катушки;;;;
РТ-00010610;Экопласт Пластырь Экофикс 1,25смх5м (ткан);Фиксирующие катушки;;;;
РТ-00012557;Экопласт Пластырь Экофикс Плюс 2,5смх5м (ткан);Фиксирующие катушки;;;;
РТ-00009183;Экопласт Пластырь Экофилм 1,25смх5м (полимер);Фиксирующие катушки;;;;
РТ-00010630;Экопласт Пластырь Экофилм 2,5смх5м (полимер);Фиксирующие катушки;;;;
РТ-00000418;Экофомурал гран.раств. 2г №1;Инфекции мочевого пузыря и почек;;;;
ЦБ-00040263;Экофомурал гран.раств. 3г №1;Инфекции мочевого пузыря и почек;;;;
ЦБ-00193339;Экофуцин Дуо супп. ваг. 300мг+100мг №3;Гинекологические п/воспалительные ср-ва наружные;;;;
ЦБ-00193282;Экофуцин Дуо супп. ваг. 300мг+100мг №6;Гинекологические п/воспалительные ср-ва наружные;;;;
РТ-00000526;Экофуцин супп. ваг. 100мг №3;Гинекологические п/воспалительные ср-ва наружные;;;;
ЦБ-00052688;Экофуцин супп. ваг. 100мг №6;Гинекологические п/воспалительные ср-ва наружные;;;;
ЦБ-00170681;Элемакс витамин С/биофлавоноиды капс. №60;Витамин С;;;;
ЦБ-00180851;Элемакс Магнезиум В6 Макс таб. №60;Препараты магния;;;;
ЦБ-00169914;Элементик лайф Витамин С буферизированный капс. №90;Витамин С;;;;
ЦБ-00190022;Элементик лайф Магний Хелат/В6 капс. №60;Препараты магния;;;;
ЦБ-00175505;Элентра Нутришн L-лизин капс. №60;Витамины д/сердечно-сосудистой системы;;;;
ЦБ-00169827;Элентра Нутришн Железо + вит.С капс. №60;Препараты железа;;;;
ЦБ-00174524;Элентра Нутришн калий + магний аспартат капс. №120;Витамины д/сердечно-сосудистой системы;;;;
ЦБ-00171662;Элентра Нутришн Магний + вит.В6 капс. 80мг+2мг №90;Препараты магния;;;;
ЦБ-00168262;Элентра Нутришн магний + кальций капс. №90;Поливитамины;;;;
ЦБ-00176222;Элентра Нутришн Хитозан + Хром капс. №90;Поливитамины;;;;
ЦБ-00185317;Элентра Нутришн Хрома Никотинат капс. №90;Поливитамины;;;;
ЦБ-00026713;Элефлокс р-р д/инф. 100мл;Антибактериальные средства инъекционные р-ры;;;;
ЦБ-00014935;Эликсир кедровит 250мл;Поливитамины;;;;
ЦБ-00014936;Эликсир клиофит 250 мл;Поливитамины;;;;
ЦБ-00141223;Элтон-П таб. № 300;Поливитамины;;;;
ЦБ-00036225;Элтон-П таб. № 60;Поливитамины;;;;
ЦБ-00145724;Элтон-Форте таб. №60;Поливитамины;;;;
ЦБ-00139719;Эльбрус вода долгожителей природная питьевая негаз. 1,5л ПЭТ;Минеральная вода;;;;
ЦБ-00189741;Эльвика Базовый Д3 600МЕ флак. с доз. 30мл;Витамин Д3;;;;
ЦБ-00190309;Эльвика Витамин В12 жидк. фл. 30мл;Препараты группы В, нейропротекторы;;;;
ЦБ-00175625;Эльвика Магний и вит.В6 капс. №120;Препараты магния;;;;
ЦБ-00179108;Эльвика Таурин капс. №150;Витамины д/сердечно-сосудистой системы;;;;
ЦБ-00192732;Эльвика Хелатное железо капс. №60;Препараты железа;;;;
ЦБ-00039060;Эльжина таб. вагинальные №6;Гинекологические п/воспалительные ср-ва наружные;;;;
ЦБ-00040420;Эльжина таб. вагинальные №9;Гинекологические п/воспалительные ср-ва наружные;;;;
ЦБ-00039012;Элькар гран. шипучие д/р-ра 1000мг/5г №10;Поливитамины;;;;
ЦБ-00014953;Элькар р-р внутр 30% 25мл №1;Поливитамины;;;;
ЦБ-00004728;Элькар р-р внутр 30% 50мл;Поливитамины;;;;
ЦБ-00038490;Элькардио капс N60;Поливитамины;;;;
ЦБ-00168991;Эмотоцин таб. подъязыч. №90;Препараты группы В, нейропротекторы;;;;
ЦБ-00174669;Энджел салфетка мед. сорбц. стер. н/ткан. 1-слойн. 16х14см N10;Салфетки стерильные;;;;
ЦБ-00170235;Энджел Фриласт бинт фиксир. (1,7мх10см);Бинты самофиксирующие;;;;
ЦБ-00194965;Эндомеклин таб. 2мг №28;Заместительная гормональная терапия;;;;
ЦБ-00032470;Энергия Драйв №1;Поливитамины;;;;
ЦБ-00032464;Энергия Драйв в пенале №10;Поливитамины;;;;
ЦБ-00160161;Энергия таб. шип. №15;Поливитамины;;;;
ЦБ-00014973;Энерджи лайф сироп вишня 18г №10;Поливитамины;;;;
ЦБ-00014974;Энерджи лайф сироп вишня 36г;Поливитамины;;;;
ЦБ-00014975;Энерджи лайф сироп ежевика 18г №10;Поливитамины;;;;
ЦБ-00014976;Энерджи лайф сироп клубника 18г №10;Поливитамины;;;;
ЦБ-00014977;Энерджи лайф сироп клюква 18г № 10;Поливитамины;;;;
ЦБ-00014978;Энерджи лайф сироп лайм 18г №10;Поливитамины;;;;
ЦБ-00014979;Энерджи лайф сироп малина 18г № 10;Поливитамины;;;;
ЦБ-00014980;Энерджи лайф сироп черная смородина18г№ 10;Поливитамины;;;;
ЦБ-00014981;Энерджи лайф сироп черника 18г №10;Поливитамины;;;;
ЦБ-00014982;Энзапрост-Ф р-р д/ин. 5мг/мл 1мл №5;Инъекционные и инфузионные р-ры;;;;
ЦБ-00194964;Энимал Витаминно-минеральный комплекс вишневая бомба пор. 429г;Поливитамины;;;;
ЦБ-00177386;Эноксапарин Натрия Велфарм р-р д/ин. 10000 анти-Xa МЕ/мл 0.4 мл амп. №10;Инъекционные и инфузионные р-ры;;;;
ЦБ-00177682;Эноксапарин-Бинергия р-р д/ин. 10000 МЕ анти-Ха/мл 0,7 мл амп №10;Инъекционные и инфузионные р-ры;;;;
ЦБ-00004782;Эпиген интим спрей 0.1% 15мл;Гинекологические п/воспалительные ср-ва наружные;;;;
ЦБ-00004783;Эпиген интим спрей 0.1% 60мл;Гинекологические п/воспалительные ср-ва наружные;;;;
ЦБ-00033576;Эпостим амп. 2000МЕ/мл №10;Инъекционные и инфузионные р-ры;;;;
ЦБ-00158260;Эрастил солофарм р-р д/в/в введ. 5мг/мл 5мл амп. №5;Инъекционные и инфузионные р-ры;;;;
РТ-00004431;Эргра Комплекс экстр. пажитника и перуанской маки капс. №30;Ср-ва при эректильной дисфункции, влияющие на либидо;;;;
ЦБ-00175301;Эрекгель гель интимный с аргинином 50мл;Ср-ва при эректильной дисфункции, влияющие на либидо;;;;
ЦБ-00033818;Эрексезил таб. п/о 100мг №1;Ср-ва при эректильной дисфункции, влияющие на либидо;;;;
ЦБ-00027758;Эректин №60 таб. д/рассасыв. гомеопат.;Ср-ва при эректильной дисфункции, влияющие на либидо;;;;
ЦБ-00025112;Эректогенон капс. 0,5г №15;Ср-ва при эректильной дисфункции, влияющие на либидо;;;;
ЦБ-00025989;Эректогенон капс. 0.5г №4;Ср-ва при эректильной дисфункции, влияющие на либидо;;;;
ЦБ-00025115;Эректогенон капс. 0.5г №8;Ср-ва при эректильной дисфункции, влияющие на либидо;;;;
ЦБ-00175302;Эректогенон капс. №50;Ср-ва при эректильной дисфункции, влияющие на либидо;;;;
ЦБ-00173234;Эректогенон капс. №90;Ср-ва при эректильной дисфункции, влияющие на либидо;;;;
ЦБ-00169382;Эректокрем крем орган. универс. ламеллярный и аргинином 50г;Ср-ва при эректильной дисфункции, влияющие на либидо;;;;
ЦБ-00145399;Эректон таб. п/п/о №60;Ср-ва при эректильной дисфункции, влияющие на либидо;;;;
ЦБ-00014993;Эрика 35 таб. п.о 2мг+0.035мг №21;Пероральные контрацептивы;;;;
ЦБ-00103059;Эритромицин лиоф. д/р-ра в/в 100мг флакон №50;Антибактериальные средства инъекционные р-ры;;;;
ЦБ-00021520;Эритромицина фосфат р-р д/инф. 100мг флакон №1;Антибактериальные средства инъекционные р-ры;;;;
ЦБ-00021903;Эритромицина фосфат р-р д/инф. 100мг флакон №1;Антибактериальные средства инъекционные р-ры;;;;
ЦБ-00170252;Эркафарм вит. Д3 2000МЕ капли 30мл;Витамин Д3;;;;
ЦБ-00150254;Эркафарм витамин Д3 15000МЕ/мл капли 10мл;Витамин Д3;;;;
РТ-00000090;Эромакс таб. №60;Ср-ва при эректильной дисфункции, влияющие на либидо;;;;
ЦБ-00127016;Эрос презервативы классик №3;Презервативы;;;;
ЦБ-00175681;Эросген капс. №30;Ср-ва при эректильной дисфункции, влияющие на либидо;;;;
ЦБ-00136715;Эссеншиал Аква вода н/газированная витаминизированная 500мл;Минеральная вода;;;;
ЦБ-00162759;Эстеретта таб. п/п/о №28;Пероральные контрацептивы;;;;
ЦБ-00173322;Эстеретта таб. п/п/о №84;Пероральные контрацептивы;;;;
ЦБ-00023462;ЭТРУСКА ВОДА МИНЕРАЛЬНАЯ НАТУРАЛЬНАЯ Б/ГАЗА 1Л;Минеральная вода;;;;
ЦБ-00023464;ЭТРУСКА ВОДА МИНЕРАЛЬНАЯ НАТУРАЛЬНАЯ С ГАЗОМ  1000 МЛ;Минеральная вода;;;;
ЦБ-00023465;ЭТРУСКА ВОДА МИНЕРАЛЬНАЯ НАТУРАЛЬНАЯ С ГАЗОМ 700МЛ;Минеральная вода;;;;
ЦБ-00023463;ЭТРУСКА ВОДА МИНЕРАЛЬНАЯ НАТУРАЬНАЯ  Б/ГАЗА  700 МЛ;Минеральная вода;;;;
РТ-00004851;Эффекс Силденафил таб. п/о 100мг №1;Ср-ва при эректильной дисфункции, влияющие на либидо;;;;
РТ-00002870;Эффекс Силденафил таб. п/о 100мг №15;Ср-ва при эректильной дисфункции, влияющие на либидо;;;;
РТ-00007935;Эффекс Силденафил таб. п/о 100мг №4;Ср-ва при эректильной дисфункции, влияющие на либидо;;;;
РТ-00012007;Эффекс Силденафил таб. п/о 50мг №6;Ср-ва при эректильной дисфункции, влияющие на либидо;;;;
ЦБ-00163908;Эффекс Силденафил таб. п/п/о 100мг №30;Ср-ва при эректильной дисфункции, влияющие на либидо;;;;
ЦБ-00163665;Эффекс Силденафил таб. п/п/о 50мг №20;Ср-ва при эректильной дисфункции, влияющие на либидо;;;;
РТ-00004273;Эффекс Трибулус таб. п/о 250мг №60;Ср-ва при эректильной дисфункции, влияющие на либидо;;;;
ЦБ-00038864;Юглон р-р 350мл;Поливитамины;;;;
ЦБ-00186799;Югмедфарм Витамин В12 капс. №60;Препараты группы В, нейропротекторы;;;;
ЦБ-00189034;Югмедфарм Витамин С 900мг пакет-саше лимон №10;Витамин С;;;;
ЦБ-00183031;Югмедфарм Витамин С капс. №30;Витамин С;;;;
ЦБ-00189964;Югмедфарм Витамин С капс. №60;Витамин С;;;;
ЦБ-00184159;Югмедфарм Железа Хелат капс. №30;Препараты железа;;;;
ЦБ-00191982;Югмедфарм Железа Хелат капс. №60;Препараты железа;;;;
ЦБ-00174214;Югмедфарм Магний В6 капс. №30;Препараты магния;;;;
ЦБ-00171889;Югмедфарм Магний В6 капс. №60;Препараты магния;;;;
ЦБ-00193798;Югмедфарм Магний Хелат/В6/Цинк таб. №60;Препараты магния;;;;
ЦБ-00177206;Югмедфарм Магния сульфат пор. 25г;Препараты магния;;;;
ЦБ-00184934;Югмедфарм Магния сульфат пор. 25г №10;Препараты магния;;;;
ЦБ-00189676;Югмедфарм Селен/Вит. С капс. №60;Поливитамины;;;;
ЦБ-00193105;Югус вода питьевая артезианская дет. 1,5л;Минеральная вода;;;;
ЦБ-00134351;Юниверсал Дейли формула мультивитамин. комплекс капс. №100;Поливитамины;;;;
ЦБ-00145061;Юниверсал кальций/цинк/магний минер. комплекс капс. №100;Поливитамины;;;;
ЦБ-00175636;Юниверсал Нутришн Дейли формула витаминно-минеральный комплекс таб. №100;Поливитамины;;;;
ЦБ-00028318;Юнивит A-Z формула таб. п/о №30;Поливитамины;;;;
ЦБ-00187928;Юнивит Д3 капс. 2000МЕ №50;Витамин Д3;;;;
ЦБ-00186836;Юнивит Д3 Форте 10000МЕ капс. №30;Витамин Д3;;;;
ЦБ-00186863;Юнивит Д3 Форте 5000МЕ капс. №30;Витамин Д3;;;;
ЦБ-00028332;Юнивит Энерджи таб. шип. 4500мг №20;Поливитамины;;;;
ЦБ-00004869;Юниджекс таб. раст. 4г №20;Поливитамины;;;;
ЦБ-00035197;Юниджекс таб. раст. №18;Поливитамины;;;;
ЦБ-00128260;Юнилатекс презервативы экстра стронг №12+3;Презервативы;;;;
ЦБ-00128024;Юнилатекс презервативы экстра стронг №3;Презервативы;;;;
ЦБ-00138428;Юнимат Зоо мультивитамин таб. №150;Поливитамины;;;;
ЦБ-00155844;Юнимат Рикен лактобактерии витамины и кальций д/дет №90;Поливитамины;;;;
ЦБ-00157352;Юнифер р-р для приема внутрь флак. 10мл №28;Препараты железа;;;;
ЦБ-00193414;Юнифер р-р для приема внутрь флак. 5мл №28;Препараты железа;;;;
ЦБ-00189912;Юшу В компл. черника/травы капс. №90;Препараты группы В, нейропротекторы;;;;
ЦБ-00190207;Юшу Вит. С шиповник/клюква капс. №100;Витамин С;;;;
ЦБ-00189913;Юшу Магний+В6 мелисса таб. №60;Препараты магния;;;;
ЦБ-00147131;Я буду жить 100 лет гематоген спортивный 40г;Гематоген;;;;
ЦБ-00181506;Я буду жить 100 лет Энергия таб. шип. №20;Поливитамины;;;;
ЦБ-00038826;Ягоды Годжи+ Черника таб №30;Поливитамины;;;;
ЦБ-00016590;Ярина плюс таб. п/о №28;Пероральные контрацептивы;;;;
ЦБ-00004874;Ярина плюс таб. п/о №84;Пероральные контрацептивы;;;;
ЦБ-00004875;Ярина таб. п/о №21;Пероральные контрацептивы;;;;
ЦБ-00015014;Ярина таб. п/о №63;Пероральные контрацептивы;;;;
ЦБ-00015015;Ярсагумба капс. 432мг №5;Ср-ва при эректильной дисфункции, влияющие на либидо;;;;
ЦБ-00037502;Ярсагумба форте таб 1,5мг №5;Ср-ва при эректильной дисфункции, влияющие на либидо;;;;
РТ-00002002;Ярсагумба Форте таб. №10;Ср-ва при эректильной дисфункции, влияющие на либидо;;;;
ЦБ-00018867;яяя36.6 ГЕМАТОГЕН ДЕТСКИЙ ФИГУРНЫЙ 35Г;Поливитамины;;;;
ЦБ-00018868;яяя36.6 ГЕМАТОГЕН ОРЕХОВЫЙ 50Г;Поливитамины;;;;
ЦБ-00032678;яяяБлагомакс от А до Цинка/маточн молочко капс.№90;Поливитамины;;;;
ЦБ-00028142;яяяГематоген детский 100гр;Поливитамины;;;;
ЦБ-00028143;яяяГематоген детский 30гр;Поливитамины;;;;
ЦБ-00006931;яяяГематоген детский 50г;Поливитамины;;;;
ЦБ-00006932;яяяГематоген детский классный 50г;Поливитамины;;;;
ЦБ-00006933;яяяГематоген детский классный девочка 50г;Поливитамины;;;;
ЦБ-00006934;яяяГематоген детский классный кошечка 50г;Поливитамины;;;;
ЦБ-00029941;яяяГематоген детский классный собачка 50г;Поливитамины;;;;
ЦБ-00017667;яяяГЕМАТОГЕН ДЕТСКИЙ ЛЮКС 30Г;Поливитамины;;;;
ЦБ-00028144;яяяГематоген детский с витаминами 100гр;Поливитамины;;;;
ЦБ-00028145;яяяГематоген детский с витаминами 30гр;Поливитамины;;;;
ЦБ-00006935;яяяГематоген Л 50г;Поливитамины;;;;
ЦБ-00001097;яяяГематоген народный лесной орех 40г;Поливитамины;;;;
ЦБ-00006937;яяяГематоген русский витаминный 40г;Поливитамины;;;;
ЦБ-00006944;яяяГематоген русский новый кедровый орех 40г в шоколад глазури;Поливитамины;;;;
ЦБ-00006945;яяяГематоген русский новый кокос 40г в шоколад глазури;Поливитамины;;;;
ЦБ-00001098;яяяГематоген С вита 50г;Поливитамины;;;;
ЦБ-00027250;яяяГематоген с изюмом 40г (Экзон);Поливитамины;;;;
ЦБ-00016682;яяяГЕМАТОГЕН С ЛИЗИНОМ И ВИТАМИНОМ С 50Г;Поливитамины;;;;
ЦБ-00017446;яяяГЕМАТОГЕН С ОРЕХОМ 40Г;Поливитамины;;;;
ЦБ-00017747;яяяГЕМАТОГЕН СУПЕР КОКОСОВЫЙ НА ФРУКТОЗЕ 35Г;Поливитамины;;;;
ЦБ-00017814;яяяГЕМАТОГЕН СУПЕР ОРЕХОВЫЙ НА ФРУКТОЗЕ 35Г;Поливитамины;;;;
ЦБ-00006949;яяяГематоген турбо детский Школьник 35.0;Поливитамины;;;;
ЦБ-00017858;яяяГЕМАТОГЕНКА КОКОСОВАЯ 50Г  УП;Поливитамины;;;;
ЦБ-00019689;яяяГЕМАТОГЕНКА ОРЕХОВАЯ 50Г;Поливитамины;;;;
ЦБ-00022635;яяяГЕМАТОГЕНКА ОРЕХОВАЯ В ГЛАЗУРИ. 40Г;Поливитамины;;;;
ЦБ-00028146;яяяГематогенка с йодом  в глазури 40гр;Поливитамины;;;;
ЦБ-00023132;яяяТУРБОГЕМАТОГЕН ДЕТСКИЙ С 3Х ЛЕТ 35Г (БАД);Поливитамины;;;;
